schema_version,case_id,source_case_id,selection_index,source_row_index,scenario,profile,response_action_sha256,input_action_sha256,supervision_budget_ms,base_response_age_ms,activation_response_age_ms,supervisor_latency_ms,assurance_worker_latency_ms,qp_latency_ms,continuous_collision_latency_ms,dynamics_braking_latency_ms,fallback_brake_latency_ms,status,reason,supervisor_status,failure_stage,candidate_complete,candidate_action_count,published_action_count,policy_actions_executable,partial_prefix_exposed,all_or_none_publication,assurance_worker_thread_separate,fallback_validated,qp_feasible,qp_intervention_steps,joint_position_violation_steps,joint_velocity_violation_steps,joint_acceleration_violation_steps,continuous_edges_checked,continuous_unsafe_edges,continuous_indeterminate_edges,braking_boundaries_checked,braking_invalid_boundaries,all_registered_constraints_satisfied,unsafe_plan_published,software_budget_exceeded,response_deadline_exceeded,broad_phase_pair_tests,broad_phase_pruned_pairs,broad_phase_exact_pair_evaluations,broad_phase_prune_rate,safe_configuration_cache_hits,persistent_qp_solve_calls,persistent_brake_validation_calls
armbench.pi05_optimized_cpu_replay.v1,row_00763__free_space__direct_dispatch__operational_20ms,row_00763__free_space__direct_dispatch,0,763,free_space,operational_20ms,2ba514276e139d381b7b19bf859e964ad7e1b157ca9f234909fb87328f08ec28,e4ddff608fdc24bbe79f4f345b6ad772cc7e47679fd0522db9fe5c0e6a4512b3,20.0,103.75407699757488,134.75407699297648,23.26829999947222,14.999999999417923,2.8765000024577603,12.647299998207018,7.27319999714382,0.33379999513272196,hold,supervision_budget_exceeded,hold,supervision_budget,True,10,0,False,False,True,True,True,True,10,0,0,0,10,0,0,10,0,True,False,True,False,12201,11668,533,0.9563150561429391,16,10,4
armbench.pi05_optimized_cpu_replay.v1,row_00763__single_block__direct_dispatch__operational_20ms,row_00763__single_block__direct_dispatch,0,763,single_block,operational_20ms,2ba514276e139d381b7b19bf859e964ad7e1b157ca9f234909fb87328f08ec28,e4ddff608fdc24bbe79f4f345b6ad772cc7e47679fd0522db9fe5c0e6a4512b3,20.0,102.52607700385852,134.52607700310182,24.55030000419356,15.999999995983671,2.1341000028769486,10.27079999767011,11.523300003318582,0.34759999834932387,hold,supervision_budget_exceeded,hold,supervision_budget,True,10,0,False,False,True,True,True,True,10,0,0,0,10,0,0,10,0,True,False,True,False,16830,16153,677,0.9597742127153892,18,10,5
armbench.pi05_optimized_cpu_replay.v1,row_00763__narrow_gate__direct_dispatch__operational_20ms,row_00763__narrow_gate__direct_dispatch,0,763,narrow_gate,operational_20ms,2ba514276e139d381b7b19bf859e964ad7e1b157ca9f234909fb87328f08ec28,e4ddff608fdc24bbe79f4f345b6ad772cc7e47679fd0522db9fe5c0e6a4512b3,20.0,103.48747699754313,134.48747700022068,23.010100005194545,14.999999999417923,2.0788999972864985,9.821899999224115,10.745200001110788,0.29569999605882913,hold,supervision_budget_exceeded,hold,supervision_budget,True,10,0,False,False,True,True,True,True,10,0,0,0,10,0,0,10,0,True,False,True,False,21384,20715,669,0.9687149270482603,18,10,5
armbench.pi05_optimized_cpu_replay.v1,row_00458__free_space__direct_dispatch__operational_20ms,row_00458__free_space__direct_dispatch,1,458,free_space,operational_20ms,539d85427650fb89affee25f827ab92f2803af4f4686cdda7625ebbcfc4e125f,c20bfe121e217568858d6301db3e88f8bbabf1604fdaa8e909eae454747800b5,20.0,82.58776900765952,113.58776900306111,21.230300000752322,14.999999999417923,1.840299999457784,9.476500003074761,9.555700002238154,0.26960000104736537,hold,supervision_budget_exceeded,hold,supervision_budget,True,10,0,False,False,True,True,True,True,10,0,0,0,10,0,0,10,0,True,False,True,False,15141,14401,740,0.9511260815005614,18,10,5
armbench.pi05_optimized_cpu_replay.v1,row_00458__single_block__direct_dispatch__operational_20ms,row_00458__single_block__direct_dispatch,1,458,single_block,operational_20ms,539d85427650fb89affee25f827ab92f2803af4f4686cdda7625ebbcfc4e125f,c20bfe121e217568858d6301db3e88f8bbabf1604fdaa8e909eae454747800b5,20.0,82.50796900392743,113.50796899932902,21.581199995125644,14.999999999417923,2.2981000001891516,9.3678000048385,9.579600002325606,0.25889999960782006,hold,supervision_budget_exceeded,hold,supervision_budget,True,10,0,False,False,True,True,True,True,10,0,0,0,10,0,0,10,0,True,False,True,False,17510,16643,867,0.9504854368932039,18,10,5
armbench.pi05_optimized_cpu_replay.v1,row_00458__narrow_gate__direct_dispatch__operational_20ms,row_00458__narrow_gate__direct_dispatch,1,458,narrow_gate,operational_20ms,539d85427650fb89affee25f827ab92f2803af4f4686cdda7625ebbcfc4e125f,c20bfe121e217568858d6301db3e88f8bbabf1604fdaa8e909eae454747800b5,20.0,83.1604690029053,114.16046900558285,21.85250000184169,16.00000000325963,1.918000001751352,9.942899996531196,9.642199998779688,0.2717000024858862,hold,supervision_budget_exceeded,hold,supervision_budget,True,10,0,False,False,True,True,True,True,10,0,0,0,10,0,0,10,0,True,False,True,False,22248,21475,773,0.9652553038475369,18,10,5
armbench.pi05_optimized_cpu_replay.v1,row_00222__free_space__direct_dispatch__operational_20ms,row_00222__free_space__direct_dispatch,2,222,free_space,operational_20ms,7ed64e746df909ff0c71898c554048b30bb88de50d94a6f43787c50679b174e2,21da2b9970d3e9644b5f044a5dcc016b6b5053a5b4e9c17bce52d4303d2b3600,20.0,171.54230199957965,202.5423020022572,22.614499997871462,16.00000000325963,1.485899992985651,11.628499996731989,9.089499995752703,0.3371999991941266,hold,supervision_budget_exceeded,hold,supervision_budget,True,10,0,False,False,True,True,True,True,10,0,0,0,10,0,0,10,0,True,False,True,True,18669,17751,918,0.950827575124538,18,10,5
armbench.pi05_optimized_cpu_replay.v1,row_00222__single_block__direct_dispatch__operational_20ms,row_00222__single_block__direct_dispatch,2,222,single_block,operational_20ms,7ed64e746df909ff0c71898c554048b30bb88de50d94a6f43787c50679b174e2,21da2b9970d3e9644b5f044a5dcc016b6b5053a5b4e9c17bce52d4303d2b3600,20.0,171.895202001906,202.89520200458355,20.722200002637692,16.00000000325963,1.5507999996771105,18.776600001729093,0.0,0.31989999843062833,hold,supervision_budget_exceeded,hold,supervision_budget,True,10,0,False,False,True,True,True,True,10,0,0,0,10,0,0,10,0,True,False,True,True,27030,25581,1449,0.9463928967813541,10,10,1
armbench.pi05_optimized_cpu_replay.v1,row_00222__narrow_gate__direct_dispatch__operational_20ms,row_00222__narrow_gate__direct_dispatch,2,222,narrow_gate,operational_20ms,7ed64e746df909ff0c71898c554048b30bb88de50d94a6f43787c50679b174e2,21da2b9970d3e9644b5f044a5dcc016b6b5053a5b4e9c17bce52d4303d2b3600,20.0,171.71460199460853,202.71460199728608,9.569900001224596,16.00000000325963,1.4789999986533076,7.705399999395013,0.0,0.3127999952994287,hold,continuous_edge_rejected:collision:static:gate_upper:link6,hold,continuous_collision,True,10,0,False,False,True,True,True,True,10,0,0,0,10,3,0,10,5,False,False,False,True,10800,10310,485,0.9546296296296296,8,10,1
armbench.pi05_optimized_cpu_replay.v1,row_01467__free_space__direct_dispatch__operational_20ms,row_01467__free_space__direct_dispatch,3,1467,free_space,operational_20ms,0d05a20d8a90b30eac6e6dfc2e65c5d447cb062d06863c48db1367dbdc8d27af,4f17f5dfea4ea95c98fd42f459cd72d84c6d64fa6c129fbeb17b753364002cf1,20.0,92.3235240043141,123.32352399971569,23.306799994315952,30.999999995401595,1.4297000016085804,7.609199994476512,13.949299995147157,0.24809999740682542,hold,supervision_budget_exceeded,hold,supervision_budget,True,10,0,False,False,True,True,True,True,10,0,0,0,10,0,0,10,0,True,False,True,False,16905,16137,768,0.954569653948536,22,10,7
armbench.pi05_optimized_cpu_replay.v1,row_01467__single_block__direct_dispatch__operational_20ms,row_01467__single_block__direct_dispatch,3,1467,single_block,operational_20ms,0d05a20d8a90b30eac6e6dfc2e65c5d447cb062d06863c48db1367dbdc8d27af,4f17f5dfea4ea95c98fd42f459cd72d84c6d64fa6c129fbeb17b753364002cf1,20.0,92.74982400529552,124.74982400453882,22.14559999993071,15.999999995983671,1.446499998564832,8.269199999631383,11.543199994775932,0.8047000010265037,hold,supervision_budget_exceeded,hold,supervision_budget,True,10,0,False,False,True,True,True,True,10,0,0,0,10,0,0,10,0,True,False,True,False,17170,16366,804,0.9531741409435062,20,10,6
armbench.pi05_optimized_cpu_replay.v1,row_01467__narrow_gate__direct_dispatch__operational_20ms,row_01467__narrow_gate__direct_dispatch,3,1467,narrow_gate,operational_20ms,0d05a20d8a90b30eac6e6dfc2e65c5d447cb062d06863c48db1367dbdc8d27af,4f17f5dfea4ea95c98fd42f459cd72d84c6d64fa6c129fbeb17b753364002cf1,20.0,92.48282400221797,124.48282400146127,23.83739999640966,15.999999995983671,2.026900001510512,8.183599995390978,13.309900001331698,0.24900000425986946,hold,supervision_budget_exceeded,hold,supervision_budget,True,10,0,False,False,True,True,True,True,10,0,0,0,10,0,0,10,0,True,False,True,False,24840,23724,1116,0.9550724637681159,22,10,7
armbench.pi05_optimized_cpu_replay.v1,row_00954__free_space__direct_dispatch__operational_20ms,row_00954__free_space__direct_dispatch,4,954,free_space,operational_20ms,8c426cf29f252a7c103234ca72eff693daec4272e1eff735e0f325be6c8368bb,541ef1c389b4780c1bc25075e466ca00805d06391dbce79e67b43e6b6a02ff42,20.0,84.07754999643657,115.07754999911413,22.935200002393685,16.00000000325963,1.6384999980800785,15.34689999971306,5.651100000250153,0.22329999774228781,hold,supervision_budget_exceeded,hold,supervision_budget,True,10,0,False,False,True,True,True,True,10,0,0,0,10,0,0,10,0,True,False,True,False,24549,23296,1253,0.9489592244083263,16,10,4
armbench.pi05_optimized_cpu_replay.v1,row_00954__single_block__direct_dispatch__operational_20ms,row_00954__single_block__direct_dispatch,4,954,single_block,operational_20ms,8c426cf29f252a7c103234ca72eff693daec4272e1eff735e0f325be6c8368bb,541ef1c389b4780c1bc25075e466ca00805d06391dbce79e67b43e6b6a02ff42,20.0,83.76884999597678,130.768849994638,21.05440000013914,31.000000002677552,1.4121000058366917,16.361299996788148,2.974399998493027,0.23990000045159832,hold,supervision_budget_exceeded,hold,supervision_budget,True,10,0,False,False,True,True,True,True,10,0,0,0,10,0,0,10,0,True,False,True,False,25670,24541,1129,0.9560186988702766,14,10,3
armbench.pi05_optimized_cpu_replay.v1,row_00954__narrow_gate__direct_dispatch__operational_20ms,row_00954__narrow_gate__direct_dispatch,4,954,narrow_gate,operational_20ms,8c426cf29f252a7c103234ca72eff693daec4272e1eff735e0f325be6c8368bb,541ef1c389b4780c1bc25075e466ca00805d06391dbce79e67b43e6b6a02ff42,20.0,83.80704999581212,130.80704999447335,21.195600005739834,30.999999995401595,1.8464000022504479,18.928799996501766,0.0,0.34640000376384705,hold,supervision_budget_exceeded,hold,supervision_budget,True,10,0,False,False,True,True,True,True,10,0,0,0,10,0,0,10,0,True,False,True,False,30456,29144,1312,0.9569214604675598,10,10,1
armbench.pi05_optimized_cpu_replay.v1,row_01576__free_space__direct_dispatch__operational_20ms,row_01576__free_space__direct_dispatch,5,1576,free_space,operational_20ms,a51612a00a37d0ea3749eb912a6f60afe1d9cd2ca5587f61e5ab60e8a19f447a,ceffaae899c86b7cad94d1a21bba4a80279a12dae6dc59022e88ec0d8034bbec,20.0,109.7861300004297,156.78612999909092,22.32969999749912,31.000000002677552,1.5770000027259812,6.509599996206816,13.947999999800231,0.21659999765688553,hold,supervision_budget_exceeded,hold,supervision_budget,True,10,0,False,False,True,True,True,True,10,0,0,0,10,0,0,10,0,True,False,True,False,16905,16140,765,0.9547471162377995,24,10,8
armbench.pi05_optimized_cpu_replay.v1,row_01576__single_block__direct_dispatch__operational_20ms,row_01576__single_block__direct_dispatch,5,1576,single_block,operational_20ms,a51612a00a37d0ea3749eb912a6f60afe1d9cd2ca5587f61e5ab60e8a19f447a,ceffaae899c86b7cad94d1a21bba4a80279a12dae6dc59022e88ec0d8034bbec,20.0,109.48412999277934,140.48412998818094,21.735700000135694,15.999999995983671,2.7799000017694198,7.797199999913573,10.876800006371923,0.21810000180266798,hold,supervision_budget_exceeded,hold,supervision_budget,True,10,0,False,False,True,True,True,True,10,0,0,0,10,0,0,10,0,True,False,True,False,17850,17131,719,0.959719887955182,20,10,6
armbench.pi05_optimized_cpu_replay.v1,row_01576__narrow_gate__direct_dispatch__operational_20ms,row_01576__narrow_gate__direct_dispatch,5,1576,narrow_gate,operational_20ms,a51612a00a37d0ea3749eb912a6f60afe1d9cd2ca5587f61e5ab60e8a19f447a,ceffaae899c86b7cad94d1a21bba4a80279a12dae6dc59022e88ec0d8034bbec,20.0,109.35532999428688,140.35532999696443,21.663399995304644,31.000000002677552,1.6508000044268556,6.419200006348547,13.308599998708814,0.22149999858811498,hold,supervision_budget_exceeded,hold,supervision_budget,True,10,0,False,False,True,True,True,True,10,0,0,0,10,0,0,10,0,True,False,True,False,24840,24064,776,0.9687600644122383,24,10,8
armbench.pi05_optimized_cpu_replay.v1,row_02114__free_space__direct_dispatch__operational_20ms,row_02114__free_space__direct_dispatch,6,2114,free_space,operational_20ms,3c8a04cfba03e28f556b668ecfc39ba1f3c6f600ae28115bb0d484f228805822,b450e7ad3d6478be6418531fda01e2f47bd1fa86a3054195fa3e89dd7bafae17,20.0,84.57347300281981,115.5734729982214,21.970300003886223,30.999999995401595,1.6828000007080846,13.82440000452334,5.993300001136959,0.3995000006398186,hold,supervision_budget_exceeded,hold,supervision_budget,True,10,0,False,False,True,True,True,True,10,0,0,0,10,0,0,10,0,True,False,True,False,23079,21982,1097,0.952467611248321,16,10,4
armbench.pi05_optimized_cpu_replay.v1,row_02114__single_block__direct_dispatch__operational_20ms,row_02114__single_block__direct_dispatch,6,2114,single_block,operational_20ms,3c8a04cfba03e28f556b668ecfc39ba1f3c6f600ae28115bb0d484f228805822,b450e7ad3d6478be6418531fda01e2f47bd1fa86a3054195fa3e89dd7bafae17,20.0,85.05257299839286,117.05257299763616,23.75410000240663,15.999999995983671,3.2598000034340657,13.861999999789987,6.22280000243336,0.3359000038472004,hold,supervision_budget_exceeded,hold,supervision_budget,True,10,0,False,False,True,True,True,True,10,0,0,0,10,0,0,10,0,True,False,True,False,26690,25523,1167,0.9562757587111278,16,10,4
armbench.pi05_optimized_cpu_replay.v1,row_02114__narrow_gate__direct_dispatch__operational_20ms,row_02114__narrow_gate__direct_dispatch,6,2114,narrow_gate,operational_20ms,3c8a04cfba03e28f556b668ecfc39ba1f3c6f600ae28115bb0d484f228805822,b450e7ad3d6478be6418531fda01e2f47bd1fa86a3054195fa3e89dd7bafae17,20.0,85.04487299796892,101.04487300122855,8.546500001102686,0.0,1.4181000005919486,6.763300007150974,0.0,0.290899995889049,hold,continuous_edge_rejected:collision:static:gate_lower:link6,hold,continuous_collision,True,10,0,False,False,True,True,True,True,10,0,0,0,10,5,0,10,7,False,False,False,False,11664,11186,471,0.9590192043895748,6,10,1
armbench.pi05_optimized_cpu_replay.v1,row_02316__free_space__direct_dispatch__operational_20ms,row_02316__free_space__direct_dispatch,7,2316,free_space,operational_20ms,307d796186bec85694ad45ec5f0f36b6c2d4136025b8788f52b21f8ce81cefc3,4eb6f0c33cfea87817ea47ba3691beea6689e4326d4b265a74641f01503e5d46,20.0,81.15441800327972,113.15441800252302,22.055599998566322,31.9999999992433,1.450199997634627,7.863400001951959,12.440400001651142,0.21800000104121864,hold,supervision_budget_exceeded,hold,supervision_budget,True,10,0,False,False,True,True,True,True,10,0,0,0,10,0,0,10,0,True,False,True,False,19845,18841,1004,0.9494079113126732,20,10,6
armbench.pi05_optimized_cpu_replay.v1,row_02316__single_block__direct_dispatch__operational_20ms,row_02316__single_block__direct_dispatch,7,2316,single_block,operational_20ms,307d796186bec85694ad45ec5f0f36b6c2d4136025b8788f52b21f8ce81cefc3,4eb6f0c33cfea87817ea47ba3691beea6689e4326d4b265a74641f01503e5d46,20.0,81.35241799755022,112.35241800022777,24.133200000505894,31.000000002677552,1.4044000054127537,9.098500006075483,13.297899997269269,0.2601999949547462,hold,supervision_budget_exceeded,hold,supervision_budget,True,10,0,False,False,True,True,True,True,10,0,0,0,10,0,0,10,0,True,False,True,False,22950,21713,1237,0.9461002178649237,20,10,6
armbench.pi05_optimized_cpu_replay.v1,row_02316__narrow_gate__direct_dispatch__operational_20ms,row_02316__narrow_gate__direct_dispatch,7,2316,narrow_gate,operational_20ms,307d796186bec85694ad45ec5f0f36b6c2d4136025b8788f52b21f8ce81cefc3,4eb6f0c33cfea87817ea47ba3691beea6689e4326d4b265a74641f01503e5d46,20.0,81.5732180053601,97.57321800861973,12.55920000403421,16.00000000325963,1.9380000012461096,10.175399998843204,0.0,0.32330000249203295,hold,continuous_edge_rejected:collision:static:gate_lower:link6,hold,continuous_collision,True,10,0,False,False,True,True,True,True,10,0,0,0,10,3,0,10,5,False,False,False,False,15552,14874,670,0.9564043209876543,8,10,1
armbench.pi05_optimized_cpu_replay.v1,row_02045__free_space__direct_dispatch__operational_20ms,row_02045__free_space__direct_dispatch,8,2045,free_space,operational_20ms,35bb006359368f4079d94be18fc9d2261932ba0be13c6387627761460fdfd649,21bb222523a68d85dbd4f6c83a8c1b450d40a364adf8ee4e45280df78bc18027,20.0,107.79295300744707,138.79295301012462,19.36799999384675,16.00000000325963,1.3846000001649372,4.884200003289152,13.035199997830205,0.0,execute,qp_continuous_collision_and_braking_invariant_passed,accepted,,True,10,10,True,False,True,True,True,True,10,0,0,0,10,0,0,10,0,True,False,False,False,9555,9189,366,0.9616954474097331,29,10,10
armbench.pi05_optimized_cpu_replay.v1,row_02045__single_block__direct_dispatch__operational_20ms,row_02045__single_block__direct_dispatch,8,2045,single_block,operational_20ms,35bb006359368f4079d94be18fc9d2261932ba0be13c6387627761460fdfd649,21bb222523a68d85dbd4f6c83a8c1b450d40a364adf8ee4e45280df78bc18027,20.0,107.84735299966997,138.84735299507156,23.010299999441486,30.999999995401595,2.117800002451986,4.804099997272715,15.749999998661224,0.2625999986776151,hold,supervision_budget_exceeded,hold,supervision_budget,True,10,0,False,False,True,True,True,True,10,0,0,0,10,0,0,10,0,True,False,True,False,12410,11830,580,0.9532634971796938,30,10,11
armbench.pi05_optimized_cpu_replay.v1,row_02045__narrow_gate__direct_dispatch__operational_20ms,row_02045__narrow_gate__direct_dispatch,8,2045,narrow_gate,operational_20ms,35bb006359368f4079d94be18fc9d2261932ba0be13c6387627761460fdfd649,21bb222523a68d85dbd4f6c83a8c1b450d40a364adf8ee4e45280df78bc18027,20.0,108.03035300341435,139.03035299881594,21.152300003450364,30.999999995401595,1.426200004061684,4.49300000036601,14.817900002526585,0.34130000130971894,hold,supervision_budget_exceeded,hold,supervision_budget,True,10,0,False,False,True,True,True,True,10,0,0,0,10,0,0,10,0,True,False,True,False,14040,13560,480,0.9658119658119658,30,10,11
armbench.pi05_optimized_cpu_replay.v1,row_02736__free_space__direct_dispatch__operational_20ms,row_02736__free_space__direct_dispatch,9,2736,free_space,operational_20ms,62b013ffb3379eba43666abbd0be0848858bc836836b094e25ea8d74cfde9e2c,0b565a6938d9bb0b57977d079796fcc4c108d1841f47a0f986253144c3870174,20.0,79.95957398816245,110.95957399084,23.651399998925626,31.000000002677552,1.6000999967218377,14.602899995225016,6.63429999985965,0.7277999975485727,hold,supervision_budget_exceeded,hold,supervision_budget,True,10,0,False,False,True,True,True,True,10,0,0,0,10,0,0,10,0,True,False,True,False,21021,20028,993,0.9527615241900956,16,10,4
armbench.pi05_optimized_cpu_replay.v1,row_02736__single_block__direct_dispatch__operational_20ms,row_02736__single_block__direct_dispatch,9,2736,single_block,operational_20ms,62b013ffb3379eba43666abbd0be0848858bc836836b094e25ea8d74cfde9e2c,0b565a6938d9bb0b57977d079796fcc4c108d1841f47a0f986253144c3870174,20.0,80.01317399612162,112.01317399536492,20.554400005494244,31.9999999992433,2.1137000003363937,17.921400001796428,0.0,0.3904000041075051,hold,supervision_budget_exceeded,hold,supervision_budget,True,10,0,False,False,True,True,True,True,10,0,0,0,10,0,0,10,0,True,False,True,False,18530,17505,1025,0.9446842957366433,9,10,1
armbench.pi05_optimized_cpu_replay.v1,row_02736__narrow_gate__direct_dispatch__operational_20ms,row_02736__narrow_gate__direct_dispatch,9,2736,narrow_gate,operational_20ms,62b013ffb3379eba43666abbd0be0848858bc836836b094e25ea8d74cfde9e2c,0b565a6938d9bb0b57977d079796fcc4c108d1841f47a0f986253144c3870174,20.0,80.14397399529116,95.14397399470909,10.689500006265007,14.999999999417923,2.073800002108328,8.133600000292063,0.0,0.3969000026700087,hold,continuous_edge_rejected:collision:static:gate_lower:link6,hold,continuous_collision,True,10,0,False,False,True,True,True,True,10,0,0,0,10,5,0,10,7,False,False,False,False,11664,11153,503,0.9561899862825789,6,10,1
armbench.pi05_optimized_cpu_replay.v1,row_02456__free_space__direct_dispatch__operational_20ms,row_02456__free_space__direct_dispatch,10,2456,free_space,operational_20ms,a805df171f5b2a0bb37e82ee33c913be28ab363a08c40943c47745c4be5f166b,606d95c489296b5f4e2fde5d9b28e0f52167c7824e5ba4cee1b52a1be5d798c3,20.0,160.5769509988022,191.57695100147976,22.35879999352619,31.000000002677552,2.040100000158418,16.17630000691861,3.417200001422316,0.6285000054049306,hold,supervision_budget_exceeded,hold,supervision_budget,True,10,0,False,False,True,True,True,True,10,0,0,0,10,0,0,10,0,True,False,True,False,19257,18366,891,0.9537311107649167,14,10,3
armbench.pi05_optimized_cpu_replay.v1,row_02456__single_block__direct_dispatch__operational_20ms,row_02456__single_block__direct_dispatch,10,2456,single_block,operational_20ms,a805df171f5b2a0bb37e82ee33c913be28ab363a08c40943c47745c4be5f166b,606d95c489296b5f4e2fde5d9b28e0f52167c7824e5ba4cee1b52a1be5d798c3,20.0,160.99725099775242,191.997250993154,21.140599994396325,30.999999995401595,1.9513999941409566,18.699100000958424,0.0,0.39939999987836927,hold,supervision_budget_exceeded,hold,supervision_budget,True,10,0,False,False,True,True,True,True,10,0,0,0,10,0,0,10,0,True,False,True,False,21250,20100,1150,0.9458823529411765,10,10,1
armbench.pi05_optimized_cpu_replay.v1,row_02456__narrow_gate__direct_dispatch__operational_20ms,row_02456__narrow_gate__direct_dispatch,10,2456,narrow_gate,operational_20ms,a805df171f5b2a0bb37e82ee33c913be28ab363a08c40943c47745c4be5f166b,606d95c489296b5f4e2fde5d9b28e0f52167c7824e5ba4cee1b52a1be5d798c3,20.0,160.55815100116888,176.5581510044285,10.366599999542814,16.00000000325963,1.952299993718043,7.941600000776816,0.0,0.38689999928465113,hold,continuous_edge_rejected:collision:static:gate_lower:link6,hold,continuous_collision,True,10,0,False,False,True,True,True,True,10,0,0,0,10,5,0,10,7,False,False,False,False,11232,10725,499,0.9548611111111112,6,10,1
armbench.pi05_optimized_cpu_replay.v1,row_02938__free_space__direct_dispatch__operational_20ms,row_02938__free_space__direct_dispatch,11,2938,free_space,operational_20ms,30d16912ce8098c60d419bf30ed1491235b796b186f2378fa0ebdef754cc31fd,d5c708014600a7920be64b6acc05dd2153f49c780015898b4d746c2bc4c494ab,20.0,111.70350899919868,143.70350899844198,22.408099997846875,31.9999999992433,1.9358999998075888,13.380699994741008,6.678500001726206,0.32079999800771475,hold,supervision_budget_exceeded,hold,supervision_budget,True,10,0,False,False,True,True,True,True,10,0,0,0,10,0,0,10,0,True,False,True,False,18669,17774,895,0.9520595639830736,16,10,4
armbench.pi05_optimized_cpu_replay.v1,row_02938__single_block__direct_dispatch__operational_20ms,row_02938__single_block__direct_dispatch,11,2938,single_block,operational_20ms,30d16912ce8098c60d419bf30ed1491235b796b186f2378fa0ebdef754cc31fd,d5c708014600a7920be64b6acc05dd2153f49c780015898b4d746c2bc4c494ab,20.0,111.67890899378108,158.6789089924423,22.260700003243983,16.00000000325963,1.8698999992921017,12.69470000261208,7.338499999605119,0.2697000018088147,hold,supervision_budget_exceeded,hold,supervision_budget,True,10,0,False,False,True,True,True,True,10,0,0,0,10,0,0,10,0,True,False,True,False,21590,20665,925,0.9571560907827698,16,10,4
armbench.pi05_optimized_cpu_replay.v1,row_02938__narrow_gate__direct_dispatch__operational_20ms,row_02938__narrow_gate__direct_dispatch,11,2938,narrow_gate,operational_20ms,30d16912ce8098c60d419bf30ed1491235b796b186f2378fa0ebdef754cc31fd,d5c708014600a7920be64b6acc05dd2153f49c780015898b4d746c2bc4c494ab,20.0,111.79980899760267,158.7998089962639,21.953400006168522,31.000000002677552,2.5348999988636933,14.480900004855357,4.392700000607874,0.2647000001161359,hold,supervision_budget_exceeded,hold,supervision_budget,True,10,0,False,False,True,True,True,True,10,0,0,0,10,0,0,10,0,True,False,True,False,23976,23066,910,0.9620453787120454,14,10,3
armbench.pi05_optimized_cpu_replay.v1,row_03122__free_space__direct_dispatch__operational_20ms,row_03122__free_space__direct_dispatch,12,3122,free_space,operational_20ms,4fd1a98f6e18bda6afca61b1213f09c92ed3fce35dcd8c4d53333ce515224354,fae786a4aad836002b16172491457936b523b19e2e002e95e4b9cb634083a717,20.0,81.44486000674078,128.44486001267796,23.68890000070678,31.000000002677552,1.8469000060576946,11.126299999887124,10.34609999624081,0.2863000045181252,hold,supervision_budget_exceeded,hold,supervision_budget,True,10,0,False,False,True,True,True,True,10,0,0,0,10,0,0,10,0,True,False,True,False,19845,18846,999,0.9496598639455782,18,10,5
armbench.pi05_optimized_cpu_replay.v1,row_03122__single_block__direct_dispatch__operational_20ms,row_03122__single_block__direct_dispatch,12,3122,single_block,operational_20ms,4fd1a98f6e18bda6afca61b1213f09c92ed3fce35dcd8c4d53333ce515224354,fae786a4aad836002b16172491457936b523b19e2e002e95e4b9cb634083a717,20.0,81.17976000357885,96.17976000299677,21.52090000163298,14.999999999417923,2.033300006587524,11.911499997950159,7.193899997218978,0.302100001135841,hold,supervision_budget_exceeded,hold,supervision_budget,True,10,0,False,False,True,True,True,True,10,0,0,0,10,0,0,10,0,True,False,True,False,20230,19361,869,0.9570439940682155,16,10,4
armbench.pi05_optimized_cpu_replay.v1,row_03122__narrow_gate__direct_dispatch__operational_20ms,row_03122__narrow_gate__direct_dispatch,12,3122,narrow_gate,operational_20ms,4fd1a98f6e18bda6afca61b1213f09c92ed3fce35dcd8c4d53333ce515224354,fae786a4aad836002b16172491457936b523b19e2e002e95e4b9cb634083a717,20.0,81.26705999893602,112.26705999433761,20.550599998387042,30.999999995401595,1.6170000017154962,14.673999998194631,3.8292000026558526,0.3445000038482249,hold,supervision_budget_exceeded,hold,supervision_budget,True,10,0,False,False,True,True,True,True,10,0,0,0,10,0,0,10,0,True,False,True,False,22248,21493,755,0.96606436533621,14,10,3
armbench.pi05_optimized_cpu_replay.v1,row_03163__free_space__direct_dispatch__operational_20ms,row_03163__free_space__direct_dispatch,13,3163,free_space,operational_20ms,e3ad14c7d499ec5ce4892eb2bef290b5e056a2b62568859245b6356da12457fb,ffa917dcd4fa88b9be0656ad8c111499b9a6bfff234650d693827eb9d1d5f76c,20.0,80.90778300538659,95.90778300480451,20.41260000260081,14.999999999417923,1.8755999990389682,9.314499999163672,8.862399998179171,0.27969999791821465,hold,supervision_budget_exceeded,hold,supervision_budget,True,10,0,False,False,True,True,True,True,10,0,0,0,10,0,0,10,0,True,False,True,False,16317,15571,746,0.9542808114236686,18,10,5
armbench.pi05_optimized_cpu_replay.v1,row_03163__single_block__direct_dispatch__operational_20ms,row_03163__single_block__direct_dispatch,13,3163,single_block,operational_20ms,e3ad14c7d499ec5ce4892eb2bef290b5e056a2b62568859245b6356da12457fb,ffa917dcd4fa88b9be0656ad8c111499b9a6bfff234650d693827eb9d1d5f76c,20.0,80.80188299936708,111.80188300204463,21.47539999714354,31.000000002677552,1.6982000015559606,9.681499999715015,9.734800005389843,0.28139999631093815,hold,supervision_budget_exceeded,hold,supervision_budget,True,10,0,False,False,True,True,True,True,10,0,0,0,10,0,0,10,0,True,False,True,False,18870,18120,750,0.9602543720190779,18,10,5
armbench.pi05_optimized_cpu_replay.v1,row_03163__narrow_gate__direct_dispatch__operational_20ms,row_03163__narrow_gate__direct_dispatch,13,3163,narrow_gate,operational_20ms,e3ad14c7d499ec5ce4892eb2bef290b5e056a2b62568859245b6356da12457fb,ffa917dcd4fa88b9be0656ad8c111499b9a6bfff234650d693827eb9d1d5f76c,20.0,81.32088300044416,112.32088300312171,23.46649999526562,31.000000002677552,1.8751999959931709,9.901800003717653,11.2890000018524,0.28780000138795003,hold,supervision_budget_exceeded,hold,supervision_budget,True,10,0,False,False,True,True,True,True,10,0,0,0,10,0,0,10,0,True,False,True,False,23976,23200,776,0.9676343009676343,18,10,5
armbench.pi05_optimized_cpu_replay.v1,row_03741__free_space__direct_dispatch__operational_20ms,row_03741__free_space__direct_dispatch,14,3741,free_space,operational_20ms,4b7907e4aad9dc6e77f813e772c59d0c7169c40282363ff493a33e879b87cde7,919e5f396da973e2cf7f371f4f3431bd547e13a2c08ca1b5ae4da4003096c020,20.0,109.97415299789282,141.97415299713612,22.095599997555837,31.9999999992433,1.8012000000453554,12.277000001631677,7.660399998712819,0.2784000025712885,hold,supervision_budget_exceeded,hold,supervision_budget,True,10,0,False,False,True,True,True,True,10,0,0,0,10,0,0,10,0,True,False,True,False,16317,15490,827,0.9493166636023779,16,10,4
armbench.pi05_optimized_cpu_replay.v1,row_03741__single_block__direct_dispatch__operational_20ms,row_03741__single_block__direct_dispatch,14,3741,single_block,operational_20ms,4b7907e4aad9dc6e77f813e772c59d0c7169c40282363ff493a33e879b87cde7,919e5f396da973e2cf7f371f4f3431bd547e13a2c08ca1b5ae4da4003096c020,20.0,110.02595299942186,126.02595300268149,24.116500004311092,16.00000000325963,1.6986999980872497,11.320300000079442,10.716899996623397,0.29490000451914966,hold,supervision_budget_exceeded,hold,supervision_budget,True,10,0,False,False,True,True,True,True,10,0,0,0,10,0,0,10,0,True,False,True,False,21590,20594,996,0.9538675312644743,18,10,5
armbench.pi05_optimized_cpu_replay.v1,row_03741__narrow_gate__direct_dispatch__operational_20ms,row_03741__narrow_gate__direct_dispatch,14,3741,narrow_gate,operational_20ms,4b7907e4aad9dc6e77f813e772c59d0c7169c40282363ff493a33e879b87cde7,919e5f396da973e2cf7f371f4f3431bd547e13a2c08ca1b5ae4da4003096c020,20.0,109.7219529983704,140.72195300104795,21.967400003632065,16.00000000325963,1.7297000013059005,11.435799999162555,8.26729999971576,0.29720000020461157,hold,supervision_budget_exceeded,hold,supervision_budget,True,10,0,False,False,True,True,True,True,10,0,0,0,10,0,0,10,0,True,False,True,False,23976,23136,840,0.964964964964965,16,10,4
armbench.pi05_optimized_cpu_replay.v1,row_04298__free_space__direct_dispatch__operational_20ms,row_04298__free_space__direct_dispatch,15,4298,free_space,operational_20ms,2c585a1039cfc500fc7fe28c85a25ec32786fd8b15a0dad94b58ee736a663d79,94e313ab8d7786043893f7af3f613152522a820610d690acb2a3edc9ef4ba28e,20.0,80.53666400519433,112.53666400443763,21.192799998971168,15.999999995983671,1.7710000029182993,18.81699999648845,0.0,0.513300001330208,hold,supervision_budget_exceeded,hold,supervision_budget,True,10,0,False,False,True,True,True,True,10,0,0,0,10,0,0,10,0,True,False,True,False,19551,18477,1074,0.9450667485039128,10,10,1
armbench.pi05_optimized_cpu_replay.v1,row_04298__single_block__direct_dispatch__operational_20ms,row_04298__single_block__direct_dispatch,15,4298,single_block,operational_20ms,2c585a1039cfc500fc7fe28c85a25ec32786fd8b15a0dad94b58ee736a663d79,94e313ab8d7786043893f7af3f613152522a820610d690acb2a3edc9ef4ba28e,20.0,80.55936400342034,111.55936399882194,21.437799994600937,14.999999999417923,1.774299998942297,19.165699995937757,0.0,0.43420000292826444,hold,supervision_budget_exceeded,hold,supervision_budget,True,10,0,False,False,True,True,True,True,10,0,0,0,10,0,0,10,0,True,False,True,False,22610,21490,1120,0.9504643962848297,10,10,1
armbench.pi05_optimized_cpu_replay.v1,row_04298__narrow_gate__direct_dispatch__operational_20ms,row_04298__narrow_gate__direct_dispatch,15,4298,narrow_gate,operational_20ms,2c585a1039cfc500fc7fe28c85a25ec32786fd8b15a0dad94b58ee736a663d79,94e313ab8d7786043893f7af3f613152522a820610d690acb2a3edc9ef4ba28e,20.0,81.24266399681801,112.24266399949556,22.480100000393577,16.00000000325963,1.5916999982437119,20.39379999769153,0.0,0.4065999964950606,hold,supervision_budget_exceeded,hold,supervision_budget,True,10,0,False,False,True,True,True,True,10,0,0,0,10,0,0,10,0,True,False,True,False,28728,27634,1094,0.9619186856028962,10,10,1
armbench.pi05_optimized_cpu_replay.v1,row_03805__free_space__direct_dispatch__operational_20ms,row_03805__free_space__direct_dispatch,16,3805,free_space,operational_20ms,ed3ed2f05c450ceca326c550433117debafac7329c3cf9d83392e865de84d20b,091b2783ea65091b38cc9287d80dd29b0944a0b9ec326d95fda267eec534df0f,20.0,142.3698360013077,174.369836000551,24.184599998989142,15.999999995983671,1.6666000010445714,10.137800003576558,11.964099998294841,0.33059999987017363,hold,supervision_budget_exceeded,hold,supervision_budget,True,10,0,False,False,True,True,True,True,10,0,0,0,10,0,0,10,0,True,False,True,False,16611,15844,767,0.9538257780988502,20,10,6
armbench.pi05_optimized_cpu_replay.v1,row_03805__single_block__direct_dispatch__operational_20ms,row_03805__single_block__direct_dispatch,16,3805,single_block,operational_20ms,ed3ed2f05c450ceca326c550433117debafac7329c3cf9d83392e865de84d20b,091b2783ea65091b38cc9287d80dd29b0944a0b9ec326d95fda267eec534df0f,20.0,142.41793600376695,157.41793600318488,7.788299997628201,0.0,1.9154000037815422,5.461699998704717,0.0,0.3243999963160604,hold,continuous_edge_rejected:collision:static:center_block:link6,hold,continuous_collision,True,10,0,False,False,True,True,True,True,10,0,0,0,10,3,0,10,4,False,False,False,False,6800,6467,326,0.9510294117647059,8,10,1
armbench.pi05_optimized_cpu_replay.v1,row_03805__narrow_gate__direct_dispatch__operational_20ms,row_03805__narrow_gate__direct_dispatch,16,3805,narrow_gate,operational_20ms,ed3ed2f05c450ceca326c550433117debafac7329c3cf9d83392e865de84d20b,091b2783ea65091b38cc9287d80dd29b0944a0b9ec326d95fda267eec534df0f,20.0,142.3951360047795,173.39513600018108,11.605300001974683,14.999999999417923,2.0846000043093227,9.134000007179566,0.0,0.34249999589519575,hold,continuous_edge_rejected:collision:static:gate_center:link6,hold,continuous_collision,True,10,0,False,False,True,True,True,True,10,0,0,0,10,1,0,10,3,False,False,False,False,14256,13680,570,0.9595959595959596,10,10,1
armbench.pi05_optimized_cpu_replay.v1,row_03853__free_space__direct_dispatch__operational_20ms,row_03853__free_space__direct_dispatch,17,3853,free_space,operational_20ms,fe36ac0713605fcc57897c367ab31e5b11dbf505ac76505ab7d16f946de13db9,f7709bd9d6a771cb40508d80a0dd423dd43ec32e003ed984a734551e880e8d3e,20.0,113.17077699641231,129.170776992396,7.879500000854023,0.0,2.7574999985517934,4.646099994715769,0.0,0.4034000012325123,hold,continuous_edge_rejected:collision:self:link5:geom_32:link7:geom_59,hold,continuous_collision,True,10,0,False,False,True,True,True,True,10,0,0,0,10,1,0,10,0,False,False,False,False,3822,3637,184,0.9515960230245945,3,10,1
armbench.pi05_optimized_cpu_replay.v1,row_03853__single_block__direct_dispatch__operational_20ms,row_03853__single_block__direct_dispatch,17,3853,single_block,operational_20ms,fe36ac0713605fcc57897c367ab31e5b11dbf505ac76505ab7d16f946de13db9,f7709bd9d6a771cb40508d80a0dd423dd43ec32e003ed984a734551e880e8d3e,20.0,113.29717699845787,129.2971770017175,5.790800001705065,0.0,1.8415999948047101,3.4911999973701313,0.0,0.3715999991982244,hold,continuous_edge_rejected:collision:self:link5:geom_33:link7:geom_60,hold,continuous_collision,True,10,0,False,False,True,True,True,True,10,0,0,0,10,1,0,10,0,False,False,False,False,4420,4228,191,0.9565610859728507,3,10,1
armbench.pi05_optimized_cpu_replay.v1,row_03853__narrow_gate__direct_dispatch__operational_20ms,row_03853__narrow_gate__direct_dispatch,17,3853,narrow_gate,operational_20ms,fe36ac0713605fcc57897c367ab31e5b11dbf505ac76505ab7d16f946de13db9,f7709bd9d6a771cb40508d80a0dd423dd43ec32e003ed984a734551e880e8d3e,20.0,114.32727699866518,129.3272769980831,5.943800002569333,0.0,1.9354000032762997,3.5373999999137595,0.0,0.3867999985232018,hold,continuous_edge_rejected:collision:self:link5:geom_35:link7:geom_62,hold,continuous_collision,True,10,0,False,False,True,True,True,True,10,0,0,0,10,1,0,10,0,False,False,False,False,5616,5423,192,0.9656339031339032,3,10,1
armbench.pi05_optimized_cpu_replay.v1,row_04953__free_space__direct_dispatch__operational_20ms,row_04953__free_space__direct_dispatch,18,4953,free_space,operational_20ms,1d0a2989e76d920a59ac3a743781f15f16a583e4ded7a55d9122c2e8345072f1,af7c0afa97d566d0b6103c1987699272206fed545e580febec05c23d4443ae45,20.0,92.21125000476604,107.21125000418397,21.405999999842606,14.999999999417923,1.6957999978330918,11.989599996013567,7.264100000611506,0.40979999903356656,hold,supervision_budget_exceeded,hold,supervision_budget,True,10,0,False,False,True,True,True,True,10,0,0,0,10,0,0,10,0,True,False,True,False,15141,14331,810,0.9465028729938577,16,10,4
armbench.pi05_optimized_cpu_replay.v1,row_04953__single_block__direct_dispatch__operational_20ms,row_04953__single_block__direct_dispatch,18,4953,single_block,operational_20ms,1d0a2989e76d920a59ac3a743781f15f16a583e4ded7a55d9122c2e8345072f1,af7c0afa97d566d0b6103c1987699272206fed545e580febec05c23d4443ae45,20.0,92.31015000113985,107.31015000055777,22.23270000104094,14.999999999417923,1.7280999963986687,12.313999999605585,7.531899995228741,0.571900003706105,hold,supervision_budget_exceeded,hold,supervision_budget,True,10,0,False,False,True,True,True,True,10,0,0,0,10,0,0,10,0,True,False,True,False,17510,16679,831,0.9525414049114792,16,10,4
armbench.pi05_optimized_cpu_replay.v1,row_04953__narrow_gate__direct_dispatch__operational_20ms,row_04953__narrow_gate__direct_dispatch,18,4953,narrow_gate,operational_20ms,1d0a2989e76d920a59ac3a743781f15f16a583e4ded7a55d9122c2e8345072f1,af7c0afa97d566d0b6103c1987699272206fed545e580febec05c23d4443ae45,20.0,92.36935000080848,107.3693500002264,20.964000003004912,14.999999999417923,1.9223999988753349,14.449599999352358,4.166999999142718,0.294400000711903,hold,supervision_budget_exceeded,hold,supervision_budget,True,10,0,False,False,True,True,True,True,10,0,0,0,10,0,0,10,0,True,False,True,False,18792,18095,697,0.962909748829289,14,10,3
armbench.pi05_optimized_cpu_replay.v1,row_04773__free_space__direct_dispatch__operational_20ms,row_04773__free_space__direct_dispatch,19,4773,free_space,operational_20ms,0012494746ac6d95bef31165b95dad73d2233ce508b720c3e77a99bb8cb95b24,c523c8dc9161531afa6950372597ab78cbf73daa99043843e1df48ebd20b87dd,20.0,82.32979899912607,114.32979899836937,21.952200004307088,31.9999999992433,1.6098999985842966,7.395299995550886,12.570600003527943,0.3113999991910532,hold,supervision_budget_exceeded,hold,supervision_budget,True,10,0,False,False,True,True,True,True,10,0,0,0,10,0,0,10,0,True,False,True,False,14847,14207,640,0.9568936485485283,20,10,6
armbench.pi05_optimized_cpu_replay.v1,row_04773__single_block__direct_dispatch__operational_20ms,row_04773__single_block__direct_dispatch,19,4773,single_block,operational_20ms,0012494746ac6d95bef31165b95dad73d2233ce508b720c3e77a99bb8cb95b24,c523c8dc9161531afa6950372597ab78cbf73daa99043843e1df48ebd20b87dd,20.0,82.25449900055537,114.25449899979867,22.049699997296557,15.999999995983671,1.6071999998530373,8.877099993696902,11.152799997944385,0.3228999994462356,hold,supervision_budget_exceeded,hold,supervision_budget,True,10,0,False,False,True,True,True,True,10,0,0,0,10,0,0,10,0,True,False,True,False,17170,16403,767,0.9553290623179965,20,10,6
armbench.pi05_optimized_cpu_replay.v1,row_04773__narrow_gate__direct_dispatch__operational_20ms,row_04773__narrow_gate__direct_dispatch,19,4773,narrow_gate,operational_20ms,0012494746ac6d95bef31165b95dad73d2233ce508b720c3e77a99bb8cb95b24,c523c8dc9161531afa6950372597ab78cbf73daa99043843e1df48ebd20b87dd,20.0,82.55759899475379,113.55759899743134,23.12800000072457,14.999999999417923,1.6166999994311482,9.002200000395533,12.173700000857934,0.2519999979995191,hold,supervision_budget_exceeded,hold,supervision_budget,True,10,0,False,False,True,True,True,True,10,0,0,0,10,0,0,10,0,True,False,True,False,21816,20976,840,0.9614961496149615,20,10,6
armbench.pi05_optimized_cpu_replay.v1,row_04462__free_space__direct_dispatch__operational_20ms,row_04462__free_space__direct_dispatch,20,4462,free_space,operational_20ms,70b9224f98dd7ca753ca304e5409a01563f652e68827468e70fea86b3cbcc658,4abfdd49b70a0970fc43182fee4ecd8db8b3a1103b6106940ef4768751d612f5,20.0,111.02229199605063,142.02229199145222,22.51789999718312,14.999999999417923,1.8085999981849454,10.146000000531785,10.228999999526422,0.2516000022296794,hold,supervision_budget_exceeded,hold,supervision_budget,True,10,0,False,False,True,True,True,True,10,0,0,0,10,0,0,10,0,True,False,True,False,17493,16595,898,0.9486651803578574,18,10,5
armbench.pi05_optimized_cpu_replay.v1,row_04462__single_block__direct_dispatch__operational_20ms,row_04462__single_block__direct_dispatch,20,4462,single_block,operational_20ms,70b9224f98dd7ca753ca304e5409a01563f652e68827468e70fea86b3cbcc658,4abfdd49b70a0970fc43182fee4ecd8db8b3a1103b6106940ef4768751d612f5,20.0,111.17109200131381,142.1710919967154,9.717300003103446,14.999999999417923,1.6185999993467703,7.611200002429541,0.0,0.40240000089397654,hold,continuous_edge_rejected:collision:static:center_block:link6,hold,continuous_collision,True,10,0,False,False,True,True,True,True,10,0,0,0,10,4,0,10,6,False,False,False,False,9180,8660,513,0.9433551198257081,7,10,1
armbench.pi05_optimized_cpu_replay.v1,row_04462__narrow_gate__direct_dispatch__operational_20ms,row_04462__narrow_gate__direct_dispatch,20,4462,narrow_gate,operational_20ms,70b9224f98dd7ca753ca304e5409a01563f652e68827468e70fea86b3cbcc658,4abfdd49b70a0970fc43182fee4ecd8db8b3a1103b6106940ef4768751d612f5,20.0,111.15519199665869,142.15519199206028,9.66599999810569,14.999999999417923,1.6905000011320226,7.562600003439002,0.0,0.32700000156182796,hold,continuous_edge_rejected:collision:static:gate_center:link6,hold,continuous_collision,True,10,0,False,False,True,True,True,True,10,0,0,0,10,4,0,10,6,False,False,False,False,11232,10713,512,0.9537927350427351,7,10,1
armbench.pi05_optimized_cpu_replay.v1,row_05082__free_space__direct_dispatch__operational_20ms,row_05082__free_space__direct_dispatch,21,5082,free_space,operational_20ms,577d2da6f2f31ec5d381f089ea57502db82b6bcd60b682984a7bf79c80ba6092,01dade6ca27dafa314483483e6e8cc87c661081fba638c5b15cddc8479ab1bc9,20.0,110.6104869977571,141.61048700043466,21.16569999634521,16.00000000325963,2.825100003974512,17.8412000022945,0.0,0.38550000317627564,hold,supervision_budget_exceeded,hold,supervision_budget,True,10,0,False,False,True,True,True,True,10,0,0,0,10,0,0,10,0,True,False,True,False,17787,16911,876,0.9507505481531455,9,10,1
armbench.pi05_optimized_cpu_replay.v1,row_05082__single_block__direct_dispatch__operational_20ms,row_05082__single_block__direct_dispatch,21,5082,single_block,operational_20ms,577d2da6f2f31ec5d381f089ea57502db82b6bcd60b682984a7bf79c80ba6092,01dade6ca27dafa314483483e6e8cc87c661081fba638c5b15cddc8479ab1bc9,20.0,110.89368699322222,126.89368699648185,6.295700004557148,0.0,1.7296000005444512,4.003200003353413,0.0,0.47140000242507085,hold,continuous_edge_rejected:collision:static:center_block:link6,hold,continuous_collision,True,10,0,False,False,True,True,True,True,10,0,0,0,10,7,0,10,7,False,False,False,False,5100,4826,267,0.9462745098039216,4,10,1
armbench.pi05_optimized_cpu_replay.v1,row_05082__narrow_gate__direct_dispatch__operational_20ms,row_05082__narrow_gate__direct_dispatch,21,5082,narrow_gate,operational_20ms,577d2da6f2f31ec5d381f089ea57502db82b6bcd60b682984a7bf79c80ba6092,01dade6ca27dafa314483483e6e8cc87c661081fba638c5b15cddc8479ab1bc9,20.0,111.32948700105771,127.32948700431734,11.305199994239956,16.00000000325963,1.8840000047930516,9.002300001156982,0.0,0.3691000019898638,hold,continuous_edge_rejected:collision:static:gate_center:link7,hold,continuous_collision,True,10,0,False,False,True,True,True,True,10,0,0,0,10,5,0,10,7,False,False,False,False,14688,13974,706,0.9513888888888888,6,10,1
armbench.pi05_optimized_cpu_replay.v1,row_05128__free_space__direct_dispatch__operational_20ms,row_05128__free_space__direct_dispatch,22,5128,free_space,operational_20ms,0e92838da6d4cdb706e0b8d31366212826fa86c5ce6ccd320378f7981599112c,1d370b9f51508df4beed68f031701f37a5f21f8c4c255ff7d807681da0595010,20.0,81.91675999842118,113.91675999766449,21.387200002209283,31.9999999992433,1.5725999983260408,9.255900004063733,10.197799994784873,0.2868000010494143,hold,supervision_budget_exceeded,hold,supervision_budget,True,10,0,False,False,True,True,True,True,10,0,0,0,10,0,0,10,0,True,False,True,False,17199,16388,811,0.9528460957032385,18,10,5
armbench.pi05_optimized_cpu_replay.v1,row_05128__single_block__direct_dispatch__operational_20ms,row_05128__single_block__direct_dispatch,22,5128,single_block,operational_20ms,0e92838da6d4cdb706e0b8d31366212826fa86c5ce6ccd320378f7981599112c,1d370b9f51508df4beed68f031701f37a5f21f8c4c255ff7d807681da0595010,20.0,82.06626000173856,97.06626000115648,9.804999994230457,0.0,1.7447999998694286,7.498499995563179,0.0,0.4771999956574291,hold,continuous_edge_rejected:collision:static:center_block:hand,hold,continuous_collision,True,10,0,False,False,True,True,True,True,10,0,0,0,10,3,0,10,5,False,False,False,False,9860,9347,508,0.9479716024340771,8,10,1
armbench.pi05_optimized_cpu_replay.v1,row_05128__narrow_gate__direct_dispatch__operational_20ms,row_05128__narrow_gate__direct_dispatch,22,5128,narrow_gate,operational_20ms,0e92838da6d4cdb706e0b8d31366212826fa86c5ce6ccd320378f7981599112c,1d370b9f51508df4beed68f031701f37a5f21f8c4c255ff7d807681da0595010,20.0,81.9978599975002,112.9978599929018,15.45800000167219,14.999999999417923,1.592199994775001,13.416400004643947,0.0,0.38409999979194254,hold,continuous_edge_rejected:collision:static:gate_center:link7,hold,continuous_collision,True,10,0,False,False,True,True,True,True,10,0,0,0,10,1,0,10,3,False,False,False,False,19872,18926,940,0.9523953301127214,10,10,1
armbench.pi05_optimized_cpu_replay.v1,row_05011__free_space__direct_dispatch__operational_20ms,row_05011__free_space__direct_dispatch,23,5011,free_space,operational_20ms,24f71f3f30cc2312cc0339c738754d5367bbccc0f419fe35bd17438d01f7e5b0,5ccd6d1a2328ecc0a38473974ed081f411090ae36654167fb6a57fadcc5d3931,20.0,125.8769419946475,156.87694199732505,23.578799999086186,16.00000000325963,1.5681000004406087,14.353499995195307,7.3151999968104064,0.2668000015546568,hold,supervision_budget_exceeded,hold,supervision_budget,True,10,0,False,False,True,True,True,True,10,0,0,0,10,0,0,10,1,False,False,True,False,20727,19634,1093,0.9472668500024123,16,10,4
armbench.pi05_optimized_cpu_replay.v1,row_05011__single_block__direct_dispatch__operational_20ms,row_05011__single_block__direct_dispatch,23,5011,single_block,operational_20ms,24f71f3f30cc2312cc0339c738754d5367bbccc0f419fe35bd17438d01f7e5b0,5ccd6d1a2328ecc0a38473974ed081f411090ae36654167fb6a57fadcc5d3931,20.0,125.52454199612839,172.52454199478962,21.890299998631235,31.000000002677552,1.8442000000504777,15.892100003839005,3.7372000006143935,0.3352000057930127,hold,supervision_budget_exceeded,hold,supervision_budget,True,10,0,False,False,True,True,True,True,10,0,0,0,10,0,0,10,1,False,False,True,False,21250,20182,1068,0.9497411764705882,14,10,3
armbench.pi05_optimized_cpu_replay.v1,row_05011__narrow_gate__direct_dispatch__operational_20ms,row_05011__narrow_gate__direct_dispatch,23,5011,narrow_gate,operational_20ms,24f71f3f30cc2312cc0339c738754d5367bbccc0f419fe35bd17438d01f7e5b0,5ccd6d1a2328ecc0a38473974ed081f411090ae36654167fb6a57fadcc5d3931,20.0,125.34244199923705,156.34244199463865,21.089499998197425,14.999999999417923,1.6802999962237664,15.742800002044532,3.1691000040154904,0.414699999964796,hold,supervision_budget_exceeded,hold,supervision_budget,True,10,0,False,False,True,True,True,True,10,0,0,0,10,0,0,10,1,False,False,True,False,27000,26025,975,0.9638888888888889,14,10,3
armbench.pi05_optimized_cpu_replay.v1,row_06407__free_space__direct_dispatch__operational_20ms,row_06407__free_space__direct_dispatch,24,6407,free_space,operational_20ms,7b5e04770f18653120842172231465c3df16a76a94e8a11104babba987988de8,163c4b568398a13e54290749468fb7e5ed31079b00f2ea8a45847de2f701b494,20.0,79.93548199738143,110.93548200005898,22.53760000166949,31.000000002677552,1.5980000025592744,14.440300001297146,6.168400002934504,0.24899999698391184,hold,supervision_budget_exceeded,hold,supervision_budget,True,10,0,False,False,True,True,True,True,10,0,0,0,10,0,0,10,0,True,False,True,False,22491,21439,1052,0.9532257347383398,16,10,4
armbench.pi05_optimized_cpu_replay.v1,row_06407__single_block__direct_dispatch__operational_20ms,row_06407__single_block__direct_dispatch,24,6407,single_block,operational_20ms,7b5e04770f18653120842172231465c3df16a76a94e8a11104babba987988de8,163c4b568398a13e54290749468fb7e5ed31079b00f2ea8a45847de2f701b494,20.0,79.68128198990598,79.68128198990598,8.356300000741612,0.0,1.7038000005413778,6.169500004034489,0.0,0.3905000048689544,hold,continuous_edge_rejected:collision:static:center_block:hand,hold,continuous_collision,True,10,0,False,False,True,True,True,True,10,0,0,0,10,5,0,10,7,False,False,False,False,8500,8041,454,0.946,6,10,1
armbench.pi05_optimized_cpu_replay.v1,row_06407__narrow_gate__direct_dispatch__operational_20ms,row_06407__narrow_gate__direct_dispatch,24,6407,narrow_gate,operational_20ms,7b5e04770f18653120842172231465c3df16a76a94e8a11104babba987988de8,163c4b568398a13e54290749468fb7e5ed31079b00f2ea8a45847de2f701b494,20.0,79.81598198966822,95.81598199292785,13.209600001573563,16.00000000325963,1.5864000015426427,11.203599999134894,0.0,0.33819999953266233,hold,continuous_edge_rejected:collision:static:gate_lower:link6,hold,continuous_collision,True,10,0,False,False,True,True,True,True,10,0,0,0,10,3,0,10,5,False,False,False,False,18144,17251,883,0.9507826278659612,8,10,1
armbench.pi05_optimized_cpu_replay.v1,row_06364__free_space__direct_dispatch__operational_20ms,row_06364__free_space__direct_dispatch,25,6364,free_space,operational_20ms,099bef15a0770071b640eb04fb9e343f82702d9e681553817b0e1967bc447ca8,ad141d2432b6f05d03249225fd1c40933676be458ff6debfc024bc3605ae5e44,20.0,82.34263800113695,98.34263799712062,21.686799998860806,15.999999995983671,1.7500999965704978,6.040699998266064,13.58260000415612,0.23419999342877418,hold,supervision_budget_exceeded,hold,supervision_budget,True,10,0,False,False,True,True,True,True,10,0,0,0,10,0,0,10,0,True,False,True,False,15729,15067,662,0.9579121368173438,24,10,8
armbench.pi05_optimized_cpu_replay.v1,row_06364__single_block__direct_dispatch__operational_20ms,row_06364__single_block__direct_dispatch,25,6364,single_block,operational_20ms,099bef15a0770071b640eb04fb9e343f82702d9e681553817b0e1967bc447ca8,ad141d2432b6f05d03249225fd1c40933676be458ff6debfc024bc3605ae5e44,20.0,82.07083799061365,98.07083798659733,8.737500000279397,15.999999995983671,1.519700002972968,6.820800001150928,0.0,0.3248000066378154,hold,continuous_edge_rejected:collision:static:center_block:hand,hold,continuous_collision,True,10,0,False,False,True,True,True,True,10,0,0,0,10,1,0,10,3,False,False,False,False,9180,8802,373,0.9588235294117647,10,10,1
armbench.pi05_optimized_cpu_replay.v1,row_06364__narrow_gate__direct_dispatch__operational_20ms,row_06364__narrow_gate__direct_dispatch,25,6364,narrow_gate,operational_20ms,099bef15a0770071b640eb04fb9e343f82702d9e681553817b0e1967bc447ca8,ad141d2432b6f05d03249225fd1c40933676be458ff6debfc024bc3605ae5e44,20.0,82.32073799445061,113.32073799712816,20.987100004276726,16.00000000325963,1.5496999985771254,7.859800003643613,10.826400000951253,0.6661000006715767,hold,supervision_budget_exceeded,hold,supervision_budget,True,10,0,False,False,True,True,True,True,10,0,0,0,10,0,0,10,0,True,False,True,False,19656,18897,759,0.9613858363858364,22,10,7
armbench.pi05_optimized_cpu_replay.v1,row_06056__free_space__direct_dispatch__operational_20ms,row_06056__free_space__direct_dispatch,26,6056,free_space,operational_20ms,d0b5162cd61b5df39a5caf842d2257e7f6d300cbbf1f21fa30dcf183810e85e2,c9a378e3af3f286959ccc6ce0aab8e5df4db1d375fa82cf308f21e70bfb38b4e,20.0,119.53662599989912,151.53662599914242,23.929700000735465,15.999999995983671,1.6470000045956112,9.04620000073919,12.900499998067971,0.2566999974078499,hold,supervision_budget_exceeded,hold,supervision_budget,True,10,0,False,False,True,True,True,True,10,0,0,0,10,0,0,10,0,True,False,True,False,17199,16424,775,0.9549392406535264,20,10,6
armbench.pi05_optimized_cpu_replay.v1,row_06056__single_block__direct_dispatch__operational_20ms,row_06056__single_block__direct_dispatch,26,6056,single_block,operational_20ms,d0b5162cd61b5df39a5caf842d2257e7f6d300cbbf1f21fa30dcf183810e85e2,c9a378e3af3f286959ccc6ce0aab8e5df4db1d375fa82cf308f21e70bfb38b4e,20.0,119.18442600290291,151.1844260021462,23.07410000503296,15.999999995983671,1.604699995368719,8.284700001240708,12.847999998484738,0.2525000018067658,hold,supervision_budget_exceeded,hold,supervision_budget,True,10,0,False,False,True,True,True,True,10,0,0,0,10,0,0,10,0,True,False,True,False,19890,19102,788,0.9603821015585722,20,10,6
armbench.pi05_optimized_cpu_replay.v1,row_06056__narrow_gate__direct_dispatch__operational_20ms,row_06056__narrow_gate__direct_dispatch,26,6056,narrow_gate,operational_20ms,d0b5162cd61b5df39a5caf842d2257e7f6d300cbbf1f21fa30dcf183810e85e2,c9a378e3af3f286959ccc6ce0aab8e5df4db1d375fa82cf308f21e70bfb38b4e,20.0,119.34112600283697,134.3411260022549,20.487599998887163,14.999999999417923,1.628799996979069,8.919500003685243,9.543100000882987,0.352399998519104,hold,supervision_budget_exceeded,hold,supervision_budget,True,10,0,False,False,True,True,True,True,10,0,0,0,10,0,0,10,0,True,False,True,False,21816,21049,767,0.9648423175650899,18,10,5
armbench.pi05_optimized_cpu_replay.v1,row_07683__free_space__direct_dispatch__operational_20ms,row_07683__free_space__direct_dispatch,27,7683,free_space,operational_20ms,a00422d34079c464db8df8c5409bf2828aea05bbf77b08b587c170edb57e57c7,61b0433210982b6803e6e79c30ad66cf82384038c635fbc9cec97f43c2d5f63a,20.0,80.2862310083583,96.28623101161793,20.779800004675053,16.00000000325963,2.180699993914459,15.629200002877042,2.137299998139497,0.7471999997505918,hold,supervision_budget_exceeded,hold,supervision_budget,True,10,0,False,False,True,True,True,True,10,0,0,0,10,0,0,10,0,True,False,True,False,18669,17674,995,0.946703090685093,12,10,2
armbench.pi05_optimized_cpu_replay.v1,row_07683__single_block__direct_dispatch__operational_20ms,row_07683__single_block__direct_dispatch,27,7683,single_block,operational_20ms,a00422d34079c464db8df8c5409bf2828aea05bbf77b08b587c170edb57e57c7,61b0433210982b6803e6e79c30ad66cf82384038c635fbc9cec97f43c2d5f63a,20.0,80.42503100296017,111.42503099836176,23.665699998673517,14.999999999417923,1.5908999994280748,21.471899999596644,0.0,0.516699998115655,hold,supervision_budget_exceeded,hold,supervision_budget,True,10,0,False,False,True,True,True,True,10,0,0,0,10,0,0,10,0,True,False,True,False,21250,20247,1003,0.9528,10,10,1
armbench.pi05_optimized_cpu_replay.v1,row_07683__narrow_gate__direct_dispatch__operational_20ms,row_07683__narrow_gate__direct_dispatch,27,7683,narrow_gate,operational_20ms,a00422d34079c464db8df8c5409bf2828aea05bbf77b08b587c170edb57e57c7,61b0433210982b6803e6e79c30ad66cf82384038c635fbc9cec97f43c2d5f63a,20.0,80.37813100963831,111.37813101231586,21.510799997486174,16.00000000325963,4.15439999778755,16.80750000377884,0.0,0.4206000012345612,hold,supervision_budget_exceeded,hold,supervision_budget,True,10,0,False,False,True,True,True,True,10,0,0,0,10,0,0,10,0,True,False,True,False,23544,22685,859,0.9635151206252124,9,10,1
armbench.pi05_optimized_cpu_replay.v1,row_07373__free_space__direct_dispatch__operational_20ms,row_07373__free_space__direct_dispatch,28,7373,free_space,operational_20ms,e342e284a6b9329bf43b6560e5358b71495f40177533837036afecf930c2b4c0,3dbd650490cea64352a1dbaccb6f541b5a9d1998528a622fd0fd896330c63f5e,20.0,95.29193700291216,126.29193699831376,21.185600002354477,30.999999995401595,2.2507000030600466,8.556599997973535,9.950599996955134,0.3265999985160306,hold,supervision_budget_exceeded,hold,supervision_budget,True,10,0,False,False,True,True,True,True,10,0,0,0,10,0,0,10,0,True,False,True,False,13377,12788,589,0.9559692008671601,18,10,5
armbench.pi05_optimized_cpu_replay.v1,row_07373__single_block__direct_dispatch__operational_20ms,row_07373__single_block__direct_dispatch,28,7373,single_block,operational_20ms,e342e284a6b9329bf43b6560e5358b71495f40177533837036afecf930c2b4c0,3dbd650490cea64352a1dbaccb6f541b5a9d1998528a622fd0fd896330c63f5e,20.0,94.81193700048607,126.81193699972937,21.262099995510653,15.999999995983671,2.175300003727898,9.700900001917034,8.912199999031145,0.359499994374346,hold,supervision_budget_exceeded,hold,supervision_budget,True,10,0,False,False,True,True,True,True,10,0,0,0,10,0,0,10,1,False,False,True,False,14110,13418,692,0.9509567682494685,16,10,4
armbench.pi05_optimized_cpu_replay.v1,row_07373__narrow_gate__direct_dispatch__operational_20ms,row_07373__narrow_gate__direct_dispatch,28,7373,narrow_gate,operational_20ms,e342e284a6b9329bf43b6560e5358b71495f40177533837036afecf930c2b4c0,3dbd650490cea64352a1dbaccb6f541b5a9d1998528a622fd0fd896330c63f5e,20.0,94.97553700202843,125.97553699743003,21.340699997381307,14.999999999417923,2.329700000700541,10.022900001786184,8.571500002290122,0.33879999682540074,hold,supervision_budget_exceeded,hold,supervision_budget,True,10,0,False,False,True,True,True,True,10,0,0,0,10,0,0,10,0,True,False,True,False,17928,17334,594,0.9668674698795181,16,10,4
armbench.pi05_optimized_cpu_replay.v1,row_07772__free_space__direct_dispatch__operational_20ms,row_07772__free_space__direct_dispatch,29,7772,free_space,operational_20ms,c3533edfda4b0016620bef05041c1b2e100c114929dc01b6c006379c8f39062d,f9efe20bb0146929d0da2aab6cb2d34cae1c034a2e8891af5c57bfffe379dbff,20.0,109.84383399772923,141.84383399697253,20.716200000606477,15.999999995983671,2.4455000020680018,17.718799994327128,0.0,0.4445000013220124,hold,supervision_budget_exceeded,hold,supervision_budget,True,10,0,False,False,True,True,True,True,10,0,0,0,10,0,0,10,0,True,False,True,False,16905,16069,836,0.9505471753918959,9,10,1
armbench.pi05_optimized_cpu_replay.v1,row_07772__single_block__direct_dispatch__operational_20ms,row_07772__single_block__direct_dispatch,29,7772,single_block,operational_20ms,c3533edfda4b0016620bef05041c1b2e100c114929dc01b6c006379c8f39062d,f9efe20bb0146929d0da2aab6cb2d34cae1c034a2e8891af5c57bfffe379dbff,20.0,109.91603399452288,124.9160339939408,22.375500004272908,14.999999999417923,2.2068999969633296,19.633399999293033,0.0,0.410699998610653,hold,supervision_budget_exceeded,hold,supervision_budget,True,10,0,False,False,True,True,True,True,10,0,0,0,10,0,0,10,0,True,False,True,False,22270,21225,1045,0.9530758868432869,10,10,1
armbench.pi05_optimized_cpu_replay.v1,row_07772__narrow_gate__direct_dispatch__operational_20ms,row_07772__narrow_gate__direct_dispatch,29,7772,narrow_gate,operational_20ms,c3533edfda4b0016620bef05041c1b2e100c114929dc01b6c006379c8f39062d,f9efe20bb0146929d0da2aab6cb2d34cae1c034a2e8891af5c57bfffe379dbff,20.0,109.8769340023864,109.8769340023864,13.364400001592003,0.0,1.900000002933666,10.995199998433236,0.0,0.3983999995398335,hold,continuous_edge_rejected:collision:static:gate_lower:link6,hold,continuous_collision,True,10,0,False,False,True,True,True,True,10,0,0,0,10,4,0,10,5,False,False,False,False,14688,14101,582,0.9600354030501089,7,10,1
armbench.pi05_optimized_cpu_replay.v1,row_00763__free_space__direct_dispatch__diagnostic_100ms,row_00763__free_space__direct_dispatch,0,763,free_space,diagnostic_100ms,2ba514276e139d381b7b19bf859e964ad7e1b157ca9f234909fb87328f08ec28,e4ddff608fdc24bbe79f4f345b6ad772cc7e47679fd0522db9fe5c0e6a4512b3,100.0,103.75407699757488,150.75407700351207,53.83620000066003,47.00000000593718,2.343399995879736,13.823199995385949,37.566200000583194,0.0,execute,qp_continuous_collision_and_braking_invariant_passed,accepted,,True,10,10,True,False,True,True,True,True,10,0,0,0,10,0,0,10,0,True,False,False,False,28665,27220,1445,0.9495900924472354,29,10,10
armbench.pi05_optimized_cpu_replay.v1,row_00763__single_block__direct_dispatch__diagnostic_100ms,row_00763__single_block__direct_dispatch,0,763,single_block,diagnostic_100ms,2ba514276e139d381b7b19bf859e964ad7e1b157ca9f234909fb87328f08ec28,e4ddff608fdc24bbe79f4f345b6ad772cc7e47679fd0522db9fe5c0e6a4512b3,100.0,102.52607700385852,164.52607700193767,47.83769999630749,46.999999998661224,2.0629999999073334,8.991000002424698,36.721399999805726,0.0,execute,qp_continuous_collision_and_braking_invariant_passed,accepted,,True,10,10,True,False,True,True,True,True,10,0,0,0,10,0,0,10,0,True,False,False,False,33150,31681,1469,0.9556862745098039,29,10,10
armbench.pi05_optimized_cpu_replay.v1,row_00763__narrow_gate__direct_dispatch__diagnostic_100ms,row_00763__narrow_gate__direct_dispatch,0,763,narrow_gate,diagnostic_100ms,2ba514276e139d381b7b19bf859e964ad7e1b157ca9f234909fb87328f08ec28,e4ddff608fdc24bbe79f4f345b6ad772cc7e47679fd0522db9fe5c0e6a4512b3,100.0,103.48747699754313,166.48747699946398,49.96010000468232,63.00000000192085,1.8510000008973293,10.344199996325187,37.66080000059446,0.0,execute,qp_continuous_collision_and_braking_invariant_passed,accepted,,True,10,10,True,False,True,True,True,True,10,0,0,0,10,0,0,10,0,True,False,False,False,42120,40659,1461,0.9653133903133904,29,10,10
armbench.pi05_optimized_cpu_replay.v1,row_00458__free_space__direct_dispatch__diagnostic_100ms,row_00458__free_space__direct_dispatch,1,458,free_space,diagnostic_100ms,539d85427650fb89affee25f827ab92f2803af4f4686cdda7625ebbcfc4e125f,c20bfe121e217568858d6301db3e88f8bbabf1604fdaa8e909eae454747800b5,100.0,82.58776900765952,144.58776900573866,48.74430000199936,46.999999998661224,2.086600004986394,9.87380000151461,36.707300001580734,0.0,execute,qp_continuous_collision_and_braking_invariant_passed,accepted,,True,10,10,True,False,True,True,True,True,10,0,0,0,10,0,0,10,0,True,False,False,False,29253,27608,1645,0.9437664513041397,29,10,10
armbench.pi05_optimized_cpu_replay.v1,row_00458__single_block__direct_dispatch__diagnostic_100ms,row_00458__single_block__direct_dispatch,1,458,single_block,diagnostic_100ms,539d85427650fb89affee25f827ab92f2803af4f4686cdda7625ebbcfc4e125f,c20bfe121e217568858d6301db3e88f8bbabf1604fdaa8e909eae454747800b5,100.0,82.50796900392743,145.50796900584828,50.37290000473149,63.00000000192085,2.0568999971146695,9.424700001545716,38.814699997601565,0.0,execute,qp_continuous_collision_and_braking_invariant_passed,accepted,,True,10,10,True,False,True,True,True,True,10,0,0,0,10,0,0,10,0,True,False,False,False,33830,31980,1850,0.9453148093408218,29,10,10
armbench.pi05_optimized_cpu_replay.v1,row_00458__narrow_gate__direct_dispatch__diagnostic_100ms,row_00458__narrow_gate__direct_dispatch,1,458,narrow_gate,diagnostic_100ms,539d85427650fb89affee25f827ab92f2803af4f4686cdda7625ebbcfc4e125f,c20bfe121e217568858d6301db3e88f8bbabf1604fdaa8e909eae454747800b5,100.0,83.1604690029053,145.16046900098445,53.99469999974826,61.99999999807915,2.4359999952139333,11.611499998252839,39.87349999806611,0.0,execute,qp_continuous_collision_and_braking_invariant_passed,accepted,,True,10,10,True,False,True,True,True,True,10,0,0,0,10,0,0,10,0,True,False,False,False,42984,41284,1700,0.9604504001488926,29,10,10
armbench.pi05_optimized_cpu_replay.v1,row_00222__free_space__direct_dispatch__diagnostic_100ms,row_00222__free_space__direct_dispatch,2,222,free_space,diagnostic_100ms,7ed64e746df909ff0c71898c554048b30bb88de50d94a6f43787c50679b174e2,21da2b9970d3e9644b5f044a5dcc016b6b5053a5b4e9c17bce52d4303d2b3600,100.0,171.54230199957965,218.54230199824087,30.994000000646338,31.9999999992433,1.8809999965014867,19.564500005799346,9.070899999642279,0.39110000216169283,hold,response_deadline_exceeded_during_supervision,hold,deadline,True,10,0,False,False,True,True,True,True,10,0,0,0,10,0,0,10,0,True,False,False,True,16317,15543,774,0.9525648097076669,16,10,4
armbench.pi05_optimized_cpu_replay.v1,row_00222__single_block__direct_dispatch__diagnostic_100ms,row_00222__single_block__direct_dispatch,2,222,single_block,diagnostic_100ms,7ed64e746df909ff0c71898c554048b30bb88de50d94a6f43787c50679b174e2,21da2b9970d3e9644b5f044a5dcc016b6b5053a5b4e9c17bce52d4303d2b3600,100.0,171.895202001906,218.89520200056722,30.631600006017834,31.000000002677552,2.333000004000496,27.56760000193026,0.0,0.6275000050663948,hold,response_deadline_exceeded_during_supervision,hold,deadline,True,10,0,False,False,True,True,True,True,10,0,0,0,10,0,0,10,0,True,False,False,True,24310,23019,1291,0.9468942821883999,9,10,1
armbench.pi05_optimized_cpu_replay.v1,row_00222__narrow_gate__direct_dispatch__diagnostic_100ms,row_00222__narrow_gate__direct_dispatch,2,222,narrow_gate,diagnostic_100ms,7ed64e746df909ff0c71898c554048b30bb88de50d94a6f43787c50679b174e2,21da2b9970d3e9644b5f044a5dcc016b6b5053a5b4e9c17bce52d4303d2b3600,100.0,171.71460199460853,187.71460199786816,11.144399999466259,16.00000000325963,2.140600001439452,8.46859999728622,0.0,0.4351999959908426,hold,continuous_edge_rejected:collision:static:gate_upper:link6,hold,continuous_collision,True,10,0,False,False,True,True,True,True,10,0,0,0,10,3,0,10,5,False,False,False,False,10800,10310,485,0.9546296296296296,8,10,1
armbench.pi05_optimized_cpu_replay.v1,row_01467__free_space__direct_dispatch__diagnostic_100ms,row_01467__free_space__direct_dispatch,3,1467,free_space,diagnostic_100ms,0d05a20d8a90b30eac6e6dfc2e65c5d447cb062d06863c48db1367dbdc8d27af,4f17f5dfea4ea95c98fd42f459cd72d84c6d64fa6c129fbeb17b753364002cf1,100.0,92.3235240043141,170.32352400565287,62.66529999993509,61.99999999807915,2.205700002377853,12.953400000697002,47.40709999896353,0.0,execute,qp_continuous_collision_and_braking_invariant_passed,accepted,,True,10,10,True,False,True,True,True,True,10,0,0,0,10,0,0,10,0,True,False,False,False,26019,24758,1261,0.9515354164264576,29,10,10
armbench.pi05_optimized_cpu_replay.v1,row_01467__single_block__direct_dispatch__diagnostic_100ms,row_01467__single_block__direct_dispatch,3,1467,single_block,diagnostic_100ms,0d05a20d8a90b30eac6e6dfc2e65c5d447cb062d06863c48db1367dbdc8d27af,4f17f5dfea4ea95c98fd42f459cd72d84c6d64fa6c129fbeb17b753364002cf1,100.0,92.74982400529552,170.74982399935834,72.49440000305185,77.99999999406282,4.972700000507757,13.714000000618398,53.64879999979166,0.0,execute,qp_continuous_collision_and_braking_invariant_passed,accepted,,True,10,10,True,False,True,True,True,True,10,0,0,0,10,0,0,10,0,True,False,False,False,41650,39656,1994,0.952124849939976,29,10,10
armbench.pi05_optimized_cpu_replay.v1,row_01467__narrow_gate__direct_dispatch__diagnostic_100ms,row_01467__narrow_gate__direct_dispatch,3,1467,narrow_gate,diagnostic_100ms,0d05a20d8a90b30eac6e6dfc2e65c5d447cb062d06863c48db1367dbdc8d27af,4f17f5dfea4ea95c98fd42f459cd72d84c6d64fa6c129fbeb17b753364002cf1,100.0,92.48282400221797,170.48282400355674,68.43089999892982,62.000000005355105,3.9289999986067414,13.677599999937229,50.66359999909764,0.0,execute,qp_continuous_collision_and_braking_invariant_passed,accepted,,True,10,10,True,False,True,True,True,True,10,0,0,0,10,0,0,10,0,True,False,False,False,39528,37538,1990,0.9496559400930986,29,10,10
armbench.pi05_optimized_cpu_replay.v1,row_00954__free_space__direct_dispatch__diagnostic_100ms,row_00954__free_space__direct_dispatch,4,954,free_space,diagnostic_100ms,8c426cf29f252a7c103234ca72eff693daec4272e1eff735e0f325be6c8368bb,541ef1c389b4780c1bc25075e466ca00805d06391dbce79e67b43e6b6a02ff42,100.0,84.07754999643657,209.07754999643657,108.07449999992969,109.00000000401633,2.587900002254173,24.060800002189353,80.66390000021784,0.6417000040528364,hold,supervision_budget_exceeded,hold,supervision_budget,True,10,0,False,False,True,True,True,True,10,0,0,0,10,0,0,10,0,True,False,True,True,56889,53599,3290,0.9421680817029654,30,10,11
armbench.pi05_optimized_cpu_replay.v1,row_00954__single_block__direct_dispatch__diagnostic_100ms,row_00954__single_block__direct_dispatch,4,954,single_block,diagnostic_100ms,8c426cf29f252a7c103234ca72eff693daec4272e1eff735e0f325be6c8368bb,541ef1c389b4780c1bc25075e466ca00805d06391dbce79e67b43e6b6a02ff42,100.0,83.76884999597678,192.7688499999931,106.9195000018226,109.00000000401633,2.5454000060562976,24.2526000001817,79.5743000053335,0.4219999973429367,hold,supervision_budget_exceeded,hold,supervision_budget,True,10,0,False,False,True,True,True,True,10,0,0,0,10,0,0,10,0,True,False,True,False,65790,62449,3341,0.94921720626235,30,10,11
armbench.pi05_optimized_cpu_replay.v1,row_00954__narrow_gate__direct_dispatch__diagnostic_100ms,row_00954__narrow_gate__direct_dispatch,4,954,narrow_gate,diagnostic_100ms,8c426cf29f252a7c103234ca72eff693daec4272e1eff735e0f325be6c8368bb,541ef1c389b4780c1bc25075e466ca00805d06391dbce79e67b43e6b6a02ff42,100.0,83.80704999581212,193.8070499963942,102.9939000000013,93.99999999732245,2.244899995275773,27.179999997315463,72.90159999683965,0.5732999998144805,hold,supervision_budget_exceeded,hold,supervision_budget,True,10,0,False,False,True,True,True,True,10,0,0,0,10,0,0,10,0,True,False,True,False,77544,73739,3805,0.9509310842876303,28,10,10
armbench.pi05_optimized_cpu_replay.v1,row_01576__free_space__direct_dispatch__diagnostic_100ms,row_01576__free_space__direct_dispatch,5,1576,free_space,diagnostic_100ms,a51612a00a37d0ea3749eb912a6f60afe1d9cd2ca5587f61e5ab60e8a19f447a,ceffaae899c86b7cad94d1a21bba4a80279a12dae6dc59022e88ec0d8034bbec,100.0,109.7861300004297,156.78612999909092,45.78320000291569,46.999999998661224,2.4297999989357777,10.277000001224224,32.99880000122357,0.0,execute,qp_continuous_collision_and_braking_invariant_passed,accepted,,True,10,10,True,False,True,True,True,True,10,0,0,0,10,0,0,10,0,True,False,False,False,21609,20576,1033,0.9521958443241242,29,10,10
armbench.pi05_optimized_cpu_replay.v1,row_01576__single_block__direct_dispatch__diagnostic_100ms,row_01576__single_block__direct_dispatch,5,1576,single_block,diagnostic_100ms,a51612a00a37d0ea3749eb912a6f60afe1d9cd2ca5587f61e5ab60e8a19f447a,ceffaae899c86b7cad94d1a21bba4a80279a12dae6dc59022e88ec0d8034bbec,100.0,109.48412999277934,156.48412999144057,46.46649999631336,46.999999998661224,2.2946000026422553,10.519000003114343,33.54919999401318,0.0,execute,qp_continuous_collision_and_braking_invariant_passed,accepted,,True,10,10,True,False,True,True,True,True,10,0,0,0,10,0,0,10,0,True,False,False,False,24990,23932,1058,0.9576630652260905,29,10,10
armbench.pi05_optimized_cpu_replay.v1,row_01576__narrow_gate__direct_dispatch__diagnostic_100ms,row_01576__narrow_gate__direct_dispatch,5,1576,narrow_gate,diagnostic_100ms,a51612a00a37d0ea3749eb912a6f60afe1d9cd2ca5587f61e5ab60e8a19f447a,ceffaae899c86b7cad94d1a21bba4a80279a12dae6dc59022e88ec0d8034bbec,100.0,109.35532999428688,171.35532999236602,48.88850000133971,46.000000002095476,2.489600003173109,9.514400000625756,36.73999999591615,0.0,execute,qp_continuous_collision_and_braking_invariant_passed,accepted,,True,10,10,True,False,True,True,True,True,10,0,0,0,10,0,0,10,0,True,False,False,False,31752,30699,1053,0.9668367346938775,29,10,10
armbench.pi05_optimized_cpu_replay.v1,row_02114__free_space__direct_dispatch__diagnostic_100ms,row_02114__free_space__direct_dispatch,6,2114,free_space,diagnostic_100ms,3c8a04cfba03e28f556b668ecfc39ba1f3c6f600ae28115bb0d484f228805822,b450e7ad3d6478be6418531fda01e2f47bd1fa86a3054195fa3e89dd7bafae17,100.0,84.57347300281981,178.57347300741822,85.4025999942678,78.00000000133878,2.1243000010144897,20.619700000679586,62.56930000381544,0.0,execute,qp_continuous_collision_and_braking_invariant_passed,accepted,,True,10,10,True,False,True,True,True,True,10,0,0,0,10,0,0,10,0,True,False,False,False,55713,52690,3023,0.9457397734819522,29,10,10
armbench.pi05_optimized_cpu_replay.v1,row_02114__single_block__direct_dispatch__diagnostic_100ms,row_02114__single_block__direct_dispatch,6,2114,single_block,diagnostic_100ms,3c8a04cfba03e28f556b668ecfc39ba1f3c6f600ae28115bb0d484f228805822,b450e7ad3d6478be6418531fda01e2f47bd1fa86a3054195fa3e89dd7bafae17,100.0,85.05257299839286,179.0525729957153,87.50570000120206,77.99999999406282,2.429299995128531,21.165900005144067,63.747699998202734,0.0,execute,qp_continuous_collision_and_braking_invariant_passed,accepted,,True,10,10,True,False,True,True,True,True,10,0,0,0,10,0,0,10,0,True,False,False,False,64430,61263,3167,0.9508458792487972,29,10,10
armbench.pi05_optimized_cpu_replay.v1,row_02114__narrow_gate__direct_dispatch__diagnostic_100ms,row_02114__narrow_gate__direct_dispatch,6,2114,narrow_gate,diagnostic_100ms,3c8a04cfba03e28f556b668ecfc39ba1f3c6f600ae28115bb0d484f228805822,b450e7ad3d6478be6418531fda01e2f47bd1fa86a3054195fa3e89dd7bafae17,100.0,85.04487299796892,100.04487299738685,10.966599998937454,14.999999999417923,2.0432000019354746,8.420199999818578,0.0,0.40779999835649505,hold,continuous_edge_rejected:collision:static:gate_lower:link6,hold,continuous_collision,True,10,0,False,False,True,True,True,True,10,0,0,0,10,5,0,10,7,False,False,False,False,11664,11186,471,0.9590192043895748,6,10,1
armbench.pi05_optimized_cpu_replay.v1,row_02316__free_space__direct_dispatch__diagnostic_100ms,row_02316__free_space__direct_dispatch,7,2316,free_space,diagnostic_100ms,307d796186bec85694ad45ec5f0f36b6c2d4136025b8788f52b21f8ce81cefc3,4eb6f0c33cfea87817ea47ba3691beea6689e4326d4b265a74641f01503e5d46,100.0,81.15441800327972,144.15441800520057,52.486799999314826,46.999999998661224,2.2339999995892867,10.438899997097906,39.72480000084033,0.0,execute,qp_continuous_collision_and_braking_invariant_passed,accepted,,True,10,10,True,False,True,True,True,True,10,0,0,0,10,0,0,10,0,True,False,False,False,31605,29832,1773,0.9439012814428097,29,10,10
armbench.pi05_optimized_cpu_replay.v1,row_02316__single_block__direct_dispatch__diagnostic_100ms,row_02316__single_block__direct_dispatch,7,2316,single_block,diagnostic_100ms,307d796186bec85694ad45ec5f0f36b6c2d4136025b8788f52b21f8ce81cefc3,4eb6f0c33cfea87817ea47ba3691beea6689e4326d4b265a74641f01503e5d46,100.0,81.35241799755022,143.35241799562937,58.078599999134894,61.99999999807915,1.9934000010835007,12.065100003383122,43.92779999761842,0.0,execute,qp_continuous_collision_and_braking_invariant_passed,accepted,,True,10,10,True,False,True,True,True,True,10,0,0,0,10,0,0,10,0,True,False,False,False,36550,34387,2163,0.9408207934336525,29,10,10
armbench.pi05_optimized_cpu_replay.v1,row_02316__narrow_gate__direct_dispatch__diagnostic_100ms,row_02316__narrow_gate__direct_dispatch,7,2316,narrow_gate,diagnostic_100ms,307d796186bec85694ad45ec5f0f36b6c2d4136025b8788f52b21f8ce81cefc3,4eb6f0c33cfea87817ea47ba3691beea6689e4326d4b265a74641f01503e5d46,100.0,81.5732180053601,97.57321800861973,12.86439999967115,16.00000000325963,2.0761999985552393,10.312300000805408,0.0,0.3798000034294091,hold,continuous_edge_rejected:collision:static:gate_lower:link6,hold,continuous_collision,True,10,0,False,False,True,True,True,True,10,0,0,0,10,3,0,10,5,False,False,False,False,15552,14874,670,0.9564043209876543,8,10,1
armbench.pi05_optimized_cpu_replay.v1,row_02045__free_space__direct_dispatch__diagnostic_100ms,row_02045__free_space__direct_dispatch,8,2045,free_space,diagnostic_100ms,35bb006359368f4079d94be18fc9d2261932ba0be13c6387627761460fdfd649,21bb222523a68d85dbd4f6c83a8c1b450d40a364adf8ee4e45280df78bc18027,100.0,107.79295300744707,138.79295300284866,22.12359999975888,14.999999999417923,1.9314000019221567,4.663799998525064,15.469899997697212,0.0,execute,qp_continuous_collision_and_braking_invariant_passed,accepted,,True,10,10,True,False,True,True,True,True,10,0,0,0,10,0,0,10,0,True,False,False,False,9555,9189,366,0.9616954474097331,29,10,10
armbench.pi05_optimized_cpu_replay.v1,row_02045__single_block__direct_dispatch__diagnostic_100ms,row_02045__single_block__direct_dispatch,8,2045,single_block,diagnostic_100ms,35bb006359368f4079d94be18fc9d2261932ba0be13c6387627761460fdfd649,21bb222523a68d85dbd4f6c83a8c1b450d40a364adf8ee4e45280df78bc18027,100.0,107.84735299966997,138.84735300234752,25.2011999982642,31.000000002677552,1.692500001809094,4.698299999290612,18.737699996563606,0.0,execute,qp_continuous_collision_and_braking_invariant_passed,accepted,,True,10,10,True,False,True,True,True,True,10,0,0,0,10,0,0,10,0,True,False,False,False,12410,11830,580,0.9532634971796938,29,10,10
armbench.pi05_optimized_cpu_replay.v1,row_02045__narrow_gate__direct_dispatch__diagnostic_100ms,row_02045__narrow_gate__direct_dispatch,8,2045,narrow_gate,diagnostic_100ms,35bb006359368f4079d94be18fc9d2261932ba0be13c6387627761460fdfd649,21bb222523a68d85dbd4f6c83a8c1b450d40a364adf8ee4e45280df78bc18027,100.0,108.03035300341435,140.03035300265765,22.39230000122916,15.999999995983671,1.8808000022545457,4.603599998517893,15.829900003154762,0.0,execute,qp_continuous_collision_and_braking_invariant_passed,accepted,,True,10,10,True,False,True,True,True,True,10,0,0,0,10,0,0,10,0,True,False,False,False,14040,13560,480,0.9658119658119658,29,10,10
armbench.pi05_optimized_cpu_replay.v1,row_02736__free_space__direct_dispatch__diagnostic_100ms,row_02736__free_space__direct_dispatch,9,2736,free_space,diagnostic_100ms,62b013ffb3379eba43666abbd0be0848858bc836836b094e25ea8d74cfde9e2c,0b565a6938d9bb0b57977d079796fcc4c108d1841f47a0f986253144c3870174,100.0,79.95957398816245,157.95957398950122,72.51600000017788,78.00000000133878,1.8866000027628615,16.303000003972556,54.23660000087693,0.0,execute,qp_continuous_collision_and_braking_invariant_passed,accepted,,True,10,10,True,False,True,True,True,True,10,0,0,0,10,0,0,10,0,True,False,False,False,48657,46036,2621,0.9461331360338697,29,10,10
armbench.pi05_optimized_cpu_replay.v1,row_02736__single_block__direct_dispatch__diagnostic_100ms,row_02736__single_block__direct_dispatch,9,2736,single_block,diagnostic_100ms,62b013ffb3379eba43666abbd0be0848858bc836836b094e25ea8d74cfde9e2c,0b565a6938d9bb0b57977d079796fcc4c108d1841f47a0f986253144c3870174,100.0,80.01317399612162,173.01317399687832,91.73989999544574,93.0000000007567,1.9658000019262545,18.90099999582162,70.78709999768762,0.0,execute,qp_continuous_collision_and_braking_invariant_passed,accepted,,True,10,10,True,False,True,True,True,True,10,0,0,0,10,0,0,10,0,True,False,False,False,70550,66439,4111,0.9417292700212615,29,10,10
armbench.pi05_optimized_cpu_replay.v1,row_02736__narrow_gate__direct_dispatch__diagnostic_100ms,row_02736__narrow_gate__direct_dispatch,9,2736,narrow_gate,diagnostic_100ms,62b013ffb3379eba43666abbd0be0848858bc836836b094e25ea8d74cfde9e2c,0b565a6938d9bb0b57977d079796fcc4c108d1841f47a0f986253144c3870174,100.0,80.14397399529116,96.14397399127483,11.798899999121204,15.999999995983671,1.9902000058209524,8.9497000008123,0.0,0.7167000003391877,hold,continuous_edge_rejected:collision:static:gate_lower:link6,hold,continuous_collision,True,10,0,False,False,True,True,True,True,10,0,0,0,10,5,0,10,7,False,False,False,False,11664,11153,503,0.9561899862825789,6,10,1
armbench.pi05_optimized_cpu_replay.v1,row_02456__free_space__direct_dispatch__diagnostic_100ms,row_02456__free_space__direct_dispatch,10,2456,free_space,diagnostic_100ms,a805df171f5b2a0bb37e82ee33c913be28ab363a08c40943c47745c4be5f166b,606d95c489296b5f4e2fde5d9b28e0f52167c7824e5ba4cee1b52a1be5d798c3,100.0,160.5769509988022,223.57695100072306,48.896300002525095,46.999999998661224,2.3438999996869825,23.695600000792183,22.24489999935031,0.49810000200523064,hold,response_deadline_exceeded_during_supervision,hold,deadline,True,10,0,False,False,True,True,True,True,10,0,0,0,10,0,0,10,0,True,False,False,True,26313,25049,1264,0.9519629080682552,18,10,5
armbench.pi05_optimized_cpu_replay.v1,row_02456__single_block__direct_dispatch__diagnostic_100ms,row_02456__single_block__direct_dispatch,10,2456,single_block,diagnostic_100ms,a805df171f5b2a0bb37e82ee33c913be28ab363a08c40943c47745c4be5f166b,606d95c489296b5f4e2fde5d9b28e0f52167c7824e5ba4cee1b52a1be5d798c3,100.0,160.99725099775242,222.99725099583156,49.5876999993925,46.000000002095476,3.004599995620083,24.49720000004163,21.508699996047653,0.41629999759607017,hold,response_deadline_exceeded_during_supervision,hold,deadline,True,10,0,False,False,True,True,True,True,10,0,0,0,10,0,0,10,0,True,False,False,True,31110,29393,1717,0.9448087431693989,18,10,5
armbench.pi05_optimized_cpu_replay.v1,row_02456__narrow_gate__direct_dispatch__diagnostic_100ms,row_02456__narrow_gate__direct_dispatch,10,2456,narrow_gate,diagnostic_100ms,a805df171f5b2a0bb37e82ee33c913be28ab363a08c40943c47745c4be5f166b,606d95c489296b5f4e2fde5d9b28e0f52167c7824e5ba4cee1b52a1be5d798c3,100.0,160.55815100116888,176.5581510044285,13.7306999968132,16.00000000325963,2.3618000050191768,10.564299998804927,0.0,0.43569999979808927,hold,continuous_edge_rejected:collision:static:gate_lower:link6,hold,continuous_collision,True,10,0,False,False,True,True,True,True,10,0,0,0,10,5,0,10,7,False,False,False,False,11232,10725,499,0.9548611111111112,6,10,1
armbench.pi05_optimized_cpu_replay.v1,row_02938__free_space__direct_dispatch__diagnostic_100ms,row_02938__free_space__direct_dispatch,11,2938,free_space,diagnostic_100ms,30d16912ce8098c60d419bf30ed1491235b796b186f2378fa0ebdef754cc31fd,d5c708014600a7920be64b6acc05dd2153f49c780015898b4d746c2bc4c494ab,100.0,111.70350899919868,189.70350900053745,79.40059999964433,78.00000000133878,2.878499995858874,16.77159999962896,59.64949999906821,0.0,execute,qp_continuous_collision_and_braking_invariant_passed,accepted,,True,10,10,True,False,True,True,True,True,10,0,0,0,10,0,0,10,0,True,False,False,False,42189,39848,2341,0.9445116025504279,29,10,10
armbench.pi05_optimized_cpu_replay.v1,row_02938__single_block__direct_dispatch__diagnostic_100ms,row_02938__single_block__direct_dispatch,11,2938,single_block,diagnostic_100ms,30d16912ce8098c60d419bf30ed1491235b796b186f2378fa0ebdef754cc31fd,d5c708014600a7920be64b6acc05dd2153f49c780015898b4d746c2bc4c494ab,100.0,111.67890899378108,189.6789089878439,75.04459999472601,62.999999994644895,2.61319999845,17.99839999875985,54.24919999495614,0.0,execute,qp_continuous_collision_and_braking_invariant_passed,accepted,,True,10,10,True,False,True,True,True,True,10,0,0,0,10,0,0,10,0,True,False,False,False,48790,46404,2386,0.9510965361754458,29,10,10
armbench.pi05_optimized_cpu_replay.v1,row_02938__narrow_gate__direct_dispatch__diagnostic_100ms,row_02938__narrow_gate__direct_dispatch,11,2938,narrow_gate,diagnostic_100ms,30d16912ce8098c60d419bf30ed1491235b796b186f2378fa0ebdef754cc31fd,d5c708014600a7920be64b6acc05dd2153f49c780015898b4d746c2bc4c494ab,100.0,111.79980899760267,205.79980900220107,82.183200000145,94.0000000045984,2.0591000065905973,17.749199992977083,62.31390000175452,0.0,hold,response_deadline_exceeded_before_activation,accepted,,True,10,0,False,False,True,True,False,True,10,0,0,0,10,0,0,10,0,True,False,False,True,61992,59283,2709,0.9563008130081301,29,10,10
armbench.pi05_optimized_cpu_replay.v1,row_03122__free_space__direct_dispatch__diagnostic_100ms,row_03122__free_space__direct_dispatch,12,3122,free_space,diagnostic_100ms,4fd1a98f6e18bda6afca61b1213f09c92ed3fce35dcd8c4d53333ce515224354,fae786a4aad836002b16172491457936b523b19e2e002e95e4b9cb634083a717,100.0,81.44486000674078,159.44486000807956,70.22200000210432,78.00000000133878,2.1305999980540946,15.43820000370033,52.57700000220211,0.0,execute,qp_continuous_collision_and_braking_invariant_passed,accepted,,True,10,10,True,False,True,True,True,True,10,0,0,0,10,0,0,10,0,True,False,False,False,38661,36371,2290,0.9407671813972738,29,10,10
armbench.pi05_optimized_cpu_replay.v1,row_03122__single_block__direct_dispatch__diagnostic_100ms,row_03122__single_block__direct_dispatch,12,3122,single_block,diagnostic_100ms,4fd1a98f6e18bda6afca61b1213f09c92ed3fce35dcd8c4d53333ce515224354,fae786a4aad836002b16172491457936b523b19e2e002e95e4b9cb634083a717,100.0,81.17976000357885,159.17975999764167,65.39880000491394,61.99999999807915,2.086699998471886,14.188100001774728,49.03109999577282,0.0,execute,qp_continuous_collision_and_braking_invariant_passed,accepted,,True,10,10,True,False,True,True,True,True,10,0,0,0,10,0,0,10,0,True,False,False,False,44710,42402,2308,0.9483784388280027,29,10,10
armbench.pi05_optimized_cpu_replay.v1,row_03122__narrow_gate__direct_dispatch__diagnostic_100ms,row_03122__narrow_gate__direct_dispatch,12,3122,narrow_gate,diagnostic_100ms,4fd1a98f6e18bda6afca61b1213f09c92ed3fce35dcd8c4d53333ce515224354,fae786a4aad836002b16172491457936b523b19e2e002e95e4b9cb634083a717,100.0,81.26705999893602,159.2670600002748,69.37319999997271,78.00000000133878,2.245499999844469,14.948099997127429,52.08590000256663,0.0,execute,qp_continuous_collision_and_braking_invariant_passed,accepted,,True,10,10,True,False,True,True,True,True,10,0,0,0,10,0,0,10,0,True,False,False,False,56808,54495,2313,0.9592839036755386,29,10,10
armbench.pi05_optimized_cpu_replay.v1,row_03163__free_space__direct_dispatch__diagnostic_100ms,row_03163__free_space__direct_dispatch,13,3163,free_space,diagnostic_100ms,e3ad14c7d499ec5ce4892eb2bef290b5e056a2b62568859245b6356da12457fb,ffa917dcd4fa88b9be0656ad8c111499b9a6bfff234650d693827eb9d1d5f76c,100.0,80.90778300538659,143.90778300730744,58.89659999957075,63.00000000192085,2.1143000049050897,12.245700003404636,44.43130000436213,0.0,execute,qp_continuous_collision_and_braking_invariant_passed,accepted,,True,10,10,True,False,True,True,True,True,10,0,0,0,10,0,0,10,0,True,False,False,False,30429,28831,1598,0.9474843077327549,29,10,10
armbench.pi05_optimized_cpu_replay.v1,row_03163__single_block__direct_dispatch__diagnostic_100ms,row_03163__single_block__direct_dispatch,13,3163,single_block,diagnostic_100ms,e3ad14c7d499ec5ce4892eb2bef290b5e056a2b62568859245b6356da12457fb,ffa917dcd4fa88b9be0656ad8c111499b9a6bfff234650d693827eb9d1d5f76c,100.0,80.80188299936708,142.80188299744623,50.629099998332094,46.000000002095476,2.204399999754969,10.866999997233506,37.46269999828655,0.0,execute,qp_continuous_collision_and_braking_invariant_passed,accepted,,True,10,10,True,False,True,True,True,True,10,0,0,0,10,0,0,10,0,True,False,False,False,35190,33588,1602,0.9544757033248081,29,10,10
armbench.pi05_optimized_cpu_replay.v1,row_03163__narrow_gate__direct_dispatch__diagnostic_100ms,row_03163__narrow_gate__direct_dispatch,13,3163,narrow_gate,diagnostic_100ms,e3ad14c7d499ec5ce4892eb2bef290b5e056a2b62568859245b6356da12457fb,ffa917dcd4fa88b9be0656ad8c111499b9a6bfff234650d693827eb9d1d5f76c,100.0,81.32088300044416,144.320883002365,54.91210000036517,63.00000000192085,2.1676999967894517,11.311300004308578,41.33499999443302,0.0,execute,qp_continuous_collision_and_braking_invariant_passed,accepted,,True,10,10,True,False,True,True,True,True,10,0,0,0,10,0,0,10,0,True,False,False,False,44712,43070,1642,0.9632760780103775,29,10,10
armbench.pi05_optimized_cpu_replay.v1,row_03741__free_space__direct_dispatch__diagnostic_100ms,row_03741__free_space__direct_dispatch,14,3741,free_space,diagnostic_100ms,4b7907e4aad9dc6e77f813e772c59d0c7169c40282363ff493a33e879b87cde7,919e5f396da973e2cf7f371f4f3431bd547e13a2c08ca1b5ae4da4003096c020,100.0,109.97415299789282,171.97415299597196,56.706399998802226,61.99999999807915,2.0564000005833805,11.643300000287127,42.92110000096727,0.0,execute,qp_continuous_collision_and_braking_invariant_passed,accepted,,True,10,10,True,False,True,True,True,True,10,0,0,0,10,0,0,10,0,True,False,False,False,35133,33033,2100,0.9402271368798566,29,10,10
armbench.pi05_optimized_cpu_replay.v1,row_03741__single_block__direct_dispatch__diagnostic_100ms,row_03741__single_block__direct_dispatch,14,3741,single_block,diagnostic_100ms,4b7907e4aad9dc6e77f813e772c59d0c7169c40282363ff493a33e879b87cde7,919e5f396da973e2cf7f371f4f3431bd547e13a2c08ca1b5ae4da4003096c020,100.0,110.02595299942186,188.02595300076064,62.07259999791859,63.00000000192085,2.3252999963006005,13.291600000229664,46.406699999351986,0.0,execute,qp_continuous_collision_and_braking_invariant_passed,accepted,,True,10,10,True,False,True,True,True,True,10,0,0,0,10,0,0,10,0,True,False,False,False,40630,38515,2115,0.9479448683238986,29,10,10
armbench.pi05_optimized_cpu_replay.v1,row_03741__narrow_gate__direct_dispatch__diagnostic_100ms,row_03741__narrow_gate__direct_dispatch,14,3741,narrow_gate,diagnostic_100ms,4b7907e4aad9dc6e77f813e772c59d0c7169c40282363ff493a33e879b87cde7,919e5f396da973e2cf7f371f4f3431bd547e13a2c08ca1b5ae4da4003096c020,100.0,109.7219529983704,187.72195299970917,65.81780000124127,63.00000000192085,2.0618000053218566,14.86060000024736,48.806899998453446,0.0,execute,qp_continuous_collision_and_braking_invariant_passed,accepted,,True,10,10,True,False,True,True,True,True,10,0,0,0,10,0,0,10,0,True,False,False,False,51624,49501,2123,0.958875716720905,29,10,10
armbench.pi05_optimized_cpu_replay.v1,row_04298__free_space__direct_dispatch__diagnostic_100ms,row_04298__free_space__direct_dispatch,15,4298,free_space,diagnostic_100ms,2c585a1039cfc500fc7fe28c85a25ec32786fd8b15a0dad94b58ee736a663d79,94e313ab8d7786043893f7af3f613152522a820610d690acb2a3edc9ef4ba28e,100.0,80.53666400519433,158.5366640065331,73.24789999984205,78.00000000133878,1.967999996850267,17.626400003791787,53.53040000045439,0.0,execute,qp_continuous_collision_and_braking_invariant_passed,accepted,,True,10,10,True,False,True,True,True,True,10,0,0,0,10,0,0,10,0,True,False,False,False,56007,52424,3583,0.9360258539111183,29,10,10
armbench.pi05_optimized_cpu_replay.v1,row_04298__single_block__direct_dispatch__diagnostic_100ms,row_04298__single_block__direct_dispatch,15,4298,single_block,diagnostic_100ms,2c585a1039cfc500fc7fe28c85a25ec32786fd8b15a0dad94b58ee736a663d79,94e313ab8d7786043893f7af3f613152522a820610d690acb2a3edc9ef4ba28e,100.0,80.55936400342034,174.5593640007428,77.46310000220546,78.99999999790452,2.1892000004299916,20.23170000029495,54.59479999990435,0.0,execute,qp_continuous_collision_and_braking_invariant_passed,accepted,,True,10,10,True,False,True,True,True,True,10,0,0,0,10,0,0,10,0,True,False,False,False,64770,61076,3694,0.9429674231897484,29,10,10
armbench.pi05_optimized_cpu_replay.v1,row_04298__narrow_gate__direct_dispatch__diagnostic_100ms,row_04298__narrow_gate__direct_dispatch,15,4298,narrow_gate,diagnostic_100ms,2c585a1039cfc500fc7fe28c85a25ec32786fd8b15a0dad94b58ee736a663d79,94e313ab8d7786043893f7af3f613152522a820610d690acb2a3edc9ef4ba28e,100.0,81.24266399681801,159.2426639981568,72.66830000298796,63.00000000192085,1.659100002143532,18.946000003779773,51.98470000323141,0.0,execute,qp_continuous_collision_and_braking_invariant_passed,accepted,,True,10,10,True,False,True,True,True,True,10,0,0,0,10,0,0,10,0,True,False,False,False,82296,78661,3635,0.955830174006027,29,10,10
armbench.pi05_optimized_cpu_replay.v1,row_03805__free_space__direct_dispatch__diagnostic_100ms,row_03805__free_space__direct_dispatch,16,3805,free_space,diagnostic_100ms,ed3ed2f05c450ceca326c550433117debafac7329c3cf9d83392e865de84d20b,091b2783ea65091b38cc9287d80dd29b0944a0b9ec326d95fda267eec534df0f,100.0,142.3698360013077,189.36983599996893,44.60300000209827,31.9999999992433,1.5786000003572553,8.78339999326272,34.173899999586865,0.0,execute,qp_continuous_collision_and_braking_invariant_passed,accepted,,True,10,10,True,False,True,True,True,True,10,0,0,0,10,0,0,10,0,True,False,False,False,33075,31364,1711,0.9482690854119425,29,10,10
armbench.pi05_optimized_cpu_replay.v1,row_03805__single_block__direct_dispatch__diagnostic_100ms,row_03805__single_block__direct_dispatch,16,3805,single_block,diagnostic_100ms,ed3ed2f05c450ceca326c550433117debafac7329c3cf9d83392e865de84d20b,091b2783ea65091b38cc9287d80dd29b0944a0b9ec326d95fda267eec534df0f,100.0,142.41793600376695,158.41793600702658,8.635700003651436,0.0,1.562799996463582,6.636600002821069,0.0,0.3626000034273602,hold,continuous_edge_rejected:collision:static:center_block:link6,hold,continuous_collision,True,10,0,False,False,True,True,True,True,10,0,0,0,10,3,0,10,4,False,False,False,False,6800,6467,326,0.9510294117647059,8,10,1
armbench.pi05_optimized_cpu_replay.v1,row_03805__narrow_gate__direct_dispatch__diagnostic_100ms,row_03805__narrow_gate__direct_dispatch,16,3805,narrow_gate,diagnostic_100ms,ed3ed2f05c450ceca326c550433117debafac7329c3cf9d83392e865de84d20b,091b2783ea65091b38cc9287d80dd29b0944a0b9ec326d95fda267eec534df0f,100.0,142.3951360047795,157.3951360041974,11.891000001924112,0.0,1.5710000006947666,9.90819999424275,0.0,0.3393000006326474,hold,continuous_edge_rejected:collision:static:gate_center:link6,hold,continuous_collision,True,10,0,False,False,True,True,True,True,10,0,0,0,10,1,0,10,3,False,False,False,False,14256,13680,570,0.9595959595959596,10,10,1
armbench.pi05_optimized_cpu_replay.v1,row_03853__free_space__direct_dispatch__diagnostic_100ms,row_03853__free_space__direct_dispatch,17,3853,free_space,diagnostic_100ms,fe36ac0713605fcc57897c367ab31e5b11dbf505ac76505ab7d16f946de13db9,f7709bd9d6a771cb40508d80a0dd423dd43ec32e003ed984a734551e880e8d3e,100.0,113.17077699641231,129.170776992396,5.412400001659989,0.0,1.4740999977220781,3.514500000164844,0.0,0.34410000080242753,hold,continuous_edge_rejected:collision:self:link5:geom_32:link7:geom_59,hold,continuous_collision,True,10,0,False,False,True,True,True,True,10,0,0,0,10,1,0,10,0,False,False,False,False,3822,3637,184,0.9515960230245945,3,10,1
armbench.pi05_optimized_cpu_replay.v1,row_03853__single_block__direct_dispatch__diagnostic_100ms,row_03853__single_block__direct_dispatch,17,3853,single_block,diagnostic_100ms,fe36ac0713605fcc57897c367ab31e5b11dbf505ac76505ab7d16f946de13db9,f7709bd9d6a771cb40508d80a0dd423dd43ec32e003ed984a734551e880e8d3e,100.0,113.29717699845787,129.2971770017175,5.083500000182539,0.0,1.5653000009479001,3.102700000454206,0.0,0.3313999986858107,hold,continuous_edge_rejected:collision:self:link5:geom_33:link7:geom_60,hold,continuous_collision,True,10,0,False,False,True,True,True,True,10,0,0,0,10,1,0,10,0,False,False,False,False,4420,4228,191,0.9565610859728507,3,10,1
armbench.pi05_optimized_cpu_replay.v1,row_03853__narrow_gate__direct_dispatch__diagnostic_100ms,row_03853__narrow_gate__direct_dispatch,17,3853,narrow_gate,diagnostic_100ms,fe36ac0713605fcc57897c367ab31e5b11dbf505ac76505ab7d16f946de13db9,f7709bd9d6a771cb40508d80a0dd423dd43ec32e003ed984a734551e880e8d3e,100.0,114.32727699866518,129.3272769980831,5.071800005680416,0.0,1.5446000033989549,3.1369999996968545,0.0,0.30890000198269263,hold,continuous_edge_rejected:collision:self:link5:geom_35:link7:geom_62,hold,continuous_collision,True,10,0,False,False,True,True,True,True,10,0,0,0,10,1,0,10,0,False,False,False,False,5616,5423,192,0.9656339031339032,3,10,1
armbench.pi05_optimized_cpu_replay.v1,row_04953__free_space__direct_dispatch__diagnostic_100ms,row_04953__free_space__direct_dispatch,18,4953,free_space,diagnostic_100ms,1d0a2989e76d920a59ac3a743781f15f16a583e4ded7a55d9122c2e8345072f1,af7c0afa97d566d0b6103c1987699272206fed545e580febec05c23d4443ae45,100.0,92.21125000476604,139.21125000342727,48.39429999992717,46.999999998661224,1.5545999995083548,9.638099996664096,37.12409999570809,0.0,execute,qp_continuous_collision_and_braking_invariant_passed,accepted,,True,10,10,True,False,True,True,True,True,10,0,0,0,10,0,0,10,0,True,False,False,False,31605,29458,2147,0.9320677108052523,29,10,10
armbench.pi05_optimized_cpu_replay.v1,row_04953__single_block__direct_dispatch__diagnostic_100ms,row_04953__single_block__direct_dispatch,18,4953,single_block,diagnostic_100ms,1d0a2989e76d920a59ac3a743781f15f16a583e4ded7a55d9122c2e8345072f1,af7c0afa97d566d0b6103c1987699272206fed545e580febec05c23d4443ae45,100.0,92.31015000113985,139.31014999980107,53.39889999595471,46.999999998661224,1.6411999968113378,12.332400001469068,39.32389999681618,0.0,execute,qp_continuous_collision_and_braking_invariant_passed,accepted,,True,10,10,True,False,True,True,True,True,10,0,0,0,10,0,0,10,0,True,False,False,False,36550,34368,2182,0.9403009575923392,29,10,10
armbench.pi05_optimized_cpu_replay.v1,row_04953__narrow_gate__direct_dispatch__diagnostic_100ms,row_04953__narrow_gate__direct_dispatch,18,4953,narrow_gate,diagnostic_100ms,1d0a2989e76d920a59ac3a743781f15f16a583e4ded7a55d9122c2e8345072f1,af7c0afa97d566d0b6103c1987699272206fed545e580febec05c23d4443ae45,100.0,92.36935000080848,154.36934999888763,49.53180000302382,61.99999999807915,1.5941000019665807,10.211799999524374,37.64719999890076,0.0,execute,qp_continuous_collision_and_braking_invariant_passed,accepted,,True,10,10,True,False,True,True,True,True,10,0,0,0,10,0,0,10,0,True,False,False,False,46440,44273,2167,0.953337639965547,29,10,10
armbench.pi05_optimized_cpu_replay.v1,row_04773__free_space__direct_dispatch__diagnostic_100ms,row_04773__free_space__direct_dispatch,19,4773,free_space,diagnostic_100ms,0012494746ac6d95bef31165b95dad73d2233ce508b720c3e77a99bb8cb95b24,c523c8dc9161531afa6950372597ab78cbf73daa99043843e1df48ebd20b87dd,100.0,82.32979899912607,129.3297989977873,38.3533999993233,46.999999998661224,1.5740999951958656,7.62360000226181,29.088499999488704,0.0,execute,qp_continuous_collision_and_braking_invariant_passed,accepted,,True,10,10,True,False,True,True,True,True,10,0,0,0,10,0,0,10,0,True,False,False,False,26607,25258,1349,0.9492990566392303,29,10,10
armbench.pi05_optimized_cpu_replay.v1,row_04773__single_block__direct_dispatch__diagnostic_100ms,row_04773__single_block__direct_dispatch,19,4773,single_block,diagnostic_100ms,0012494746ac6d95bef31165b95dad73d2233ce508b720c3e77a99bb8cb95b24,c523c8dc9161531afa6950372597ab78cbf73daa99043843e1df48ebd20b87dd,100.0,82.25449900055537,129.2544989992166,38.565299997571856,46.999999998661224,1.5369000029750168,8.129800000460818,28.833700001996476,0.0,execute,qp_continuous_collision_and_braking_invariant_passed,accepted,,True,10,10,True,False,True,True,True,True,10,0,0,0,10,0,0,10,0,True,False,False,False,30770,29158,1612,0.947611309717257,29,10,10
armbench.pi05_optimized_cpu_replay.v1,row_04773__narrow_gate__direct_dispatch__diagnostic_100ms,row_04773__narrow_gate__direct_dispatch,19,4773,narrow_gate,diagnostic_100ms,0012494746ac6d95bef31165b95dad73d2233ce508b720c3e77a99bb8cb95b24,c523c8dc9161531afa6950372597ab78cbf73daa99043843e1df48ebd20b87dd,100.0,82.55759899475379,129.55759900069097,43.607200001133606,47.00000000593718,1.476800003729295,7.851999995182268,34.21389999857638,0.0,execute,qp_continuous_collision_and_braking_invariant_passed,accepted,,True,10,10,True,False,True,True,True,True,10,0,0,0,10,0,0,10,0,True,False,False,False,39096,37235,1861,0.9523992224268467,29,10,10
armbench.pi05_optimized_cpu_replay.v1,row_04462__free_space__direct_dispatch__diagnostic_100ms,row_04462__free_space__direct_dispatch,20,4462,free_space,diagnostic_100ms,70b9224f98dd7ca753ca304e5409a01563f652e68827468e70fea86b3cbcc658,4abfdd49b70a0970fc43182fee4ecd8db8b3a1103b6106940ef4768751d612f5,100.0,111.02229199605063,173.02229199412977,54.506800006492995,61.99999999807915,1.930099999299273,9.466600000450853,43.02960000495659,0.0,execute,qp_continuous_collision_and_braking_invariant_passed,accepted,,True,10,10,True,False,True,True,True,True,10,0,0,0,10,0,0,10,0,True,False,False,False,39837,37645,2192,0.9449757762883751,29,10,10
armbench.pi05_optimized_cpu_replay.v1,row_04462__single_block__direct_dispatch__diagnostic_100ms,row_04462__single_block__direct_dispatch,20,4462,single_block,diagnostic_100ms,70b9224f98dd7ca753ca304e5409a01563f652e68827468e70fea86b3cbcc658,4abfdd49b70a0970fc43182fee4ecd8db8b3a1103b6106940ef4768751d612f5,100.0,111.17109200131381,127.17109199729748,9.06119999854127,15.999999995983671,1.5650999994250014,7.052100001601502,0.0,0.37039999733678997,hold,continuous_edge_rejected:collision:static:center_block:link6,hold,continuous_collision,True,10,0,False,False,True,True,True,True,10,0,0,0,10,4,0,10,6,False,False,False,False,9180,8660,513,0.9433551198257081,7,10,1
armbench.pi05_optimized_cpu_replay.v1,row_04462__narrow_gate__direct_dispatch__diagnostic_100ms,row_04462__narrow_gate__direct_dispatch,20,4462,narrow_gate,diagnostic_100ms,70b9224f98dd7ca753ca304e5409a01563f652e68827468e70fea86b3cbcc658,4abfdd49b70a0970fc43182fee4ecd8db8b3a1103b6106940ef4768751d612f5,100.0,111.15519199665869,127.15519199991832,9.318800002802163,16.00000000325963,1.6413999983342364,7.239700003992766,0.0,0.3499000013107434,hold,continuous_edge_rejected:collision:static:gate_center:link6,hold,continuous_collision,True,10,0,False,False,True,True,True,True,10,0,0,0,10,4,0,10,6,False,False,False,False,11232,10713,512,0.9537927350427351,7,10,1
armbench.pi05_optimized_cpu_replay.v1,row_05082__free_space__direct_dispatch__diagnostic_100ms,row_05082__free_space__direct_dispatch,21,5082,free_space,diagnostic_100ms,577d2da6f2f31ec5d381f089ea57502db82b6bcd60b682984a7bf79c80ba6092,01dade6ca27dafa314483483e6e8cc87c661081fba638c5b15cddc8479ab1bc9,100.0,110.6104869977571,188.61048699909588,69.439600003534,78.00000000133878,2.1533999970415607,16.475900003570132,50.7318000018131,0.0,execute,qp_continuous_collision_and_braking_invariant_passed,accepted,,True,10,10,True,False,True,True,True,True,10,0,0,0,10,0,0,10,0,True,False,False,False,56595,53431,3164,0.9440940012368584,29,10,10
armbench.pi05_optimized_cpu_replay.v1,row_05082__single_block__direct_dispatch__diagnostic_100ms,row_05082__single_block__direct_dispatch,21,5082,single_block,diagnostic_100ms,577d2da6f2f31ec5d381f089ea57502db82b6bcd60b682984a7bf79c80ba6092,01dade6ca27dafa314483483e6e8cc87c661081fba638c5b15cddc8479ab1bc9,100.0,110.89368699322222,125.89368699264014,6.528199999593198,0.0,1.6955000028247014,4.397099997731857,0.0,0.3572999994503334,hold,continuous_edge_rejected:collision:static:center_block:link6,hold,continuous_collision,True,10,0,False,False,True,True,True,True,10,0,0,0,10,7,0,10,7,False,False,False,False,5100,4826,267,0.9462745098039216,4,10,1
armbench.pi05_optimized_cpu_replay.v1,row_05082__narrow_gate__direct_dispatch__diagnostic_100ms,row_05082__narrow_gate__direct_dispatch,21,5082,narrow_gate,diagnostic_100ms,577d2da6f2f31ec5d381f089ea57502db82b6bcd60b682984a7bf79c80ba6092,01dade6ca27dafa314483483e6e8cc87c661081fba638c5b15cddc8479ab1bc9,100.0,111.32948700105771,127.32948699704139,11.636600000201724,15.999999995983671,1.8071000013151206,9.38250000035623,0.0,0.35969999589724466,hold,continuous_edge_rejected:collision:static:gate_center:link7,hold,continuous_collision,True,10,0,False,False,True,True,True,True,10,0,0,0,10,5,0,10,7,False,False,False,False,14688,13974,706,0.9513888888888888,6,10,1
armbench.pi05_optimized_cpu_replay.v1,row_05128__free_space__direct_dispatch__diagnostic_100ms,row_05128__free_space__direct_dispatch,22,5128,free_space,diagnostic_100ms,0e92838da6d4cdb706e0b8d31366212826fa86c5ce6ccd320378f7981599112c,1d370b9f51508df4beed68f031701f37a5f21f8c4c255ff7d807681da0595010,100.0,81.91675999842118,128.91676000435837,45.03610000392655,47.00000000593718,1.6247000021394342,9.026599997014273,34.31519999867305,0.0,execute,qp_continuous_collision_and_braking_invariant_passed,accepted,,True,10,10,True,False,True,True,True,True,10,0,0,0,10,0,0,10,0,True,False,False,False,31311,29625,1686,0.9461531091309764,29,10,10
armbench.pi05_optimized_cpu_replay.v1,row_05128__single_block__direct_dispatch__diagnostic_100ms,row_05128__single_block__direct_dispatch,22,5128,single_block,diagnostic_100ms,0e92838da6d4cdb706e0b8d31366212826fa86c5ce6ccd320378f7981599112c,1d370b9f51508df4beed68f031701f37a5f21f8c4c255ff7d807681da0595010,100.0,82.06626000173856,97.06626000115648,9.625899998354726,14.999999999417923,1.6464000000269152,7.541399994806852,0.0,0.35650000063469633,hold,continuous_edge_rejected:collision:static:center_block:hand,hold,continuous_collision,True,10,0,False,False,True,True,True,True,10,0,0,0,10,3,0,10,5,False,False,False,False,9860,9347,508,0.9479716024340771,8,10,1
armbench.pi05_optimized_cpu_replay.v1,row_05128__narrow_gate__direct_dispatch__diagnostic_100ms,row_05128__narrow_gate__direct_dispatch,22,5128,narrow_gate,diagnostic_100ms,0e92838da6d4cdb706e0b8d31366212826fa86c5ce6ccd320378f7981599112c,1d370b9f51508df4beed68f031701f37a5f21f8c4c255ff7d807681da0595010,100.0,81.9978599975002,113.9978599967435,15.850899995712098,15.999999995983671,1.687700001639314,13.458000001264736,0.0,0.6040999942342751,hold,continuous_edge_rejected:collision:static:gate_center:link7,hold,continuous_collision,True,10,0,False,False,True,True,True,True,10,0,0,0,10,1,0,10,3,False,False,False,False,19872,18926,940,0.9523953301127214,10,10,1
armbench.pi05_optimized_cpu_replay.v1,row_05011__free_space__direct_dispatch__diagnostic_100ms,row_05011__free_space__direct_dispatch,23,5011,free_space,diagnostic_100ms,24f71f3f30cc2312cc0339c738754d5367bbccc0f419fe35bd17438d01f7e5b0,5ccd6d1a2328ecc0a38473974ed081f411090ae36654167fb6a57fadcc5d3931,100.0,125.8769419946475,203.87694199598627,63.82579999626614,61.99999999807915,2.4408999961451627,17.903399995702785,43.04060000140453,0.3155999947921373,hold,braking_invariant_failed:inter_sample_collision,hold,dynamics_braking,True,10,0,False,False,True,True,True,True,10,0,0,0,10,0,0,10,1,False,False,False,True,41748,39188,2558,0.9386796972310051,28,10,10
armbench.pi05_optimized_cpu_replay.v1,row_05011__single_block__direct_dispatch__diagnostic_100ms,row_05011__single_block__direct_dispatch,23,5011,single_block,diagnostic_100ms,24f71f3f30cc2312cc0339c738754d5367bbccc0f419fe35bd17438d01f7e5b0,5ccd6d1a2328ecc0a38473974ed081f411090ae36654167fb6a57fadcc5d3931,100.0,125.52454199612839,187.52454199420754,58.874599999398924,61.99999999807915,1.786799999536015,16.346500000508968,40.32950000691926,0.3164999943692237,hold,braking_invariant_failed:inter_sample_collision,hold,dynamics_braking,True,10,0,False,False,True,True,True,True,10,0,0,0,10,0,0,10,1,False,False,False,False,48280,45518,2760,0.9427920463960232,28,10,10
armbench.pi05_optimized_cpu_replay.v1,row_05011__narrow_gate__direct_dispatch__diagnostic_100ms,row_05011__narrow_gate__direct_dispatch,23,5011,narrow_gate,diagnostic_100ms,24f71f3f30cc2312cc0339c738754d5367bbccc0f419fe35bd17438d01f7e5b0,5ccd6d1a2328ecc0a38473974ed081f411090ae36654167fb6a57fadcc5d3931,100.0,125.34244199923705,203.34244200057583,65.1785000009113,63.00000000192085,1.6348999997717328,16.57110000087414,46.55339999590069,0.3366999953868799,hold,braking_invariant_failed:inter_sample_collision,hold,dynamics_braking,True,10,0,False,False,True,True,True,True,10,0,0,0,10,0,0,10,1,False,False,False,True,61344,58726,2616,0.9573226395409494,28,10,10
armbench.pi05_optimized_cpu_replay.v1,row_06407__free_space__direct_dispatch__diagnostic_100ms,row_06407__free_space__direct_dispatch,24,6407,free_space,diagnostic_100ms,7b5e04770f18653120842172231465c3df16a76a94e8a11104babba987988de8,163c4b568398a13e54290749468fb7e5ed31079b00f2ea8a45847de2f701b494,100.0,79.93548199738143,158.93548199528595,69.94789999589557,62.999999994644895,1.749899995047599,16.939699999056756,51.17759999848204,0.0,execute,qp_continuous_collision_and_braking_invariant_passed,accepted,,True,10,10,True,False,True,True,True,True,10,0,0,0,10,0,0,10,0,True,False,False,False,55125,52179,2946,0.9465578231292517,29,10,10
armbench.pi05_optimized_cpu_replay.v1,row_06407__single_block__direct_dispatch__diagnostic_100ms,row_06407__single_block__direct_dispatch,24,6407,single_block,diagnostic_100ms,7b5e04770f18653120842172231465c3df16a76a94e8a11104babba987988de8,163c4b568398a13e54290749468fb7e5ed31079b00f2ea8a45847de2f701b494,100.0,79.68128198990598,94.6812819893239,9.89079999999376,0.0,2.0345999946584925,7.356699999945704,0.0,0.38190000486792997,hold,continuous_edge_rejected:collision:static:center_block:hand,hold,continuous_collision,True,10,0,False,False,True,True,True,True,10,0,0,0,10,5,0,10,7,False,False,False,False,8500,8041,454,0.946,6,10,1
armbench.pi05_optimized_cpu_replay.v1,row_06407__narrow_gate__direct_dispatch__diagnostic_100ms,row_06407__narrow_gate__direct_dispatch,24,6407,narrow_gate,diagnostic_100ms,7b5e04770f18653120842172231465c3df16a76a94e8a11104babba987988de8,163c4b568398a13e54290749468fb7e5ed31079b00f2ea8a45847de2f701b494,100.0,79.81598198966822,110.81598199234577,15.549299998383503,16.00000000325963,2.2401000023819506,12.682399996265303,0.0,0.410699998610653,hold,continuous_edge_rejected:collision:static:gate_lower:link6,hold,continuous_collision,True,10,0,False,False,True,True,True,True,10,0,0,0,10,3,0,10,5,False,False,False,False,18144,17251,883,0.9507826278659612,8,10,1
armbench.pi05_optimized_cpu_replay.v1,row_06364__free_space__direct_dispatch__diagnostic_100ms,row_06364__free_space__direct_dispatch,25,6364,free_space,diagnostic_100ms,099bef15a0770071b640eb04fb9e343f82702d9e681553817b0e1967bc447ca8,ad141d2432b6f05d03249225fd1c40933676be458ff6debfc024bc3605ae5e44,100.0,82.34263800113695,129.34263799979817,36.07360000023618,31.9999999992433,1.724199995805975,7.497099999454804,26.768099996843375,0.0,execute,qp_continuous_collision_and_braking_invariant_passed,accepted,,True,10,10,True,False,True,True,True,True,10,0,0,0,10,0,0,10,0,True,False,False,False,22785,21751,1034,0.9546192670616633,29,10,10
armbench.pi05_optimized_cpu_replay.v1,row_06364__single_block__direct_dispatch__diagnostic_100ms,row_06364__single_block__direct_dispatch,25,6364,single_block,diagnostic_100ms,099bef15a0770071b640eb04fb9e343f82702d9e681553817b0e1967bc447ca8,ad141d2432b6f05d03249225fd1c40933676be458ff6debfc024bc3605ae5e44,100.0,82.07083799061365,98.07083798659733,9.582400001818314,0.0,1.7549000040162355,7.331900000281166,0.0,0.399799995648209,hold,continuous_edge_rejected:collision:static:center_block:hand,hold,continuous_collision,True,10,0,False,False,True,True,True,True,10,0,0,0,10,1,0,10,3,False,False,False,False,9180,8802,373,0.9588235294117647,10,10,1
armbench.pi05_optimized_cpu_replay.v1,row_06364__narrow_gate__direct_dispatch__diagnostic_100ms,row_06364__narrow_gate__direct_dispatch,25,6364,narrow_gate,diagnostic_100ms,099bef15a0770071b640eb04fb9e343f82702d9e681553817b0e1967bc447ca8,ad141d2432b6f05d03249225fd1c40933676be458ff6debfc024bc3605ae5e44,100.0,82.32073799445061,129.3207380003878,40.534899999329355,31.000000002677552,1.7220000008819625,7.698499997786712,31.040600006235763,0.0,execute,qp_continuous_collision_and_braking_invariant_passed,accepted,,True,10,10,True,False,True,True,True,True,10,0,0,0,10,0,0,10,0,True,False,False,False,33480,31875,1605,0.9520609318996416,29,10,10
armbench.pi05_optimized_cpu_replay.v1,row_06056__free_space__direct_dispatch__diagnostic_100ms,row_06056__free_space__direct_dispatch,26,6056,free_space,diagnostic_100ms,d0b5162cd61b5df39a5caf842d2257e7f6d300cbbf1f21fa30dcf183810e85e2,c9a378e3af3f286959ccc6ce0aab8e5df4db1d375fa82cf308f21e70bfb38b4e,100.0,119.53662599989912,166.53662599856034,46.34040000382811,46.999999998661224,1.8740999948931858,10.181899997405708,34.17139999510255,0.0,execute,qp_continuous_collision_and_braking_invariant_passed,accepted,,True,10,10,True,False,True,True,True,True,10,0,0,0,10,0,0,10,0,True,False,False,False,28665,27279,1386,0.9516483516483516,29,10,10
armbench.pi05_optimized_cpu_replay.v1,row_06056__single_block__direct_dispatch__diagnostic_100ms,row_06056__single_block__direct_dispatch,26,6056,single_block,diagnostic_100ms,d0b5162cd61b5df39a5caf842d2257e7f6d300cbbf1f21fa30dcf183810e85e2,c9a378e3af3f286959ccc6ce0aab8e5df4db1d375fa82cf308f21e70bfb38b4e,100.0,119.18442600290291,181.18442600098206,47.31029999675229,46.999999998661224,2.0145000016782433,8.852200000546873,36.36769999866374,0.0,execute,qp_continuous_collision_and_braking_invariant_passed,accepted,,True,10,10,True,False,True,True,True,True,10,0,0,0,10,0,0,10,0,True,False,False,False,33150,31751,1399,0.9577978883861237,29,10,10
armbench.pi05_optimized_cpu_replay.v1,row_06056__narrow_gate__direct_dispatch__diagnostic_100ms,row_06056__narrow_gate__direct_dispatch,26,6056,narrow_gate,diagnostic_100ms,d0b5162cd61b5df39a5caf842d2257e7f6d300cbbf1f21fa30dcf183810e85e2,c9a378e3af3f286959ccc6ce0aab8e5df4db1d375fa82cf308f21e70bfb38b4e,100.0,119.34112600283697,182.34112600475783,49.71980000118492,46.999999998661224,2.254699997138232,9.386300000187475,37.99190000427188,0.0,execute,qp_continuous_collision_and_braking_invariant_passed,accepted,,True,10,10,True,False,True,True,True,True,10,0,0,0,10,0,0,10,0,True,False,False,False,42120,40523,1597,0.9620845204178538,29,10,10
armbench.pi05_optimized_cpu_replay.v1,row_07683__free_space__direct_dispatch__diagnostic_100ms,row_07683__free_space__direct_dispatch,27,7683,free_space,diagnostic_100ms,a00422d34079c464db8df8c5409bf2828aea05bbf77b08b587c170edb57e57c7,61b0433210982b6803e6e79c30ad66cf82384038c635fbc9cec97f43c2d5f63a,100.0,80.2862310083583,158.28623100969708,70.6376999951317,61.99999999807915,1.770599999872502,15.913699993689079,52.87849999876926,0.0,execute,qp_continuous_collision_and_braking_invariant_passed,accepted,,True,10,10,True,False,True,True,True,True,10,0,0,0,10,0,0,10,0,True,False,False,False,54537,51166,3371,0.9381887525899848,29,10,10
armbench.pi05_optimized_cpu_replay.v1,row_07683__single_block__direct_dispatch__diagnostic_100ms,row_07683__single_block__direct_dispatch,27,7683,single_block,diagnostic_100ms,a00422d34079c464db8df8c5409bf2828aea05bbf77b08b587c170edb57e57c7,61b0433210982b6803e6e79c30ad66cf82384038c635fbc9cec97f43c2d5f63a,100.0,80.42503100296017,158.425030997023,70.65010000223992,61.99999999807915,1.781399994797539,16.405299997131806,52.380200002517086,0.0,execute,qp_continuous_collision_and_braking_invariant_passed,accepted,,True,10,10,True,False,True,True,True,True,10,0,0,0,10,0,0,10,0,True,False,False,False,63070,59656,3414,0.9458696686221658,29,10,10
armbench.pi05_optimized_cpu_replay.v1,row_07683__narrow_gate__direct_dispatch__diagnostic_100ms,row_07683__narrow_gate__direct_dispatch,27,7683,narrow_gate,diagnostic_100ms,a00422d34079c464db8df8c5409bf2828aea05bbf77b08b587c170edb57e57c7,61b0433210982b6803e6e79c30ad66cf82384038c635fbc9cec97f43c2d5f63a,100.0,80.37813100963831,158.37813101097709,73.09430000168504,62.000000005355105,1.7052999974112026,16.555199996219017,54.75999999907799,0.0,execute,qp_continuous_collision_and_braking_invariant_passed,accepted,,True,10,10,True,False,True,True,True,True,10,0,0,0,10,0,0,10,0,True,False,False,False,80136,76735,3401,0.9575596485973844,29,10,10
armbench.pi05_optimized_cpu_replay.v1,row_07373__free_space__direct_dispatch__diagnostic_100ms,row_07373__free_space__direct_dispatch,28,7373,free_space,diagnostic_100ms,e342e284a6b9329bf43b6560e5358b71495f40177533837036afecf930c2b4c0,3dbd650490cea64352a1dbaccb6f541b5a9d1998528a622fd0fd896330c63f5e,100.0,95.29193700291216,111.29193700617179,28.977599999052472,16.00000000325963,1.640800001041498,7.0283000022755004,20.237400000041816,0.0,execute,qp_continuous_collision_and_braking_invariant_passed,accepted,,True,10,10,True,False,True,True,True,True,10,0,0,0,10,0,0,10,0,True,False,False,False,18081,17261,820,0.9546485260770975,29,10,10
armbench.pi05_optimized_cpu_replay.v1,row_07373__single_block__direct_dispatch__diagnostic_100ms,row_07373__single_block__direct_dispatch,28,7373,single_block,diagnostic_100ms,e342e284a6b9329bf43b6560e5358b71495f40177533837036afecf930c2b4c0,3dbd650490cea64352a1dbaccb6f541b5a9d1998528a622fd0fd896330c63f5e,100.0,94.81193700048607,125.81193699588766,26.739100001577754,30.999999995401595,1.589599996805191,7.279899997229222,17.566500006068964,0.24480000138282776,hold,braking_invariant_failed:inter_sample_collision,hold,dynamics_braking,True,10,0,False,False,True,True,True,True,10,0,0,0,10,0,0,10,1,False,False,False,False,19720,18760,954,0.9513184584178499,30,10,11
armbench.pi05_optimized_cpu_replay.v1,row_07373__narrow_gate__direct_dispatch__diagnostic_100ms,row_07373__narrow_gate__direct_dispatch,28,7373,narrow_gate,diagnostic_100ms,e342e284a6b9329bf43b6560e5358b71495f40177533837036afecf930c2b4c0,3dbd650490cea64352a1dbaccb6f541b5a9d1998528a622fd0fd896330c63f5e,100.0,94.97553700202843,109.97553700144636,29.089099996781442,14.999999999417923,1.6285000019706786,7.535400000051595,19.70959999744082,0.0,execute,qp_continuous_collision_and_braking_invariant_passed,accepted,,True,10,10,True,False,True,True,True,True,10,0,0,0,10,0,0,10,0,True,False,False,False,26568,25648,920,0.9653718759409816,29,10,10
armbench.pi05_optimized_cpu_replay.v1,row_07772__free_space__direct_dispatch__diagnostic_100ms,row_07772__free_space__direct_dispatch,29,7772,free_space,diagnostic_100ms,c3533edfda4b0016620bef05041c1b2e100c114929dc01b6c006379c8f39062d,f9efe20bb0146929d0da2aab6cb2d34cae1c034a2e8891af5c57bfffe379dbff,100.0,109.84383399772923,171.84383399580838,68.24549999873852,61.99999999807915,1.5540000022156164,16.255199996521696,50.37160000210861,0.0,execute,qp_continuous_collision_and_braking_invariant_passed,accepted,,True,10,10,True,False,True,True,True,True,10,0,0,0,10,0,0,10,0,True,False,False,False,56007,52702,3305,0.9409895191672469,29,10,10
armbench.pi05_optimized_cpu_replay.v1,row_07772__single_block__direct_dispatch__diagnostic_100ms,row_07772__single_block__direct_dispatch,29,7772,single_block,diagnostic_100ms,c3533edfda4b0016620bef05041c1b2e100c114929dc01b6c006379c8f39062d,f9efe20bb0146929d0da2aab6cb2d34cae1c034a2e8891af5c57bfffe379dbff,100.0,109.91603399452288,187.91603399586165,72.70509999943897,78.00000000133878,1.672900005360134,16.67779999843333,54.27570000028936,0.0,execute,qp_continuous_collision_and_braking_invariant_passed,accepted,,True,10,10,True,False,True,True,True,True,10,0,0,0,10,0,0,10,0,True,False,False,False,64770,61263,3507,0.9458545622973599,29,10,10
armbench.pi05_optimized_cpu_replay.v1,row_07772__narrow_gate__direct_dispatch__diagnostic_100ms,row_07772__narrow_gate__direct_dispatch,29,7772,narrow_gate,diagnostic_100ms,c3533edfda4b0016620bef05041c1b2e100c114929dc01b6c006379c8f39062d,f9efe20bb0146929d0da2aab6cb2d34cae1c034a2e8891af5c57bfffe379dbff,100.0,109.8769340023864,125.87693399837008,12.845299999753479,15.999999995983671,1.7602999942027964,10.625200004142243,0.0,0.3786999950534664,hold,continuous_edge_rejected:collision:static:gate_lower:link6,hold,continuous_collision,True,10,0,False,False,True,True,True,True,10,0,0,0,10,4,0,10,5,False,False,False,False,14688,14101,582,0.9600354030501089,7,10,1
