schema_version,case_id,source_case_id,selection_index,source_row_index,scenario,profile,response_action_sha256,input_action_sha256,supervision_budget_ms,base_response_age_ms,activation_response_age_ms,supervisor_latency_ms,assurance_worker_latency_ms,qp_latency_ms,continuous_collision_latency_ms,dynamics_braking_latency_ms,fallback_brake_latency_ms,status,reason,supervisor_status,failure_stage,candidate_complete,candidate_action_count,published_action_count,policy_actions_executable,partial_prefix_exposed,all_or_none_publication,assurance_worker_thread_separate,fallback_validated,qp_feasible,qp_intervention_steps,joint_position_violation_steps,joint_velocity_violation_steps,joint_acceleration_violation_steps,continuous_edges_checked,continuous_unsafe_edges,continuous_indeterminate_edges,braking_boundaries_checked,braking_invalid_boundaries,all_registered_constraints_satisfied,unsafe_plan_published,software_budget_exceeded,response_deadline_exceeded,broad_phase_pair_tests,broad_phase_pruned_pairs,broad_phase_exact_pair_evaluations,broad_phase_prune_rate,safe_configuration_cache_hits,persistent_qp_solve_calls,persistent_brake_validation_calls
armbench.pi05_optimized_cpu_replay.v1,row_00763__free_space__direct_dispatch__operational_20ms,row_00763__free_space__direct_dispatch,0,763,free_space,operational_20ms,2ba514276e139d381b7b19bf859e964ad7e1b157ca9f234909fb87328f08ec28,e4ddff608fdc24bbe79f4f345b6ad772cc7e47679fd0522db9fe5c0e6a4512b3,20.0,103.75407699757488,119.75407700083451,20.562500001688022,16.00000000325963,1.8023000011453405,15.353799994045403,3.0262000000220723,0.2884999994421378,hold,supervision_budget_exceeded,hold,supervision_budget,True,10,0,False,False,True,True,True,True,10,0,0,0,10,0,0,10,0,True,False,True,False,11025,10545,480,0.9564625850340136,14,10,3
armbench.pi05_optimized_cpu_replay.v1,row_00763__single_block__direct_dispatch__operational_20ms,row_00763__single_block__direct_dispatch,0,763,single_block,operational_20ms,2ba514276e139d381b7b19bf859e964ad7e1b157ca9f234909fb87328f08ec28,e4ddff608fdc24bbe79f4f345b6ad772cc7e47679fd0522db9fe5c0e6a4512b3,20.0,102.52607700385852,133.5260769992601,23.81250000325963,30.999999995401595,1.8305999983567744,11.157200002344325,10.39160000073025,0.3515999997034669,hold,supervision_budget_exceeded,hold,supervision_budget,True,10,0,False,False,True,True,True,True,10,0,0,0,10,0,0,10,0,True,False,True,False,16830,16153,677,0.9597742127153892,18,10,5
armbench.pi05_optimized_cpu_replay.v1,row_00763__narrow_gate__direct_dispatch__operational_20ms,row_00763__narrow_gate__direct_dispatch,0,763,narrow_gate,operational_20ms,2ba514276e139d381b7b19bf859e964ad7e1b157ca9f234909fb87328f08ec28,e4ddff608fdc24bbe79f4f345b6ad772cc7e47679fd0522db9fe5c0e6a4512b3,20.0,103.48747699754313,134.48747699294472,23.369299997284543,30.999999995401595,1.8850000051315874,9.590199995727744,11.50690000213217,0.2882000044337474,hold,supervision_budget_exceeded,hold,supervision_budget,True,10,0,False,False,True,True,True,True,10,0,0,0,10,0,0,10,0,True,False,True,False,21384,20715,669,0.9687149270482603,18,10,5
armbench.pi05_optimized_cpu_replay.v1,row_00458__free_space__direct_dispatch__operational_20ms,row_00458__free_space__direct_dispatch,1,458,free_space,operational_20ms,539d85427650fb89affee25f827ab92f2803af4f4686cdda7625ebbcfc4e125f,c20bfe121e217568858d6301db3e88f8bbabf1604fdaa8e909eae454747800b5,20.0,82.58776900765952,113.58776901033707,23.994999995920807,31.000000002677552,2.8099999981350265,9.947200000169687,10.873900006117765,0.28870000096503645,hold,supervision_budget_exceeded,hold,supervision_budget,True,10,0,False,False,True,True,True,True,10,0,0,0,10,0,0,10,0,True,False,True,False,15141,14401,740,0.9511260815005614,18,10,5
armbench.pi05_optimized_cpu_replay.v1,row_00458__single_block__direct_dispatch__operational_20ms,row_00458__single_block__direct_dispatch,1,458,single_block,operational_20ms,539d85427650fb89affee25f827ab92f2803af4f4686cdda7625ebbcfc4e125f,c20bfe121e217568858d6301db3e88f8bbabf1604fdaa8e909eae454747800b5,20.0,82.50796900392743,113.50796900660498,24.910200001613703,31.000000002677552,1.7824000024120323,11.862499995913822,10.84640000044601,0.33689999690977857,hold,supervision_budget_exceeded,hold,supervision_budget,True,10,0,False,False,True,True,True,True,10,0,0,0,10,0,0,10,0,True,False,True,False,17510,16643,867,0.9504854368932039,18,10,5
armbench.pi05_optimized_cpu_replay.v1,row_00458__narrow_gate__direct_dispatch__operational_20ms,row_00458__narrow_gate__direct_dispatch,1,458,narrow_gate,operational_20ms,539d85427650fb89affee25f827ab92f2803af4f4686cdda7625ebbcfc4e125f,c20bfe121e217568858d6301db3e88f8bbabf1604fdaa8e909eae454747800b5,20.0,83.1604690029053,114.16046900558285,23.259600005985703,31.000000002677552,1.8319000009796582,11.44159999967087,9.636200004024431,0.2873999983421527,hold,supervision_budget_exceeded,hold,supervision_budget,True,10,0,False,False,True,True,True,True,10,0,0,0,10,0,0,10,0,True,False,True,False,22248,21475,773,0.9652553038475369,18,10,5
armbench.pi05_optimized_cpu_replay.v1,row_00222__free_space__direct_dispatch__operational_20ms,row_00222__free_space__direct_dispatch,2,222,free_space,operational_20ms,7ed64e746df909ff0c71898c554048b30bb88de50d94a6f43787c50679b174e2,21da2b9970d3e9644b5f044a5dcc016b6b5053a5b4e9c17bce52d4303d2b3600,20.0,171.54230199957965,203.54230199882295,21.074800002679694,15.999999995983671,2.2485000008600764,15.609900001436472,2.7905999959330074,0.3045999983442016,hold,supervision_budget_exceeded,hold,supervision_budget,True,10,0,False,False,True,True,True,True,10,0,0,0,10,0,0,10,0,True,False,True,True,14553,13869,684,0.9529993815708101,12,10,2
armbench.pi05_optimized_cpu_replay.v1,row_00222__single_block__direct_dispatch__operational_20ms,row_00222__single_block__direct_dispatch,2,222,single_block,operational_20ms,7ed64e746df909ff0c71898c554048b30bb88de50d94a6f43787c50679b174e2,21da2b9970d3e9644b5f044a5dcc016b6b5053a5b4e9c17bce52d4303d2b3600,20.0,171.895202001906,202.89520200458355,21.328800001356285,16.00000000325963,2.131000001099892,17.971100001886953,0.0,1.1152000006404705,hold,supervision_budget_exceeded,hold,supervision_budget,True,10,0,False,False,True,True,True,True,10,0,0,0,10,0,0,10,0,True,False,True,True,16830,15947,883,0.947534165181224,7,10,1
armbench.pi05_optimized_cpu_replay.v1,row_00222__narrow_gate__direct_dispatch__operational_20ms,row_00222__narrow_gate__direct_dispatch,2,222,narrow_gate,operational_20ms,7ed64e746df909ff0c71898c554048b30bb88de50d94a6f43787c50679b174e2,21da2b9970d3e9644b5f044a5dcc016b6b5053a5b4e9c17bce52d4303d2b3600,20.0,171.71460199460853,202.71460199728608,17.402400000719354,16.00000000325963,4.736700000648852,12.196099996799603,0.0,0.3648999991128221,hold,continuous_edge_rejected:collision:static:gate_upper:link6,hold,continuous_collision,True,10,0,False,False,True,True,True,True,10,0,0,0,10,3,0,10,5,False,False,False,True,10800,10310,485,0.9546296296296296,8,10,1
armbench.pi05_optimized_cpu_replay.v1,row_01467__free_space__direct_dispatch__operational_20ms,row_01467__free_space__direct_dispatch,3,1467,free_space,operational_20ms,0d05a20d8a90b30eac6e6dfc2e65c5d447cb062d06863c48db1367dbdc8d27af,4f17f5dfea4ea95c98fd42f459cd72d84c6d64fa6c129fbeb17b753364002cf1,20.0,92.3235240043141,123.32352400699165,25.130799993348774,31.000000002677552,2.252899997984059,11.534299999766517,10.218000003078487,0.8629000003566034,hold,supervision_budget_exceeded,hold,supervision_budget,True,10,0,False,False,True,True,True,True,10,0,0,0,10,0,0,10,0,True,False,True,False,11025,10566,459,0.9583673469387755,16,10,4
armbench.pi05_optimized_cpu_replay.v1,row_01467__single_block__direct_dispatch__operational_20ms,row_01467__single_block__direct_dispatch,3,1467,single_block,operational_20ms,0d05a20d8a90b30eac6e6dfc2e65c5d447cb062d06863c48db1367dbdc8d27af,4f17f5dfea4ea95c98fd42f459cd72d84c6d64fa6c129fbeb17b753364002cf1,20.0,92.74982400529552,124.74982400453882,21.825799994985573,31.9999999992433,2.9496999995899387,17.97660000011092,0.0,0.7861000049160793,hold,supervision_budget_exceeded,hold,supervision_budget,True,10,0,False,False,True,True,True,True,10,0,0,0,10,0,0,10,0,True,False,True,False,11730,11190,540,0.9539641943734015,10,10,1
armbench.pi05_optimized_cpu_replay.v1,row_01467__narrow_gate__direct_dispatch__operational_20ms,row_01467__narrow_gate__direct_dispatch,3,1467,narrow_gate,operational_20ms,0d05a20d8a90b30eac6e6dfc2e65c5d447cb062d06863c48db1367dbdc8d27af,4f17f5dfea4ea95c98fd42f459cd72d84c6d64fa6c129fbeb17b753364002cf1,20.0,92.48282400221797,123.48282399761956,21.176700000069104,30.999999995401595,4.416200004925486,9.28149999526795,6.75539999792818,0.3079000016441569,hold,supervision_budget_exceeded,hold,supervision_budget,True,10,0,False,False,True,True,True,True,10,0,0,0,10,0,0,10,0,True,False,True,False,17928,17189,739,0.9587795626952254,18,10,5
armbench.pi05_optimized_cpu_replay.v1,row_00954__free_space__direct_dispatch__operational_20ms,row_00954__free_space__direct_dispatch,4,954,free_space,operational_20ms,8c426cf29f252a7c103234ca72eff693daec4272e1eff735e0f325be6c8368bb,541ef1c389b4780c1bc25075e466ca00805d06391dbce79e67b43e6b6a02ff42,20.0,84.07754999643657,99.0775499958545,21.167300001252443,14.999999999417923,1.6506999963894486,19.074299998464994,0.0,0.3552999987732619,hold,supervision_budget_exceeded,hold,supervision_budget,True,10,0,False,False,True,True,True,True,10,0,0,0,10,0,0,10,0,True,False,True,False,16023,15220,803,0.9498845409723522,8,10,1
armbench.pi05_optimized_cpu_replay.v1,row_00954__single_block__direct_dispatch__operational_20ms,row_00954__single_block__direct_dispatch,4,954,single_block,operational_20ms,8c426cf29f252a7c103234ca72eff693daec4272e1eff735e0f325be6c8368bb,541ef1c389b4780c1bc25075e466ca00805d06391dbce79e67b43e6b6a02ff42,20.0,83.76884999597678,115.76884999522008,21.416399998997804,31.9999999992433,2.628299997013528,18.30820000031963,0.0,0.3728000010596588,hold,supervision_budget_exceeded,hold,supervision_budget,True,10,0,False,False,True,True,True,True,10,0,0,0,10,0,0,10,0,True,False,True,False,23970,22909,1061,0.9557363370880267,10,10,1
armbench.pi05_optimized_cpu_replay.v1,row_00954__narrow_gate__direct_dispatch__operational_20ms,row_00954__narrow_gate__direct_dispatch,4,954,narrow_gate,operational_20ms,8c426cf29f252a7c103234ca72eff693daec4272e1eff735e0f325be6c8368bb,541ef1c389b4780c1bc25075e466ca00805d06391dbce79e67b43e6b6a02ff42,20.0,83.80704999581212,114.80704999121372,22.986299998592585,30.999999995401595,1.505100000940729,21.063599997432902,0.0,0.3464999972493388,hold,supervision_budget_exceeded,hold,supervision_budget,True,10,0,False,False,True,True,True,True,10,0,0,0,10,0,0,10,0,True,False,True,False,30456,29144,1312,0.9569214604675598,10,10,1
armbench.pi05_optimized_cpu_replay.v1,row_01576__free_space__direct_dispatch__operational_20ms,row_01576__free_space__direct_dispatch,5,1576,free_space,operational_20ms,a51612a00a37d0ea3749eb912a6f60afe1d9cd2ca5587f61e5ab60e8a19f447a,ceffaae899c86b7cad94d1a21bba4a80279a12dae6dc59022e88ec0d8034bbec,20.0,109.7861300004297,140.78613000310725,21.81140000175219,31.000000002677552,1.5539999949396588,6.674299998849165,13.281999999890104,0.24159999884432182,hold,supervision_budget_exceeded,hold,supervision_budget,True,10,0,False,False,True,True,True,True,10,0,0,0,10,0,0,10,0,True,False,True,False,15435,14731,704,0.954389374797538,20,10,6
armbench.pi05_optimized_cpu_replay.v1,row_01576__single_block__direct_dispatch__operational_20ms,row_01576__single_block__direct_dispatch,5,1576,single_block,operational_20ms,a51612a00a37d0ea3749eb912a6f60afe1d9cd2ca5587f61e5ab60e8a19f447a,ceffaae899c86b7cad94d1a21bba4a80279a12dae6dc59022e88ec0d8034bbec,20.0,109.48412999277934,140.4841299954569,20.34280000225408,31.000000002677552,1.8717999992077239,7.057800001348369,11.048000000300817,0.24750000011408702,hold,supervision_budget_exceeded,hold,supervision_budget,True,10,0,False,False,True,True,True,True,10,0,0,0,10,0,0,10,0,True,False,True,False,16490,15823,667,0.9595512431776835,18,10,5
armbench.pi05_optimized_cpu_replay.v1,row_01576__narrow_gate__direct_dispatch__operational_20ms,row_01576__narrow_gate__direct_dispatch,5,1576,narrow_gate,operational_20ms,a51612a00a37d0ea3749eb912a6f60afe1d9cd2ca5587f61e5ab60e8a19f447a,ceffaae899c86b7cad94d1a21bba4a80279a12dae6dc59022e88ec0d8034bbec,20.0,109.35532999428688,140.35532998968847,20.701699999335688,30.999999995401595,1.5314999982365407,7.555200005299412,11.2821000002441,0.26200000138487667,hold,supervision_budget_exceeded,hold,supervision_budget,True,10,0,False,False,True,True,True,True,10,0,0,0,10,0,0,10,0,True,False,True,False,22680,21965,715,0.9684744268077602,20,10,6
armbench.pi05_optimized_cpu_replay.v1,row_02114__free_space__direct_dispatch__operational_20ms,row_02114__free_space__direct_dispatch,6,2114,free_space,operational_20ms,3c8a04cfba03e28f556b668ecfc39ba1f3c6f600ae28115bb0d484f228805822,b450e7ad3d6478be6418531fda01e2f47bd1fa86a3054195fa3e89dd7bafae17,20.0,84.57347300281981,115.57347300549736,20.484499997110106,31.000000002677552,2.354600001126528,14.918799999577459,2.7801000032923184,0.22759999410482123,hold,supervision_budget_exceeded,hold,supervision_budget,True,10,0,False,False,True,True,True,True,10,0,0,0,10,0,0,10,0,True,False,True,False,20727,19752,975,0.9529599073672022,14,10,3
armbench.pi05_optimized_cpu_replay.v1,row_02114__single_block__direct_dispatch__operational_20ms,row_02114__single_block__direct_dispatch,6,2114,single_block,operational_20ms,3c8a04cfba03e28f556b668ecfc39ba1f3c6f600ae28115bb0d484f228805822,b450e7ad3d6478be6418531fda01e2f47bd1fa86a3054195fa3e89dd7bafae17,20.0,85.05257299839286,116.05257300107041,20.769300004758406,16.00000000325963,1.8903999953181483,14.651899997261353,3.8184999939403497,0.24359999952139333,hold,supervision_budget_exceeded,hold,supervision_budget,True,10,0,False,False,True,True,True,True,10,0,0,0,10,0,0,10,0,True,False,True,False,23970,22937,1033,0.9569044639132248,14,10,3
armbench.pi05_optimized_cpu_replay.v1,row_02114__narrow_gate__direct_dispatch__operational_20ms,row_02114__narrow_gate__direct_dispatch,6,2114,narrow_gate,operational_20ms,3c8a04cfba03e28f556b668ecfc39ba1f3c6f600ae28115bb0d484f228805822,b450e7ad3d6478be6418531fda01e2f47bd1fa86a3054195fa3e89dd7bafae17,20.0,85.04487299796892,100.04487299738685,11.0835000014049,14.999999999417923,3.391399994143285,6.880300003103912,0.0,0.6577000021934509,hold,continuous_edge_rejected:collision:static:gate_lower:link6,hold,continuous_collision,True,10,0,False,False,True,True,True,True,10,0,0,0,10,5,0,10,7,False,False,False,False,11664,11186,471,0.9590192043895748,6,10,1
armbench.pi05_optimized_cpu_replay.v1,row_02316__free_space__direct_dispatch__operational_20ms,row_02316__free_space__direct_dispatch,7,2316,free_space,operational_20ms,307d796186bec85694ad45ec5f0f36b6c2d4136025b8788f52b21f8ce81cefc3,4eb6f0c33cfea87817ea47ba3691beea6689e4326d4b265a74641f01503e5d46,20.0,81.15441800327972,112.15441800595727,21.96420000109356,31.000000002677552,1.7041000028257258,9.076900001673494,10.896399995544925,0.22159999934956431,hold,supervision_budget_exceeded,hold,supervision_budget,True,10,0,False,False,True,True,True,True,10,0,0,0,10,0,0,10,0,True,False,True,False,17493,16638,855,0.9511233064654433,18,10,5
armbench.pi05_optimized_cpu_replay.v1,row_02316__single_block__direct_dispatch__operational_20ms,row_02316__single_block__direct_dispatch,7,2316,single_block,operational_20ms,307d796186bec85694ad45ec5f0f36b6c2d4136025b8788f52b21f8ce81cefc3,4eb6f0c33cfea87817ea47ba3691beea6689e4326d4b265a74641f01503e5d46,20.0,81.35241799755022,97.35241800080985,20.764900000358466,16.00000000325963,1.4071999976295047,9.822899999562651,9.117300003708806,0.35119999665766954,hold,supervision_budget_exceeded,hold,supervision_budget,True,10,0,False,False,True,True,True,True,10,0,0,0,10,0,0,10,0,True,False,True,False,20230,19181,1049,0.9481463173504696,18,10,5
armbench.pi05_optimized_cpu_replay.v1,row_02316__narrow_gate__direct_dispatch__operational_20ms,row_02316__narrow_gate__direct_dispatch,7,2316,narrow_gate,operational_20ms,307d796186bec85694ad45ec5f0f36b6c2d4136025b8788f52b21f8ce81cefc3,4eb6f0c33cfea87817ea47ba3691beea6689e4326d4b265a74641f01503e5d46,20.0,81.5732180053601,96.57321800477803,12.32960000197636,14.999999999417923,3.0039999983273447,8.772899993346073,0.0,0.3186000030837022,hold,continuous_edge_rejected:collision:static:gate_lower:link6,hold,continuous_collision,True,10,0,False,False,True,True,True,True,10,0,0,0,10,3,0,10,5,False,False,False,False,15552,14874,670,0.9564043209876543,8,10,1
armbench.pi05_optimized_cpu_replay.v1,row_02045__free_space__direct_dispatch__operational_20ms,row_02045__free_space__direct_dispatch,8,2045,free_space,operational_20ms,35bb006359368f4079d94be18fc9d2261932ba0be13c6387627761460fdfd649,21bb222523a68d85dbd4f6c83a8c1b450d40a364adf8ee4e45280df78bc18027,20.0,107.79295300744707,139.79295300669037,19.444599995040335,15.999999995983671,2.3428999993484467,4.166999999142718,12.773399997968227,0.0,execute,qp_continuous_collision_and_braking_invariant_passed,accepted,,True,10,10,True,False,True,True,True,True,10,0,0,0,10,0,0,10,0,True,False,False,False,9555,9189,366,0.9616954474097331,29,10,10
armbench.pi05_optimized_cpu_replay.v1,row_02045__single_block__direct_dispatch__operational_20ms,row_02045__single_block__direct_dispatch,8,2045,single_block,operational_20ms,35bb006359368f4079d94be18fc9d2261932ba0be13c6387627761460fdfd649,21bb222523a68d85dbd4f6c83a8c1b450d40a364adf8ee4e45280df78bc18027,20.0,107.84735299966997,123.8473530029296,22.089199999754783,16.00000000325963,1.310400002694223,6.993599999987055,13.051299996732268,0.6562999988091178,hold,supervision_budget_exceeded,hold,supervision_budget,True,10,0,False,False,True,True,True,True,10,0,0,0,10,0,0,10,0,True,False,True,False,7310,6999,311,0.9574555403556771,22,10,7
armbench.pi05_optimized_cpu_replay.v1,row_02045__narrow_gate__direct_dispatch__operational_20ms,row_02045__narrow_gate__direct_dispatch,8,2045,narrow_gate,operational_20ms,35bb006359368f4079d94be18fc9d2261932ba0be13c6387627761460fdfd649,21bb222523a68d85dbd4f6c83a8c1b450d40a364adf8ee4e45280df78bc18027,20.0,108.03035300341435,139.0303530060919,21.25030000024708,31.000000002677552,3.995399994892068,9.650499996496364,6.889299998874776,0.599899998633191,hold,supervision_budget_exceeded,hold,supervision_budget,True,10,0,False,False,True,True,True,True,10,0,0,0,10,0,0,10,0,True,False,True,False,7992,7748,244,0.9694694694694694,16,10,4
armbench.pi05_optimized_cpu_replay.v1,row_02736__free_space__direct_dispatch__operational_20ms,row_02736__free_space__direct_dispatch,9,2736,free_space,operational_20ms,62b013ffb3379eba43666abbd0be0848858bc836836b094e25ea8d74cfde9e2c,0b565a6938d9bb0b57977d079796fcc4c108d1841f47a0f986253144c3870174,20.0,79.95957398816245,110.95957398356404,26.289100002031773,14.999999999417923,3.8645999957225285,21.52870000281837,0.0,0.7851999980630353,hold,supervision_budget_exceeded,hold,supervision_budget,True,10,0,False,False,True,True,True,True,10,0,0,0,10,0,0,10,0,True,False,True,False,12495,11914,581,0.9535014005602241,7,10,1
armbench.pi05_optimized_cpu_replay.v1,row_02736__single_block__direct_dispatch__operational_20ms,row_02736__single_block__direct_dispatch,9,2736,single_block,operational_20ms,62b013ffb3379eba43666abbd0be0848858bc836836b094e25ea8d74cfde9e2c,0b565a6938d9bb0b57977d079796fcc4c108d1841f47a0f986253144c3870174,20.0,80.01317399612162,111.01317399879918,22.787900001276284,16.00000000325963,4.02849999954924,18.057599998428486,0.0,0.5786000037915073,hold,supervision_budget_exceeded,hold,supervision_budget,True,10,0,False,False,True,True,True,True,10,0,0,0,10,0,0,10,0,True,False,True,False,9010,8549,461,0.948834628190899,5,10,1
armbench.pi05_optimized_cpu_replay.v1,row_02736__narrow_gate__direct_dispatch__operational_20ms,row_02736__narrow_gate__direct_dispatch,9,2736,narrow_gate,operational_20ms,62b013ffb3379eba43666abbd0be0848858bc836836b094e25ea8d74cfde9e2c,0b565a6938d9bb0b57977d079796fcc4c108d1841f47a0f986253144c3870174,20.0,80.14397399529116,112.14397399453446,19.124500002362765,15.999999995983671,2.860000000509899,15.768799996294547,0.0,0.38750000385334715,hold,continuous_edge_rejected:collision:static:gate_lower:link6,hold,continuous_collision,True,10,0,False,False,True,True,True,True,10,0,0,0,10,5,0,10,7,False,False,False,False,11664,11153,503,0.9561899862825789,6,10,1
armbench.pi05_optimized_cpu_replay.v1,row_02456__free_space__direct_dispatch__operational_20ms,row_02456__free_space__direct_dispatch,10,2456,free_space,operational_20ms,a805df171f5b2a0bb37e82ee33c913be28ab363a08c40943c47745c4be5f166b,606d95c489296b5f4e2fde5d9b28e0f52167c7824e5ba4cee1b52a1be5d798c3,20.0,160.5769509988022,192.5769509980455,20.40379999380093,15.999999995983671,3.9976999978534877,15.931800000544172,0.0,0.38130000029923394,hold,supervision_budget_exceeded,hold,supervision_budget,True,10,0,False,False,True,True,True,True,10,0,0,0,10,0,0,10,0,True,False,True,False,14259,13602,657,0.9539238375762676,8,10,1
armbench.pi05_optimized_cpu_replay.v1,row_02456__single_block__direct_dispatch__operational_20ms,row_02456__single_block__direct_dispatch,10,2456,single_block,operational_20ms,a805df171f5b2a0bb37e82ee33c913be28ab363a08c40943c47745c4be5f166b,606d95c489296b5f4e2fde5d9b28e0f52167c7824e5ba4cee1b52a1be5d798c3,20.0,160.99725099775242,191.997250993154,20.76649999798974,14.999999999417923,1.7326000015600584,18.564099998911843,0.0,0.38350000249920413,hold,supervision_budget_exceeded,hold,supervision_budget,True,10,0,False,False,True,True,True,True,10,0,0,0,10,0,0,10,0,True,False,True,False,14110,13363,747,0.9470588235294117,7,10,1
armbench.pi05_optimized_cpu_replay.v1,row_02456__narrow_gate__direct_dispatch__operational_20ms,row_02456__narrow_gate__direct_dispatch,10,2456,narrow_gate,operational_20ms,a805df171f5b2a0bb37e82ee33c913be28ab363a08c40943c47745c4be5f166b,606d95c489296b5f4e2fde5d9b28e0f52167c7824e5ba4cee1b52a1be5d798c3,20.0,160.55815100116888,176.5581510044285,10.09860000340268,16.00000000325963,1.5440999995917082,8.02290000137873,0.0,0.42469999607419595,hold,continuous_edge_rejected:collision:static:gate_lower:link6,hold,continuous_collision,True,10,0,False,False,True,True,True,True,10,0,0,0,10,5,0,10,7,False,False,False,False,11232,10725,499,0.9548611111111112,6,10,1
armbench.pi05_optimized_cpu_replay.v1,row_02938__free_space__direct_dispatch__operational_20ms,row_02938__free_space__direct_dispatch,11,2938,free_space,operational_20ms,30d16912ce8098c60d419bf30ed1491235b796b186f2378fa0ebdef754cc31fd,d5c708014600a7920be64b6acc05dd2153f49c780015898b4d746c2bc4c494ab,20.0,111.70350899919868,143.70350899844198,21.222600000328384,15.999999995983671,1.6482999999425374,13.484000002790708,5.779099999926984,0.2375999974901788,hold,supervision_budget_exceeded,hold,supervision_budget,True,10,0,False,False,True,True,True,True,10,0,0,0,10,0,0,10,0,True,False,True,False,18669,17774,895,0.9520595639830736,16,10,4
armbench.pi05_optimized_cpu_replay.v1,row_02938__single_block__direct_dispatch__operational_20ms,row_02938__single_block__direct_dispatch,11,2938,single_block,operational_20ms,30d16912ce8098c60d419bf30ed1491235b796b186f2378fa0ebdef754cc31fd,d5c708014600a7920be64b6acc05dd2153f49c780015898b4d746c2bc4c494ab,20.0,111.67890899378108,142.67890899645863,20.578600000590086,31.000000002677552,1.5021999934106134,12.76759999745991,5.905800004256889,0.23669999791309237,hold,supervision_budget_exceeded,hold,supervision_budget,True,10,0,False,False,True,True,True,True,10,0,0,0,10,0,0,10,0,True,False,True,False,21590,20665,925,0.9571560907827698,16,10,4
armbench.pi05_optimized_cpu_replay.v1,row_02938__narrow_gate__direct_dispatch__operational_20ms,row_02938__narrow_gate__direct_dispatch,11,2938,narrow_gate,operational_20ms,30d16912ce8098c60d419bf30ed1491235b796b186f2378fa0ebdef754cc31fd,d5c708014600a7920be64b6acc05dd2153f49c780015898b4d746c2bc4c494ab,20.0,111.79980899760267,157.79980899969814,24.99790000001667,31.000000002677552,4.269700002623722,19.767900004808325,0.0,0.8207999999285676,hold,supervision_budget_exceeded,hold,supervision_budget,True,10,0,False,False,True,True,True,True,10,0,0,0,10,0,0,10,0,True,False,True,False,11448,11003,445,0.9611285814116003,5,10,1
armbench.pi05_optimized_cpu_replay.v1,row_03122__free_space__direct_dispatch__operational_20ms,row_03122__free_space__direct_dispatch,12,3122,free_space,operational_20ms,4fd1a98f6e18bda6afca61b1213f09c92ed3fce35dcd8c4d53333ce515224354,fae786a4aad836002b16172491457936b523b19e2e002e95e4b9cb634083a717,20.0,81.44486000674078,112.44486000941833,25.137399999948684,16.00000000325963,1.762599997164216,13.240300002507865,9.319299999333452,0.7379000016953796,hold,supervision_budget_exceeded,hold,supervision_budget,True,10,0,False,False,True,True,True,True,10,0,0,0,10,0,0,10,0,True,False,True,False,15141,14395,746,0.950729806485701,14,10,3
armbench.pi05_optimized_cpu_replay.v1,row_03122__single_block__direct_dispatch__operational_20ms,row_03122__single_block__direct_dispatch,12,3122,single_block,operational_20ms,4fd1a98f6e18bda6afca61b1213f09c92ed3fce35dcd8c4d53333ce515224354,fae786a4aad836002b16172491457936b523b19e2e002e95e4b9cb634083a717,20.0,81.17976000357885,112.17975999898044,21.36610000161454,14.999999999417923,4.054400000313763,16.42260000517126,0.0,0.7727999982307665,hold,supervision_budget_exceeded,hold,supervision_budget,True,10,0,False,False,True,True,True,True,10,0,0,0,10,0,0,10,0,True,False,True,False,10370,9930,440,0.9575699132111861,8,10,1
armbench.pi05_optimized_cpu_replay.v1,row_03122__narrow_gate__direct_dispatch__operational_20ms,row_03122__narrow_gate__direct_dispatch,12,3122,narrow_gate,operational_20ms,4fd1a98f6e18bda6afca61b1213f09c92ed3fce35dcd8c4d53333ce515224354,fae786a4aad836002b16172491457936b523b19e2e002e95e4b9cb634083a717,20.0,81.26705999893602,112.26706000161357,24.883799997041933,16.00000000325963,2.655099997355137,21.410699999250937,0.0,0.7362000033026561,hold,supervision_budget_exceeded,hold,supervision_budget,True,10,0,False,False,True,True,True,True,10,0,0,0,10,0,0,10,0,True,False,True,False,16632,16068,564,0.9660894660894661,9,10,1
armbench.pi05_optimized_cpu_replay.v1,row_03163__free_space__direct_dispatch__operational_20ms,row_03163__free_space__direct_dispatch,13,3163,free_space,operational_20ms,e3ad14c7d499ec5ce4892eb2bef290b5e056a2b62568859245b6356da12457fb,ffa917dcd4fa88b9be0656ad8c111499b9a6bfff234650d693827eb9d1d5f76c,20.0,80.90778300538659,111.90778300078819,23.399500001687557,14.999999999417923,4.198300004645716,18.24250000208849,0.0,0.8284000068670139,hold,supervision_budget_exceeded,hold,supervision_budget,True,10,0,False,False,True,True,True,True,10,0,0,0,10,0,0,10,0,True,False,True,False,7791,7462,329,0.9577717879604672,7,10,1
armbench.pi05_optimized_cpu_replay.v1,row_03163__single_block__direct_dispatch__operational_20ms,row_03163__single_block__direct_dispatch,13,3163,single_block,operational_20ms,e3ad14c7d499ec5ce4892eb2bef290b5e056a2b62568859245b6356da12457fb,ffa917dcd4fa88b9be0656ad8c111499b9a6bfff234650d693827eb9d1d5f76c,20.0,80.80188299936708,95.801882998785,22.996200001216494,14.999999999417923,3.72810000408208,18.13169999513775,0.0,0.9457999985897914,hold,supervision_budget_exceeded,hold,supervision_budget,True,10,0,False,False,True,True,True,True,10,0,0,0,10,0,0,10,0,True,False,True,False,10370,9979,391,0.9622950819672131,8,10,1
armbench.pi05_optimized_cpu_replay.v1,row_03163__narrow_gate__direct_dispatch__operational_20ms,row_03163__narrow_gate__direct_dispatch,13,3163,narrow_gate,operational_20ms,e3ad14c7d499ec5ce4892eb2bef290b5e056a2b62568859245b6356da12457fb,ffa917dcd4fa88b9be0656ad8c111499b9a6bfff234650d693827eb9d1d5f76c,20.0,81.32088300044416,97.32088300370378,20.839800003159326,16.00000000325963,4.4859999979962595,15.686400001868606,0.0,0.4993999973521568,hold,supervision_budget_exceeded,hold,supervision_budget,True,10,0,False,False,True,True,True,True,10,0,0,0,10,0,0,10,0,True,False,True,False,9720,9431,289,0.9702674897119341,6,10,1
armbench.pi05_optimized_cpu_replay.v1,row_03741__free_space__direct_dispatch__operational_20ms,row_03741__free_space__direct_dispatch,14,3741,free_space,operational_20ms,4b7907e4aad9dc6e77f813e772c59d0c7169c40282363ff493a33e879b87cde7,919e5f396da973e2cf7f371f4f3431bd547e13a2c08ca1b5ae4da4003096c020,20.0,109.97415299789282,124.97415299731074,23.475300004065502,14.999999999417923,6.280800000240561,15.881999999692198,0.0,1.1169000063091516,hold,supervision_budget_exceeded,hold,supervision_budget,True,10,0,False,False,True,True,True,True,10,0,0,0,10,0,0,10,0,True,False,True,False,4263,4063,200,0.9530846821487216,4,10,1
armbench.pi05_optimized_cpu_replay.v1,row_03741__single_block__direct_dispatch__operational_20ms,row_03741__single_block__direct_dispatch,14,3741,single_block,operational_20ms,4b7907e4aad9dc6e77f813e772c59d0c7169c40282363ff493a33e879b87cde7,919e5f396da973e2cf7f371f4f3431bd547e13a2c08ca1b5ae4da4003096c020,20.0,110.02595299942186,141.0259530020994,22.68200000253273,31.000000002677552,5.223600004683249,16.295900000841357,0.0,1.00860000384273,hold,supervision_budget_exceeded,hold,supervision_budget,True,10,0,False,False,True,True,True,True,10,0,0,0,10,0,0,10,0,True,False,True,False,7650,7329,321,0.9580392156862745,6,10,1
armbench.pi05_optimized_cpu_replay.v1,row_03741__narrow_gate__direct_dispatch__operational_20ms,row_03741__narrow_gate__direct_dispatch,14,3741,narrow_gate,operational_20ms,4b7907e4aad9dc6e77f813e772c59d0c7169c40282363ff493a33e879b87cde7,919e5f396da973e2cf7f371f4f3431bd547e13a2c08ca1b5ae4da4003096c020,20.0,109.7219529983704,141.7219529976137,23.893599995062687,31.9999999992433,4.065100001753308,18.430100004479755,0.0,1.250200002687052,hold,supervision_budget_exceeded,hold,supervision_budget,True,10,0,False,False,True,True,True,True,10,0,0,0,10,0,0,10,0,True,False,True,False,9720,9400,320,0.9670781893004116,6,10,1
armbench.pi05_optimized_cpu_replay.v1,row_04298__free_space__direct_dispatch__operational_20ms,row_04298__free_space__direct_dispatch,15,4298,free_space,operational_20ms,2c585a1039cfc500fc7fe28c85a25ec32786fd8b15a0dad94b58ee736a663d79,94e313ab8d7786043893f7af3f613152522a820610d690acb2a3edc9ef4ba28e,20.0,80.53666400519433,127.53666400385555,24.26759999798378,30.999999995401595,4.993599999579601,18.410000004223548,0.0,0.7173000049078837,hold,supervision_budget_exceeded,hold,supervision_budget,True,10,0,False,False,True,True,True,True,10,0,0,0,10,0,0,10,0,True,False,True,False,7791,7405,386,0.9504556539596971,5,10,1
armbench.pi05_optimized_cpu_replay.v1,row_04298__single_block__direct_dispatch__operational_20ms,row_04298__single_block__direct_dispatch,15,4298,single_block,operational_20ms,2c585a1039cfc500fc7fe28c85a25ec32786fd8b15a0dad94b58ee736a663d79,94e313ab8d7786043893f7af3f613152522a820610d690acb2a3edc9ef4ba28e,20.0,80.55936400342034,127.55936400208157,22.642500000074506,31.000000002677552,6.09499999700347,15.350400004535913,0.0,1.0236999951303005,hold,supervision_budget_exceeded,hold,supervision_budget,True,10,0,False,False,True,True,True,True,10,0,0,0,10,0,0,10,0,True,False,True,False,6290,5995,295,0.9531001589825119,4,10,1
armbench.pi05_optimized_cpu_replay.v1,row_04298__narrow_gate__direct_dispatch__operational_20ms,row_04298__narrow_gate__direct_dispatch,15,4298,narrow_gate,operational_20ms,2c585a1039cfc500fc7fe28c85a25ec32786fd8b15a0dad94b58ee736a663d79,94e313ab8d7786043893f7af3f613152522a820610d690acb2a3edc9ef4ba28e,20.0,81.24266399681801,97.24266400007764,21.691400004783645,16.00000000325963,2.434899994113948,18.700799999351148,0.0,0.4619999963324517,hold,supervision_budget_exceeded,hold,supervision_budget,True,10,0,False,False,True,True,True,True,10,0,0,0,10,0,0,10,0,True,False,True,False,14904,14369,535,0.9641035963499731,6,10,1
armbench.pi05_optimized_cpu_replay.v1,row_03805__free_space__direct_dispatch__operational_20ms,row_03805__free_space__direct_dispatch,16,3805,free_space,operational_20ms,ed3ed2f05c450ceca326c550433117debafac7329c3cf9d83392e865de84d20b,091b2783ea65091b38cc9287d80dd29b0944a0b9ec326d95fda267eec534df0f,20.0,142.3698360013077,173.3698359967093,21.289500000420958,30.999999995401595,4.87260000227252,13.593499999842606,1.7996000024140812,0.8841000017127953,hold,supervision_budget_exceeded,hold,supervision_budget,True,10,0,False,False,True,True,True,True,10,0,0,0,10,0,0,10,0,True,False,True,False,11907,11373,534,0.9551524313429075,12,10,2
armbench.pi05_optimized_cpu_replay.v1,row_03805__single_block__direct_dispatch__operational_20ms,row_03805__single_block__direct_dispatch,16,3805,single_block,operational_20ms,ed3ed2f05c450ceca326c550433117debafac7329c3cf9d83392e865de84d20b,091b2783ea65091b38cc9287d80dd29b0944a0b9ec326d95fda267eec534df0f,20.0,142.41793600376695,158.41793600702658,15.222100002574734,16.00000000325963,1.8263999954797328,12.90059999882942,0.0,0.3809000045293942,hold,continuous_edge_rejected:collision:static:center_block:link6,hold,continuous_collision,True,10,0,False,False,True,True,True,True,10,0,0,0,10,3,0,10,4,False,False,False,False,6800,6467,326,0.9510294117647059,8,10,1
armbench.pi05_optimized_cpu_replay.v1,row_03805__narrow_gate__direct_dispatch__operational_20ms,row_03805__narrow_gate__direct_dispatch,16,3805,narrow_gate,operational_20ms,ed3ed2f05c450ceca326c550433117debafac7329c3cf9d83392e865de84d20b,091b2783ea65091b38cc9287d80dd29b0944a0b9ec326d95fda267eec534df0f,20.0,142.3951360047795,158.39513600803912,14.218999996955972,16.00000000325963,1.9083000006503426,11.068699997849762,0.0,1.1273999989498407,hold,continuous_edge_rejected:collision:static:gate_center:link6,hold,continuous_collision,True,10,0,False,False,True,True,True,True,10,0,0,0,10,1,0,10,3,False,False,False,False,14256,13680,570,0.9595959595959596,10,10,1
armbench.pi05_optimized_cpu_replay.v1,row_03853__free_space__direct_dispatch__operational_20ms,row_03853__free_space__direct_dispatch,17,3853,free_space,operational_20ms,fe36ac0713605fcc57897c367ab31e5b11dbf505ac76505ab7d16f946de13db9,f7709bd9d6a771cb40508d80a0dd423dd43ec32e003ed984a734551e880e8d3e,20.0,113.17077699641231,128.17077699583024,12.241899996297434,14.999999999417923,5.2914999978384,6.402699997124728,0.0,0.421799995820038,hold,continuous_edge_rejected:collision:self:link5:geom_32:link7:geom_59,hold,continuous_collision,True,10,0,False,False,True,True,True,True,10,0,0,0,10,1,0,10,0,False,False,False,False,3822,3637,184,0.9515960230245945,3,10,1
armbench.pi05_optimized_cpu_replay.v1,row_03853__single_block__direct_dispatch__operational_20ms,row_03853__single_block__direct_dispatch,17,3853,single_block,operational_20ms,fe36ac0713605fcc57897c367ab31e5b11dbf505ac76505ab7d16f946de13db9,f7709bd9d6a771cb40508d80a0dd423dd43ec32e003ed984a734551e880e8d3e,20.0,113.29717699845787,129.2971770017175,18.62770000298042,16.00000000325963,5.360999995900784,12.215100003231782,0.0,0.891099996806588,hold,continuous_edge_rejected:collision:self:link5:geom_33:link7:geom_60,hold,continuous_collision,True,10,0,False,False,True,True,True,True,10,0,0,0,10,1,0,10,0,False,False,False,False,4420,4228,191,0.9565610859728507,3,10,1
armbench.pi05_optimized_cpu_replay.v1,row_03853__narrow_gate__direct_dispatch__operational_20ms,row_03853__narrow_gate__direct_dispatch,17,3853,narrow_gate,operational_20ms,fe36ac0713605fcc57897c367ab31e5b11dbf505ac76505ab7d16f946de13db9,f7709bd9d6a771cb40508d80a0dd423dd43ec32e003ed984a734551e880e8d3e,20.0,114.32727699866518,130.32727699464886,15.580300001602154,15.999999995983671,4.620699997758493,10.416299999633338,0.0,0.4229000041959807,hold,continuous_edge_rejected:collision:self:link5:geom_35:link7:geom_62,hold,continuous_collision,True,10,0,False,False,True,True,True,True,10,0,0,0,10,1,0,10,0,False,False,False,False,5616,5423,192,0.9656339031339032,3,10,1
armbench.pi05_optimized_cpu_replay.v1,row_04953__free_space__direct_dispatch__operational_20ms,row_04953__free_space__direct_dispatch,18,4953,free_space,operational_20ms,1d0a2989e76d920a59ac3a743781f15f16a583e4ded7a55d9122c2e8345072f1,af7c0afa97d566d0b6103c1987699272206fed545e580febec05c23d4443ae45,20.0,92.21125000476604,123.21125000016764,22.09210000000894,30.999999995401595,4.829500001505949,16.188100002182182,0.0,0.9195000020554289,hold,supervision_budget_exceeded,hold,supervision_budget,True,10,0,False,False,True,True,True,True,10,0,0,0,10,0,0,10,0,True,False,True,False,10143,9586,557,0.9450852804890072,9,10,1
armbench.pi05_optimized_cpu_replay.v1,row_04953__single_block__direct_dispatch__operational_20ms,row_04953__single_block__direct_dispatch,18,4953,single_block,operational_20ms,1d0a2989e76d920a59ac3a743781f15f16a583e4ded7a55d9122c2e8345072f1,af7c0afa97d566d0b6103c1987699272206fed545e580febec05c23d4443ae45,20.0,92.31015000113985,123.3101500038174,22.66840000083903,16.00000000325963,5.087999998067971,16.460300001199357,0.0,0.9587999957147986,hold,supervision_budget_exceeded,hold,supervision_budget,True,10,0,False,False,True,True,True,True,10,0,0,0,10,0,0,10,0,True,False,True,False,7650,7307,343,0.9551633986928104,6,10,1
armbench.pi05_optimized_cpu_replay.v1,row_04953__narrow_gate__direct_dispatch__operational_20ms,row_04953__narrow_gate__direct_dispatch,18,4953,narrow_gate,operational_20ms,1d0a2989e76d920a59ac3a743781f15f16a583e4ded7a55d9122c2e8345072f1,af7c0afa97d566d0b6103c1987699272206fed545e580febec05c23d4443ae45,20.0,92.36935000080848,123.36935000348603,21.51400000002468,14.999999999417923,2.5782000011531636,17.960999997740146,0.0,0.8710999973118305,hold,supervision_budget_exceeded,hold,supervision_budget,True,10,0,False,False,True,True,True,True,10,0,0,0,10,0,0,10,0,True,False,True,False,9720,9387,333,0.9657407407407408,6,10,1
armbench.pi05_optimized_cpu_replay.v1,row_04773__free_space__direct_dispatch__operational_20ms,row_04773__free_space__direct_dispatch,19,4773,free_space,operational_20ms,0012494746ac6d95bef31165b95dad73d2233ce508b720c3e77a99bb8cb95b24,c523c8dc9161531afa6950372597ab78cbf73daa99043843e1df48ebd20b87dd,20.0,82.32979899912607,113.32979900180362,23.40179999737302,16.00000000325963,4.714100003184285,17.496699998446275,0.0,1.0326000046916306,hold,supervision_budget_exceeded,hold,supervision_budget,True,10,0,False,False,True,True,True,True,10,0,0,0,10,0,0,10,0,True,False,True,False,9261,8862,399,0.9569160997732427,10,10,1
armbench.pi05_optimized_cpu_replay.v1,row_04773__single_block__direct_dispatch__operational_20ms,row_04773__single_block__direct_dispatch,19,4773,single_block,operational_20ms,0012494746ac6d95bef31165b95dad73d2233ce508b720c3e77a99bb8cb95b24,c523c8dc9161531afa6950372597ab78cbf73daa99043843e1df48ebd20b87dd,20.0,82.25449900055537,129.2544989992166,24.876600000425242,31.9999999992433,4.579400003422052,18.89540000411216,0.0,1.259199998457916,hold,supervision_budget_exceeded,hold,supervision_budget,True,10,0,False,False,True,True,True,True,10,0,0,0,10,0,0,10,0,True,False,True,False,7990,7642,348,0.9564455569461827,8,10,1
armbench.pi05_optimized_cpu_replay.v1,row_04773__narrow_gate__direct_dispatch__operational_20ms,row_04773__narrow_gate__direct_dispatch,19,4773,narrow_gate,operational_20ms,0012494746ac6d95bef31165b95dad73d2233ce508b720c3e77a99bb8cb95b24,c523c8dc9161531afa6950372597ab78cbf73daa99043843e1df48ebd20b87dd,20.0,82.55759899475379,114.55759899399709,22.340899995469954,15.999999995983671,5.191800002648961,15.828499999770429,0.0,1.145199996244628,hold,supervision_budget_exceeded,hold,supervision_budget,True,10,0,False,False,True,True,True,True,10,0,0,0,10,0,0,10,0,True,False,True,False,6696,6474,222,0.9668458781362007,6,10,1
armbench.pi05_optimized_cpu_replay.v1,row_04462__free_space__direct_dispatch__operational_20ms,row_04462__free_space__direct_dispatch,20,4462,free_space,operational_20ms,70b9224f98dd7ca753ca304e5409a01563f652e68827468e70fea86b3cbcc658,4abfdd49b70a0970fc43182fee4ecd8db8b3a1103b6106940ef4768751d612f5,20.0,111.02229199605063,142.02229199872818,25.101400002313312,31.000000002677552,5.240699996647891,18.969700002344325,0.0,0.7494999954360537,hold,supervision_budget_exceeded,hold,supervision_budget,True,10,0,False,False,True,True,True,True,10,0,0,0,10,0,0,10,0,True,False,True,False,5439,5187,252,0.9536679536679536,5,10,1
armbench.pi05_optimized_cpu_replay.v1,row_04462__single_block__direct_dispatch__operational_20ms,row_04462__single_block__direct_dispatch,20,4462,single_block,operational_20ms,70b9224f98dd7ca753ca304e5409a01563f652e68827468e70fea86b3cbcc658,4abfdd49b70a0970fc43182fee4ecd8db8b3a1103b6106940ef4768751d612f5,20.0,111.17109200131381,142.17109200399136,24.094000000332016,14.999999999417923,4.397400000016205,19.03409999795258,0.0,0.4358000005595386,hold,supervision_budget_exceeded,hold,supervision_budget,True,10,0,False,False,True,True,True,True,10,0,0,0,10,4,0,10,6,False,False,True,False,9010,8499,511,0.9432852386237514,6,10,1
armbench.pi05_optimized_cpu_replay.v1,row_04462__narrow_gate__direct_dispatch__operational_20ms,row_04462__narrow_gate__direct_dispatch,20,4462,narrow_gate,operational_20ms,70b9224f98dd7ca753ca304e5409a01563f652e68827468e70fea86b3cbcc658,4abfdd49b70a0970fc43182fee4ecd8db8b3a1103b6106940ef4768751d612f5,20.0,111.15519199665869,127.15519199264236,14.612799997848924,15.999999995983671,1.9596999991335906,12.123699998483062,0.0,0.43680000089807436,hold,continuous_edge_rejected:collision:static:gate_center:link6,hold,continuous_collision,True,10,0,False,False,True,True,True,True,10,0,0,0,10,4,0,10,6,False,False,False,False,11232,10713,512,0.9537927350427351,7,10,1
armbench.pi05_optimized_cpu_replay.v1,row_05082__free_space__direct_dispatch__operational_20ms,row_05082__free_space__direct_dispatch,21,5082,free_space,operational_20ms,577d2da6f2f31ec5d381f089ea57502db82b6bcd60b682984a7bf79c80ba6092,01dade6ca27dafa314483483e6e8cc87c661081fba638c5b15cddc8479ab1bc9,20.0,110.6104869977571,126.61048699374078,20.969099998183083,15.999999995983671,5.964799995126668,14.184300001943484,0.0,0.6705000050715171,hold,supervision_budget_exceeded,hold,supervision_budget,True,10,0,False,False,True,True,True,True,10,0,0,0,10,0,0,10,0,True,False,True,False,8967,8527,440,0.9509311921489907,5,10,1
armbench.pi05_optimized_cpu_replay.v1,row_05082__single_block__direct_dispatch__operational_20ms,row_05082__single_block__direct_dispatch,21,5082,single_block,operational_20ms,577d2da6f2f31ec5d381f089ea57502db82b6bcd60b682984a7bf79c80ba6092,01dade6ca27dafa314483483e6e8cc87c661081fba638c5b15cddc8479ab1bc9,20.0,110.89368699322222,126.89368699648185,8.452999994915444,0.0,3.1813999958103523,4.739500000141561,0.0,0.39619999733986333,hold,continuous_edge_rejected:collision:static:center_block:link6,hold,continuous_collision,True,10,0,False,False,True,True,True,True,10,0,0,0,10,7,0,10,7,False,False,False,False,5100,4826,267,0.9462745098039216,4,10,1
armbench.pi05_optimized_cpu_replay.v1,row_05082__narrow_gate__direct_dispatch__operational_20ms,row_05082__narrow_gate__direct_dispatch,21,5082,narrow_gate,operational_20ms,577d2da6f2f31ec5d381f089ea57502db82b6bcd60b682984a7bf79c80ba6092,01dade6ca27dafa314483483e6e8cc87c661081fba638c5b15cddc8479ab1bc9,20.0,111.32948700105771,143.32948700030101,27.74140000110492,31.9999999992433,3.5568999956012703,22.97760000510607,0.0,1.0515999965718947,hold,supervision_budget_exceeded,hold,supervision_budget,True,10,0,False,False,True,True,True,True,10,0,0,0,10,5,0,10,7,False,False,True,False,14472,13768,704,0.9513543394140409,5,10,1
armbench.pi05_optimized_cpu_replay.v1,row_05128__free_space__direct_dispatch__operational_20ms,row_05128__free_space__direct_dispatch,22,5128,free_space,operational_20ms,0e92838da6d4cdb706e0b8d31366212826fa86c5ce6ccd320378f7981599112c,1d370b9f51508df4beed68f031701f37a5f21f8c4c255ff7d807681da0595010,20.0,81.91675999842118,97.91676000168081,21.097199998621363,16.00000000325963,3.8379000034183264,16.465200002130587,0.0,0.6267999997362494,hold,supervision_budget_exceeded,hold,supervision_budget,True,10,0,False,False,True,True,True,True,10,0,0,0,10,0,0,10,0,True,False,True,False,8967,8572,395,0.9559495929519348,8,10,1
armbench.pi05_optimized_cpu_replay.v1,row_05128__single_block__direct_dispatch__operational_20ms,row_05128__single_block__direct_dispatch,22,5128,single_block,operational_20ms,0e92838da6d4cdb706e0b8d31366212826fa86c5ce6ccd320378f7981599112c,1d370b9f51508df4beed68f031701f37a5f21f8c4c255ff7d807681da0595010,20.0,82.06626000173856,113.06626000441611,22.688799996103626,14.999999999417923,3.6787000062759034,17.661100006080233,0.0,1.1880000020028092,hold,supervision_budget_exceeded,hold,supervision_budget,True,10,0,False,False,True,True,True,True,10,0,0,0,10,3,0,10,5,False,False,True,False,6290,5981,309,0.9508744038155803,5,10,1
armbench.pi05_optimized_cpu_replay.v1,row_05128__narrow_gate__direct_dispatch__operational_20ms,row_05128__narrow_gate__direct_dispatch,22,5128,narrow_gate,operational_20ms,0e92838da6d4cdb706e0b8d31366212826fa86c5ce6ccd320378f7981599112c,1d370b9f51508df4beed68f031701f37a5f21f8c4c255ff7d807681da0595010,20.0,81.9978599975002,112.99786000017775,21.02530000411207,16.00000000325963,4.936900004395284,15.303899999707937,0.0,0.6159999975352548,hold,supervision_budget_exceeded,hold,supervision_budget,True,10,0,False,False,True,True,True,True,10,0,0,0,10,1,0,10,3,False,False,True,False,13608,12979,629,0.953777189888301,8,10,1
armbench.pi05_optimized_cpu_replay.v1,row_05011__free_space__direct_dispatch__operational_20ms,row_05011__free_space__direct_dispatch,23,5011,free_space,operational_20ms,24f71f3f30cc2312cc0339c738754d5367bbccc0f419fe35bd17438d01f7e5b0,5ccd6d1a2328ecc0a38473974ed081f411090ae36654167fb6a57fadcc5d3931,20.0,125.8769419946475,156.87694199732505,21.841800000402145,31.000000002677552,2.5778999988688156,18.645600001036655,0.0,0.4676999960793182,hold,supervision_budget_exceeded,hold,supervision_budget,True,10,0,False,False,True,True,True,True,10,0,0,0,10,0,0,10,1,False,False,True,False,13377,12693,684,0.9488674590715407,7,10,1
armbench.pi05_optimized_cpu_replay.v1,row_05011__single_block__direct_dispatch__operational_20ms,row_05011__single_block__direct_dispatch,23,5011,single_block,operational_20ms,24f71f3f30cc2312cc0339c738754d5367bbccc0f419fe35bd17438d01f7e5b0,5ccd6d1a2328ecc0a38473974ed081f411090ae36654167fb6a57fadcc5d3931,20.0,125.52454199612839,156.52454199880594,22.192500000528526,16.00000000325963,3.4640000012586825,17.437700000300538,0.0,1.1314000003039837,hold,supervision_budget_exceeded,hold,supervision_budget,True,10,0,False,False,True,True,True,True,10,0,0,0,10,0,0,10,1,False,False,True,False,10030,9517,513,0.9488534396809571,5,10,1
armbench.pi05_optimized_cpu_replay.v1,row_05011__narrow_gate__direct_dispatch__operational_20ms,row_05011__narrow_gate__direct_dispatch,23,5011,narrow_gate,operational_20ms,24f71f3f30cc2312cc0339c738754d5367bbccc0f419fe35bd17438d01f7e5b0,5ccd6d1a2328ecc0a38473974ed081f411090ae36654167fb6a57fadcc5d3931,20.0,125.34244199923705,157.34244199848035,23.060999999870546,31.9999999992433,1.837399999203626,20.154200006800238,0.0,0.9731000027386472,hold,supervision_budget_exceeded,hold,supervision_budget,True,10,0,False,False,True,True,True,True,10,0,0,0,10,0,0,10,1,False,False,True,False,9288,8969,319,0.9656546080964685,4,10,1
armbench.pi05_optimized_cpu_replay.v1,row_06407__free_space__direct_dispatch__operational_20ms,row_06407__free_space__direct_dispatch,24,6407,free_space,operational_20ms,7b5e04770f18653120842172231465c3df16a76a94e8a11104babba987988de8,163c4b568398a13e54290749468fb7e5ed31079b00f2ea8a45847de2f701b494,20.0,79.93548199738143,110.93548199278302,22.00720000109868,30.999999995401595,4.671000002417713,16.136799997184426,0.0,1.057800000126008,hold,supervision_budget_exceeded,hold,supervision_budget,True,10,0,False,False,True,True,True,True,10,0,0,0,10,0,0,10,0,True,False,True,False,4851,4628,223,0.9540300968872397,4,10,1
armbench.pi05_optimized_cpu_replay.v1,row_06407__single_block__direct_dispatch__operational_20ms,row_06407__single_block__direct_dispatch,24,6407,single_block,operational_20ms,7b5e04770f18653120842172231465c3df16a76a94e8a11104babba987988de8,163c4b568398a13e54290749468fb7e5ed31079b00f2ea8a45847de2f701b494,20.0,79.68128198990598,110.68128198530758,21.48029999807477,14.999999999417923,5.692500002624001,15.154399996390566,0.0,0.49810000200523064,hold,supervision_budget_exceeded,hold,supervision_budget,True,10,0,False,False,True,True,True,True,10,0,0,0,10,5,0,10,7,False,False,True,False,5610,5319,291,0.9481283422459893,4,10,1
armbench.pi05_optimized_cpu_replay.v1,row_06407__narrow_gate__direct_dispatch__operational_20ms,row_06407__narrow_gate__direct_dispatch,24,6407,narrow_gate,operational_20ms,7b5e04770f18653120842172231465c3df16a76a94e8a11104babba987988de8,163c4b568398a13e54290749468fb7e5ed31079b00f2ea8a45847de2f701b494,20.0,79.81598198966822,110.81598198506981,23.785000004863832,30.999999995401595,5.187900002056267,17.622600003960542,0.0,0.8259000023826957,hold,supervision_budget_exceeded,hold,supervision_budget,True,10,0,False,False,True,True,True,True,10,0,0,0,10,3,0,10,5,False,False,True,False,7128,6826,302,0.957631874298541,4,10,1
armbench.pi05_optimized_cpu_replay.v1,row_06364__free_space__direct_dispatch__operational_20ms,row_06364__free_space__direct_dispatch,25,6364,free_space,operational_20ms,099bef15a0770071b640eb04fb9e343f82702d9e681553817b0e1967bc447ca8,ad141d2432b6f05d03249225fd1c40933676be458ff6debfc024bc3605ae5e44,20.0,82.34263800113695,113.34263799653854,22.831399997812696,30.999999995401595,5.408099998021498,16.275499998300802,0.0,0.9544999993522651,hold,supervision_budget_exceeded,hold,supervision_budget,True,10,0,False,False,True,True,True,True,10,0,0,0,10,0,0,10,0,True,False,True,False,4851,4664,187,0.9614512471655329,7,10,1
armbench.pi05_optimized_cpu_replay.v1,row_06364__single_block__direct_dispatch__operational_20ms,row_06364__single_block__direct_dispatch,25,6364,single_block,operational_20ms,099bef15a0770071b640eb04fb9e343f82702d9e681553817b0e1967bc447ca8,ad141d2432b6f05d03249225fd1c40933676be458ff6debfc024bc3605ae5e44,20.0,82.07083799061365,113.07083798601525,21.611399999528658,30.999999995401595,1.9630000024335459,18.405599999823608,0.0,1.1356000031810254,hold,supervision_budget_exceeded,hold,supervision_budget,True,10,0,False,False,True,True,True,True,10,0,0,0,10,1,0,10,3,False,False,True,False,6970,6686,284,0.9592539454806313,8,10,1
armbench.pi05_optimized_cpu_replay.v1,row_06364__narrow_gate__direct_dispatch__operational_20ms,row_06364__narrow_gate__direct_dispatch,25,6364,narrow_gate,operational_20ms,099bef15a0770071b640eb04fb9e343f82702d9e681553817b0e1967bc447ca8,ad141d2432b6f05d03249225fd1c40933676be458ff6debfc024bc3605ae5e44,20.0,82.32073799445061,129.3207380003878,25.657199999841396,31.000000002677552,5.46119999489747,19.301100001030136,0.0,0.7541000013588928,hold,supervision_budget_exceeded,hold,supervision_budget,True,10,0,False,False,True,True,True,True,10,0,0,0,10,0,0,10,0,True,False,True,False,12312,11823,489,0.9602826510721247,10,10,1
armbench.pi05_optimized_cpu_replay.v1,row_06056__free_space__direct_dispatch__operational_20ms,row_06056__free_space__direct_dispatch,26,6056,free_space,operational_20ms,d0b5162cd61b5df39a5caf842d2257e7f6d300cbbf1f21fa30dcf183810e85e2,c9a378e3af3f286959ccc6ce0aab8e5df4db1d375fa82cf308f21e70bfb38b4e,20.0,119.53662599989912,150.53662600257667,26.07700000226032,31.000000002677552,5.6516000040574,11.327200001687743,7.878899996285327,1.058100002410356,hold,supervision_budget_exceeded,hold,supervision_budget,True,10,0,False,False,True,True,True,True,10,0,0,0,10,0,0,10,0,True,False,True,False,11319,10854,465,0.9589186323880201,14,10,3
armbench.pi05_optimized_cpu_replay.v1,row_06056__single_block__direct_dispatch__operational_20ms,row_06056__single_block__direct_dispatch,26,6056,single_block,operational_20ms,d0b5162cd61b5df39a5caf842d2257e7f6d300cbbf1f21fa30dcf183810e85e2,c9a378e3af3f286959ccc6ce0aab8e5df4db1d375fa82cf308f21e70bfb38b4e,20.0,119.18442600290291,150.18442600558046,22.262200000113808,16.00000000325963,5.408900004113093,16.047600001911633,0.0,0.6521000032080337,hold,supervision_budget_exceeded,hold,supervision_budget,True,10,0,False,False,True,True,True,True,10,0,0,0,10,0,0,10,0,True,False,True,False,8330,8026,304,0.9635054021608643,7,10,1
armbench.pi05_optimized_cpu_replay.v1,row_06056__narrow_gate__direct_dispatch__operational_20ms,row_06056__narrow_gate__direct_dispatch,26,6056,narrow_gate,operational_20ms,d0b5162cd61b5df39a5caf842d2257e7f6d300cbbf1f21fa30dcf183810e85e2,c9a378e3af3f286959ccc6ce0aab8e5df4db1d375fa82cf308f21e70bfb38b4e,20.0,119.34112600283697,150.34112600551452,23.99899999727495,31.000000002677552,2.023900000494905,20.699400003650226,0.0,1.0531000007176772,hold,supervision_budget_exceeded,hold,supervision_budget,True,10,0,False,False,True,True,True,True,10,0,0,0,10,0,0,10,0,True,False,True,False,8856,8564,292,0.9670280036133695,6,10,1
armbench.pi05_optimized_cpu_replay.v1,row_07683__free_space__direct_dispatch__operational_20ms,row_07683__free_space__direct_dispatch,27,7683,free_space,operational_20ms,a00422d34079c464db8df8c5409bf2828aea05bbf77b08b587c170edb57e57c7,61b0433210982b6803e6e79c30ad66cf82384038c635fbc9cec97f43c2d5f63a,20.0,80.2862310083583,112.2862310076016,26.764500005810987,31.9999999992433,5.633500004478265,19.93689999653725,0.0,1.084299998183269,hold,supervision_budget_exceeded,hold,supervision_budget,True,10,0,False,False,True,True,True,True,10,0,0,0,10,0,0,10,0,True,False,True,False,7791,7418,373,0.9521242459247851,5,10,1
armbench.pi05_optimized_cpu_replay.v1,row_07683__single_block__direct_dispatch__operational_20ms,row_07683__single_block__direct_dispatch,27,7683,single_block,operational_20ms,a00422d34079c464db8df8c5409bf2828aea05bbf77b08b587c170edb57e57c7,61b0433210982b6803e6e79c30ad66cf82384038c635fbc9cec97f43c2d5f63a,20.0,80.42503100296017,96.4250310062198,26.951100000587758,16.00000000325963,2.0901999960187823,23.855300001741853,0.0,0.9003999948618002,hold,supervision_budget_exceeded,hold,supervision_budget,True,10,0,False,False,True,True,True,True,10,0,0,0,10,0,0,10,0,True,False,True,False,9010,8620,390,0.9567147613762487,5,10,1
armbench.pi05_optimized_cpu_replay.v1,row_07683__narrow_gate__direct_dispatch__operational_20ms,row_07683__narrow_gate__direct_dispatch,27,7683,narrow_gate,operational_20ms,a00422d34079c464db8df8c5409bf2828aea05bbf77b08b587c170edb57e57c7,61b0433210982b6803e6e79c30ad66cf82384038c635fbc9cec97f43c2d5f63a,20.0,80.37813100963831,96.37813101289794,23.50020000449149,16.00000000325963,4.9373000001651235,17.423599994799588,0.0,0.9887999985949136,hold,supervision_budget_exceeded,hold,supervision_budget,True,10,0,False,False,True,True,True,True,10,0,0,0,10,0,0,10,0,True,False,True,False,7992,7731,261,0.9673423423423423,4,10,1
armbench.pi05_optimized_cpu_replay.v1,row_07373__free_space__direct_dispatch__operational_20ms,row_07373__free_space__direct_dispatch,28,7373,free_space,operational_20ms,e342e284a6b9329bf43b6560e5358b71495f40177533837036afecf930c2b4c0,3dbd650490cea64352a1dbaccb6f541b5a9d1998528a622fd0fd896330c63f5e,20.0,95.29193700291216,126.29193700558972,21.65460000105668,31.000000002677552,5.232299998169765,15.226399998937268,0.0,1.040299997839611,hold,supervision_budget_exceeded,hold,supervision_budget,True,10,0,False,False,True,True,True,True,10,0,0,0,10,0,0,10,0,True,False,True,False,4851,4647,204,0.9579468150896723,6,10,1
armbench.pi05_optimized_cpu_replay.v1,row_07373__single_block__direct_dispatch__operational_20ms,row_07373__single_block__direct_dispatch,28,7373,single_block,operational_20ms,e342e284a6b9329bf43b6560e5358b71495f40177533837036afecf930c2b4c0,3dbd650490cea64352a1dbaccb6f541b5a9d1998528a622fd0fd896330c63f5e,20.0,94.81193700048607,126.81193699972937,21.701899997424334,15.999999995983671,4.383400002552662,16.298600006848574,0.0,0.8977000034064986,hold,supervision_budget_exceeded,hold,supervision_budget,True,10,0,False,False,True,True,True,True,10,0,0,0,10,0,0,10,1,False,False,True,False,6290,5996,294,0.9532591414944356,7,10,1
armbench.pi05_optimized_cpu_replay.v1,row_07373__narrow_gate__direct_dispatch__operational_20ms,row_07373__narrow_gate__direct_dispatch,28,7373,narrow_gate,operational_20ms,e342e284a6b9329bf43b6560e5358b71495f40177533837036afecf930c2b4c0,3dbd650490cea64352a1dbaccb6f541b5a9d1998528a622fd0fd896330c63f5e,20.0,94.97553700202843,125.97553700470598,23.771600004693028,31.000000002677552,4.125799998291768,18.47270000143908,0.0,1.035199995385483,hold,supervision_budget_exceeded,hold,supervision_budget,True,10,0,False,False,True,True,True,True,10,0,0,0,10,0,0,10,0,True,False,True,False,10584,10248,336,0.9682539682539683,9,10,1
armbench.pi05_optimized_cpu_replay.v1,row_07772__free_space__direct_dispatch__operational_20ms,row_07772__free_space__direct_dispatch,29,7772,free_space,operational_20ms,c3533edfda4b0016620bef05041c1b2e100c114929dc01b6c006379c8f39062d,f9efe20bb0146929d0da2aab6cb2d34cae1c034a2e8891af5c57bfffe379dbff,20.0,109.84383399772923,140.8438340004068,21.983999999065418,14.999999999417923,4.80750000133412,16.044500000134576,0.0,0.978900003246963,hold,supervision_budget_exceeded,hold,supervision_budget,True,10,0,False,False,True,True,True,True,10,0,0,0,10,0,0,10,0,True,False,True,False,9849,9389,460,0.9532947507361154,6,10,1
armbench.pi05_optimized_cpu_replay.v1,row_07772__single_block__direct_dispatch__operational_20ms,row_07772__single_block__direct_dispatch,29,7772,single_block,operational_20ms,c3533edfda4b0016620bef05041c1b2e100c114929dc01b6c006379c8f39062d,f9efe20bb0146929d0da2aab6cb2d34cae1c034a2e8891af5c57bfffe379dbff,20.0,109.91603399452288,125.91603399050655,22.850100001960527,15.999999995983671,1.672300000791438,20.627599995350465,0.0,0.48070000048028305,hold,supervision_budget_exceeded,hold,supervision_budget,True,10,0,False,False,True,True,True,True,10,0,0,0,10,0,0,10,0,True,False,True,False,19550,18639,911,0.9534015345268542,9,10,1
armbench.pi05_optimized_cpu_replay.v1,row_07772__narrow_gate__direct_dispatch__operational_20ms,row_07772__narrow_gate__direct_dispatch,29,7772,narrow_gate,operational_20ms,c3533edfda4b0016620bef05041c1b2e100c114929dc01b6c006379c8f39062d,f9efe20bb0146929d0da2aab6cb2d34cae1c034a2e8891af5c57bfffe379dbff,20.0,109.8769340023864,141.8769340016297,26.146100004552864,31.9999999992433,2.220499998657033,22.971000005782116,0.0,0.8632999961264431,hold,supervision_budget_exceeded,hold,supervision_budget,True,10,0,False,False,True,True,True,True,10,0,0,0,10,4,0,10,5,False,False,True,False,14472,13891,581,0.9598535102266446,6,10,1
armbench.pi05_optimized_cpu_replay.v1,row_00763__free_space__direct_dispatch__diagnostic_100ms,row_00763__free_space__direct_dispatch,0,763,free_space,diagnostic_100ms,2ba514276e139d381b7b19bf859e964ad7e1b157ca9f234909fb87328f08ec28,e4ddff608fdc24bbe79f4f345b6ad772cc7e47679fd0522db9fe5c0e6a4512b3,100.0,103.75407699757488,197.75407699489733,88.53600000293227,78.99999999790452,1.707100003841333,14.544500001647975,72.19440000335453,0.0,execute,qp_continuous_collision_and_braking_invariant_passed,accepted,,True,10,10,True,False,True,True,True,True,10,0,0,0,10,0,0,10,0,True,False,False,False,28665,27220,1445,0.9495900924472354,29,10,10
armbench.pi05_optimized_cpu_replay.v1,row_00763__single_block__direct_dispatch__diagnostic_100ms,row_00763__single_block__direct_dispatch,0,763,single_block,diagnostic_100ms,2ba514276e139d381b7b19bf859e964ad7e1b157ca9f234909fb87328f08ec28,e4ddff608fdc24bbe79f4f345b6ad772cc7e47679fd0522db9fe5c0e6a4512b3,100.0,102.52607700385852,196.52607700118097,89.9236999975983,93.99999999732245,1.7096000010496937,13.54160000482807,74.61879999755183,0.0,execute,qp_continuous_collision_and_braking_invariant_passed,accepted,,True,10,10,True,False,True,True,True,True,10,0,0,0,10,0,0,10,0,True,False,False,False,33150,31681,1469,0.9556862745098039,29,10,10
armbench.pi05_optimized_cpu_replay.v1,row_00763__narrow_gate__direct_dispatch__diagnostic_100ms,row_00763__narrow_gate__direct_dispatch,0,763,narrow_gate,diagnostic_100ms,2ba514276e139d381b7b19bf859e964ad7e1b157ca9f234909fb87328f08ec28,e4ddff608fdc24bbe79f4f345b6ad772cc7e47679fd0522db9fe5c0e6a4512b3,100.0,103.48747699754313,212.48747700155945,90.8181999984663,94.0000000045984,2.2709999975631945,8.848999998008367,79.58820000203559,0.0,hold,response_deadline_exceeded_before_activation,accepted,,True,10,0,False,False,True,True,False,True,10,0,0,0,10,0,0,10,0,True,False,False,True,42120,40659,1461,0.9653133903133904,29,10,10
armbench.pi05_optimized_cpu_replay.v1,row_00458__free_space__direct_dispatch__diagnostic_100ms,row_00458__free_space__direct_dispatch,1,458,free_space,diagnostic_100ms,539d85427650fb89affee25f827ab92f2803af4f4686cdda7625ebbcfc4e125f,c20bfe121e217568858d6301db3e88f8bbabf1604fdaa8e909eae454747800b5,100.0,82.58776900765952,192.5877690082416,96.0613999995985,93.99999999732245,3.9527999979327433,19.40120000654133,72.56309999502264,0.0,execute,qp_continuous_collision_and_braking_invariant_passed,accepted,,True,10,10,True,False,True,True,True,True,10,0,0,0,10,0,0,10,0,True,False,False,False,29253,27608,1645,0.9437664513041397,29,10,10
armbench.pi05_optimized_cpu_replay.v1,row_00458__single_block__direct_dispatch__diagnostic_100ms,row_00458__single_block__direct_dispatch,1,458,single_block,diagnostic_100ms,539d85427650fb89affee25f827ab92f2803af4f4686cdda7625ebbcfc4e125f,c20bfe121e217568858d6301db3e88f8bbabf1604fdaa8e909eae454747800b5,100.0,82.50796900392743,191.5079690006678,103.59099999914179,93.0000000007567,2.9821999996784143,24.805399996694177,75.34670000313781,0.32189999910769984,hold,supervision_budget_exceeded,hold,supervision_budget,True,10,0,False,False,True,True,True,True,10,0,0,0,10,0,0,10,0,True,False,True,False,33830,31980,1850,0.9453148093408218,30,10,11
armbench.pi05_optimized_cpu_replay.v1,row_00458__narrow_gate__direct_dispatch__diagnostic_100ms,row_00458__narrow_gate__direct_dispatch,1,458,narrow_gate,diagnostic_100ms,539d85427650fb89affee25f827ab92f2803af4f4686cdda7625ebbcfc4e125f,c20bfe121e217568858d6301db3e88f8bbabf1604fdaa8e909eae454747800b5,100.0,83.1604690029053,192.16046900692163,108.73340000398457,109.00000000401633,3.237900004023686,28.187500000058208,76.84710000467021,0.3466000052867457,hold,supervision_budget_exceeded,hold,supervision_budget,True,10,0,False,False,True,True,True,True,10,0,0,0,10,0,0,10,0,True,False,True,False,42984,41284,1700,0.9604504001488926,30,10,11
armbench.pi05_optimized_cpu_replay.v1,row_00222__free_space__direct_dispatch__diagnostic_100ms,row_00222__free_space__direct_dispatch,2,222,free_space,diagnostic_100ms,7ed64e746df909ff0c71898c554048b30bb88de50d94a6f43787c50679b174e2,21da2b9970d3e9644b5f044a5dcc016b6b5053a5b4e9c17bce52d4303d2b3600,100.0,171.54230199957965,218.54230199824087,31.763999999384396,46.999999998661224,5.641400006425101,25.292599995736964,0.0,0.6397999968612567,hold,response_deadline_exceeded_during_supervision,hold,deadline,True,10,0,False,False,True,True,True,True,10,0,0,0,10,0,0,10,0,True,False,False,True,9555,9098,457,0.9521716378859236,8,10,1
armbench.pi05_optimized_cpu_replay.v1,row_00222__single_block__direct_dispatch__diagnostic_100ms,row_00222__single_block__direct_dispatch,2,222,single_block,diagnostic_100ms,7ed64e746df909ff0c71898c554048b30bb88de50d94a6f43787c50679b174e2,21da2b9970d3e9644b5f044a5dcc016b6b5053a5b4e9c17bce52d4303d2b3600,100.0,171.895202001906,218.89520200056722,35.255699993285816,46.999999998661224,5.457600003865082,29.22180000314256,0.0,0.43649999861372635,hold,response_deadline_exceeded_during_supervision,hold,deadline,True,10,0,False,False,True,True,True,True,10,0,0,0,10,0,0,10,0,True,False,False,True,11390,10791,599,0.9474100087796312,6,10,1
armbench.pi05_optimized_cpu_replay.v1,row_00222__narrow_gate__direct_dispatch__diagnostic_100ms,row_00222__narrow_gate__direct_dispatch,2,222,narrow_gate,diagnostic_100ms,7ed64e746df909ff0c71898c554048b30bb88de50d94a6f43787c50679b174e2,21da2b9970d3e9644b5f044a5dcc016b6b5053a5b4e9c17bce52d4303d2b3600,100.0,171.71460199460853,202.71460199728608,26.848000001336914,31.000000002677552,5.655600005411543,20.388799995998852,0.0,0.6318000014289282,hold,continuous_edge_rejected:collision:static:gate_upper:link6,hold,continuous_collision,True,10,0,False,False,True,True,True,True,10,0,0,0,10,3,0,10,5,False,False,False,True,10800,10310,485,0.9546296296296296,8,10,1
armbench.pi05_optimized_cpu_replay.v1,row_01467__free_space__direct_dispatch__diagnostic_100ms,row_01467__free_space__direct_dispatch,3,1467,free_space,diagnostic_100ms,0d05a20d8a90b30eac6e6dfc2e65c5d447cb062d06863c48db1367dbdc8d27af,4f17f5dfea4ea95c98fd42f459cd72d84c6d64fa6c129fbeb17b753364002cf1,100.0,92.3235240043141,202.32352400489617,90.60939999471884,93.99999999732245,3.03140000323765,21.179099996516015,66.29909999901429,0.0,hold,response_deadline_exceeded_before_activation,accepted,,True,10,0,False,False,True,True,False,True,10,0,0,0,10,0,0,10,0,True,False,False,True,26019,24758,1261,0.9515354164264576,29,10,10
armbench.pi05_optimized_cpu_replay.v1,row_01467__single_block__direct_dispatch__diagnostic_100ms,row_01467__single_block__direct_dispatch,3,1467,single_block,diagnostic_100ms,0d05a20d8a90b30eac6e6dfc2e65c5d447cb062d06863c48db1367dbdc8d27af,4f17f5dfea4ea95c98fd42f459cd72d84c6d64fa6c129fbeb17b753364002cf1,100.0,92.74982400529552,201.7498240020359,105.41720000037458,108.99999999674037,4.145899998547975,20.55520000430988,80.25309999356978,0.3150000047753565,hold,supervision_budget_exceeded,hold,supervision_budget,True,10,0,False,False,True,True,True,True,10,0,0,0,10,0,0,10,0,True,False,True,True,41650,39656,1994,0.952124849939976,30,10,11
armbench.pi05_optimized_cpu_replay.v1,row_01467__narrow_gate__direct_dispatch__diagnostic_100ms,row_01467__narrow_gate__direct_dispatch,3,1467,narrow_gate,diagnostic_100ms,0d05a20d8a90b30eac6e6dfc2e65c5d447cb062d06863c48db1367dbdc8d27af,4f17f5dfea4ea95c98fd42f459cd72d84c6d64fa6c129fbeb17b753364002cf1,100.0,92.48282400221797,186.48282399954041,79.53709999856073,78.00000000133878,4.416800002218224,18.70480000070529,56.29790000239154,0.0,execute,qp_continuous_collision_and_braking_invariant_passed,accepted,,True,10,10,True,False,True,True,True,True,10,0,0,0,10,0,0,10,0,True,False,False,False,39528,37538,1990,0.9496559400930986,29,10,10
armbench.pi05_optimized_cpu_replay.v1,row_00954__free_space__direct_dispatch__diagnostic_100ms,row_00954__free_space__direct_dispatch,4,954,free_space,diagnostic_100ms,8c426cf29f252a7c103234ca72eff693daec4272e1eff735e0f325be6c8368bb,541ef1c389b4780c1bc25075e466ca00805d06391dbce79e67b43e6b6a02ff42,100.0,84.07754999643657,209.07754999643657,110.2418000009493,109.00000000401633,1.779400001396425,31.77510000386974,75.73799999954645,0.8505000005243346,hold,supervision_budget_exceeded,hold,supervision_budget,True,10,0,False,False,True,True,True,True,10,0,0,0,10,0,0,10,0,True,False,True,True,43365,40920,2445,0.9436181252161882,24,10,8
armbench.pi05_optimized_cpu_replay.v1,row_00954__single_block__direct_dispatch__diagnostic_100ms,row_00954__single_block__direct_dispatch,4,954,single_block,diagnostic_100ms,8c426cf29f252a7c103234ca72eff693daec4272e1eff735e0f325be6c8368bb,541ef1c389b4780c1bc25075e466ca00805d06391dbce79e67b43e6b6a02ff42,100.0,83.76884999597678,208.76884999597678,116.48820000118576,109.00000000401633,1.8713000026764348,49.104600002465304,64.795199999935,0.6076999998185784,hold,supervision_budget_exceeded,hold,supervision_budget,True,10,0,False,False,True,True,True,True,10,0,0,0,10,0,0,10,0,True,False,True,True,39270,37374,1896,0.9517188693659282,20,10,6
armbench.pi05_optimized_cpu_replay.v1,row_00954__narrow_gate__direct_dispatch__diagnostic_100ms,row_00954__narrow_gate__direct_dispatch,4,954,narrow_gate,diagnostic_100ms,8c426cf29f252a7c103234ca72eff693daec4272e1eff735e0f325be6c8368bb,541ef1c389b4780c1bc25075e466ca00805d06391dbce79e67b43e6b6a02ff42,100.0,83.80704999581212,192.80704999982845,105.95089999696938,94.0000000045984,5.648199999995995,57.79529999563238,41.46780000155559,0.8882999973138794,hold,supervision_budget_exceeded,hold,supervision_budget,True,10,0,False,False,True,True,True,True,10,0,0,0,10,0,0,10,0,True,False,True,False,42984,41042,1942,0.954820398287735,18,10,5
armbench.pi05_optimized_cpu_replay.v1,row_01576__free_space__direct_dispatch__diagnostic_100ms,row_01576__free_space__direct_dispatch,5,1576,free_space,diagnostic_100ms,a51612a00a37d0ea3749eb912a6f60afe1d9cd2ca5587f61e5ab60e8a19f447a,ceffaae899c86b7cad94d1a21bba4a80279a12dae6dc59022e88ec0d8034bbec,100.0,109.7861300004297,187.78613000176847,76.97679999546381,78.00000000133878,4.3224999972153455,23.201199997856747,49.33619999792427,0.0,execute,qp_continuous_collision_and_braking_invariant_passed,accepted,,True,10,10,True,False,True,True,True,True,10,0,0,0,10,0,0,10,0,True,False,False,False,21609,20576,1033,0.9521958443241242,29,10,10
armbench.pi05_optimized_cpu_replay.v1,row_01576__single_block__direct_dispatch__diagnostic_100ms,row_01576__single_block__direct_dispatch,5,1576,single_block,diagnostic_100ms,a51612a00a37d0ea3749eb912a6f60afe1d9cd2ca5587f61e5ab60e8a19f447a,ceffaae899c86b7cad94d1a21bba4a80279a12dae6dc59022e88ec0d8034bbec,100.0,109.48412999277934,219.48412999336142,95.18829999433365,110.00000000058208,3.4921000042231753,16.688200004864484,73.9157999996678,0.9539000020595267,hold,response_deadline_exceeded_during_supervision,hold,deadline,True,10,0,False,False,True,True,True,True,10,0,0,0,10,0,0,10,0,True,False,False,True,24990,23932,1058,0.9576630652260905,30,10,11
armbench.pi05_optimized_cpu_replay.v1,row_01576__narrow_gate__direct_dispatch__diagnostic_100ms,row_01576__narrow_gate__direct_dispatch,5,1576,narrow_gate,diagnostic_100ms,a51612a00a37d0ea3749eb912a6f60afe1d9cd2ca5587f61e5ab60e8a19f447a,ceffaae899c86b7cad94d1a21bba4a80279a12dae6dc59022e88ec0d8034bbec,100.0,109.35532999428688,203.35532999160932,87.86030000192113,93.99999999732245,5.43640000250889,10.9842000019853,71.2816000013845,0.0,hold,response_deadline_exceeded_before_activation,accepted,,True,10,0,False,False,True,True,False,True,10,0,0,0,10,0,0,10,0,True,False,False,True,31752,30699,1053,0.9668367346938775,29,10,10
armbench.pi05_optimized_cpu_replay.v1,row_02114__free_space__direct_dispatch__diagnostic_100ms,row_02114__free_space__direct_dispatch,6,2114,free_space,diagnostic_100ms,3c8a04cfba03e28f556b668ecfc39ba1f3c6f600ae28115bb0d484f228805822,b450e7ad3d6478be6418531fda01e2f47bd1fa86a3054195fa3e89dd7bafae17,100.0,84.57347300281981,209.5734730028198,110.22390000289306,108.99999999674037,1.743400003761053,29.923200003395323,78.13009999517817,0.3404000017326325,hold,supervision_budget_exceeded,hold,supervision_budget,True,10,0,False,False,True,True,True,True,10,0,0,0,10,0,0,10,0,True,False,True,True,51009,48269,2740,0.9462839890999627,28,10,10
armbench.pi05_optimized_cpu_replay.v1,row_02114__single_block__direct_dispatch__diagnostic_100ms,row_02114__single_block__direct_dispatch,6,2114,single_block,diagnostic_100ms,3c8a04cfba03e28f556b668ecfc39ba1f3c6f600ae28115bb0d484f228805822,b450e7ad3d6478be6418531fda01e2f47bd1fa86a3054195fa3e89dd7bafae17,100.0,85.05257299839286,194.05257299513323,103.61930000362918,108.99999999674037,1.8877000038628466,16.438400001788978,84.6220999956131,0.5643999975291081,hold,supervision_budget_exceeded,hold,supervision_budget,True,10,0,False,False,True,True,True,True,10,0,0,0,10,0,0,10,0,True,False,True,False,58990,56109,2881,0.9511612137650449,28,10,10
armbench.pi05_optimized_cpu_replay.v1,row_02114__narrow_gate__direct_dispatch__diagnostic_100ms,row_02114__narrow_gate__direct_dispatch,6,2114,narrow_gate,diagnostic_100ms,3c8a04cfba03e28f556b668ecfc39ba1f3c6f600ae28115bb0d484f228805822,b450e7ad3d6478be6418531fda01e2f47bd1fa86a3054195fa3e89dd7bafae17,100.0,85.04487299796892,116.04487300064648,15.608900001097936,16.00000000325963,3.262500002165325,11.888199995155446,0.0,0.35659999412018806,hold,continuous_edge_rejected:collision:static:gate_lower:link6,hold,continuous_collision,True,10,0,False,False,True,True,True,True,10,0,0,0,10,5,0,10,7,False,False,False,False,11664,11186,471,0.9590192043895748,6,10,1
armbench.pi05_optimized_cpu_replay.v1,row_02316__free_space__direct_dispatch__diagnostic_100ms,row_02316__free_space__direct_dispatch,7,2316,free_space,diagnostic_100ms,307d796186bec85694ad45ec5f0f36b6c2d4136025b8788f52b21f8ce81cefc3,4eb6f0c33cfea87817ea47ba3691beea6689e4326d4b265a74641f01503e5d46,100.0,81.15441800327972,206.15441800327972,110.30160000518663,110.00000000058208,3.6875999940093607,23.673299998336006,81.68339999974705,0.8320000051753595,hold,supervision_budget_exceeded,hold,supervision_budget,True,10,0,False,False,True,True,True,True,10,0,0,0,10,0,0,10,0,True,False,True,True,26901,25445,1456,0.9458756180067656,26,10,9
armbench.pi05_optimized_cpu_replay.v1,row_02316__single_block__direct_dispatch__diagnostic_100ms,row_02316__single_block__direct_dispatch,7,2316,single_block,diagnostic_100ms,307d796186bec85694ad45ec5f0f36b6c2d4136025b8788f52b21f8ce81cefc3,4eb6f0c33cfea87817ea47ba3691beea6689e4326d4b265a74641f01503e5d46,100.0,81.35241799755022,206.35241799755022,109.76189999928465,110.00000000058208,4.32849999924656,33.46079999755602,71.30400000460213,0.5264000064926222,hold,supervision_budget_exceeded,hold,supervision_budget,True,10,0,False,False,True,True,True,True,10,0,0,0,10,0,0,10,0,True,False,True,True,36550,34387,2163,0.9408207934336525,30,10,11
armbench.pi05_optimized_cpu_replay.v1,row_02316__narrow_gate__direct_dispatch__diagnostic_100ms,row_02316__narrow_gate__direct_dispatch,7,2316,narrow_gate,diagnostic_100ms,307d796186bec85694ad45ec5f0f36b6c2d4136025b8788f52b21f8ce81cefc3,4eb6f0c33cfea87817ea47ba3691beea6689e4326d4b265a74641f01503e5d46,100.0,81.5732180053601,112.57321800803766,21.135900002263952,16.00000000325963,4.014999998616986,16.594000000623055,0.0,0.4104999970877543,hold,continuous_edge_rejected:collision:static:gate_lower:link6,hold,continuous_collision,True,10,0,False,False,True,True,True,True,10,0,0,0,10,3,0,10,5,False,False,False,False,15552,14874,670,0.9564043209876543,8,10,1
armbench.pi05_optimized_cpu_replay.v1,row_02045__free_space__direct_dispatch__diagnostic_100ms,row_02045__free_space__direct_dispatch,8,2045,free_space,diagnostic_100ms,35bb006359368f4079d94be18fc9d2261932ba0be13c6387627761460fdfd649,21bb222523a68d85dbd4f6c83a8c1b450d40a364adf8ee4e45280df78bc18027,100.0,107.79295300744707,154.7929530061083,41.761200001928955,31.9999999992433,4.006199997093063,5.851599999004975,31.792699999641627,0.0,execute,qp_continuous_collision_and_braking_invariant_passed,accepted,,True,10,10,True,False,True,True,True,True,10,0,0,0,10,0,0,10,0,True,False,False,False,9555,9189,366,0.9616954474097331,29,10,10
armbench.pi05_optimized_cpu_replay.v1,row_02045__single_block__direct_dispatch__diagnostic_100ms,row_02045__single_block__direct_dispatch,8,2045,single_block,diagnostic_100ms,35bb006359368f4079d94be18fc9d2261932ba0be13c6387627761460fdfd649,21bb222523a68d85dbd4f6c83a8c1b450d40a364adf8ee4e45280df78bc18027,100.0,107.84735299966997,170.84735300159082,58.82669999846257,46.999999998661224,4.618999999365769,11.175999999977648,42.84880000341218,0.0,execute,qp_continuous_collision_and_braking_invariant_passed,accepted,,True,10,10,True,False,True,True,True,True,10,0,0,0,10,0,0,10,0,True,False,False,False,12410,11830,580,0.9532634971796938,29,10,10
armbench.pi05_optimized_cpu_replay.v1,row_02045__narrow_gate__direct_dispatch__diagnostic_100ms,row_02045__narrow_gate__direct_dispatch,8,2045,narrow_gate,diagnostic_100ms,35bb006359368f4079d94be18fc9d2261932ba0be13c6387627761460fdfd649,21bb222523a68d85dbd4f6c83a8c1b450d40a364adf8ee4e45280df78bc18027,100.0,108.03035300341435,155.03035300207557,54.86399999790592,46.999999998661224,4.301000000850763,13.446099997963756,37.00140000000829,0.0,execute,qp_continuous_collision_and_braking_invariant_passed,accepted,,True,10,10,True,False,True,True,True,True,10,0,0,0,10,0,0,10,0,True,False,False,False,14040,13560,480,0.9658119658119658,29,10,10
armbench.pi05_optimized_cpu_replay.v1,row_02736__free_space__direct_dispatch__diagnostic_100ms,row_02736__free_space__direct_dispatch,9,2736,free_space,diagnostic_100ms,62b013ffb3379eba43666abbd0be0848858bc836836b094e25ea8d74cfde9e2c,0b565a6938d9bb0b57977d079796fcc4c108d1841f47a0f986253144c3870174,100.0,79.95957398816245,188.95957398490282,103.16340000281343,108.99999999674037,2.7359999949112535,27.8725999960443,71.74729999678675,0.7326999984798022,hold,supervision_budget_exceeded,hold,supervision_budget,True,10,0,False,False,True,True,True,True,10,0,0,0,10,0,0,10,0,True,False,True,False,39249,37190,2059,0.9475400647150246,24,10,8
armbench.pi05_optimized_cpu_replay.v1,row_02736__single_block__direct_dispatch__diagnostic_100ms,row_02736__single_block__direct_dispatch,9,2736,single_block,diagnostic_100ms,62b013ffb3379eba43666abbd0be0848858bc836836b094e25ea8d74cfde9e2c,0b565a6938d9bb0b57977d079796fcc4c108d1841f47a0f986253144c3870174,100.0,80.01317399612162,205.01317399612162,112.34980000153882,125.0,4.442099998414051,29.333200000110082,77.77989999885904,0.6485000048996881,hold,supervision_budget_exceeded,hold,supervision_budget,True,10,0,False,False,True,True,True,True,10,0,0,0,10,0,0,10,0,True,False,True,True,52190,49001,3189,0.9388963402950757,26,10,9
armbench.pi05_optimized_cpu_replay.v1,row_02736__narrow_gate__direct_dispatch__diagnostic_100ms,row_02736__narrow_gate__direct_dispatch,9,2736,narrow_gate,diagnostic_100ms,62b013ffb3379eba43666abbd0be0848858bc836836b094e25ea8d74cfde9e2c,0b565a6938d9bb0b57977d079796fcc4c108d1841f47a0f986253144c3870174,100.0,80.14397399529116,111.14397399796871,28.30520000134129,31.000000002677552,5.06189999578055,22.355100001732353,0.0,0.738300004741177,hold,continuous_edge_rejected:collision:static:gate_lower:link6,hold,continuous_collision,True,10,0,False,False,True,True,True,True,10,0,0,0,10,5,0,10,7,False,False,False,False,11664,11153,503,0.9561899862825789,6,10,1
armbench.pi05_optimized_cpu_replay.v1,row_02456__free_space__direct_dispatch__diagnostic_100ms,row_02456__free_space__direct_dispatch,10,2456,free_space,diagnostic_100ms,a805df171f5b2a0bb37e82ee33c913be28ab363a08c40943c47745c4be5f166b,606d95c489296b5f4e2fde5d9b28e0f52167c7824e5ba4cee1b52a1be5d798c3,100.0,160.5769509988022,207.57695099746343,43.358199996873736,46.999999998661224,3.833000002487097,38.32620000321185,0.0,1.0799000010592863,hold,response_deadline_exceeded_during_supervision,hold,deadline,True,10,0,False,False,True,True,True,True,10,0,0,0,10,0,0,10,0,True,False,False,True,16611,15847,764,0.9540063813135874,9,10,1
armbench.pi05_optimized_cpu_replay.v1,row_02456__single_block__direct_dispatch__diagnostic_100ms,row_02456__single_block__direct_dispatch,10,2456,single_block,diagnostic_100ms,a805df171f5b2a0bb37e82ee33c913be28ab363a08c40943c47745c4be5f166b,606d95c489296b5f4e2fde5d9b28e0f52167c7824e5ba4cee1b52a1be5d798c3,100.0,160.99725099775242,207.99725099641364,43.28469999745721,46.999999998661224,1.5822000059415586,34.0035999979591,6.822800001828,0.7794999983161688,hold,response_deadline_exceeded_during_supervision,hold,deadline,True,10,0,False,False,True,True,True,True,10,0,0,0,10,0,0,10,0,True,False,False,True,25670,24292,1378,0.9463186599142969,16,10,4
armbench.pi05_optimized_cpu_replay.v1,row_02456__narrow_gate__direct_dispatch__diagnostic_100ms,row_02456__narrow_gate__direct_dispatch,10,2456,narrow_gate,diagnostic_100ms,a805df171f5b2a0bb37e82ee33c913be28ab363a08c40943c47745c4be5f166b,606d95c489296b5f4e2fde5d9b28e0f52167c7824e5ba4cee1b52a1be5d798c3,100.0,160.55815100116888,191.55815100384643,23.0331999991904,31.000000002677552,4.980099998647347,17.00709999568062,0.0,0.901699997484684,hold,continuous_edge_rejected:collision:static:gate_lower:link6,hold,continuous_collision,True,10,0,False,False,True,True,True,True,10,0,0,0,10,5,0,10,7,False,False,False,False,11232,10725,499,0.9548611111111112,6,10,1
armbench.pi05_optimized_cpu_replay.v1,row_02938__free_space__direct_dispatch__diagnostic_100ms,row_02938__free_space__direct_dispatch,11,2938,free_space,diagnostic_100ms,30d16912ce8098c60d419bf30ed1491235b796b186f2378fa0ebdef754cc31fd,d5c708014600a7920be64b6acc05dd2153f49c780015898b4d746c2bc4c494ab,100.0,111.70350899919868,205.70350899652112,89.30850000615465,93.99999999732245,4.777699999976903,26.310000001103617,57.58339999738382,0.5470999967656098,hold,response_deadline_exceeded_during_supervision,hold,deadline,True,10,0,False,False,True,True,True,True,10,0,0,0,10,0,0,10,0,True,False,False,True,37485,35457,2028,0.9458983593437374,26,10,9
armbench.pi05_optimized_cpu_replay.v1,row_02938__single_block__direct_dispatch__diagnostic_100ms,row_02938__single_block__direct_dispatch,11,2938,single_block,diagnostic_100ms,30d16912ce8098c60d419bf30ed1491235b796b186f2378fa0ebdef754cc31fd,d5c708014600a7920be64b6acc05dd2153f49c780015898b4d746c2bc4c494ab,100.0,111.67890899378108,220.6789089977974,97.11049999896204,94.0000000045984,4.13519999710843,17.457699999795295,75.04830000107177,0.35039999784203246,hold,response_deadline_exceeded_during_supervision,hold,deadline,True,10,0,False,False,True,True,True,True,10,0,0,0,10,0,0,10,0,True,False,False,True,46070,43842,2228,0.9516388105057522,28,10,10
armbench.pi05_optimized_cpu_replay.v1,row_02938__narrow_gate__direct_dispatch__diagnostic_100ms,row_02938__narrow_gate__direct_dispatch,11,2938,narrow_gate,diagnostic_100ms,30d16912ce8098c60d419bf30ed1491235b796b186f2378fa0ebdef754cc31fd,d5c708014600a7920be64b6acc05dd2153f49c780015898b4d746c2bc4c494ab,100.0,111.79980899760267,205.79980899492512,90.21219999704044,93.99999999732245,3.670600002806168,27.986300003249198,57.53170000389218,0.8958999969763681,hold,response_deadline_exceeded_during_supervision,hold,deadline,True,10,0,False,False,True,True,True,True,10,0,0,0,10,0,0,10,0,True,False,False,True,55080,52696,2384,0.956717501815541,26,10,9
armbench.pi05_optimized_cpu_replay.v1,row_03122__free_space__direct_dispatch__diagnostic_100ms,row_03122__free_space__direct_dispatch,12,3122,free_space,diagnostic_100ms,4fd1a98f6e18bda6afca61b1213f09c92ed3fce35dcd8c4d53333ce515224354,fae786a4aad836002b16172491457936b523b19e2e002e95e4b9cb634083a717,100.0,81.44486000674078,191.44486000732286,102.77679999853717,93.99999999732245,1.6067000033217482,18.25239999743644,82.08269999886397,0.7449999975506216,hold,supervision_budget_exceeded,hold,supervision_budget,True,10,0,False,False,True,True,True,True,10,0,0,0,10,0,0,10,0,True,False,True,False,38661,36371,2290,0.9407671813972738,30,10,11
armbench.pi05_optimized_cpu_replay.v1,row_03122__single_block__direct_dispatch__diagnostic_100ms,row_03122__single_block__direct_dispatch,12,3122,single_block,diagnostic_100ms,4fd1a98f6e18bda6afca61b1213f09c92ed3fce35dcd8c4d53333ce515224354,fae786a4aad836002b16172491457936b523b19e2e002e95e4b9cb634083a717,100.0,81.17976000357885,190.17976000031922,103.37630000140052,93.0000000007567,4.620400002750102,38.24549999990268,59.89250000129687,0.4478999981074594,hold,supervision_budget_exceeded,hold,supervision_budget,True,10,0,False,False,True,True,True,True,10,0,0,0,10,0,0,10,0,True,False,True,False,31110,29626,1484,0.9522982963677274,24,10,8
armbench.pi05_optimized_cpu_replay.v1,row_03122__narrow_gate__direct_dispatch__diagnostic_100ms,row_03122__narrow_gate__direct_dispatch,12,3122,narrow_gate,diagnostic_100ms,4fd1a98f6e18bda6afca61b1213f09c92ed3fce35dcd8c4d53333ce515224354,fae786a4aad836002b16172491457936b523b19e2e002e95e4b9cb634083a717,100.0,81.26705999893602,190.26706000295235,107.8196999951615,109.00000000401633,4.491899999266025,29.95340000052238,72.95309999608435,0.30700000206707045,hold,supervision_budget_exceeded,hold,supervision_budget,True,10,0,False,False,True,True,True,True,10,0,0,0,10,0,0,10,0,True,False,True,False,49896,47920,1976,0.9603976270642938,28,10,10
armbench.pi05_optimized_cpu_replay.v1,row_03163__free_space__direct_dispatch__diagnostic_100ms,row_03163__free_space__direct_dispatch,13,3163,free_space,diagnostic_100ms,e3ad14c7d499ec5ce4892eb2bef290b5e056a2b62568859245b6356da12457fb,ffa917dcd4fa88b9be0656ad8c111499b9a6bfff234650d693827eb9d1d5f76c,100.0,80.90778300538659,174.907783009985,100.88259999611182,94.0000000045984,4.2744999955175444,31.202600002870895,64.49099999736063,0.7565999985672534,hold,supervision_budget_exceeded,hold,supervision_budget,True,10,0,False,False,True,True,True,True,10,0,0,0,10,0,0,10,0,True,False,True,False,28077,26627,1450,0.9483563058731346,28,10,10
armbench.pi05_optimized_cpu_replay.v1,row_03163__single_block__direct_dispatch__diagnostic_100ms,row_03163__single_block__direct_dispatch,13,3163,single_block,diagnostic_100ms,e3ad14c7d499ec5ce4892eb2bef290b5e056a2b62568859245b6356da12457fb,ffa917dcd4fa88b9be0656ad8c111499b9a6bfff234650d693827eb9d1d5f76c,100.0,80.80188299936708,205.80188299936708,113.28150000190362,125.0,1.848600004450418,23.96930000395514,86.33259999623988,1.0116000048583373,hold,supervision_budget_exceeded,hold,supervision_budget,True,10,0,False,False,True,True,True,True,10,0,0,0,10,0,0,10,0,True,False,True,True,35190,33588,1602,0.9544757033248081,30,10,11
armbench.pi05_optimized_cpu_replay.v1,row_03163__narrow_gate__direct_dispatch__diagnostic_100ms,row_03163__narrow_gate__direct_dispatch,13,3163,narrow_gate,diagnostic_100ms,e3ad14c7d499ec5ce4892eb2bef290b5e056a2b62568859245b6356da12457fb,ffa917dcd4fa88b9be0656ad8c111499b9a6bfff234650d693827eb9d1d5f76c,100.0,81.32088300044416,206.32088300044416,109.47780000424245,108.99999999674037,3.942700001061894,32.018400001106784,72.62369999807561,0.7516000041505322,hold,supervision_budget_exceeded,hold,supervision_budget,True,10,0,False,False,True,True,True,True,10,0,0,0,10,0,0,10,0,True,False,True,True,37800,36457,1343,0.9644708994708995,26,10,9
armbench.pi05_optimized_cpu_replay.v1,row_03741__free_space__direct_dispatch__diagnostic_100ms,row_03741__free_space__direct_dispatch,14,3741,free_space,diagnostic_100ms,4b7907e4aad9dc6e77f813e772c59d0c7169c40282363ff493a33e879b87cde7,919e5f396da973e2cf7f371f4f3431bd547e13a2c08ca1b5ae4da4003096c020,100.0,109.97415299789282,218.9741529946332,93.94269999756943,93.0000000007567,4.9262000029557385,33.997099999396596,54.11630000162404,0.7607000006828457,hold,response_deadline_exceeded_during_supervision,hold,deadline,True,10,0,False,False,True,True,True,True,10,0,0,0,10,0,0,10,0,True,False,False,True,25725,24310,1415,0.9449951409135082,24,10,8
armbench.pi05_optimized_cpu_replay.v1,row_03741__single_block__direct_dispatch__diagnostic_100ms,row_03741__single_block__direct_dispatch,14,3741,single_block,diagnostic_100ms,4b7907e4aad9dc6e77f813e772c59d0c7169c40282363ff493a33e879b87cde7,919e5f396da973e2cf7f371f4f3431bd547e13a2c08ca1b5ae4da4003096c020,100.0,110.02595299942186,219.0259530034382,104.21850000420818,109.00000000401633,5.579899996519089,18.39800000016112,79.36199999676319,0.7479999985662289,hold,response_deadline_exceeded_during_supervision,hold,deadline,True,10,0,False,False,True,True,True,True,10,0,0,0,10,0,0,10,0,True,False,True,True,32470,30867,1603,0.9506313520172467,26,10,9
armbench.pi05_optimized_cpu_replay.v1,row_03741__narrow_gate__direct_dispatch__diagnostic_100ms,row_03741__narrow_gate__direct_dispatch,14,3741,narrow_gate,diagnostic_100ms,4b7907e4aad9dc6e77f813e772c59d0c7169c40282363ff493a33e879b87cde7,919e5f396da973e2cf7f371f4f3431bd547e13a2c08ca1b5ae4da4003096c020,100.0,109.7219529983704,219.72195299895247,97.29460000380641,93.99999999732245,4.193199994915631,32.52559999964433,59.57540000235895,0.8468999949400313,hold,response_deadline_exceeded_during_supervision,hold,deadline,True,10,0,False,False,True,True,True,True,10,0,0,0,10,0,0,10,0,True,False,False,True,37800,36362,1438,0.961957671957672,24,10,8
armbench.pi05_optimized_cpu_replay.v1,row_04298__free_space__direct_dispatch__diagnostic_100ms,row_04298__free_space__direct_dispatch,15,4298,free_space,diagnostic_100ms,2c585a1039cfc500fc7fe28c85a25ec32786fd8b15a0dad94b58ee736a663d79,94e313ab8d7786043893f7af3f613152522a820610d690acb2a3edc9ef4ba28e,100.0,80.53666400519433,189.5366640019347,103.7069000012707,93.99999999732245,1.6193999981624074,22.294700000202283,78.8745999961975,0.8244999989983626,hold,supervision_budget_exceeded,hold,supervision_budget,True,10,0,False,False,True,True,True,True,10,0,0,0,10,0,0,10,0,True,False,True,False,37485,35268,2217,0.9408563425370148,22,10,7
armbench.pi05_optimized_cpu_replay.v1,row_04298__single_block__direct_dispatch__diagnostic_100ms,row_04298__single_block__direct_dispatch,15,4298,single_block,diagnostic_100ms,2c585a1039cfc500fc7fe28c85a25ec32786fd8b15a0dad94b58ee736a663d79,94e313ab8d7786043893f7af3f613152522a820610d690acb2a3edc9ef4ba28e,100.0,80.55936400342034,190.55936400400242,109.44529999687802,110.00000000058208,4.588399999192916,43.45620000094641,60.22820000362117,0.4735999973490834,hold,supervision_budget_exceeded,hold,supervision_budget,True,10,0,False,False,True,True,True,True,10,0,0,0,10,0,0,10,0,True,False,True,False,37910,35918,1992,0.9474544974940649,20,10,6
armbench.pi05_optimized_cpu_replay.v1,row_04298__narrow_gate__direct_dispatch__diagnostic_100ms,row_04298__narrow_gate__direct_dispatch,15,4298,narrow_gate,diagnostic_100ms,2c585a1039cfc500fc7fe28c85a25ec32786fd8b15a0dad94b58ee736a663d79,94e313ab8d7786043893f7af3f613152522a820610d690acb2a3edc9ef4ba28e,100.0,81.24266399681801,190.24266399355838,106.32389999955194,108.99999999674037,1.721100001304876,34.38079999614274,69.88849999470403,0.2640000020619482,hold,supervision_budget_exceeded,hold,supervision_budget,True,10,0,False,False,True,True,True,True,10,0,0,0,10,0,0,10,0,True,False,True,False,82296,78661,3635,0.955830174006027,30,10,11
armbench.pi05_optimized_cpu_replay.v1,row_03805__free_space__direct_dispatch__diagnostic_100ms,row_03805__free_space__direct_dispatch,16,3805,free_space,diagnostic_100ms,ed3ed2f05c450ceca326c550433117debafac7329c3cf9d83392e865de84d20b,091b2783ea65091b38cc9287d80dd29b0944a0b9ec326d95fda267eec534df0f,100.0,142.3698360013077,204.3698360066628,59.81869999959599,62.000000005355105,1.6210000030696392,21.370400005253032,36.46339999977499,0.2890999967348762,hold,response_deadline_exceeded_during_supervision,hold,deadline,True,10,0,False,False,True,True,True,True,10,0,0,0,10,0,0,10,0,True,False,False,True,23667,22479,1188,0.9498035238940297,26,10,9
armbench.pi05_optimized_cpu_replay.v1,row_03805__single_block__direct_dispatch__diagnostic_100ms,row_03805__single_block__direct_dispatch,16,3805,single_block,diagnostic_100ms,ed3ed2f05c450ceca326c550433117debafac7329c3cf9d83392e865de84d20b,091b2783ea65091b38cc9287d80dd29b0944a0b9ec326d95fda267eec534df0f,100.0,142.41793600376695,174.41793600301025,21.39770000212593,31.9999999992433,5.663700001605321,14.751399998203851,0.0,0.8627999995951541,hold,continuous_edge_rejected:collision:static:center_block:link6,hold,continuous_collision,True,10,0,False,False,True,True,True,True,10,0,0,0,10,3,0,10,4,False,False,False,False,6800,6467,326,0.9510294117647059,8,10,1
armbench.pi05_optimized_cpu_replay.v1,row_03805__narrow_gate__direct_dispatch__diagnostic_100ms,row_03805__narrow_gate__direct_dispatch,16,3805,narrow_gate,diagnostic_100ms,ed3ed2f05c450ceca326c550433117debafac7329c3cf9d83392e865de84d20b,091b2783ea65091b38cc9287d80dd29b0944a0b9ec326d95fda267eec534df0f,100.0,142.3951360047795,173.39513600018108,24.14699999644654,30.999999995401595,4.278400003386196,19.36530000239145,0.0,0.3345000004628673,hold,continuous_edge_rejected:collision:static:gate_center:link6,hold,continuous_collision,True,10,0,False,False,True,True,True,True,10,0,0,0,10,1,0,10,3,False,False,False,False,14256,13680,570,0.9595959595959596,10,10,1
armbench.pi05_optimized_cpu_replay.v1,row_03853__free_space__direct_dispatch__diagnostic_100ms,row_03853__free_space__direct_dispatch,17,3853,free_space,diagnostic_100ms,fe36ac0713605fcc57897c367ab31e5b11dbf505ac76505ab7d16f946de13db9,f7709bd9d6a771cb40508d80a0dd423dd43ec32e003ed984a734551e880e8d3e,100.0,113.17077699641231,144.17077699908987,15.217100000882056,16.00000000325963,4.881499997281935,9.330599998065736,0.0,0.8787000042502768,hold,continuous_edge_rejected:collision:self:link5:geom_32:link7:geom_59,hold,continuous_collision,True,10,0,False,False,True,True,True,True,10,0,0,0,10,1,0,10,0,False,False,False,False,3822,3637,184,0.9515960230245945,3,10,1
armbench.pi05_optimized_cpu_replay.v1,row_03853__single_block__direct_dispatch__diagnostic_100ms,row_03853__single_block__direct_dispatch,17,3853,single_block,diagnostic_100ms,fe36ac0713605fcc57897c367ab31e5b11dbf505ac76505ab7d16f946de13db9,f7709bd9d6a771cb40508d80a0dd423dd43ec32e003ed984a734551e880e8d3e,100.0,113.29717699845787,129.2971770017175,14.367899995704647,16.00000000325963,3.6559000000124797,9.69700000132434,0.0,0.9158999964711256,hold,continuous_edge_rejected:collision:self:link5:geom_33:link7:geom_60,hold,continuous_collision,True,10,0,False,False,True,True,True,True,10,0,0,0,10,1,0,10,0,False,False,False,False,4420,4228,191,0.9565610859728507,3,10,1
armbench.pi05_optimized_cpu_replay.v1,row_03853__narrow_gate__direct_dispatch__diagnostic_100ms,row_03853__narrow_gate__direct_dispatch,17,3853,narrow_gate,diagnostic_100ms,fe36ac0713605fcc57897c367ab31e5b11dbf505ac76505ab7d16f946de13db9,f7709bd9d6a771cb40508d80a0dd423dd43ec32e003ed984a734551e880e8d3e,100.0,114.32727699866518,145.32727699406678,14.44939999782946,14.999999999417923,4.1515999982948415,9.124200005317107,0.0,1.0445000007166527,hold,continuous_edge_rejected:collision:self:link5:geom_35:link7:geom_62,hold,continuous_collision,True,10,0,False,False,True,True,True,True,10,0,0,0,10,1,0,10,0,False,False,False,False,5616,5423,192,0.9656339031339032,3,10,1
armbench.pi05_optimized_cpu_replay.v1,row_04953__free_space__direct_dispatch__diagnostic_100ms,row_04953__free_space__direct_dispatch,18,4953,free_space,diagnostic_100ms,1d0a2989e76d920a59ac3a743781f15f16a583e4ded7a55d9122c2e8345072f1,af7c0afa97d566d0b6103c1987699272206fed545e580febec05c23d4443ae45,100.0,92.21125000476604,186.21125000936445,92.96029999677557,94.0000000045984,4.0275999999721535,27.28759999445174,61.51399999362184,0.0,execute,qp_continuous_collision_and_braking_invariant_passed,accepted,,True,10,10,True,False,True,True,True,True,10,0,0,0,10,0,0,10,0,True,False,False,False,31605,29458,2147,0.9320677108052523,29,10,10
armbench.pi05_optimized_cpu_replay.v1,row_04953__single_block__direct_dispatch__diagnostic_100ms,row_04953__single_block__direct_dispatch,18,4953,single_block,diagnostic_100ms,1d0a2989e76d920a59ac3a743781f15f16a583e4ded7a55d9122c2e8345072f1,af7c0afa97d566d0b6103c1987699272206fed545e580febec05c23d4443ae45,100.0,92.31015000113985,201.31014999788022,102.74110000318615,108.99999999674037,3.3922000002348796,19.48650000122143,78.94649999798276,0.7632999986526556,hold,supervision_budget_exceeded,hold,supervision_budget,True,10,0,False,False,True,True,True,True,10,0,0,0,10,0,0,10,0,True,False,True,True,33830,31861,1969,0.9417972214011232,28,10,10
armbench.pi05_optimized_cpu_replay.v1,row_04953__narrow_gate__direct_dispatch__diagnostic_100ms,row_04953__narrow_gate__direct_dispatch,18,4953,narrow_gate,diagnostic_100ms,1d0a2989e76d920a59ac3a743781f15f16a583e4ded7a55d9122c2e8345072f1,af7c0afa97d566d0b6103c1987699272206fed545e580febec05c23d4443ae45,100.0,92.36935000080848,202.36935000139056,102.14429999905406,110.00000000058208,3.873499998007901,31.405900001118425,66.08859999687411,0.6601999994018115,hold,supervision_budget_exceeded,hold,supervision_budget,True,10,0,False,False,True,True,True,True,10,0,0,0,10,0,0,10,0,True,False,True,True,42984,41030,1954,0.9545412246417272,28,10,10
armbench.pi05_optimized_cpu_replay.v1,row_04773__free_space__direct_dispatch__diagnostic_100ms,row_04773__free_space__direct_dispatch,19,4773,free_space,diagnostic_100ms,0012494746ac6d95bef31165b95dad73d2233ce508b720c3e77a99bb8cb95b24,c523c8dc9161531afa6950372597ab78cbf73daa99043843e1df48ebd20b87dd,100.0,82.32979899912607,128.32979900122155,43.19079999550013,46.000000002095476,1.5811000048415735,7.437100000970531,34.0719999949215,0.0,execute,qp_continuous_collision_and_braking_invariant_passed,accepted,,True,10,10,True,False,True,True,True,True,10,0,0,0,10,0,0,10,0,True,False,False,False,26607,25258,1349,0.9492990566392303,29,10,10
armbench.pi05_optimized_cpu_replay.v1,row_04773__single_block__direct_dispatch__diagnostic_100ms,row_04773__single_block__direct_dispatch,19,4773,single_block,diagnostic_100ms,0012494746ac6d95bef31165b95dad73d2233ce508b720c3e77a99bb8cb95b24,c523c8dc9161531afa6950372597ab78cbf73daa99043843e1df48ebd20b87dd,100.0,82.25449900055537,161.2544989984599,68.15500000084285,62.999999994644895,1.7415999973309226,7.702599999902304,58.55390000215266,0.0,execute,qp_continuous_collision_and_braking_invariant_passed,accepted,,True,10,10,True,False,True,True,True,True,10,0,0,0,10,0,0,10,0,True,False,False,False,30770,29158,1612,0.947611309717257,29,10,10
armbench.pi05_optimized_cpu_replay.v1,row_04773__narrow_gate__direct_dispatch__diagnostic_100ms,row_04773__narrow_gate__direct_dispatch,19,4773,narrow_gate,diagnostic_100ms,0012494746ac6d95bef31165b95dad73d2233ce508b720c3e77a99bb8cb95b24,c523c8dc9161531afa6950372597ab78cbf73daa99043843e1df48ebd20b87dd,100.0,82.55759899475379,175.5575989955105,78.1898999994155,78.00000000133878,1.6972999947029166,19.52280000114115,56.85809999704361,0.0,execute,qp_continuous_collision_and_braking_invariant_passed,accepted,,True,10,10,True,False,True,True,True,True,10,0,0,0,10,0,0,10,0,True,False,False,False,39096,37235,1861,0.9523992224268467,29,10,10
armbench.pi05_optimized_cpu_replay.v1,row_04462__free_space__direct_dispatch__diagnostic_100ms,row_04462__free_space__direct_dispatch,20,4462,free_space,diagnostic_100ms,70b9224f98dd7ca753ca304e5409a01563f652e68827468e70fea86b3cbcc658,4abfdd49b70a0970fc43182fee4ecd8db8b3a1103b6106940ef4768751d612f5,100.0,111.02229199605063,221.0222919966327,106.30030000174884,110.00000000058208,2.3178999981610104,9.623099998862017,93.94600000086939,0.2978000047733076,hold,response_deadline_exceeded_during_supervision,hold,deadline,True,10,0,False,False,True,True,True,True,10,0,0,0,10,0,0,10,0,True,False,True,True,37485,35467,2018,0.9461651327197546,28,10,10
armbench.pi05_optimized_cpu_replay.v1,row_04462__single_block__direct_dispatch__diagnostic_100ms,row_04462__single_block__direct_dispatch,20,4462,single_block,diagnostic_100ms,70b9224f98dd7ca753ca304e5409a01563f652e68827468e70fea86b3cbcc658,4abfdd49b70a0970fc43182fee4ecd8db8b3a1103b6106940ef4768751d612f5,100.0,111.17109200131381,142.1710919967154,23.614800003997516,14.999999999417923,5.186100002902094,17.871500000183005,0.0,0.43279999954393134,hold,continuous_edge_rejected:collision:static:center_block:link6,hold,continuous_collision,True,10,0,False,False,True,True,True,True,10,0,0,0,10,4,0,10,6,False,False,False,False,9180,8660,513,0.9433551198257081,7,10,1
armbench.pi05_optimized_cpu_replay.v1,row_04462__narrow_gate__direct_dispatch__diagnostic_100ms,row_04462__narrow_gate__direct_dispatch,20,4462,narrow_gate,diagnostic_100ms,70b9224f98dd7ca753ca304e5409a01563f652e68827468e70fea86b3cbcc658,4abfdd49b70a0970fc43182fee4ecd8db8b3a1103b6106940ef4768751d612f5,100.0,111.15519199665869,142.15519199933624,18.75119999749586,16.00000000325963,3.895199995895382,14.22199999797158,0.0,0.5144000024301931,hold,continuous_edge_rejected:collision:static:gate_center:link6,hold,continuous_collision,True,10,0,False,False,True,True,True,True,10,0,0,0,10,4,0,10,6,False,False,False,False,11232,10713,512,0.9537927350427351,7,10,1
armbench.pi05_optimized_cpu_replay.v1,row_05082__free_space__direct_dispatch__diagnostic_100ms,row_05082__free_space__direct_dispatch,21,5082,free_space,diagnostic_100ms,577d2da6f2f31ec5d381f089ea57502db82b6bcd60b682984a7bf79c80ba6092,01dade6ca27dafa314483483e6e8cc87c661081fba638c5b15cddc8479ab1bc9,100.0,110.6104869977571,220.61048699833918,103.90439999900991,93.99999999732245,1.7074999996111728,36.81959999812534,64.40870000369614,0.8719000034034252,hold,response_deadline_exceeded_during_supervision,hold,deadline,True,10,0,False,False,True,True,True,True,10,0,0,0,10,0,0,10,0,True,False,True,True,37779,35691,2088,0.9447311998729453,22,10,7
armbench.pi05_optimized_cpu_replay.v1,row_05082__single_block__direct_dispatch__diagnostic_100ms,row_05082__single_block__direct_dispatch,21,5082,single_block,diagnostic_100ms,577d2da6f2f31ec5d381f089ea57502db82b6bcd60b682984a7bf79c80ba6092,01dade6ca27dafa314483483e6e8cc87c661081fba638c5b15cddc8479ab1bc9,100.0,110.89368699322222,125.89368699264014,11.062999998102896,0.0,3.234900003008079,7.200499996542931,0.0,0.5385999975260347,hold,continuous_edge_rejected:collision:static:center_block:link6,hold,continuous_collision,True,10,0,False,False,True,True,True,True,10,0,0,0,10,7,0,10,7,False,False,False,False,5100,4826,267,0.9462745098039216,4,10,1
armbench.pi05_optimized_cpu_replay.v1,row_05082__narrow_gate__direct_dispatch__diagnostic_100ms,row_05082__narrow_gate__direct_dispatch,21,5082,narrow_gate,diagnostic_100ms,577d2da6f2f31ec5d381f089ea57502db82b6bcd60b682984a7bf79c80ba6092,01dade6ca27dafa314483483e6e8cc87c661081fba638c5b15cddc8479ab1bc9,100.0,111.32948700105771,142.32948700373527,23.03869999741437,16.00000000325963,4.080499995325226,18.29889999498846,0.0,0.5633000037050806,hold,continuous_edge_rejected:collision:static:gate_center:link7,hold,continuous_collision,True,10,0,False,False,True,True,True,True,10,0,0,0,10,5,0,10,7,False,False,False,False,14688,13974,706,0.9513888888888888,6,10,1
armbench.pi05_optimized_cpu_replay.v1,row_05128__free_space__direct_dispatch__diagnostic_100ms,row_05128__free_space__direct_dispatch,22,5128,free_space,diagnostic_100ms,0e92838da6d4cdb706e0b8d31366212826fa86c5ce6ccd320378f7981599112c,1d370b9f51508df4beed68f031701f37a5f21f8c4c255ff7d807681da0595010,100.0,81.91675999842118,191.91675999900326,101.9908000016585,93.99999999732245,3.5146000009262934,22.52759999828413,75.4605000038282,0.3248000066378154,hold,supervision_budget_exceeded,hold,supervision_budget,True,10,0,False,False,True,True,True,True,10,0,0,0,10,0,0,10,0,True,False,True,False,31311,29625,1686,0.9461531091309764,30,10,11
armbench.pi05_optimized_cpu_replay.v1,row_05128__single_block__direct_dispatch__diagnostic_100ms,row_05128__single_block__direct_dispatch,22,5128,single_block,diagnostic_100ms,0e92838da6d4cdb706e0b8d31366212826fa86c5ce6ccd320378f7981599112c,1d370b9f51508df4beed68f031701f37a5f21f8c4c255ff7d807681da0595010,100.0,82.06626000173856,97.06626000115648,10.442899998452049,0.0,1.9317999976919964,8.072399999946356,0.0,0.35339999885763973,hold,continuous_edge_rejected:collision:static:center_block:hand,hold,continuous_collision,True,10,0,False,False,True,True,True,True,10,0,0,0,10,3,0,10,5,False,False,False,False,9860,9347,508,0.9479716024340771,8,10,1
armbench.pi05_optimized_cpu_replay.v1,row_05128__narrow_gate__direct_dispatch__diagnostic_100ms,row_05128__narrow_gate__direct_dispatch,22,5128,narrow_gate,diagnostic_100ms,0e92838da6d4cdb706e0b8d31366212826fa86c5ce6ccd320378f7981599112c,1d370b9f51508df4beed68f031701f37a5f21f8c4c255ff7d807681da0595010,100.0,81.9978599975002,128.99785999616142,31.66800000326475,31.9999999992433,1.7985000013140962,28.756699997757096,0.0,0.9972999978344887,hold,continuous_edge_rejected:collision:static:gate_center:link7,hold,continuous_collision,True,10,0,False,False,True,True,True,True,10,0,0,0,10,1,0,10,3,False,False,False,False,19872,18926,940,0.9523953301127214,10,10,1
armbench.pi05_optimized_cpu_replay.v1,row_05011__free_space__direct_dispatch__diagnostic_100ms,row_05011__free_space__direct_dispatch,23,5011,free_space,diagnostic_100ms,24f71f3f30cc2312cc0339c738754d5367bbccc0f419fe35bd17438d01f7e5b0,5ccd6d1a2328ecc0a38473974ed081f411090ae36654167fb6a57fadcc5d3931,100.0,125.8769419946475,219.87694199196994,78.57489999878453,78.00000000133878,4.005499999038875,26.772400000481866,47.39949999930104,0.2764999953797087,hold,response_deadline_exceeded_during_supervision,hold,deadline,True,10,0,False,False,True,True,True,True,10,0,0,0,10,0,0,10,1,False,False,False,True,41307,38790,2517,0.9390660178662212,26,10,9
armbench.pi05_optimized_cpu_replay.v1,row_05011__single_block__direct_dispatch__diagnostic_100ms,row_05011__single_block__direct_dispatch,23,5011,single_block,diagnostic_100ms,24f71f3f30cc2312cc0339c738754d5367bbccc0f419fe35bd17438d01f7e5b0,5ccd6d1a2328ecc0a38473974ed081f411090ae36654167fb6a57fadcc5d3931,100.0,125.52454199612839,203.52454199746717,75.85399999516085,78.00000000133878,1.9527999975252897,22.649500002444256,50.776999996742234,0.30780000088270754,hold,response_deadline_exceeded_during_supervision,hold,deadline,True,10,0,False,False,True,True,True,True,10,0,0,0,10,0,0,10,1,False,False,False,True,45050,42527,2523,0.9439955604883463,24,10,8
armbench.pi05_optimized_cpu_replay.v1,row_05011__narrow_gate__direct_dispatch__diagnostic_100ms,row_05011__narrow_gate__direct_dispatch,23,5011,narrow_gate,diagnostic_100ms,24f71f3f30cc2312cc0339c738754d5367bbccc0f419fe35bd17438d01f7e5b0,5ccd6d1a2328ecc0a38473974ed081f411090ae36654167fb6a57fadcc5d3931,100.0,125.34244199923705,219.3424419965595,82.4062999963644,78.00000000133878,1.8874000015784986,40.461700002197176,39.15689999848837,0.7964000033098273,hold,response_deadline_exceeded_during_supervision,hold,deadline,True,10,0,False,False,True,True,True,True,10,0,0,0,10,0,0,10,1,False,False,False,True,50328,48267,2061,0.9590486409155937,22,10,7
armbench.pi05_optimized_cpu_replay.v1,row_06407__free_space__direct_dispatch__diagnostic_100ms,row_06407__free_space__direct_dispatch,24,6407,free_space,diagnostic_100ms,7b5e04770f18653120842172231465c3df16a76a94e8a11104babba987988de8,163c4b568398a13e54290749468fb7e5ed31079b00f2ea8a45847de2f701b494,100.0,79.93548199738143,204.93548199738143,110.49700000148732,109.00000000401633,4.596899998432491,44.01489999872865,60.95669999922393,0.745700002880767,hold,supervision_budget_exceeded,hold,supervision_budget,True,10,0,False,False,True,True,True,True,10,0,0,0,10,0,0,10,0,True,False,True,True,41013,38885,2128,0.9481140126301416,24,10,8
armbench.pi05_optimized_cpu_replay.v1,row_06407__single_block__direct_dispatch__diagnostic_100ms,row_06407__single_block__direct_dispatch,24,6407,single_block,diagnostic_100ms,7b5e04770f18653120842172231465c3df16a76a94e8a11104babba987988de8,163c4b568398a13e54290749468fb7e5ed31079b00f2ea8a45847de2f701b494,100.0,79.68128198990598,110.68128199258354,21.78960000310326,16.00000000325963,3.785300003073644,16.84930000192253,0.0,1.0819000017363578,hold,continuous_edge_rejected:collision:static:center_block:hand,hold,continuous_collision,True,10,0,False,False,True,True,True,True,10,0,0,0,10,5,0,10,7,False,False,False,False,8500,8041,454,0.946,6,10,1
armbench.pi05_optimized_cpu_replay.v1,row_06407__narrow_gate__direct_dispatch__diagnostic_100ms,row_06407__narrow_gate__direct_dispatch,24,6407,narrow_gate,diagnostic_100ms,7b5e04770f18653120842172231465c3df16a76a94e8a11104babba987988de8,163c4b568398a13e54290749468fb7e5ed31079b00f2ea8a45847de2f701b494,100.0,79.81598198966822,126.81598198832944,42.69449999992503,31.000000002677552,4.83890000032261,36.79040000133682,0.0,0.9079999945242889,hold,continuous_edge_rejected:collision:static:gate_lower:link6,hold,continuous_collision,True,10,0,False,False,True,True,True,True,10,0,0,0,10,3,0,10,5,False,False,False,False,18144,17251,883,0.9507826278659612,8,10,1
armbench.pi05_optimized_cpu_replay.v1,row_06364__free_space__direct_dispatch__diagnostic_100ms,row_06364__free_space__direct_dispatch,25,6364,free_space,diagnostic_100ms,099bef15a0770071b640eb04fb9e343f82702d9e681553817b0e1967bc447ca8,ad141d2432b6f05d03249225fd1c40933676be458ff6debfc024bc3605ae5e44,100.0,82.34263800113695,160.34263800247572,78.70859999820823,78.00000000133878,4.952900002535898,16.216199997870717,57.36449999676552,0.0,execute,qp_continuous_collision_and_braking_invariant_passed,accepted,,True,10,10,True,False,True,True,True,True,10,0,0,0,10,0,0,10,0,True,False,False,False,22785,21751,1034,0.9546192670616633,29,10,10
armbench.pi05_optimized_cpu_replay.v1,row_06364__single_block__direct_dispatch__diagnostic_100ms,row_06364__single_block__direct_dispatch,25,6364,single_block,diagnostic_100ms,099bef15a0770071b640eb04fb9e343f82702d9e681553817b0e1967bc447ca8,ad141d2432b6f05d03249225fd1c40933676be458ff6debfc024bc3605ae5e44,100.0,82.07083799061365,113.0708379932912,21.99059999838937,31.000000002677552,4.011800003354438,16.61749999766471,0.0,1.2234999958309345,hold,continuous_edge_rejected:collision:static:center_block:hand,hold,continuous_collision,True,10,0,False,False,True,True,True,True,10,0,0,0,10,1,0,10,3,False,False,False,False,9180,8802,373,0.9588235294117647,10,10,1
armbench.pi05_optimized_cpu_replay.v1,row_06364__narrow_gate__direct_dispatch__diagnostic_100ms,row_06364__narrow_gate__direct_dispatch,25,6364,narrow_gate,diagnostic_100ms,099bef15a0770071b640eb04fb9e343f82702d9e681553817b0e1967bc447ca8,ad141d2432b6f05d03249225fd1c40933676be458ff6debfc024bc3605ae5e44,100.0,82.32073799445061,176.32073799177306,81.08119999815244,93.99999999732245,4.538499997579493,24.502899999788497,51.91419999755453,0.0,execute,qp_continuous_collision_and_braking_invariant_passed,accepted,,True,10,10,True,False,True,True,True,True,10,0,0,0,10,0,0,10,0,True,False,False,False,33480,31875,1605,0.9520609318996416,29,10,10
armbench.pi05_optimized_cpu_replay.v1,row_06056__free_space__direct_dispatch__diagnostic_100ms,row_06056__free_space__direct_dispatch,26,6056,free_space,diagnostic_100ms,d0b5162cd61b5df39a5caf842d2257e7f6d300cbbf1f21fa30dcf183810e85e2,c9a378e3af3f286959ccc6ce0aab8e5df4db1d375fa82cf308f21e70bfb38b4e,100.0,119.53662599989912,197.5366260012379,71.76289999915753,78.00000000133878,4.246000004059169,9.708799996587913,57.672000002639834,0.0,execute,qp_continuous_collision_and_braking_invariant_passed,accepted,,True,10,10,True,False,True,True,True,True,10,0,0,0,10,0,0,10,0,True,False,False,False,28665,27279,1386,0.9516483516483516,29,10,10
armbench.pi05_optimized_cpu_replay.v1,row_06056__single_block__direct_dispatch__diagnostic_100ms,row_06056__single_block__direct_dispatch,26,6056,single_block,diagnostic_100ms,d0b5162cd61b5df39a5caf842d2257e7f6d300cbbf1f21fa30dcf183810e85e2,c9a378e3af3f286959ccc6ce0aab8e5df4db1d375fa82cf308f21e70bfb38b4e,100.0,119.18442600290291,182.18442600482376,48.72410000098171,46.999999998661224,3.5607000027084723,9.68519999878481,35.4213999962667,0.0,execute,qp_continuous_collision_and_braking_invariant_passed,accepted,,True,10,10,True,False,True,True,True,True,10,0,0,0,10,0,0,10,0,True,False,False,False,33150,31751,1399,0.9577978883861237,29,10,10
armbench.pi05_optimized_cpu_replay.v1,row_06056__narrow_gate__direct_dispatch__diagnostic_100ms,row_06056__narrow_gate__direct_dispatch,26,6056,narrow_gate,diagnostic_100ms,d0b5162cd61b5df39a5caf842d2257e7f6d300cbbf1f21fa30dcf183810e85e2,c9a378e3af3f286959ccc6ce0aab8e5df4db1d375fa82cf308f21e70bfb38b4e,100.0,119.34112600283697,181.34112600091612,59.08559999807039,61.99999999807915,3.8027000045985915,16.58790000510635,38.62179999850923,0.0,execute,qp_continuous_collision_and_braking_invariant_passed,accepted,,True,10,10,True,False,True,True,True,True,10,0,0,0,10,0,0,10,0,True,False,False,False,42120,40523,1597,0.9620845204178538,29,10,10
armbench.pi05_optimized_cpu_replay.v1,row_07683__free_space__direct_dispatch__diagnostic_100ms,row_07683__free_space__direct_dispatch,27,7683,free_space,diagnostic_100ms,a00422d34079c464db8df8c5409bf2828aea05bbf77b08b587c170edb57e57c7,61b0433210982b6803e6e79c30ad66cf82384038c635fbc9cec97f43c2d5f63a,100.0,80.2862310083583,190.28623100894038,102.82469999947352,110.00000000058208,2.132499997969717,20.573499998135958,79.75019999867072,0.26059999800054356,hold,supervision_budget_exceeded,hold,supervision_budget,True,10,0,False,False,True,True,True,True,10,0,0,0,10,0,0,10,0,True,False,True,False,49833,46798,3035,0.9390965825858367,28,10,10
armbench.pi05_optimized_cpu_replay.v1,row_07683__single_block__direct_dispatch__diagnostic_100ms,row_07683__single_block__direct_dispatch,27,7683,single_block,diagnostic_100ms,a00422d34079c464db8df8c5409bf2828aea05bbf77b08b587c170edb57e57c7,61b0433210982b6803e6e79c30ad66cf82384038c635fbc9cec97f43c2d5f63a,100.0,80.42503100296017,173.42503100371687,89.00159999757307,93.0000000007567,4.235200001858175,31.505999999353662,53.15419999533333,0.0,execute,qp_continuous_collision_and_braking_invariant_passed,accepted,,True,10,10,True,False,True,True,True,True,10,0,0,0,10,0,0,10,0,True,False,False,False,63070,59656,3414,0.9458696686221658,29,10,10
armbench.pi05_optimized_cpu_replay.v1,row_07683__narrow_gate__direct_dispatch__diagnostic_100ms,row_07683__narrow_gate__direct_dispatch,27,7683,narrow_gate,diagnostic_100ms,a00422d34079c464db8df8c5409bf2828aea05bbf77b08b587c170edb57e57c7,61b0433210982b6803e6e79c30ad66cf82384038c635fbc9cec97f43c2d5f63a,100.0,80.37813100963831,205.3781310096383,111.0264000017196,110.00000000058208,1.6284000012092292,16.608400001132395,92.38799999729963,0.33180000173160806,hold,supervision_budget_exceeded,hold,supervision_budget,True,10,0,False,False,True,True,True,True,10,0,0,0,10,0,0,10,0,True,False,True,True,80136,76735,3401,0.9575596485973844,30,10,11
armbench.pi05_optimized_cpu_replay.v1,row_07373__free_space__direct_dispatch__diagnostic_100ms,row_07373__free_space__direct_dispatch,28,7373,free_space,diagnostic_100ms,e342e284a6b9329bf43b6560e5358b71495f40177533837036afecf930c2b4c0,3dbd650490cea64352a1dbaccb6f541b5a9d1998528a622fd0fd896330c63f5e,100.0,95.29193700291216,174.2919370008167,63.909500000590924,62.999999994644895,5.790200004412327,18.982200002938043,38.76980000495678,0.0,execute,qp_continuous_collision_and_braking_invariant_passed,accepted,,True,10,10,True,False,True,True,True,True,10,0,0,0,10,0,0,10,0,True,False,False,False,18081,17261,820,0.9546485260770975,29,10,10
armbench.pi05_optimized_cpu_replay.v1,row_07373__single_block__direct_dispatch__diagnostic_100ms,row_07373__single_block__direct_dispatch,28,7373,single_block,diagnostic_100ms,e342e284a6b9329bf43b6560e5358b71495f40177533837036afecf930c2b4c0,3dbd650490cea64352a1dbaccb6f541b5a9d1998528a622fd0fd896330c63f5e,100.0,94.81193700048607,156.81193699856522,49.77740000322228,46.000000002095476,1.6171999959624372,11.878299999807496,35.412400000495836,0.7792999967932701,hold,braking_invariant_failed:inter_sample_collision,hold,dynamics_braking,True,10,0,False,False,True,True,True,True,10,0,0,0,10,0,0,10,1,False,False,False,False,19720,18760,954,0.9513184584178499,30,10,11
armbench.pi05_optimized_cpu_replay.v1,row_07373__narrow_gate__direct_dispatch__diagnostic_100ms,row_07373__narrow_gate__direct_dispatch,28,7373,narrow_gate,diagnostic_100ms,e342e284a6b9329bf43b6560e5358b71495f40177533837036afecf930c2b4c0,3dbd650490cea64352a1dbaccb6f541b5a9d1998528a622fd0fd896330c63f5e,100.0,94.97553700202843,141.97553700068966,42.85239999444457,46.999999998661224,3.703700000187382,15.869800001382828,23.175200003606733,0.0,execute,qp_continuous_collision_and_braking_invariant_passed,accepted,,True,10,10,True,False,True,True,True,True,10,0,0,0,10,0,0,10,0,True,False,False,False,26568,25648,920,0.9653718759409816,29,10,10
armbench.pi05_optimized_cpu_replay.v1,row_07772__free_space__direct_dispatch__diagnostic_100ms,row_07772__free_space__direct_dispatch,29,7772,free_space,diagnostic_100ms,c3533edfda4b0016620bef05041c1b2e100c114929dc01b6c006379c8f39062d,f9efe20bb0146929d0da2aab6cb2d34cae1c034a2e8891af5c57bfffe379dbff,100.0,109.84383399772923,218.84383400174556,106.76999999850523,109.00000000401633,1.7367999971611425,31.47739999985788,72.8062000052887,0.6668999994872138,hold,response_deadline_exceeded_during_supervision,hold,deadline,True,10,0,False,False,True,True,True,True,10,0,0,0,10,0,0,10,0,True,False,True,True,51303,48330,2973,0.9420501725045319,28,10,10
armbench.pi05_optimized_cpu_replay.v1,row_07772__single_block__direct_dispatch__diagnostic_100ms,row_07772__single_block__direct_dispatch,29,7772,single_block,diagnostic_100ms,c3533edfda4b0016620bef05041c1b2e100c114929dc01b6c006379c8f39062d,f9efe20bb0146929d0da2aab6cb2d34cae1c034a2e8891af5c57bfffe379dbff,100.0,109.91603399452288,203.91603399184532,91.98430000105873,93.99999999732245,3.519300000334624,19.72360000218032,67.65669999731472,0.9683999960543588,hold,response_deadline_exceeded_during_supervision,hold,deadline,True,10,0,False,False,True,True,True,True,10,0,0,0,10,0,0,10,0,True,False,False,True,64770,61263,3507,0.9458545622973599,30,10,11
armbench.pi05_optimized_cpu_replay.v1,row_07772__narrow_gate__direct_dispatch__diagnostic_100ms,row_07772__narrow_gate__direct_dispatch,29,7772,narrow_gate,diagnostic_100ms,c3533edfda4b0016620bef05041c1b2e100c114929dc01b6c006379c8f39062d,f9efe20bb0146929d0da2aab6cb2d34cae1c034a2e8891af5c57bfffe379dbff,100.0,109.8769340023864,125.87693400564604,13.255300000309944,16.00000000325963,3.2653000016580336,9.542600004351698,0.0,0.36299999919719994,hold,continuous_edge_rejected:collision:static:gate_lower:link6,hold,continuous_collision,True,10,0,False,False,True,True,True,True,10,0,0,0,10,4,0,10,5,False,False,False,False,14688,14101,582,0.9600354030501089,7,10,1
