scenario,sample,exact_mesh_collision,capsule_collision,outcome,q1,q2,q3,q4,q5,q6,q7
single_block,0,False,False,true_safe,1.484956932737688,-0.32588841938224244,0.3645642741497306,-2.8545948767581266,-0.4658451287836103,2.9717615472593244,1.8378115828255894
single_block,1,False,False,true_safe,-0.20098237220779724,-1.152228791812277,-1.5855844577132399,-1.957784250819032,0.2834646385332791,2.427107883505123,-2.2996902677518447
single_block,2,False,False,true_safe,-0.5342497898692886,-1.1969558607892856,-0.14642898612851285,-1.2314949099333414,-2.5987407965860356,0.6446949043411573,1.3400619703543524
single_block,3,False,False,true_safe,-2.499410997573537,-0.4677414201959773,0.9862728913046901,-1.6461810926013594,1.9269865924632579,2.6297462502390783,0.35664023695474434
single_block,4,False,False,true_safe,2.314359789191275,-0.28637418616997223,-1.2943334703858491,-0.20539047739074467,2.6838851444435057,1.2735738739356337,-0.1503481439345098
single_block,5,False,False,true_safe,-0.014652571979349993,-0.26174302854871745,1.7495318458037334,-2.866941395714278,2.8428511330516284,1.0458278678611679,0.3039560262918095
single_block,6,False,False,true_safe,0.23879553711720192,0.19195788897624833,0.6135264342480151,-1.8678916352602257,0.843608928699334,2.6270753163173026,-2.840799821896145
single_block,7,False,False,true_safe,1.8786244521297406,1.6618886495073757,-2.5255358989005057,-0.8634403684406111,1.3770835151996663,3.017379862391938,0.6075387100822285
single_block,8,False,False,true_safe,-2.293719233423359,0.614444835227983,2.5790537226370476,-1.253335303135475,-2.763243468792675,1.7233529624939083,-1.6668234866703213
single_block,9,False,False,true_safe,0.570984545051394,-0.4049033646080187,0.8260871136497197,-1.858802284766479,-2.655706116969049,0.9484026808446063,-0.7264266771329222
single_block,10,False,False,true_safe,-0.524458720081554,-0.19317022738761125,-1.0485609063624477,-1.762827875372844,1.392927355091079,2.990629023908368,-2.5743774807317727
single_block,11,True,True,true_collision,-1.2090476803435644,1.0826072849119965,1.9439445188210809,-1.9636909624623677,2.239571073397108,0.9308447650931568,-2.594274921838452
single_block,12,False,False,true_safe,-2.513439724955572,-0.2660205558374056,2.063463913549867,-2.9202924996972466,0.436163160473396,0.3129494164906611,1.924099144337624
single_block,13,False,False,true_safe,1.359855207628216,1.60583096002933,2.4646468643309967,-2.790409572208208,-2.6691469666511436,3.040491344480114,0.18399065298468242
single_block,14,False,False,true_safe,0.4041732823217479,0.05001700102266837,2.848785793507241,-2.024248365600812,-0.4080442879284232,0.5963328359452479,-0.25304819590229144
single_block,15,False,False,true_safe,0.2611366662475789,0.05967044362488405,-0.9355242678017499,-0.8143985261502893,-2.4136955554740642,1.1939680519133808,-1.9937685787699586
single_block,16,False,False,true_safe,-2.4133885474121497,-1.1122089500561483,-0.21637181064692879,-0.560123701969506,0.7966994447216269,2.3720769865549554,-1.2040778473945837
single_block,17,False,False,true_safe,-0.701169253350546,1.3413258694123038,2.1118042289992967,-2.5423459293725634,2.500854301838499,3.2842765934803877,-1.6478788547201435
single_block,18,False,False,true_safe,2.17321547800046,-1.6253405950987063,0.030725014360739156,-2.4660725805160486,-0.5361598002606431,1.2799863227489385,1.3546880234692362
single_block,19,False,False,true_safe,1.3870331008462888,-1.640262686378331,2.792708638033593,-2.005712335729435,-2.3173439159755866,0.638533059541857,2.230776814441215
single_block,20,False,False,true_safe,-2.1775438981634583,0.32427432081147556,-1.1493031677745311,-0.30270354945493994,-2.3491582903003954,0.5287901891499442,0.5148420869237613
single_block,21,False,False,true_safe,1.885271827632542,-0.5753583940607951,1.2724334043777152,-2.5033888144500103,-0.45471993965004787,3.1677872015764663,-1.6091512017846388
single_block,22,False,False,true_safe,1.4630754999796882,0.7812688093256699,-0.7953629688904535,-1.284670708600238,-1.8000666852078844,0.1251028180510107,1.4600341003634871
single_block,23,False,False,true_safe,0.7589386260693658,-0.5737283050397777,0.8981461949116465,-1.958641054466523,-1.512538578456166,1.8016931384895813,-0.869399144095083
single_block,24,False,False,true_safe,2.383868938151726,-0.9388195013003744,0.7005623037466657,-1.7611459036753214,-1.2511292875631654,1.224815175143081,1.1853567876284035
single_block,25,False,False,true_safe,0.4260419252429828,0.6177910587814921,1.000335940123525,-0.7363604485141799,-2.4651251288110574,0.5265600787829292,-2.431955324369636
single_block,26,False,False,true_safe,-1.599180439199301,-0.43689186320733775,2.5970899876625526,-0.409460916699973,2.444083965360232,2.7011659963930352,1.4065822461155872
single_block,27,False,False,true_safe,2.3337516740265927,-1.240960817582018,-1.8437692142162145,-1.72266145464788,-2.30971722157925,0.8453231921934224,1.8267172076197196
single_block,28,False,False,true_safe,-1.9621345873129767,1.1008681634054303,-0.5005556336665098,-1.349916657370125,-1.883218517934075,3.7322687312723266,-0.6661803243977986
single_block,29,False,False,true_safe,1.0986241376083998,-0.23037872052637764,-0.0048539146095487595,-1.0948097865198791,1.3705168665559913,3.609491126363693,-2.64639674250167
single_block,30,False,False,true_safe,0.7695205485690733,-0.635401349237589,1.4193255241689937,-2.881362549699825,-1.4057732602613011,1.8608657871649708,-1.6867054610916763
single_block,31,False,False,true_safe,2.7746685157647897,0.0480662749831382,-1.5393253331642804,-0.30661380607345023,-1.038959317529432,2.6691795420257987,0.8274262930161349
single_block,32,False,False,true_safe,-0.5172674367305929,-0.5048811051730955,-0.10471488154129815,-0.3729255968598597,-1.1661769557235517,2.3746626805318796,2.421005320542528
single_block,33,False,False,true_safe,1.7076571134749101,0.2857105286188606,-0.7495921011161659,-1.2771187389432794,-1.2921577851640447,1.249581811730855,1.258567671993036
single_block,34,False,False,true_safe,-0.3246190736520904,-1.181777162990105,1.8565799605017577,-0.1563578260819276,-1.3060951276466615,1.3919383335795716,-1.727024498468987
single_block,35,False,False,true_safe,-0.40677038840335866,1.1152685813493965,-1.6078785710240528,-2.3822935631997297,2.4386326005091106,1.4417463461945765,1.7641504868956264
single_block,36,False,False,true_safe,1.6307704138019923,-1.6503490967937593,1.296503824207496,-2.480300742092359,-2.3408628979859163,0.9779288019486609,0.0189182588894643
single_block,37,False,False,true_safe,-0.1268601165012262,-0.5007915387813924,-0.49668774526329784,-1.3287425938665278,0.5789148791802075,1.0558373688374534,1.1612983156723158
single_block,38,False,False,true_safe,-0.5764499113014461,-1.0542482057637907,-0.6296122682606833,-2.64169628251243,-2.6401329625616574,1.825888780262872,2.850048508200944
single_block,39,False,False,true_safe,0.9765786715910663,-0.7261357400217643,-1.0786558622934,-2.030770048055251,1.83553793248548,1.3900973368045264,-2.391146135259441
single_block,40,False,False,true_safe,2.8194052174801487,1.559204982460555,-1.5281524101684254,-0.2891438747611117,-0.3284192715069829,0.4612680916421741,2.6824454553097046
single_block,41,False,False,true_safe,-1.2939921211030763,0.38970054863761305,-2.205768304435257,-1.2314243168900731,-1.6617550625944502,2.2440950506349604,0.6457584890299772
single_block,42,True,False,false_safe,0.05605455030836737,0.4563971923608947,1.3653130195722656,-0.3674159479227006,-1.1643632520291216,0.34682796772320795,-0.9159912035083331
single_block,43,False,False,true_safe,-0.9717995886640722,-1.4892261948677834,-1.8768726535354074,-2.638890997152857,2.5375596547950656,3.7155697934947964,-0.5836508812962959
single_block,44,False,False,true_safe,0.2556414649521077,-0.710144117693335,0.772308722535334,-1.914202063109336,-1.7020715134833602,3.58629132831729,2.0361875826951876
single_block,45,False,False,true_safe,0.08396141076297603,-0.9350330339820108,2.4661774259047307,-1.7833414588115104,-0.44767503021031896,0.6812944921421404,-2.354827258487748
single_block,46,False,False,true_safe,-0.3497928109052415,1.4083782591392726,-2.7852738643775212,-1.881535130050566,1.078519128672327,0.9233124782611295,-1.1001563048434522
single_block,47,False,False,true_safe,0.8929942078178237,-0.3350738045394821,-0.6111781095103277,-2.8393710156723015,2.8442267302389106,1.766913347725084,2.347716315352837
single_block,48,False,False,true_safe,2.0205846632923907,0.22912526664111565,0.39959843561461206,-2.3786249226024587,-1.2144248873188195,3.1634924869841936,-2.023037260134997
single_block,49,False,False,true_safe,0.12197052276696674,1.5990190067802899,-1.0409036302422014,-0.7777782886560916,-0.7662450215893406,0.021272654668054954,-0.1218844707260911
single_block,50,False,False,true_safe,-1.9580420900195465,-1.692440660428664,-0.3780327674298243,-1.9899363221804158,2.2936779465079353,3.3071600460186077,-0.2199406541626252
single_block,51,False,False,true_safe,-0.38980409831956075,-1.400795516136942,-0.671842151167692,-2.4923955837305947,-1.3288312197125869,2.5984224267380993,2.7643355334035777
single_block,52,False,False,true_safe,1.295044527265088,-1.7265270154586645,2.114549384161857,-1.99289456350604,-0.06126546430934754,2.6524237059225997,0.35320952051918963
single_block,53,False,False,true_safe,-2.2294560679432998,0.8089930088508583,-0.5317222736371545,-1.1559853715440727,-0.9024987117288186,2.293486166819721,0.07850570631908971
single_block,54,False,False,true_safe,1.953066202126306,-1.6104205278228074,2.0138888551747542,-1.5098525199920672,2.552577094506766,0.8230992663808173,2.478913126233556
single_block,55,False,False,true_safe,-1.842910449612821,-0.06396892526426878,2.631228286989938,-1.8565941458897284,1.150638085319621,3.3329629454722163,1.6478250394896894
single_block,56,False,False,true_safe,2.3707430463117656,0.41026175610640747,1.4562470660170583,-1.863456327712468,0.019996596363017982,1.7887864994622138,1.58225944735528
single_block,57,False,False,true_safe,-0.16351704937106382,-0.14078834719519584,2.2444765189418123,-1.69515853785802,-0.38044973121696346,1.9624826080256905,1.6756802795759307
single_block,58,False,False,true_safe,-1.4370481923046403,1.5199328664123875,-1.5679869914025613,-1.5228758852761908,1.082010768056755,1.6554238330659516,1.177612684982924
single_block,59,False,False,true_safe,-2.685108407345134,0.3478100352601339,-1.4339216280267084,-1.016516051592955,2.717324564666153,0.1209210638210756,0.5654583874686399
single_block,60,False,False,true_safe,0.364214451027145,-1.4255607529476857,2.4239312189781965,-0.2892866235629814,0.05363602784153931,0.6562200705144692,-2.136839102982524
single_block,61,False,False,true_safe,0.025814761363447847,-0.4040456678707225,1.3500297350136763,-1.2422787113842708,-1.4759355746500793,1.4478972061059554,-2.8188202862275475
single_block,62,False,False,true_safe,1.6412922677666653,1.403790486543691,-0.8037972910931597,-2.6391828249804155,1.9453442085112536,0.37253072614024363,0.024011854545154865
single_block,63,False,False,true_safe,-2.4667485186181057,1.3574850282928228,0.22664948780859895,-2.4961932745964788,1.4848118666270476,0.3949766312608399,-1.5811714770561633
single_block,64,False,False,true_safe,0.7596770939687736,0.004471861051273729,0.3929887712416811,-2.5454646943363386,0.23866617322955008,0.9153234329671402,-2.270795720178411
single_block,65,False,False,true_safe,-1.6550725794153258,-0.9774333498681969,-0.4272535157451447,-0.46556837820668706,-1.8560471280690793,1.0599018211746645,2.6425592660571735
single_block,66,False,False,true_safe,1.7881712420515137,-0.10524547558382835,-1.5643248160006966,-0.9120512430084919,-2.733960915921043,3.6753158342894423,2.3274626164806755
single_block,67,False,False,true_safe,-0.585316428706911,0.8542266446098274,-1.9996846194471796,-1.1216619018766136,2.6771637049209107,0.11668270455702028,1.0541362041995925
single_block,68,False,False,true_safe,-0.5114381012802491,0.12714092980946967,-0.6675286711172852,-0.233596106554669,0.1583893752669714,1.9571411447966511,-1.5305679795969354
single_block,69,False,False,true_safe,-1.9039764385129643,-0.8739962569189214,1.3422548810274058,-0.6546523935402413,0.2298183540637022,2.1430886884114435,-2.0777647579653324
single_block,70,False,False,true_safe,0.17100077880431863,0.43467175006806746,2.2217332391965807,-2.711583988251026,0.8011947725008257,3.4094626835533113,2.3923009570579503
single_block,71,False,False,true_safe,-2.7065665493261735,1.4313344688221652,-2.3098723093128517,-2.759395419259205,1.9675182925896277,3.7334027870048914,-1.5596844312911684
single_block,72,False,False,true_safe,-0.5943435319851709,0.7339831563260546,-0.7669245133252809,-1.0841963310830516,0.6148859162576121,3.7169662496466573,1.1832333456212045
single_block,73,False,False,true_safe,-2.544940413901289,-1.4831938395350677,2.5945948961057534,-2.0694289090234457,-2.0591136433544777,3.263971890237211,1.679454610376458
single_block,74,False,False,true_safe,-1.9930545668296626,-0.46681486041565434,1.2020160818303602,-0.5630638049645809,-0.8454871525174319,3.120251734246203,0.6514635221616012
single_block,75,False,False,true_safe,-0.19648178238591596,-1.400800033864905,-0.3440205815879116,-3.004443996271732,-0.4471300934319462,0.06479861728152989,-0.13955193405362465
single_block,76,False,False,true_safe,2.5743676840086454,1.7313833091016537,-2.6362130909064336,-2.8051465151622113,0.33278740309846366,1.426831565678895,-2.4525015139711557
single_block,77,False,False,true_safe,-1.7987919546450666,1.5845826721580654,-1.3538714885301424,-0.7658324711833577,-0.8322313934460119,3.623064769697234,-1.3891929406299763
single_block,78,False,False,true_safe,0.8607113963503332,0.029930929637206782,0.7420814999648879,-1.1680012988190427,0.49355883285763413,1.0563030520750745,-0.5054502988183809
single_block,79,False,False,true_safe,0.1473199194306356,-1.001579056438905,1.1399295851857718,-1.483985091363383,2.792351224742616,1.1476780151657766,-0.31304456792994806
single_block,80,False,False,true_safe,-0.1587862973222176,-1.6371771900440044,-2.332700041761294,-1.4483095947614908,1.5768664214192403,1.2716927901134667,2.4831748266918434
single_block,81,False,False,true_safe,-2.756188676363234,-1.144146903698243,-2.52962464806156,-0.8511272118894508,-2.6960550446940914,2.8795768458846203,-1.012077211491892
single_block,82,False,False,true_safe,-0.3349268276005781,0.6335131834390286,-1.4949520912189211,-1.9335513633239454,-2.1648907074666113,1.8887552136525312,-2.0836203930620103
single_block,83,False,False,true_safe,1.970197510138179,1.466215524376632,1.268918370097198,-3.024277380162936,0.08424577498874619,3.0350782838566452,0.1614241343422198
single_block,84,False,False,true_safe,1.5253032373102893,-0.636811033340843,-0.028082815203547273,-0.9365277055280248,-2.7506231191489605,3.368005756352135,-2.748395048373332
single_block,85,False,False,true_safe,2.265658815743175,-0.8775591427464401,0.06861436663776033,-1.891205629908128,-1.6590804969793558,1.071440336524114,0.8271443711041511
single_block,86,False,False,true_safe,-0.5786794603023369,0.833784603329522,-1.035122974429422,-0.24103100065338134,2.6444067305962986,1.770493640147048,0.7035767459018922
single_block,87,False,False,true_safe,-0.2912773113935945,-1.4029082128709052,-1.219181525511526,-0.5439566094759312,2.305057652354622,1.3807685507696315,2.7254347408693937
single_block,88,False,False,true_safe,-1.096717265249385,1.054357051464346,2.5427271315262687,-1.5124229690684998,1.896204427203346,1.7279789834943886,1.6130511149600921
single_block,89,False,False,true_safe,-2.1797571140498957,-0.11545445326758674,2.822255548094685,-2.6264983208843935,2.346982294967954,0.04004216688775252,-2.8237099325132182
single_block,90,False,False,true_safe,-1.5376192157354336,-0.1340355350263538,-1.3225117614768842,-1.1691789276529891,-2.4502029967822203,3.679827806790199,-1.5372768942503492
single_block,91,False,False,true_safe,2.2403511167878096,-0.1109776515251284,2.488194426829524,-1.0075911729179037,-1.7505513539162196,2.087115631797994,2.656357399799673
single_block,92,False,False,true_safe,2.5363254514360567,-0.2201821231357115,-2.0038130741898486,-0.3472072057568396,-1.1759638708733111,0.40967004510077765,-0.6415884748581386
single_block,93,False,False,true_safe,-2.2659782592283406,-1.712842474338067,0.2211384685085389,-2.3292204169305024,1.7722259725740348,1.1453910050431528,-2.5274907050344186
single_block,94,False,False,true_safe,1.5520022886313574,0.5489452009172591,-1.4745804542398788,-1.081373594067913,-2.7042291086849666,0.5541337812821504,2.8600152842911917
single_block,95,False,False,true_safe,-1.1589108159694286,1.3610657875992724,0.24184034346072858,-2.5084593396442108,-1.686926528698362,1.4659089541022945,-1.129338600099331
single_block,96,False,False,true_safe,-0.7488254808111652,-0.33070176813623253,0.2296364774306685,-2.3216551414218722,-0.5269483844210119,0.41159921505705227,-2.2296939737865196
single_block,97,False,False,true_safe,2.8242483222731383,-0.9783933509568435,0.7157486483321582,-1.3488044381884712,1.991917760724895,0.3083498800937596,-0.5040473506691359
single_block,98,True,False,false_safe,2.232645449934227,0.023090747156198965,-1.8470544479734856,-2.115627036408411,1.5359566725287093,3.4122880892655343,-0.8125008240763454
single_block,99,False,False,true_safe,2.2188515143372958,-0.09751830681208506,-1.1907616415772067,-1.8313721314770337,0.8560480781762112,2.135699720012149,-0.07423242217980963
single_block,100,False,False,true_safe,1.0948163172959173,0.3298067173756012,-1.9267048622912752,-1.9750041489041865,-0.43089482249198596,1.636504026403266,-0.27036877918655167
single_block,101,True,True,true_collision,2.8222446622135995,-0.4266646921890205,-2.4061587264342674,-1.0458623239370328,0.18062964562574058,0.35476196392304593,2.7722063559929135
single_block,102,False,False,true_safe,-1.315071897764477,-0.059682008512655704,-2.5503641650262283,-2.163536890181163,2.2311666630787736,1.2981579155663765,1.0968323405005997
single_block,103,False,False,true_safe,2.880845250636805,1.613437492007448,0.332854649002051,-2.955627643559736,0.4402327055900086,0.4059974810702149,-1.710966854322625
single_block,104,False,False,true_safe,-1.0298662313397486,-1.7147434204951237,0.12340526965322463,-2.859094608545642,-1.9161509436986095,3.046343623511279,-0.9629425150053053
single_block,105,False,False,true_safe,-0.017572952145374465,0.6200133806732282,1.9764278178033776,-1.972575831898424,1.4271727658060587,3.0497360678839165,-1.9289136062037255
single_block,106,False,False,true_safe,-0.05116860814891622,-0.6611326975110321,-2.071395517832763,-0.10623544301064536,-1.0669986692977844,0.07914340492528504,-2.22348112941689
single_block,107,False,False,true_safe,0.058701769803046755,-1.4462259398698836,0.08256875172384737,-0.6060240697538624,0.8899484688248216,1.2848479316805335,2.7626392015246775
single_block,108,False,False,true_safe,0.5496824426708367,-1.4110784008670056,-2.0760073961620016,-2.9086281759167703,-0.6336437660763723,0.05605029617175537,-2.402971826047621
single_block,109,False,False,true_safe,0.87953050646342,-0.38800945995557545,-1.563196659958684,-2.797662604586959,1.2315677522166042,3.197335481500223,-1.797013220153344
single_block,110,False,False,true_safe,1.9271502781955419,0.8305847871455563,0.8207731775844294,-0.11828934826213455,-0.07116293255586958,0.3386872517807872,-1.1145581559139446
single_block,111,False,False,true_safe,1.8964888032982015,-1.38003300592213,0.7786048732218793,-0.7115805126685322,-0.8603190383913968,0.9401642659777446,2.289402140239296
single_block,112,False,False,true_safe,2.885108831716637,-1.4546252103862827,0.6185996125386675,-2.740992410124805,-1.2852531287839346,1.2096274419587318,0.6960553515712369
single_block,113,False,False,true_safe,-0.011488525584030018,-0.02744366687372346,2.462958437873058,-1.2703207121286446,0.8525007734893495,0.6721434412463656,0.24341078548594242
single_block,114,False,False,true_safe,-0.4939058035289592,0.9137581311442187,0.38250712466284265,-0.9295099822870805,0.7396608321980489,2.4093166121339515,-2.355558845778335
single_block,115,False,False,true_safe,-1.4884265547314646,-0.9368785562311877,2.467018893712918,-2.8747028903889458,2.743352705140724,2.426232238740524,0.04241665600350242
single_block,116,False,False,true_safe,2.63604217013328,-0.3876941219863965,-0.6397070331936106,-2.456466322169696,2.1974398178716936,1.123294351335289,1.0525671256861089
single_block,117,False,False,true_safe,0.3833041211248167,1.4764749158428692,0.4792723962466501,-2.070690458614221,2.6754882251257146,0.017247486154802247,-2.33146946264819
single_block,118,False,False,true_safe,1.4601972178076443,-1.2215214010868847,1.2648391462070507,-1.508505615825895,-1.9702950948434648,0.7229556559848945,-0.12290748903723436
single_block,119,False,False,true_safe,0.6778732560733576,1.4753669142193444,-2.0971972106792,-2.9439365358145984,2.3689492056352033,0.9121207357370067,2.0655112210427036
single_block,120,False,False,true_safe,0.35822587793662075,0.218975120499858,2.431297782063797,-3.0054337307512844,-2.1473566834740607,2.8247582908928295,-0.8115671672016109
single_block,121,False,False,true_safe,-0.6245730214431804,-1.5974952873877328,0.1325817576906454,-0.9840539851355148,1.7805153949614998,3.5781999603098336,-2.0402338430916283
single_block,122,False,False,true_safe,-0.21839161044383992,1.6211461562770024,2.1535452933374004,-1.2498668877674717,1.0528858022905014,1.2981760910832234,-1.3066775323069175
single_block,123,False,False,true_safe,0.5006274919606981,1.4962720780736145,1.73918953660047,-0.16040312431656245,-1.8082913971641048,3.5570042973836236,-2.4617882533478506
single_block,124,False,False,true_safe,-2.644945506499392,1.28183567936472,1.6743704234559833,-0.8627071525786167,2.817208158884046,0.045309012129190016,1.2127651946381284
single_block,125,False,False,true_safe,-1.6810625877618475,1.3595648391779425,-0.7728359698559091,-0.14090328483251113,1.7132152791908655,0.23587477743849938,-0.06676884552644191
single_block,126,False,False,true_safe,-2.4391461667295196,-1.5369717634090523,2.7402273027585076,-1.6902328859254916,1.0115216155157687,0.8241265320402824,1.8512193441367164
single_block,127,False,False,true_safe,1.7495800948802995,1.714217041081028,-1.6430319963748239,-1.3633791099203638,0.5581505472526027,3.3851609042956112,0.365668970435836
single_block,128,False,False,true_safe,1.9536292048400674,-1.1029568015255826,-0.3360035343203056,-0.1820872619779874,-2.3942658472020675,3.459641759888332,-2.8800978700501365
single_block,129,False,False,true_safe,0.8602928759948743,-1.581825560049585,-1.2811624896440308,-2.0994049891840296,-2.470929608888758,2.1059023685831773,0.526881035084859
single_block,130,False,False,true_safe,2.219452376343525,0.068298978643891,1.638691803644305,-1.815611739349454,-1.1531768502327278,3.207216922398711,1.7959760499995094
single_block,131,False,False,true_safe,-2.8363436155377957,-0.7327703783227559,-1.7071948198971136,-1.7269836431669046,-0.6255541833873823,2.208887380213395,0.7666530183095657
single_block,132,False,False,true_safe,-2.4111844761455044,-1.4791774975598302,-2.2306340944853,-0.3201746197210724,2.1901664638889415,0.2805365147831865,2.419120196484711
single_block,133,False,False,true_safe,1.1778742894384977,-1.3616303005569361,0.27077090073673515,-1.1306098606471144,1.5561226635025904,1.0921201408012664,0.9060170406880443
single_block,134,False,False,true_safe,2.4065618624295113,-0.8700614851523644,2.566551245654493,-1.2952063335240618,0.6666681101584682,3.4318298545092367,-2.5845796968016717
single_block,135,False,False,true_safe,1.7760650119582855,-0.8525569053040145,-2.8244836077981565,-0.6544316723682035,1.5528931257880658,3.7474535314692505,1.5307980563409251
single_block,136,False,False,true_safe,2.8233431755588705,-1.7114383384716128,0.37027652873061623,-0.17645132297099853,-0.05896201999747763,2.040757110189494,2.0888520217346875
single_block,137,False,False,true_safe,-1.5840876531920114,-0.1533090332898781,2.425952328150332,-3.0123957744320244,0.48749204211817165,1.983252119494987,1.1836914601481818
single_block,138,False,False,true_safe,1.1798545249198775,-0.5460906588143646,1.7899114351458194,-2.7610868067463676,0.29664024825571156,1.6954383446518095,1.4711175205754343
single_block,139,False,False,true_safe,1.8270048710790223,1.239981571915222,-1.75357377544544,-1.7511405403737883,0.6566605854483365,0.1428397357981117,-1.969058708719059
single_block,140,False,False,true_safe,-1.7110489397534414,-1.4334973733348106,-2.527950798600689,-2.1893355517787003,2.829057682012151,1.2739481671520039,1.0867411993924856
single_block,141,False,False,true_safe,1.549043840800835,-1.7081107457482487,2.1207407167770804,-0.799650979592287,-0.4197709977849087,0.4281685354544881,0.3658319045199794
single_block,142,False,False,true_safe,-0.9494136511720972,-0.4660331202260106,0.6224755276703307,-2.2506692871165397,0.5912453791976717,0.15017317597182006,-0.07574154128161759
single_block,143,False,False,true_safe,-0.7810759690339641,1.3422818607616174,-2.6708532253058865,-2.3342167185262372,1.2734633666199717,0.12976984185603258,1.2706939067803957
single_block,144,False,False,true_safe,-0.2778925772621492,0.6634496897298807,1.9951617739769003,-1.3323207401301569,1.932297993527198,3.643864524540401,0.6899425883418546
single_block,145,False,False,true_safe,2.0828987656649693,1.4662171065734646,2.428922345224351,-2.8033915572818704,-1.2191949076081556,1.827219379034887,-2.4277114178159485
single_block,146,False,False,true_safe,-0.3547651668603571,-1.4861283217846448,1.0065715803704176,-1.3230385658374126,-0.12796241886561743,0.3235219135218018,-1.542061721395812
single_block,147,False,False,true_safe,0.6943779711651277,-1.6701463445805271,-2.7432727071744214,-1.3208979572275807,-0.49702536122259966,0.7075150565164834,2.1816259757219476
single_block,148,False,False,true_safe,-1.2007368362038242,0.959034185130323,-0.01978348244560113,-2.7671133114494015,2.0338846182600965,1.4103188654824268,1.4141132045691562
single_block,149,False,False,true_safe,-2.676048040554667,0.131697629827765,2.4349592714345785,-0.3745472440826103,2.5953195296060216,3.6256804229110857,1.1969191014674103
single_block,150,False,False,true_safe,-2.18743159143676,0.9273498343793354,2.2296629225908133,-0.765234864673427,2.732190957574518,0.767684305784382,0.34339848005740636
single_block,151,False,False,true_safe,0.27813610488129337,-0.7972557908450374,2.3880407997815563,-0.08374955425774999,1.619927666528668,0.9337594684195278,-1.246532789444208
single_block,152,False,False,true_safe,-1.8442147335621348,-0.776556888958525,1.5596700312372218,-2.919046047698727,1.3609154647006352,0.05064663078752729,0.4331950634040225
single_block,153,False,False,true_safe,-1.465092777694913,0.49018713012918,1.2761076021739028,-0.15740488225751692,-0.46144162840656655,2.361060875572673,-0.5819639483833341
single_block,154,False,False,true_safe,0.5062091813393028,-0.7167234104979996,-1.3130115295592475,-0.553062850184133,1.2527393584114912,1.287714435129997,-0.8263270435202639
single_block,155,False,False,true_safe,1.7608108509517595,-0.14288249993391533,-2.4797455316989905,-1.0753367449118951,0.028019154091604825,1.550015881485537,2.392899735832963
single_block,156,False,False,true_safe,-0.9595412690954275,-1.0588409255496316,2.439041282539614,-2.8524464212719214,-1.978061593282313,0.2414862726235485,0.8045945609404956
single_block,157,False,False,true_safe,2.0961567927747997,-0.9468125420728066,-2.7119553099694516,-0.5989535940702662,0.7971600360248319,2.3349367412200976,-1.8635224617414778
single_block,158,False,False,true_safe,-1.7772749240777754,-0.757049261784758,-0.059414294592969874,-0.5178170048986859,-1.9427975599494696,1.3081013449638783,-1.2646765624969838
single_block,159,False,False,true_safe,-0.28054534695887146,-1.628540465872425,0.6966610023634914,-2.7418537396356677,-1.503436035360355,0.8231624764050189,1.7803490657535037
single_block,160,False,False,true_safe,-0.25253085545310494,-0.7142253759620931,0.05753415036334886,-2.933662626576302,2.5593135855596008,2.95312327462811,-1.1469935429999818
single_block,161,False,False,true_safe,0.6310059011895404,-0.21046661908053044,1.2253720565835997,-0.13827744126440056,0.3386913299626557,2.6293529379726763,1.32775576328511
single_block,162,False,False,true_safe,-1.576588475391791,1.7579307634806822,-1.9490060997344552,-1.9867296240778987,2.4826796660303523,1.1978343090101065,-1.2712079963179432
single_block,163,False,False,true_safe,2.0055399583497864,0.9506017108853029,2.0035488737173694,-2.59912229593556,0.5705576944434543,2.5628259968287637,-1.687035448758703
single_block,164,False,False,true_safe,0.9752093535097726,0.04839967330024919,-0.4858180554204208,-0.7609511594588376,-0.9611253274901053,1.0585147897472438,-1.2112881470217256
single_block,165,False,False,true_safe,2.1387101165184315,1.7488859641326617,-0.6984734015944065,-2.0629177120149853,0.7808715344969279,0.9331313681965504,-2.3817932707406677
single_block,166,False,False,true_safe,0.7739981836842214,0.4065002560289619,-1.627487362994645,-2.3065688980708514,-0.17237756642306046,3.1707033359735814,2.5311424721761244
single_block,167,False,False,true_safe,2.774086891420597,1.638041015872894,0.2700714136096316,-2.8653923958178584,0.7299320641129685,2.6115659520525587,-1.4025150955301535
single_block,168,False,False,true_safe,2.204360896011107,1.234636502254138,0.23720039632988943,-2.8627938992375483,2.249613397604088,0.797640686966151,-0.04489763343792186
single_block,169,False,False,true_safe,1.8310715854138206,0.4873194614077301,-2.800867888547574,-2.951453836010304,-2.0017150753775628,3.5753368278154682,1.6652724172049376
single_block,170,False,False,true_safe,-1.3708916776030022,-0.2855095680051254,2.6605941596295595,-1.107428390697005,2.40874691166465,2.902555662983237,-1.940587451185296
single_block,171,False,False,true_safe,2.5840080410187842,-1.4796241184013628,-0.7844597531648185,-0.16699298253060535,2.3005321879712075,1.249555702865913,-2.6665760550372593
single_block,172,False,False,true_safe,-2.5499294430837693,-0.3802131445040413,1.7806975013433193,-2.6918534267185286,-1.9326125173494841,0.8874880920737525,-1.965748572507502
single_block,173,False,False,true_safe,-0.0035582621614662635,-1.1972782719208532,-2.1117438761838505,-0.16019545586940476,0.41588730289209197,0.5206701896818506,0.861551266397842
single_block,174,False,False,true_safe,1.5173409267159328,0.20237775467278452,-0.34191389472514055,-0.10399684477164772,-2.786175728899301,1.7746439584601288,2.2706676479464813
single_block,175,False,False,true_safe,1.2436807719985574,0.8049322448150131,-0.5406122820907284,-0.11678717970218822,-0.9425389865454821,3.034650537299993,1.3599483229880138
single_block,176,False,False,true_safe,2.58624612546302,-0.07748816669324876,-2.400992056190977,-0.562002900659349,1.0277616245098375,3.3713798955617684,0.7229707824248721
single_block,177,False,False,true_safe,0.2252000710953861,1.548172738484022,1.736949210364536,-1.4186567758378832,-2.087579146674891,0.856047938205918,-2.8151213079035786
single_block,178,False,False,true_safe,-1.857346859609974,1.168173974966129,-1.8878281922797988,-0.8920993227914038,2.1065844358616332,0.2535713894665031,-1.617066094438946
single_block,179,False,False,true_safe,0.6998151769727863,-1.0005933112528687,0.08958306649194903,-2.444852629788964,1.6051003714596583,0.8381922894656691,-2.869643874305671
single_block,180,False,False,true_safe,-0.03034641431132945,0.2910571526938597,2.347866055202998,-1.7788359749825544,1.8230356608914229,1.569322183670702,-1.9769949242634488
single_block,181,True,True,true_collision,-1.7370917592497968,-0.690023633499135,1.1708971338517977,-1.3427678303121584,0.24347994699520026,0.7571024939133815,0.985169174547412
single_block,182,False,False,true_safe,2.417231380994416,1.0400390940004263,0.2956634007144743,-2.2845590348599596,0.9719987969220583,3.245059204818924,2.2863961928422554
single_block,183,False,False,true_safe,0.8909487552023108,0.7816115370632546,-0.8822088629236422,-1.1418625250568055,-1.1792831117671954,3.4056707185339308,2.414078493062322
single_block,184,False,False,true_safe,2.1772784508462393,-0.1515352566612087,0.9830110865537343,-2.890169111003223,0.13566776617791065,2.0182014392564267,-1.8912529991448606
single_block,185,False,False,true_safe,-1.6136277673158321,1.6012174747732173,-0.37729325412258774,-0.3953264734916577,0.6600626126772915,2.65647677781948,1.2084327870883427
single_block,186,False,False,true_safe,1.5075011775695706,0.764296232013042,-2.2654949863868987,-2.3230189572794844,-2.5734104468098526,2.254383903194962,1.2913699043871971
single_block,187,False,False,true_safe,0.5629890476994022,0.11693839463305866,2.1065468285679523,-2.6935870394398087,-1.6843602891128475,1.3486351136296504,0.25102027351870415
single_block,188,False,False,true_safe,-0.47123883384496645,-1.1036707792563756,-2.4495799711300523,-1.3316468283644798,-0.8718661241785712,1.5853973767525,0.6004603214868336
single_block,189,False,False,true_safe,-0.697153082278533,1.275350932360177,0.5695137408890436,-2.9841380767696455,2.296717214331212,2.5860248043383636,-2.8710091474162494
single_block,190,False,False,true_safe,0.5963335380549384,-0.6570963899255708,-2.46441073963779,-1.5234401632741006,-2.278482357654779,3.3321162120366643,-1.7088770751562763
single_block,191,False,False,true_safe,-0.15862170923695373,1.739554856297031,-0.9755580004155011,-2.118510174625525,2.2713296711041733,3.0509846281092616,-2.554571627377598
single_block,192,False,False,true_safe,0.09113671036763593,-0.9707932580987476,2.674379385620471,-1.5036928838760601,1.840361030773384,1.31958569926851,-1.6003056522328392
single_block,193,False,False,true_safe,1.7955350652374835,0.8024319084186651,0.5406762633971076,-2.2981666684156425,-1.2862610385372204,1.319699254951704,1.9674590863969175
single_block,194,False,False,true_safe,-1.432851039175761,-1.3905446230172664,1.3925223337308865,-0.10822607626975245,2.859978310665395,1.1417627431843203,2.3222245865880438
single_block,195,False,False,true_safe,0.3078430070818059,1.4739198418409836,2.859785635090519,-2.953895505258211,1.7145777451486137,3.3966843570299172,0.9526384791601714
single_block,196,False,False,true_safe,-1.5329139966097125,-0.20939116398695967,0.700292364266474,-2.3514660618262075,-2.534251008836729,1.6245579690295124,-0.8015780191330637
single_block,197,False,False,true_safe,-0.22468980087236945,1.033338445099687,-0.43991736304610907,-1.2220953050217533,-1.138201996416271,2.178818949300096,-0.18541112655576386
single_block,198,False,False,true_safe,-2.45750801235627,0.40618502578636395,-1.1213929844016794,-1.603390677455702,0.9893227427423814,1.2630684185970562,-1.3987730367192799
single_block,199,False,False,true_safe,1.1018448346284857,-0.5210715677335012,1.9324395701234889,-1.6304291673216347,-0.3553295901755811,2.581537222056984,0.1522536835156485
single_block,200,False,False,true_safe,-2.2816213090334827,-1.448383447683221,-1.6139591356271163,-0.5154091014942432,0.27828986921278354,1.0364560989861582,-2.8623449147228968
single_block,201,False,False,true_safe,-0.17574848797694775,-0.869488107165753,-1.9748510776346122,-2.056531611870124,-0.02079736189698833,3.0304260271686303,-1.2091988620571374
single_block,202,False,False,true_safe,0.6133828714910745,0.05330297025422093,0.5574675929050104,-0.16964388879955417,-2.478200865221927,0.3239300994973952,-0.13938430272599778
single_block,203,False,False,true_safe,0.7577974603155844,-1.6768361329116541,2.846152429741823,-0.6629863321277565,-0.39847302964523434,3.685362032907481,1.0501822253127546
single_block,204,False,False,true_safe,-2.821857032715433,-1.6078845734236087,2.1233168236592435,-1.70936964853728,-1.7308100628502814,0.6295431893149576,-0.5646037541726674
single_block,205,False,False,true_safe,0.44438821990163824,0.18553972673918828,-0.06247913883307055,-2.422845672171902,0.41687440666262354,0.7280401212159241,-0.8990119947941202
single_block,206,False,False,true_safe,-0.266170508462932,0.8182479492856949,2.078433022856888,-2.9087599322495405,2.5852379992726164,2.9609257281035806,-1.223533985227813
single_block,207,False,False,true_safe,0.4259899203589135,-0.5560866000276203,1.8674191552929567,-0.3036719384126285,-2.7455377999008013,2.0681223516992002,-1.9264028369192605
single_block,208,False,False,true_safe,1.4005769317783998,-1.0607348947550497,0.4499771524625431,-1.254265698594186,2.4001475119819466,3.5347912935901054,-2.275709852818614
single_block,209,False,False,true_safe,-0.501549820219001,0.7912912528108094,0.639097207834737,-2.883765509850291,1.2917324100160381,3.4359240705976424,-0.020412417597469812
single_block,210,False,False,true_safe,2.2951338146372646,-1.7575497829034326,1.5252687227301505,-3.022535405717727,-1.9931878229368585,2.9392731154463028,2.7568123862418523
single_block,211,False,False,true_safe,0.9747525229069351,0.6560156919465423,1.8960560434556526,-2.2832926946914043,1.6450412408564525,3.672851355226701,1.4214798128010444
single_block,212,False,False,true_safe,2.2660175422471966,0.7304919299399928,-0.2069468245292332,-2.8874557575721105,-2.476026736560796,2.7085526451094055,0.791859110663113
single_block,213,False,False,true_safe,-0.8802026191233518,-0.9278521711382668,1.5556218889469453,-0.6578306046787108,1.3668740223307894,1.1289331655071146,2.0758789174096353
single_block,214,False,False,true_safe,1.907021002941216,0.6930571465862005,2.2798065512212937,-1.483954205146393,1.3481917726105812,0.8493984947817921,-0.5438882687080011
single_block,215,False,False,true_safe,-1.4744504161115484,-1.3070842273732546,0.8510300363325554,-0.39194087903336294,-2.1745132727104277,1.5196097925716916,0.138173848335847
single_block,216,False,False,true_safe,1.337977606686629,-1.5587280070779566,0.9049721730390985,-2.586354554807222,1.8657896453190248,2.3851383692651886,-2.7231546078445468
single_block,217,False,False,true_safe,-2.8565963177052645,1.6004868632098934,1.249537873581429,-2.467046393364283,0.0044777496257739635,3.128824393085791,0.8753781218379837
single_block,218,False,False,true_safe,-0.27527024662997857,1.1749566670740905,-2.7977643578846956,-0.7499020664957792,-2.5250261945826216,3.4656789894496813,1.362163030283749
single_block,219,False,False,true_safe,2.145410431394694,-0.39236192658353075,-1.4561695020177283,-2.3171926201139614,-0.555557316791353,1.0242482560790358,0.5092936181619705
single_block,220,False,False,true_safe,0.8317043006659826,1.2108924227462459,1.8023751952717704,-0.8220312695915739,0.15047340176664203,1.7419272941389647,0.9634465192428605
single_block,221,False,False,true_safe,2.50160191842943,-0.7242899264452929,0.7897242509735869,-1.3924539233491975,1.2727777152930293,1.920268153766692,-1.5877248439724794
single_block,222,False,False,true_safe,-2.741344332772393,-0.6577534330564447,-0.39104014448078006,-2.551188813576049,1.2432335342942467,0.9670385863565172,0.9081104135821243
single_block,223,False,False,true_safe,0.005149339290322796,1.0030391465989057,-0.03446636746196896,-2.2301544868809358,2.0711112851021922,0.21159504111268046,2.837505358872742
single_block,224,False,False,true_safe,2.3454422326522084,0.46630577167582254,1.7676671194871099,-1.7592375813480725,-1.4882498790866567,2.7939560478955388,0.9214448961841248
single_block,225,False,False,true_safe,1.9344899170710472,0.8724053210672533,1.962328966331539,-1.8552004392405954,2.8654566266619326,2.6925985949689717,2.2397597550342305
single_block,226,False,False,true_safe,-2.1079707366874976,0.2559358750162497,-0.6495597738655516,-1.1641289866938374,-0.9112296164954949,1.813945200539837,0.7482218968709615
single_block,227,False,False,true_safe,-1.141160517687435,0.38973264593781964,2.046579435173214,-2.2079345506831376,-2.3581150897206458,1.157325719613131,1.2467822805422428
single_block,228,False,False,true_safe,2.5139702024115187,-1.0060283810863067,1.2504520790198872,-2.541888899471144,0.20951661016674583,1.1858451181345326,-0.4020355779321845
single_block,229,False,False,true_safe,-1.5909679309453124,-0.25963554473788664,2.0491404168802743,-2.2357772954005704,-0.5658278442737426,2.73825694383637,-1.872628630271429
single_block,230,False,False,true_safe,1.5831181880751957,1.0406956787792727,-1.0487698359021278,-2.612416632342425,-0.26453106025929074,3.1053734516212406,-1.570879738214183
single_block,231,False,False,true_safe,-2.7902266051062945,-0.965566600027954,0.18184686185501864,-1.0159610753820987,1.5259322149968866,3.2160306075933165,0.5899242875478885
single_block,232,False,False,true_safe,-2.8164794167003633,-1.5764168549136666,0.8413027831455855,-0.6507254187900693,-1.8170379148219085,3.1010871644967213,1.3738093089513304
single_block,233,False,False,true_safe,-2.7887508195560913,1.2606711000543616,-1.8899561808103902,-0.28302251420176017,-0.8384463529204864,2.8109208210979366,0.10110486287291032
single_block,234,False,False,true_safe,2.0250214599508802,-0.5052380430820409,2.5391941222324372,-2.3145057268752476,-0.7734776247028687,2.506074789310666,2.4351201176505817
single_block,235,False,False,true_safe,-0.2755702225899168,1.1719199345709699,2.41061720745316,-2.1476337122582905,2.4408224457891854,3.698959422480881,1.089281589826907
single_block,236,False,False,true_safe,-1.8624298170400841,1.6472189110456767,-2.7977371643333844,-1.8836537748801103,0.041646734074197944,2.580912614338586,0.3199955479377814
single_block,237,False,False,true_safe,1.12961662535487,0.6676322337538103,-1.6841071942438175,-2.343355701202939,1.920668483628099,2.013293120650416,-0.43306888577839375
single_block,238,False,False,true_safe,0.671597690348019,-1.1967757651640871,-2.6867964419504444,-0.5002097245552499,-1.0886227276666776,1.244348349398267,1.98985091357584
single_block,239,False,False,true_safe,1.424044103319266,0.5220271381319495,2.4693368658921417,-0.13938243358691338,0.07241257250343702,1.623214891142496,-1.1553717740075302
single_block,240,False,False,true_safe,0.20826425934058834,-1.572505173352318,-0.32363740108653527,-0.7538219109264959,-1.8413871686324863,0.6983840995863391,0.9378837055844169
single_block,241,False,False,true_safe,2.1846220163283943,0.03629838581801237,-2.4055696497504306,-1.0478979437024512,2.3434245877219424,1.8394425434458277,-0.37124728388992256
single_block,242,False,False,true_safe,-0.3229057133595381,0.7244471142190716,2.797283751828313,-1.6400832189095438,-1.5965028520380813,1.1118432056330598,-0.16333339364666877
single_block,243,False,False,true_safe,0.14796620355265944,0.4839014984918988,-1.1602808963663125,-1.939285137612688,1.7739520669037652,2.302617124076749,-2.2128719453997556
single_block,244,False,False,true_safe,-1.5467643521638137,0.2309508186434177,1.1990228445677666,-2.8290208897234588,0.874589469479631,2.36872579202736,2.1158502492414475
single_block,245,False,False,true_safe,1.1255374655546722,1.3316544696764683,0.10491612206801504,-0.10725994507245185,0.41678715830241986,2.997097657126033,-0.5280916727539302
single_block,246,False,False,true_safe,-1.8776541645919074,-0.708577318396171,-1.5322769649661423,-1.9429039274754412,1.242354245504806,3.4647039381028417,-0.11758666276461804
single_block,247,False,False,true_safe,2.292537455756676,0.2709794877535989,2.2311353519861687,-2.6715117670845467,2.7339499533643834,1.289042898548393,-1.2499181728571405
single_block,248,False,False,true_safe,0.3963106987339793,-0.6203853745103975,1.9113417790369183,-1.0183630448782708,0.5579721024493427,1.1787490932523967,2.779480284668225
single_block,249,False,False,true_safe,0.062201837701420626,-0.4460715616809554,-1.334299226860526,-2.250259875412297,1.932071701157025,0.4057762079395401,-2.1773777820525595
single_block,250,False,False,true_safe,-1.6855944468188566,1.411684869131033,-1.2628399542769182,-0.9209126495500328,-0.19266869290185706,1.7602261325710122,1.7215702362700518
single_block,251,False,False,true_safe,-2.6042336008408817,0.7256030797637472,-2.762297499485814,-2.49783571838241,-2.250888512897186,2.421140138393708,0.12433644836954016
single_block,252,False,False,true_safe,-0.31252862057440733,-1.265573029973684,1.9687405374167164,-1.9274897423741435,-1.74276908094037,2.0524713232075715,2.483312790759062
single_block,253,False,False,true_safe,-2.328301046732768,0.474367341559053,2.6260915748035294,-1.690571478855766,0.15627814120522165,2.2611166863726155,1.9255167724529554
single_block,254,True,True,true_collision,-1.178333822402962,0.30412331776276025,1.4226036002538147,-1.5972071471491542,1.6988858883860876,0.8938810365661315,-0.4089437743217763
single_block,255,False,False,true_safe,0.42648302997778265,1.0448452955287273,1.606419371395876,-1.840709488098474,2.5458892737713703,2.292707698237637,-0.7375274567513745
single_block,256,False,False,true_safe,-0.18194735694014463,-1.648416489397297,-2.16124764599216,-2.151266000296145,-0.21518681861291,2.3501867635443467,1.4872117092380868
single_block,257,False,False,true_safe,1.6110978781906202,-1.0631895007813204,-2.43561945193868,-1.897900202471525,-0.318891545593579,1.9747428437136465,-2.5524019521292276
single_block,258,False,False,true_safe,1.7669911722292624,1.073129517340298,0.2695685388334055,-2.788652263744415,2.020458224993505,2.1626724806302873,2.268846528168146
single_block,259,False,False,true_safe,1.583684955022632,0.8190076587423087,0.3770970291915057,-1.4672779978958892,1.5373203273459368,1.0965564446307992,-2.573847338736977
single_block,260,False,False,true_safe,-2.0096980802324724,1.2736181004403675,-0.2093973252727186,-1.0481579917442794,2.2672967796054286,0.8558868070403685,-2.5633587720239372
single_block,261,False,False,true_safe,0.3689153198188211,0.5727496237760001,-1.5277953735481429,-1.0825767136255249,0.9866948616802689,3.6384084164779757,-2.4264216364603257
single_block,262,False,False,true_safe,-2.3237668548232477,-0.06465205075831748,-0.6183712661902923,-1.8966805797649704,-2.3397701214233413,2.3224693641255563,-0.7139020566438159
single_block,263,False,False,true_safe,-2.620334330597479,0.18966721287868715,-0.44271051961956287,-2.3556861339210213,-2.4697404202103033,0.15107627669725632,0.02346582057085511
single_block,264,False,False,true_safe,-0.016565689608793566,0.976162679851631,-1.8678441281633602,-0.5499888716202999,-0.48173757202828504,0.4456265387453791,-2.389355680667361
single_block,265,False,False,true_safe,1.5784771082406626,-1.5495353684501276,-0.4653976555325521,-0.8043341956275545,2.148647476715619,1.3528051012205187,2.2518011773734314
single_block,266,False,False,true_safe,1.5082181485351662,-0.022915967576247365,0.6129860215371226,-0.5873164154915202,-1.9681009876875764,0.9336398675489156,2.507165485365445
single_block,267,False,False,true_safe,-2.347948264872869,0.46151046675995344,1.5002975754901793,-0.7585208390588241,2.7812492531959747,0.3911834940281167,0.5181548333639605
single_block,268,False,False,true_safe,-0.5521260011478328,-0.9826495199679111,-2.498686120621762,-2.0218273615216624,0.42283998762851116,1.214578238515881,0.15033520913970433
single_block,269,False,False,true_safe,-1.304771695721474,1.249307973810725,-2.1769505937356644,-3.0225932563690554,0.415480752806058,3.559473643815042,1.4705134388979668
single_block,270,False,False,true_safe,-1.5694432429374614,0.030793230902626423,2.8558760324382093,-2.297530731813081,-1.0328904175450924,0.15072432679601094,-2.061209700326031
single_block,271,False,False,true_safe,-1.4729127244482267,-0.2677936004849035,1.0141855615673276,-0.9034513276432463,2.790677372494519,2.2430434489271125,1.9616852232586264
single_block,272,False,False,true_safe,0.8173490763449305,0.022900211125248537,1.8052420213506877,-2.355331050008007,-1.154606646796786,2.512471285010021,0.9938335318628275
single_block,273,False,False,true_safe,1.666763632478966,-0.6344005178755541,-0.37953845932625985,-0.33848060369541466,-1.2523196759568196,1.3081095925299546,-1.188507952136534
single_block,274,False,False,true_safe,-1.2344971672319223,-0.7618815161893437,0.4182829180035901,-0.6812040143167089,-2.060018087342179,0.33052504869415233,2.8786963597881976
single_block,275,False,False,true_safe,-1.3342988246306227,0.940505795678058,2.624736908278367,-3.053209226589276,1.45596024072016,2.337377966512404,-0.8089296765464495
single_block,276,False,False,true_safe,-2.5966810686102955,-0.928948369850543,0.09869651863352624,-0.3927521511437764,2.018706474294762,3.38362345105264,1.7931207670262839
single_block,277,False,False,true_safe,1.0551477786800056,0.4072176203396669,1.6352640706164903,-2.4023395875695903,-0.5566208266257813,1.5686897922422014,2.3837819920124734
single_block,278,False,False,true_safe,0.8581745339786377,-1.2155489433400724,-1.2703313727019365,-2.128556680098918,-2.4762923444291713,3.589118825795501,0.6752616771231712
single_block,279,False,False,true_safe,-2.683260172889725,1.211822256605927,-0.8639549575327541,-0.494104712139102,-1.0195661838319803,1.087593125727875,-2.3757916590730863
single_block,280,False,False,true_safe,-2.0778423212500527,1.5970208045143983,1.0137688870977755,-1.0822159752880076,0.3265938745635455,1.6388901348639715,0.6759291731342105
single_block,281,False,False,true_safe,-0.5565347988415588,0.09316792848418043,1.886115151431952,-0.7464972457620687,2.3886580525487875,1.3054166503185516,-1.5134933407993796
single_block,282,False,False,true_safe,2.740505621233384,-0.32010877893455736,-2.7738315686624273,-1.020843026543401,2.3578650548358415,1.141646912715113,1.6225945881601818
single_block,283,False,False,true_safe,1.184416075995776,1.1578715524795529,1.0847215373556383,-0.8458058549646523,0.44519606985848936,3.7406833638130155,-2.1919950820847403
single_block,284,False,False,true_safe,1.9789194276802307,0.3445159529567947,-2.253273380252096,-1.265725486733761,2.5028239582244987,1.4944056629491511,-0.25184559267213347
single_block,285,False,False,true_safe,0.21767405201368417,-0.10168522283471715,2.7973820000720386,-2.677443904150637,1.445247472279814,3.087053796264802,-0.7111408916809405
single_block,286,False,False,true_safe,0.40982256546505624,-0.35940390747765916,-2.3599685943106987,-1.6946566457629482,1.5397301106433026,1.3296684514781654,-1.4060482126044358
single_block,287,True,True,true_collision,2.0598652204413352,0.36424067881550437,-2.10112024379326,-1.6531450117472586,1.442933340531979,2.0231255608224394,1.9352042632510424
single_block,288,False,False,true_safe,1.203551058403185,-0.3003256290805765,2.3453649920087387,-0.3824599567107789,-1.865020700216674,1.106405858121373,-2.855267719214593
single_block,289,False,False,true_safe,-1.3123037724734496,0.361255962054555,1.0872228877282861,-0.820662295858829,1.768256982967213,3.5841514026094585,1.9847691107171976
single_block,290,False,False,true_safe,1.6083852172124886,-0.337935104656379,-0.44042281292427177,-1.5008145610958001,-1.8201371650013405,3.5990709338450975,-2.2010981108629917
single_block,291,False,False,true_safe,0.3780830221840996,-0.35627644576556405,-2.858603794222132,-1.565167797242232,-2.4861089266628005,3.4547392513780775,1.4587103581352312
single_block,292,False,False,true_safe,2.242222551579505,1.2988898363972847,1.370135262153649,-0.4541945329403836,1.7730486628776547,1.2898487199312867,0.505629391242358
single_block,293,False,False,true_safe,0.2386150229825157,0.39437259006975234,-0.6190012392747613,-1.6082522220071196,1.6467822343701441,2.7094295255743863,-1.2287424883246159
single_block,294,False,False,true_safe,-1.7754793288243382,-0.6800170593145252,-1.7071981041897908,-1.4604543732794273,-0.36562809682004804,1.536044984813108,-2.5447238804512917
single_block,295,False,False,true_safe,1.9325266439101507,0.09775897624487095,2.266401368699571,-0.2989555177312391,0.36790880325895214,0.6486683765804765,1.5042208472537681
single_block,296,False,False,true_safe,1.692982105772216,0.7824411570204881,-2.4110318525388026,-0.19784146179666662,0.3252177276302901,0.8474232121258426,-2.7227346995864985
single_block,297,False,False,true_safe,-0.3822879516987112,0.3223643371921243,1.259479976447913,-1.664203445424335,0.09857964938014785,1.4350851880777105,-2.5255605383982043
single_block,298,False,False,true_safe,0.562626547591282,-0.8689282238277348,-1.5658200472718966,-1.8900898577876588,1.8932970523081258,0.6648069084421488,0.0362353169100742
single_block,299,False,False,true_safe,1.582030200010124,-0.9124154065870576,-1.4988533428131172,-0.13740064331882884,-1.6865240547704925,1.6459168137410598,1.2018630286509748
single_block,300,False,False,true_safe,1.4293031557032365,-0.10657817704789996,0.5641647016536746,-0.47817592135259357,2.639844089975362,0.8101815692109356,1.4864042958891477
single_block,301,False,False,true_safe,1.3655903940894363,1.6301439545961882,-1.7839353140270062,-2.411327076556635,-2.1902383811315875,3.3022660679652587,-1.969432768850206
single_block,302,False,False,true_safe,-2.5629815399546843,-1.6278549900202752,-0.7018562970411271,-0.19821828864088742,-2.208049561973561,2.7135544955328856,0.6114868372292874
single_block,303,False,False,true_safe,1.0572870630551696,0.9837194113912617,1.7929632489959233,-1.9432914204140808,1.3340920354463024,1.6771037063496412,2.0696782467536585
single_block,304,False,False,true_safe,-2.2810596986199085,1.1544196372703497,1.1770726376885885,-2.1181010433167686,-1.6814802087603897,2.080410536213884,-2.7854748915502325
single_block,305,False,False,true_safe,1.5341495672486016,0.8022087597896688,-2.644311955138699,-0.16412336129420613,-2.324049351045398,3.2847338739209193,2.2015848371743743
single_block,306,False,False,true_safe,1.2054418940316372,-0.8308607206844482,-1.1211376864501146,-1.665200735289953,-2.4938594693340392,3.6865778444074033,-1.5827971249904524
single_block,307,False,False,true_safe,-2.6636377738338237,0.1736335750923499,0.0058230671436581005,-2.0062384323583657,-2.7730399271521273,2.6016888487832217,0.36967124489850844
single_block,308,False,False,true_safe,-1.7961825628792434,0.7665312011516741,0.34824170897802054,-0.9336508290141294,2.620999109419674,2.5209526240535993,0.6135487863930251
single_block,309,False,False,true_safe,2.6088762013729343,1.0295572299102855,2.2439333237880983,-1.427336934390538,-1.476080724925392,0.33562486794426893,-0.7931131660799609
single_block,310,False,False,true_safe,-2.1272892655823767,0.7703164540397061,-2.3002510383322576,-2.088593352614806,-0.06994013010415223,0.8303664538506806,-1.5878809916002141
single_block,311,False,False,true_safe,0.8173441367600396,-0.052015509476992516,-2.3875422758160094,-0.5238388414356936,1.9181988834594166,1.234834940834538,0.827116399404944
single_block,312,False,False,true_safe,-0.05660045096040278,-0.5315573031848626,-2.8846977383288004,-1.7411912835905665,-2.4681627135173385,1.3974609910150781,2.477146550812362
single_block,313,False,False,true_safe,0.2754565380497209,-0.4601419644845677,0.8428555342146162,-0.7894292983241793,-1.200239775339064,3.35339437658351,1.8667325601406382
single_block,314,False,False,true_safe,-1.4081388523049405,1.3341246712046027,-1.7953068975104933,-2.6312522972773027,0.9528691769957764,0.35491027886177695,-1.0816681596372635
single_block,315,False,False,true_safe,-2.1379597346788515,0.4471752099941817,0.7691585373885652,-0.6659729939436065,2.044562547978916,1.3431462845613784,1.5674276007089767
single_block,316,False,False,true_safe,-1.9050077219633326,0.6849016116676685,0.3112173006188028,-1.50432135762177,1.8251635424559116,0.8722037367719431,-1.7144513320564947
single_block,317,False,False,true_safe,0.7491154220469354,1.3391235716610308,1.271206397290047,-3.0302667613309455,1.4321790123361162,1.830409190428518,-1.12096813520577
single_block,318,False,False,true_safe,2.660232084524442,0.6824271450151369,2.3915550092899927,-0.7165184560267406,0.47192529620302137,0.3358104828532286,-0.5994805805159924
single_block,319,False,False,true_safe,-1.5252328318294028,-0.5660263539241666,2.6631828682623326,-2.076818602180571,-0.8424406137478124,2.120584863597228,2.516015227776499
single_block,320,False,False,true_safe,-0.39962231677835325,0.07725946884183466,2.8056049462636072,-2.7651000760815103,-2.7010119160982216,-0.010994501485383473,2.08644063859013
single_block,321,False,False,true_safe,1.5702213754882854,0.3509554753653128,-2.2516228673252705,-1.9395568765609659,-0.7756440131793667,3.3633632833596754,-1.6405015159372511
single_block,322,False,False,true_safe,-1.1848751708298209,0.11626915822942818,0.03311647263491224,-1.579594044866926,-1.8981018454560188,0.6086735736679275,-2.380920605386468
single_block,323,False,False,true_safe,-0.5496968368508761,-1.253919631986809,-2.5339514179948606,-2.37370539911416,-0.5861314301604987,2.216569063641928,2.1292959296839427
single_block,324,False,False,true_safe,2.8325241720867704,-1.2343969278141167,1.7693607022513143,-1.7988591569311205,1.5197673536575649,0.35935297850241454,-1.8859836890599768
single_block,325,False,False,true_safe,2.3598006040461947,0.8668197590946933,-2.185569384096242,-1.880173293017722,0.7977691706056307,0.2877374469343158,-2.089393393087356
single_block,326,False,False,true_safe,0.14305718291141023,-1.2545559631490266,0.5119851110969775,-2.56865026156697,1.4451309444578775,2.7513584953056243,1.673674008971282
single_block,327,False,False,true_safe,2.37334811493514,-0.40659779420295084,-0.11915996295234477,-2.9109996353639884,-2.4184502239217593,3.3997086973091335,-2.3917790136843124
single_block,328,False,False,true_safe,-0.2769868501061832,0.9200432863284327,0.5260973297867806,-1.8262822962355199,-2.2413906858932204,3.418362586418296,-0.13132172969541056
single_block,329,False,False,true_safe,-1.1617550487551394,-1.27531345287665,0.14752974676108233,-2.5540674882433883,1.5783069019922293,2.401344805644428,2.8035111986840033
single_block,330,False,False,true_safe,2.741526356741668,-1.17368481551867,0.6156333361476851,-0.9785994605001282,-1.6623333562228158,0.13557370557077492,2.5971542765660707
single_block,331,False,False,true_safe,1.7751142603396413,-0.8005892812097666,2.6226383633635764,-1.434805167655164,-0.33648966449711937,1.6426147446657904,-0.6713780737588144
single_block,332,False,False,true_safe,0.04964031055574791,1.493456243960079,-0.01274117908912542,-2.0758615975244106,1.0575496396754356,2.954697501869694,-2.4208077226236346
single_block,333,False,False,true_safe,-0.5605587942244159,0.8018189878600146,1.036737243188536,-1.9777179017723694,1.1741778485212095,2.9702221033238,-0.48936616833776014
single_block,334,True,False,false_safe,-0.4828291649301817,1.0921776552039066,2.0002889593053914,-1.7770476713788914,1.7067880715250054,3.6451628180367988,1.1346351574898779
single_block,335,False,False,true_safe,-1.6432480985984357,-1.7623395539815516,-0.03467870102992565,-2.4823503806258937,0.7644039985778597,1.4131025200763043,0.7158435926085058
single_block,336,False,False,true_safe,1.019416466773162,-0.04688069277291329,0.8954199733509758,-2.394075229445267,2.211599683386799,0.6147425728998986,1.284433474934422
single_block,337,False,False,true_safe,-2.4316740461639896,-1.4110271086544106,-1.5261562650395162,-2.033436062496493,0.27757142775068333,0.6581365091672442,0.26739547542447184
single_block,338,False,False,true_safe,0.225585092676984,-0.3439507865144249,2.058348878169643,-2.5544858454701966,1.833283017993884,1.6179735386986773,2.667148133290888
single_block,339,False,False,true_safe,2.3128256165572894,-0.3360960572667455,2.537099836015433,-1.8093946147616828,0.2914519064102197,0.29453855670179924,0.039527873880314424
single_block,340,False,False,true_safe,-1.8096712247992377,0.8667998967503512,-0.6013640107850113,-0.6842325531792057,1.4954757497417428,1.7174961167325706,2.483238013296608
single_block,341,False,False,true_safe,-1.9806905773605243,0.7717532163422076,-0.4891596531960416,-3.007344116593633,2.846376828900492,2.472499122337707,0.03224264687908596
single_block,342,False,False,true_safe,-0.3003536976619108,0.6088346958577424,2.070781394031244,-1.7015539481997108,0.27179136215511823,3.147513706945553,-2.112267198411095
single_block,343,False,False,true_safe,-1.0311064547956725,-1.074130048443389,0.9656883040803952,-1.7838244935207552,0.9893225229200757,1.6716487764231622,0.27171841457038104
single_block,344,False,False,true_safe,2.204355050114635,-0.6413307461623032,-1.422779627095151,-1.1910746016557956,-0.010565930723937189,1.811558332309259,2.6857639818799224
single_block,345,False,False,true_safe,-1.634986482066241,1.5052530401574478,-0.9997665048159741,-1.6364010103019215,-1.1990831611490695,3.1391901209709974,-0.6484341606551145
single_block,346,False,False,true_safe,-2.482437032256678,-0.7546630118331552,1.4510459967696883,-2.7641666793759527,0.5092024090344522,3.6933243187591067,-1.5901434507754892
single_block,347,False,False,true_safe,-0.6351858843080938,0.16168236881464426,1.754194046458322,-2.790036340163743,0.27387230677242247,2.934566985439744,-2.300339187033334
single_block,348,False,False,true_safe,2.114994414361154,1.34019550196592,-0.9662360343985839,-2.9825039373897164,-2.654893699359384,2.2089251524063105,1.2394450097182594
single_block,349,False,False,true_safe,-0.5817614347453168,0.24244654137959776,-2.079072701297201,-2.1432044986950327,-2.2263716609851127,1.0048631094714109,-1.1530536611150701
single_block,350,False,False,true_safe,1.9825045545388638,-0.3560012301501103,1.2130334481630736,-1.2724876731444834,0.2993067389023194,0.05339668370420651,-1.8250998963485372
single_block,351,False,False,true_safe,-1.7911930718135674,-0.18894824401554122,-0.5627676444010907,-0.31412299462371696,0.34528244857235135,2.673486658176565,2.718053552577968
single_block,352,False,False,true_safe,-2.2647099359881118,-1.5286709740093885,2.6877780103937376,-1.2527653770761138,2.852080806518226,1.2107500322613232,-1.8878709383798178
single_block,353,False,False,true_safe,2.760415417561615,-1.0585930769653351,-1.3174180143469179,-2.338713256818385,0.13787940147990607,0.1051612791456475,-1.2506052689202818
single_block,354,False,False,true_safe,-1.9446441557837175,0.3220322570270313,-0.026366134371152317,-0.4761579526538373,-0.47420873328358626,2.124926975570116,1.721365319244034
single_block,355,False,False,true_safe,-0.5030186701170303,0.4886773500025483,-0.3062620662963278,-1.692923927406812,-2.7823010633151513,0.4662190262626824,-1.828931092013057
single_block,356,False,False,true_safe,1.0730237720525628,1.2197098512211988,2.5387687083547337,-1.9958232475852384,-0.41304918389554146,0.6968594758911402,-1.2384641490773352
single_block,357,False,False,true_safe,0.4168702338411818,-1.6675303041523692,-2.5329354945279645,-2.461789051491653,-1.0465542477048553,3.2565901774288952,-1.3823224058902317
single_block,358,False,False,true_safe,-2.477087052854405,0.07382215516231261,0.24892429571634977,-2.4920366810966907,2.090334289513583,3.287954746679746,0.46726773178345615
single_block,359,False,False,true_safe,0.3485172431732919,-1.6626732145421417,1.1929355983529972,-2.1749928686086717,1.7972358715198573,1.1699941369156135,-0.15765951443818516
single_block,360,False,False,true_safe,-2.607601294832131,0.38638437452007723,-2.4052889099694554,-0.3826114266954743,-2.5800647138743233,3.244429342950023,2.2349297684604648
single_block,361,False,False,true_safe,-1.0777805858340719,1.1421150079169955,1.3802350388065245,-0.3856790115302271,2.674069986036202,1.7995141422104057,-2.1027742378666323
single_block,362,False,False,true_safe,-0.47712775187329326,-1.6654730148624732,-2.4259669956081598,-2.128325874755724,0.01712525796716413,0.5358559932801806,-0.7497644486139432
single_block,363,False,False,true_safe,1.5012705336446817,-0.6094598012404799,1.1845446275793567,-0.997275498079512,1.6038119338053094,1.7919602821627727,-1.9235362890349619
single_block,364,False,False,true_safe,0.1624690538847844,1.3605651589300263,0.6522493089176331,-2.9069419100489946,-2.4803020024581124,0.6718079249057712,-1.3889891562574523
single_block,365,False,False,true_safe,1.0797578924990607,1.4654919143015368,1.7869001296087137,-1.0211265500225455,2.5163963186466938,1.762474388970116,1.5405887097755442
single_block,366,False,False,true_safe,0.8429722474752688,-1.1153298112881196,-1.8774378916133379,-1.9372693780874046,-1.668796384757732,2.897490722516099,-2.5561564279077214
single_block,367,False,False,true_safe,-1.1529710775181092,-0.23774812239225396,-0.8694250998571005,-2.812158430527789,-1.3923838562403397,2.317978091049965,-0.4076295057853656
single_block,368,False,False,true_safe,1.8773242954557596,0.2826742008045673,1.4781205124387609,-1.7507783528367222,1.8421740422138408,0.3924644313381969,-2.3348895992456478
single_block,369,False,False,true_safe,2.2131892104491926,0.14834300994921001,-1.7408096718535602,-2.956645183061863,2.7543452869388987,1.7346432615670964,-1.7884978826180007
single_block,370,False,False,true_safe,-0.17825502912687252,0.45087731888122295,2.6499544366169983,-0.8010974428768383,-1.3644815189087312,-0.011437050239259002,2.1556972673334616
single_block,371,False,False,true_safe,0.6655442513014673,1.4554025119120602,-0.056086167711463464,-2.1514975579400355,-2.4042200098546864,1.2227069910332737,-2.6600101931916287
single_block,372,False,False,true_safe,-0.8240688218767098,-1.2435281653141959,1.0340631271429652,-0.4167568798607162,-2.0469169950494077,2.293828273265732,-2.0893509944511175
single_block,373,True,True,true_collision,-2.2592176545799267,-0.18171932246155098,2.4914212678529055,-1.4699807636132862,-1.278041123306808,0.7208416847395277,-1.9375682877449734
single_block,374,False,False,true_safe,-1.098432976542611,-0.8634374061857155,-1.409786895866572,-2.3581522593181043,-0.3946243399133489,0.21995889920742656,1.7908075609130765
single_block,375,False,False,true_safe,1.4475493507926758,1.5082928524060994,-1.2940516050994775,-0.307353671345413,-1.8298263907112486,3.5300601329455628,-1.7899045776386182
single_block,376,False,False,true_safe,2.02352273330119,0.01393682224542081,1.6700157390950676,-1.7404733548577564,2.2051159773748696,3.2425542725656906,2.664791270323781
single_block,377,False,False,true_safe,-1.3538420322113254,-0.8205489806268036,-1.5896584535041371,-1.4938331296330882,0.7609391092150424,3.154130949172793,2.6832613304337376
single_block,378,False,False,true_safe,1.995958153542055,1.2045449885621506,-0.29393837927210376,-1.1341120316865154,-0.33998557983141175,1.536989734471575,0.19117947173313032
single_block,379,True,False,false_safe,1.1429191947947452,0.48458358726016204,-0.8925906045051235,-1.17047126884288,-2.458838802156877,0.5621231551026306,2.0052391961936924
single_block,380,False,False,true_safe,0.5773396003168072,-0.6182227449674891,0.4570451598576777,-0.7397586676051686,-0.5869031395641038,0.06339116770960214,1.997946619332501
single_block,381,False,False,true_safe,2.8347212195176543,-1.0587977137116606,-1.1659527276258763,-2.430382826290261,-1.3383667481232127,0.062101149148842114,0.9222138873768313
single_block,382,False,False,true_safe,-2.487452628221206,-0.5113253469404666,-0.6772791331875481,-2.794006321348317,2.771157674844279,0.40466186952137395,-0.3087011051247943
single_block,383,False,False,true_safe,1.670574760905764,-0.8676265800432137,1.0760709494485168,-2.102842583400914,-1.2826743626805086,1.8358045321265135,-1.1753352148562695
single_block,384,False,False,true_safe,1.1060743981875167,-1.5489867787032958,1.7704283844423236,-3.0240777235628857,-1.4059154248711085,2.7079048146180904,1.297499936353868
single_block,385,False,False,true_safe,1.3979316922698444,0.9224699093967641,-1.3100913312457485,-0.3159125338076052,-0.8237943015407594,3.4352210838853865,-1.2442863238140567
single_block,386,True,False,false_safe,-1.258570027301675,1.6744678501261436,2.372180492639702,-2.317963154904652,-2.185623636603152,3.0299271387186284,0.003110385618689371
single_block,387,False,False,true_safe,-2.132540777515963,-0.622131275119677,-0.6640475131929011,-1.059863555754181,-0.2762364112500024,2.190430271292465,-0.24877937254012128
single_block,388,False,False,true_safe,0.04052237227143607,1.473108225173133,2.4910250461340993,-0.3973762082501251,-2.5273701979820746,0.9655185952112059,1.8980821418087896
single_block,389,False,False,true_safe,-2.5074031851608165,-0.8945093616680645,-2.8377774350604135,-2.8929829624973795,2.09334688159001,0.6121059046586149,-2.3166849457884475
single_block,390,False,False,true_safe,-0.48948118829768505,0.9980361786352212,-0.38113356570846957,-1.3124084676016938,2.792133525572314,1.2098700937306388,-0.06839511418028454
single_block,391,False,False,true_safe,0.26008963110398486,0.8677703207334204,1.9263592717600537,-1.483185953568441,1.1893077062988184,2.28784004666218,-0.23947375703101415
single_block,392,False,False,true_safe,-2.729398571932931,-1.610619789218953,-2.3559381333877267,-3.0588435488800068,-2.478796021078873,0.320598271019589,0.5660913585591296
single_block,393,False,False,true_safe,-2.5794793070663093,1.4481983155702034,2.0254906461746,-2.9149553240544592,-0.6345902099325729,1.004420836923218,0.2026761548914986
single_block,394,False,False,true_safe,1.0657207759731615,-1.3448289215689675,1.6906408744952652,-2.7123603219830232,-1.522075425986881,3.6989677853439984,2.023227381981475
single_block,395,False,False,true_safe,-0.46490463860551534,1.7199398176404186,1.3872000835490037,-1.5394483283043476,-1.283597948601784,3.2442004579184083,1.0540693963156382
single_block,396,True,True,true_collision,-0.5830287641382879,1.688262473410203,2.623925559449409,-1.7466014523704525,1.651915674471668,3.508850945970734,-1.0334503963681136
single_block,397,False,False,true_safe,-1.3523239669949179,1.5403979891714719,0.9280436524239919,-2.095456898375225,1.7350603062138616,2.218555279227254,-1.7001318477418252
single_block,398,False,False,true_safe,-0.7935318885723905,-0.4686501052683496,1.037629472974071,-2.8579773201969454,2.7093333960656962,2.965892062314392,2.1262102164305046
single_block,399,False,False,true_safe,0.1018441761309603,-1.2627329569189663,-1.4200673747861716,-0.4472701980828875,-0.06816781141733053,3.326000548528289,-2.5460918717857233
single_block,400,False,False,true_safe,0.6780806410251379,1.5909276298173283,2.746054821890756,-1.9817565833631463,-0.5185462225259876,3.0989938836155564,-0.2729410776662764
single_block,401,False,False,true_safe,-2.3791955573380505,1.1073532315783954,-1.1431896346905495,-0.74331960497106,2.5630784748083824,1.6984027059831373,2.3092840998647515
single_block,402,False,False,true_safe,1.3570200470730964,0.08461336697397215,1.997318863356241,-0.31808732337555545,2.036494179531505,2.987435495376897,0.39630291246632066
single_block,403,False,False,true_safe,1.9349126456999142,0.8590214640466609,2.5076918834937882,-1.7122458398312406,-2.58363197655394,0.2975012301257278,0.28657311053205703
single_block,404,False,False,true_safe,2.7758231213766185,0.12474659740975658,2.622789793157017,-1.7288839308216675,0.5173085856548223,1.0431059262105868,1.4829411324379778
single_block,405,False,False,true_safe,-2.5903721631286056,-1.4318008137393656,2.7691256631763204,-1.6537553046038513,2.813107884364548,0.6406982856149673,1.0210904787520314
single_block,406,False,False,true_safe,-1.73098233017981,1.6107093716029879,-2.039028344924393,-1.645854042857128,2.4879676943896594,0.5541771038555346,1.242860287335597
single_block,407,False,False,true_safe,-1.7949248785511671,1.1522297073623458,0.12932964123012702,-0.14595862353263467,-1.119901935002454,1.9153260811333015,0.9987260432015672
single_block,408,False,False,true_safe,-0.5637095852751925,-1.3280374449666228,1.5594104325056066,-1.2811239497309053,2.4884680509571537,1.2089953131006124,2.3128178919077
single_block,409,False,False,true_safe,-0.45804205293178235,1.7258042892932774,-0.765814701400287,-2.9475279377276165,-1.4674218320982233,2.6293035571915437,-1.7519703547230947
single_block,410,False,False,true_safe,-1.9924509524158904,1.0398630206420356,2.2665387489219992,-1.0289589233712464,-1.7236085910469547,0.7618562188179102,-1.5593042312425773
single_block,411,False,False,true_safe,-0.09838245275077773,-1.6509271304667748,-0.9136487946818581,-0.08408814363595418,0.24983863039411647,2.9307203035062432,2.0823098022512627
single_block,412,False,False,true_safe,2.3343378048051266,-0.7081087926448293,-1.214210239539681,-0.42509911491018837,0.3639438875504246,1.0698847754370446,0.9008903949639713
single_block,413,False,False,true_safe,0.23000831813238998,-0.9069207687195908,-1.9668223605462234,-1.6416712723742677,1.1589194931865383,3.5850812145659496,2.641064789504257
single_block,414,False,False,true_safe,0.1231983530650056,0.6510548448092468,-0.2832982575380423,-1.5904847891028653,0.3354849689986761,3.532633429243619,0.3626847530868851
single_block,415,False,False,true_safe,-0.35607699050246344,0.18783466298962348,0.05229716206030677,-0.422988436423958,0.1548570351702816,2.936672468402734,0.6819454306268975
single_block,416,False,False,true_safe,2.1622336202539283,1.7364072503249988,-0.49584410976860216,-2.3158844483492014,1.6194277329802618,1.6289283588819348,-1.3949643513068546
single_block,417,False,False,true_safe,-1.4874437343444042,-1.5590091253368996,-1.3334862044308027,-1.7932325822616975,-2.0006745511489923,2.225760884207274,-0.34893818303984636
single_block,418,False,False,true_safe,2.1663377226918192,-1.0083700113538376,0.7603452910952284,-0.9581616486099547,-0.03635971145777894,0.7503817514458709,-1.7593403897061906
single_block,419,False,False,true_safe,0.5915037715612379,0.5024079809653226,1.3201617854410244,-0.9465064513104204,1.694690858393598,3.388133505447061,0.08205940578699833
single_block,420,False,False,true_safe,-2.6707028370775987,1.115515209444538,-0.7873101913918683,-0.10199824367113797,1.1567220970682253,1.1746600202821957,-2.2900137106497525
single_block,421,False,False,true_safe,-2.4711520491865038,0.1786076974764359,2.055604230161077,-0.4340816338798361,2.6246226484580117,2.5566394367424037,1.1876641314934937
single_block,422,False,False,true_safe,-1.3803725182076743,-1.7265406969760753,0.6841711228954486,-0.7196990760487805,-2.7679071497740564,0.207399815707268,-1.6920467651146922
single_block,423,False,False,true_safe,-1.28052052525191,-0.28612388440128655,-2.097827790205132,-2.7082485357518142,1.2400582727603102,0.5890761842034232,-1.6463283057504756
single_block,424,False,False,true_safe,1.9682971319418177,-1.2850281777559278,1.071391025763769,-2.4954198637814278,-2.6378134576394343,2.900884564889275,2.456509843217179
single_block,425,False,False,true_safe,1.5020403727201406,0.6058531349110008,0.2985027359819168,-1.2426548961281805,1.5637618432255702,1.017505057802327,-2.444558535217297
single_block,426,False,False,true_safe,0.2745125989247854,1.5307141027584787,-0.9352325164946755,-2.8912870829594195,0.481715887449667,1.3242895996248558,2.6293066843003063
single_block,427,False,False,true_safe,-2.531109491852328,0.496686929818718,-0.03445441764589097,-2.504403867986776,-2.218255922599859,1.861690104357296,-2.2471171837729242
single_block,428,False,False,true_safe,-0.6057547320782204,0.8979847957000002,-1.159703259447508,-2.1932362279950697,-1.5745000958525812,3.4475828323306303,-0.006026058102698517
single_block,429,False,False,true_safe,-1.5205761659686075,0.15958361177250624,-1.2084958412532212,-0.1829496807679245,2.224059169609528,0.5263607437303872,1.1189911514951194
single_block,430,False,False,true_safe,-0.42766349505347545,1.2678783281554389,2.241461692296667,-3.036592149280602,1.6150859832564604,2.8984087867966046,-1.9997825469670967
single_block,431,False,False,true_safe,1.8101698249427387,-1.0214661782035228,-2.5864706088298743,-0.3947177013101828,-1.0428098938424548,2.113961161008982,-0.09527819108703328
single_block,432,False,False,true_safe,-0.1644366730662652,1.7566259692890256,-0.6926171640140755,-1.4791912873108835,2.3175334544679163,0.9148267507461313,0.31248049132553746
single_block,433,False,False,true_safe,-1.2517211161975357,-0.18931052203362775,0.8311149227255137,-2.65927173043063,-2.2022461662513164,3.2013098185556563,2.1794302326656116
single_block,434,False,False,true_safe,-2.6031145498567945,0.36170159795443313,-0.08018580636370265,-2.0919969693934215,-2.0829232734206395,3.3368489444585956,2.5984986695777175
single_block,435,False,False,true_safe,-1.8725966548570945,-1.248611363900153,1.167054475830017,-1.1616713893164945,1.498893158957968,3.625169603172562,0.11050558268291066
single_block,436,False,False,true_safe,-0.03862079908921068,1.6440272067318258,1.6491977380263143,-1.1341313459462175,-1.9528477489409017,3.6379642910173873,-0.6598093505414964
single_block,437,False,False,true_safe,1.7501551819990682,0.8413028469819106,-1.4885188220499614,-1.3063935332240408,-2.376200015666736,0.4888402601140099,-2.193765393216565
single_block,438,False,False,true_safe,0.2570902915517168,0.5510564789358283,2.602417394871828,-1.1146644548823683,-2.872390854670889,2.4154139984802834,-2.445988942387653
single_block,439,False,False,true_safe,-2.6358791958649004,-1.2817403735939252,-1.7250430106318535,-2.827932486447581,-2.4903480146950776,2.6322049353355164,0.007644174593765207
single_block,440,False,False,true_safe,1.8123406043443047,0.6450174890570857,-0.28771681974430807,-0.1071156309063599,-2.637935536638051,2.973424738997784,0.1214517826487369
single_block,441,False,False,true_safe,0.8348395761016625,1.0686676121490337,2.0142389945921306,-0.22346771772879004,2.4338731213965183,1.1355644133519576,1.1309179339274702
single_block,442,False,False,true_safe,-1.730325510830805,1.1118963385333847,1.0085675734595236,-0.8317269904111697,-2.5386956218623165,2.6982149444476002,1.7923529902453272
single_block,443,False,False,true_safe,-2.7953994792846855,-1.6445708188791361,0.6765170916700187,-2.2551478555097093,-2.0762386189565296,0.5674681187486753,-1.7534874314666942
single_block,444,False,False,true_safe,-2.831783376773885,0.11414386352506667,1.0208759742456266,-2.308918576765941,0.7224629185322606,2.0307852044806984,-1.8475019836256743
single_block,445,False,False,true_safe,-2.594145178994255,-1.0938270907386647,2.4050781986573653,-0.16069587783638628,-1.0950209581784383,3.1338675637525593,-0.04573316927249449
single_block,446,False,False,true_safe,-1.2814583051768784,-0.7041377678172849,0.08239752982713622,-0.13293506887420437,2.6622211407524774,2.237083493805212,2.6061523321195463
single_block,447,False,False,true_safe,0.44596118062264845,1.737934968174057,0.015620769178491756,-1.4898616606582469,-2.021004707107979,0.6728576557334861,2.7888184849492856
single_block,448,False,False,true_safe,-0.8953753073914217,-1.0503793421075747,-0.3683720221073643,-2.8332903916761185,-0.9693148837101162,2.638841219003633,1.6968744273691239
single_block,449,False,False,true_safe,1.0937317108596347,0.9458926752326153,-2.8201855851162487,-0.7238852505123163,0.44565621945123013,1.533920000859155,0.8209149564221332
single_block,450,False,False,true_safe,0.6298349080947219,-1.0640061157679814,1.071332519150209,-3.042489516061941,1.088150896423147,3.1502180229568855,-1.0649674437752596
single_block,451,False,False,true_safe,0.08562137966321215,0.863658469658628,0.25030067682262924,-2.838839123331905,-0.527922658701848,1.4959869216636674,-1.864973163531622
single_block,452,False,False,true_safe,-1.2205409557726268,-0.32252928986127527,1.8680352262203193,-2.861373570044276,-2.5244317357865516,1.4784763050363594,-2.851690163446661
single_block,453,False,False,true_safe,-0.9431316627985455,1.2716604475223532,-1.95288486809734,-1.7411308447046299,0.5681001523017786,2.4023238334672916,1.8668916636628228
single_block,454,False,False,true_safe,1.1571405201653477,0.7249369086785404,-0.2383497593084014,-1.0355494959858977,0.2123601812718401,3.3114458789469534,-2.4744132543355972
single_block,455,False,False,true_safe,1.997602980115078,-0.1131174101008936,0.6482305232054184,-0.5999762039323411,1.3650825596466123,3.3282706476437576,2.7367313489686746
single_block,456,False,False,true_safe,2.3958910622079785,-1.6402386799543567,-2.4853016788959668,-0.3492516602188611,-2.0999586052604333,2.677912288211913,-1.7295851062188419
single_block,457,False,False,true_safe,1.8871895394238218,0.18157116898388614,2.7879278321084286,-0.9080344950835526,1.1294780284311545,2.807136835478866,0.4317588014152425
single_block,458,False,False,true_safe,-0.08402149456404207,-1.4560337218984571,-2.176983210152735,-1.0693274616525805,0.24900472686028774,2.774012819939889,-2.268621676068946
single_block,459,False,False,true_safe,-2.531573731697277,1.3642398591610085,-1.8872979238475862,-1.6808181372240032,2.0791885221859716,2.2789063680776294,2.72368181907466
single_block,460,False,True,false_collision,0.7245801107461531,0.6133131027402121,-1.2942278897715913,-0.41501025024862503,1.7571188160411801,1.4404901305348325,0.5286200993395127
single_block,461,False,False,true_safe,0.7335382493132045,0.44667646489226076,-2.578971090745659,-2.3971779664545085,1.3663351533661996,2.6721783342142587,1.2520912584247372
single_block,462,False,False,true_safe,-2.8841585696754315,0.8247478231252008,1.3674311829497374,-2.250298695910054,-0.07320149798863484,0.9443063968135971,-2.6584051391144707
single_block,463,False,False,true_safe,-2.878479663150665,-0.4458176837774004,0.17075050348140053,-1.3515293158359718,1.9501512534391723,2.0391835388390454,-2.5472732654650203
single_block,464,False,False,true_safe,2.8773168060413528,-0.28018337493986323,-0.5217484947299593,-0.809475503829109,1.2449016147252725,0.7229328630530044,-0.5117316603727642
single_block,465,False,False,true_safe,0.6852047408040685,0.0173688049389491,-2.5967382642516936,-0.432375190622718,-0.21712513824969726,0.6314467501405605,2.671809368129036
single_block,466,False,False,true_safe,-1.009227536071722,1.4870213076777392,-2.4404036122444372,-2.977465126992235,2.1838805072621583,2.1348893401154525,1.1245146063056013
single_block,467,False,False,true_safe,-0.8790065328981425,1.4454030889556182,-0.07544619951215203,-1.2128261275861487,-2.5704005855994496,3.24701599367043,-0.005589073407254119
single_block,468,False,False,true_safe,-1.2956274520889781,0.9886921800368009,2.8389711400757958,-1.6635948083466872,-2.378108575532318,2.182678343725833,0.9200933207129389
single_block,469,False,False,true_safe,-0.06363654695383536,0.8451989099121953,-2.6787967881869066,-1.6385522027401849,1.586168229263659,0.32685033255279683,1.2404912460906181
single_block,470,False,False,true_safe,1.1541848593514223,-1.6704788672975,-2.8783724472621897,-0.07700184600102133,-0.1750509352142413,1.2269692596697792,0.22846762001957144
single_block,471,False,False,true_safe,-1.9308605892657669,0.7431373905346943,-0.8016313183915016,-0.9486805794167177,1.5518993565253951,3.2353906654750717,-1.9348281021601899
single_block,472,False,False,true_safe,-1.9942056329192903,1.6709270606396185,0.5466291004053776,-2.633682548694467,-0.11273370963258333,1.6690431009865925,2.4948267902125667
single_block,473,False,False,true_safe,0.11880138719581979,-1.5764529100174345,0.11507274309627791,-2.435235725571002,2.5574446918833247,3.299997357357336,0.9688329023195235
single_block,474,False,False,true_safe,2.3479999228882007,-1.344546197648829,0.902789571272288,-1.6973040179671146,-0.46138761528011685,0.594354052780457,1.5574904627374173
single_block,475,False,False,true_safe,-0.4508682224119487,1.2788259597657907,1.4411837454823728,-3.034883382086329,-1.2542498205130055,3.1608933430707555,1.7661540345284608
single_block,476,True,False,false_safe,0.6343566023958958,-0.625287749495278,-0.15144757054068192,-2.776267716042574,-2.5495493584342963,1.1450769152171845,0.20191205667717504
single_block,477,False,False,true_safe,-2.2862915144891653,-0.568999472291615,1.8491411320050246,-0.2925404933474689,-2.1867675140674843,2.049651179860774,1.1962059808028953
single_block,478,False,False,true_safe,-1.822486078907966,-0.10292049986452678,1.2700428029012536,-0.584554727074952,-1.0724029187585238,2.2617820421157364,-1.0294623806157908
single_block,479,False,False,true_safe,1.6150478677260796,-0.6287067186418609,0.4452763048017161,-0.9415548324395631,0.2736832316602027,0.36359939590032075,-1.0524694888971398
single_block,480,False,False,true_safe,-1.2630455599251484,-1.5305003811689506,2.4690077278112006,-2.280393456898103,-1.821554995332969,1.3461497638273463,-1.3264462972735385
single_block,481,False,False,true_safe,2.223133201493917,0.2135807144083961,0.7982565533694506,-0.5813756435185664,-0.13094904015934317,2.2968345080737294,-2.1150805374033697
single_block,482,False,False,true_safe,0.4991523053002469,0.13218625354525337,0.8222434716704061,-1.423233553736688,-1.061266247544977,2.945254921706571,-1.1461662433037345
single_block,483,False,False,true_safe,1.7009225743737821,-0.027299855771847348,-0.4382145784481737,-1.0690192619989718,-2.6015939645750734,1.0099780243362977,-2.051934740662046
single_block,484,False,False,true_safe,-2.1752089196136097,0.7302556541494658,-2.407038403678068,-1.1086021805301232,1.108698403231474,0.23012326012398882,-2.7132691176682115
single_block,485,False,False,true_safe,-0.8513661025874457,-0.5400286850171976,2.472266736205602,-2.582581923773158,-1.9954037022388267,0.1487487314281108,0.07561083546156944
single_block,486,False,False,true_safe,1.0326047378066163,0.8432268902077347,2.2732976242324967,-0.7864097872667308,1.7911184088259273,0.635897747707269,-2.4405391635467644
single_block,487,False,False,true_safe,1.3817625168679002,-0.8151282782222025,-1.991119676218949,-2.574416495495255,1.2807220059568878,0.8733184025795778,0.11980267668113953
single_block,488,False,False,true_safe,-1.441171414319164,-0.993972299026518,-0.347068241436185,-2.1335784942447136,-0.836864807951545,0.1602370737289297,2.0182353632620305
single_block,489,False,False,true_safe,0.6287965667856628,1.6796422146443533,0.465321209941429,-0.11211976826897452,1.9270970888771761,1.6314260602018575,1.6555816358931925
single_block,490,False,False,true_safe,0.6673011023841582,0.06999648698483951,-0.5180829712523773,-0.26917777024419554,-2.3506084869537776,2.1895834617475765,-0.7675139535283253
single_block,491,False,False,true_safe,0.48881505078225107,-1.1693689145388744,1.0890308580159753,-1.708041906117873,-0.03182566316791968,1.1339975143625125,-0.5582779345965845
single_block,492,False,False,true_safe,1.5487836104079107,-1.109492256320635,-0.9872874240414353,-1.875743960378797,-1.3503452491049912,3.639523366302383,-1.8136523751021203
single_block,493,False,False,true_safe,2.162600200611329,-0.4811876585480368,2.320031436344991,-1.087014591890346,2.7594350778850454,2.2584551875749432,1.0739364209966218
single_block,494,False,False,true_safe,-1.002287009615859,1.190451072751832,1.2700457361950712,-1.3817103867492668,-0.4245235300298904,1.0158767855562634,-0.688276805091419
single_block,495,False,False,true_safe,1.5524536573470251,1.3722143942500216,-1.8679690962150468,-2.434508356440087,-1.3780238587627214,3.352320058555671,-0.5069791723038066
single_block,496,False,False,true_safe,-0.7044372102230656,-0.749466312903833,1.5587057300429517,-0.6841918329606655,2.65491467517993,0.961601333017807,-1.103106567446932
single_block,497,False,False,true_safe,0.7226905085629141,-0.13815181911296226,-0.5204781481957994,-0.3866741628677941,1.2213635284840483,1.4604412969015217,2.6524231328778414
single_block,498,False,False,true_safe,0.6004755455366131,0.32177399911819116,-1.626105355319477,-1.4421699333855669,-0.9003183043915308,0.47266901110392273,2.893096010742951
single_block,499,False,False,true_safe,0.3623754838676758,0.6898970952082775,1.6424248737848983,-1.2633254874379245,2.672766721003731,2.376103243171086,0.04510152539978174
single_block,500,False,False,true_safe,-2.0213633508683215,0.20380009539510646,-0.24206403005032096,-0.6632960310504536,0.9119640571350964,1.321692883589355,2.7226321490885765
single_block,501,False,False,true_safe,2.318831194489358,-1.2915937741587764,0.28597040233210835,-2.9988072833390924,-2.2263526972323966,1.2421688023541704,-0.20903988180686106
single_block,502,False,False,true_safe,-2.6562035282299075,1.4637229128170879,1.2320474349615798,-2.365555626252467,-2.701197202612737,2.1642740156700206,-2.420430292584171
single_block,503,False,False,true_safe,0.012895447221260348,1.578323682285025,-1.997017669484046,-0.32823881456434867,0.6039637624436147,1.099348141112149,2.883685401778188
single_block,504,False,False,true_safe,0.3559440684061017,1.306861261858427,-1.244939492794589,-0.4284519561488449,1.48439585197429,0.47437786771329693,1.009680344559746
single_block,505,False,False,true_safe,-1.792467148222882,1.0832274352476845,-2.8855320466741397,-0.8050590663423312,0.5265749315044452,3.3598603489593826,2.2252389522114755
single_block,506,False,False,true_safe,1.4623523543920727,1.4159350488039935,-1.599319118087417,-1.420977411416379,-2.211358687728689,3.518148509611901,2.751012606088087
single_block,507,False,False,true_safe,-2.3506541887546066,1.1974355134521293,-2.1032959855384283,-1.5538645735723062,-1.0298054018028382,3.6210044869096576,-1.895219912243545
single_block,508,False,False,true_safe,-1.9061242435156491,-1.0077723519612882,-2.879497809754267,-1.820389132390877,-1.557695097362066,1.8748057724396927,1.1417409486695083
single_block,509,False,False,true_safe,1.5195430112634267,0.6740223645161123,2.2441223638822376,-0.3505432544280489,-1.2625633496439923,3.391565621200339,1.9184501406501364
single_block,510,False,False,true_safe,1.4844129195680078,0.5537412840381752,-1.419786774923332,-2.7726975004859797,1.0960056151139699,1.7528309501841823,2.6348982801381777
single_block,511,False,False,true_safe,1.8598826465453882,-1.2380103411146175,2.7693127935843056,-0.47367705537288574,0.24929566897507005,2.223718000613295,-0.995952131327162
single_block,512,False,False,true_safe,-1.870244788535597,-1.2564197990840378,-2.2249712872444682,-0.36416181113687207,-2.3541440432538128,1.0517766278403544,1.58057676532859
single_block,513,False,False,true_safe,0.6904410949033815,-1.1724894659050504,1.9549202112546085,-1.2094556577031477,-0.657403884268994,0.1783370257436116,0.9348557068075789
single_block,514,False,False,true_safe,1.524277025737041,-0.861351097287673,0.339383949173357,-0.24296563812351302,-2.347747677099544,0.9247864662008104,-2.455110086226471
single_block,515,False,False,true_safe,-1.8658706704092787,-1.6229847107161242,-2.4034853183921716,-2.177988049030576,-2.6393955411907117,0.4060273443706341,-1.9491186213396476
single_block,516,False,False,true_safe,-0.2703164822602857,-0.7740884372300836,0.529940466392242,-1.1456467629099927,-0.2544723912994482,1.459573311248753,2.3273098010953093
single_block,517,False,False,true_safe,-1.0638217529536313,-1.5814265967004166,2.254893536029394,-0.5160031687170568,2.5977949216739797,1.3855210064269392,0.5692493076893181
single_block,518,True,True,true_collision,2.3681723021344356,0.19981769083830114,-2.3160535531053883,-1.6191885562381743,2.761883187939866,2.0278454322604804,-0.42420095186093176
single_block,519,False,False,true_safe,2.2059819092641866,1.5687977899366468,2.770029166298332,-0.5672427431952918,2.016950852937812,2.0101030113032654,1.2167989324770168
single_block,520,False,False,true_safe,-1.556187218434283,1.7402204874881124,0.5001815861607604,-2.876829806533732,-1.7433793961991706,0.007695560946158742,-2.2093186334038277
single_block,521,False,False,true_safe,0.9233399657811292,0.9998979048365086,0.0063450460151686094,-2.306883883508169,-0.5263661901221113,2.7907474195263218,0.5361457691338232
single_block,522,False,False,true_safe,-0.10917299295988458,1.3706147332893188,1.5401277460667422,-1.8270953513825074,0.3756304371629233,3.3402493150983275,1.7963241151447238
single_block,523,False,False,true_safe,1.8712937316809817,-0.320830147265897,0.6235001362117405,-1.383846479360068,0.2693522729434621,2.5811650448447687,1.132378727048176
single_block,524,True,True,true_collision,-0.03927402850642814,1.0096096738650577,2.764823414776433,-0.5425529175310362,-1.3830190092648902,0.5776894010410177,2.567135776457713
single_block,525,False,False,true_safe,-0.9683723451434019,-1.490058091421322,0.10760631132317888,-2.312581577373295,-2.17533731370484,3.387914362072557,1.59587611798946
single_block,526,False,False,true_safe,-2.6989250696892273,-1.3534573862536907,0.9400072262558732,-2.1934734744563666,0.6051402837364468,0.8570072659890918,1.0868758362813415
single_block,527,False,False,true_safe,-0.8259315903495152,0.684221153070395,0.04534279921584128,-2.9594433861376266,-0.14410229597595015,0.36768730393748034,-2.1255246539812647
single_block,528,False,False,true_safe,-2.58570181962116,-1.384853309547193,-0.20434707935171925,-1.509694889095847,-2.294750601923279,0.07581001989623087,2.1173167477650146
single_block,529,False,False,true_safe,0.14244790264560292,0.05345295033919695,-1.5661839039469194,-2.6311170068857117,-2.1077515262795377,2.7336261912450386,2.5315201902646405
single_block,530,False,False,true_safe,2.1611808655574136,0.8332219707920863,-0.6245239233083386,-2.4106543616568086,-2.093790948565117,0.2911917943805627,-2.2407870048214837
single_block,531,False,False,true_safe,0.41445563147157927,1.4405335963657917,1.0082808474880487,-2.5168633542692285,-1.7246706154462548,0.6021888112535084,-1.2863634273301696
single_block,532,False,False,true_safe,-2.410301376318729,-1.6342614866284184,-1.552730043809964,-1.987691988297738,1.3087888054258285,1.1184981233522748,-2.645283498517926
single_block,533,False,False,true_safe,0.3722569093510355,1.2419972396419432,-0.09221696407237445,-2.6650975932296976,1.9967713156020568,2.1889084224883137,-0.5122940672385337
single_block,534,False,False,true_safe,2.612511185947763,-1.6802488893083352,-1.9376175886298315,-0.8868278025045591,1.275203133575007,1.0664112389695726,-2.554799081139019
single_block,535,False,False,true_safe,-0.12885073970611094,-1.1976642508529876,1.0706658914616116,-2.7856737494870885,0.6162467022186999,1.5303696002007507,-1.8179575905944232
single_block,536,False,False,true_safe,-0.36269695991720763,-1.4827711731080762,-2.6287089745224614,-0.48336224594311616,-1.8706903875133776,0.8185094325700848,-0.16160318161818354
single_block,537,False,False,true_safe,-0.042334033034856056,1.309385740319839,0.9291580988526951,-1.4756130671559995,2.2733840316211285,1.701823203835479,2.6698468499846455
single_block,538,False,False,true_safe,-2.38412395431541,1.7220577507672092,-0.5041610619576953,-1.3182563873756539,2.734306986692569,1.295752639581218,0.24375357981622292
single_block,539,False,False,true_safe,2.353111306382378,-0.26567336231205774,-1.0393602096904186,-1.8751287456462906,-0.20839346244983092,3.1754531582868255,-0.4125796139472082
single_block,540,False,False,true_safe,-0.009901577866649358,0.6550032141028717,-0.9006850247016982,-2.274263287318961,-2.0843542023658825,1.3718419150025551,-0.848394451752625
single_block,541,False,False,true_safe,2.4396749547321055,1.6560753074328103,-1.530709440423948,-3.0488666940846234,0.36856486067663985,1.1362266072773783,1.8130018919991717
single_block,542,False,False,true_safe,1.5217457349376553,-1.0121507845878202,2.8080974747906997,-0.17376457246655486,-0.05438050079338819,0.9643629645815353,0.7740274864903074
single_block,543,False,False,true_safe,-2.261778109667153,1.0389329639249971,-0.31081805092747405,-0.7389563380966746,1.0874148407952728,3.287312111972226,0.8481345626935188
single_block,544,False,False,true_safe,-1.3184688023989097,-0.11347645910623738,1.4581331123107533,-3.0435380278384883,-1.1464968657937196,2.8563259027224097,1.497062387251208
single_block,545,False,False,true_safe,-2.288846154355081,-0.5632116838036945,-2.6056843105367293,-2.2854558649487657,-0.2423608773387338,1.7497136620345213,0.13164076508828204
single_block,546,False,False,true_safe,-0.5649791145038314,-0.6752260831477306,0.4721020956085802,-0.9794489724856477,0.88564511326924,0.2502495928408107,-1.4354562137549136
single_block,547,False,False,true_safe,-1.6162979254388719,-1.1014965280992324,-2.8163639414623285,-0.8951902406201091,-0.6007918434646777,0.7385089411161689,2.42849677090433
single_block,548,False,False,true_safe,0.8976157614452167,-0.12361020093464314,-2.587589882268543,-2.644567472401901,0.5657765995006963,0.6358773611662805,-2.376469905986853
single_block,549,False,False,true_safe,-2.62507459568183,0.0008252893902978009,-0.6506175240525778,-2.5495366630457825,2.405076922818965,0.20685814958422316,-2.044713805031996
single_block,550,False,False,true_safe,2.726372017511968,-0.5467929909593188,-0.06329717021942693,-2.2969685603558685,2.611840232537286,0.9985136791283987,-0.8937462767078199
single_block,551,False,True,false_collision,-2.103212256983999,-0.4011521372872844,2.1221117815240116,-1.044944615120265,0.9356602690894098,2.533302312985842,-2.108477299698432
single_block,552,False,False,true_safe,0.6021953908060245,-1.211841661466281,0.6635204820290324,-0.44008291050351733,-2.0476230823600052,0.20665932437507079,0.7517740691080608
single_block,553,False,False,true_safe,-1.6321145832335224,1.004164356026409,2.5823669161953453,-2.695694086900034,0.2965064863868294,1.930183542264408,-1.6908611055005796
single_block,554,False,False,true_safe,-0.1809701512769326,1.2918435720056887,-1.3764265174425987,-1.7590642222279718,-1.3358124864459404,0.8591361106234783,1.043522197773206
single_block,555,False,False,true_safe,-2.071585093375366,-1.43439898051047,-0.03246228419864927,-0.12428235990008085,2.343335502677602,0.5060733959416256,1.0392000787390012
single_block,556,False,False,true_safe,-0.7110869114918312,1.5869588024053933,1.8648686250228983,-1.3910891105121814,1.977677553783574,3.297258474961454,-0.8850230036008582
single_block,557,False,False,true_safe,-2.255326370293424,0.8707453389419193,2.4860552837661367,-2.5673574633887837,-2.742396963017202,2.254212978173791,-0.6105380509790179
single_block,558,False,False,true_safe,0.8184290912774324,-0.3686503075517391,-2.742946056305499,-1.373636793817822,-0.747962905710732,0.5836527318232836,2.667343883597899
single_block,559,False,False,true_safe,-2.6278695866518897,1.3277687027117846,0.4399476607628521,-2.0953393462768997,1.760257472609371,0.48825115697940075,-2.61539918239317
single_block,560,False,False,true_safe,-1.1527132764222565,-0.3524610785869693,0.4369702478381581,-1.8157905746496907,1.185239753920238,1.334314434649365,1.158168231643756
single_block,561,False,False,true_safe,1.5175750559164416,-1.0504379641605737,-1.8292424523382067,-2.335295376638686,1.0650462115332537,3.0529099724679987,0.6654460185047024
single_block,562,False,False,true_safe,-2.6536865056689254,-1.727247168611452,-1.92102491543295,-3.0081472909124765,-2.3850648036410576,1.4453036013495697,1.6132771771131176
single_block,563,False,False,true_safe,2.557024399954837,-0.6582969699528063,-2.5938532495461226,-0.26854629400681285,2.0382734360261066,0.712081858558966,2.4168722124398125
single_block,564,False,False,true_safe,2.3971522414540494,0.3119436853361952,1.0972012525387522,-0.3354080129354555,0.5374678988907875,3.7059376416243484,-1.6782764190721478
single_block,565,False,False,true_safe,-1.1295415855143887,-0.2949521259932468,0.5248652073601265,-2.6850407204398796,-0.24926530839694383,0.34588768668476577,-0.6045988055293834
single_block,566,False,False,true_safe,0.6501563145216469,-0.03234196660533861,0.5544176571447137,-2.9878820599661347,0.27045171773150534,3.6942051770200566,-0.639435971947738
single_block,567,False,False,true_safe,-0.7368601017972969,-0.2650849159838331,-2.1195582897315393,-1.2346492137576268,1.4052105028367214,1.1915938179515009,0.6409866359368688
single_block,568,False,False,true_safe,-0.08973040186945713,-1.3423560663231093,2.7896790174889836,-2.1148089576298563,-2.3908496096008567,2.332309578074784,-1.4740511706143544
single_block,569,False,False,true_safe,2.3308920793426524,0.9735895553380098,2.526028733551408,-1.5124783111110072,-0.6689527041598331,0.12587409429152963,1.0140255720315414
single_block,570,False,False,true_safe,-0.8757143058749679,-1.0686106392916304,0.33631149040335684,-1.0499545609619894,2.8638490680937916,3.694158131992628,-1.8478404155347636
single_block,571,False,False,true_safe,-1.612327130444672,-1.5375215352207292,0.2713251626434241,-2.584112730728147,0.47247087250269715,1.4568894813410591,1.2470277702490296
single_block,572,False,False,true_safe,-0.4359428140104078,-0.41936909874401707,1.0947104344043117,-2.072162479396263,1.8444993121275126,1.572628534605212,-1.6793444380181513
single_block,573,False,False,true_safe,-0.11674396813447174,-0.5008827699366327,-0.5820396785523219,-1.2040299409906625,-1.7377851104277133,0.2963467119496349,0.6491310310450298
single_block,574,False,False,true_safe,-0.44019252577011203,0.6743094888041048,-2.594994890628534,-2.2663355445018425,2.134260472318282,1.60967873270759,-0.35685106435506775
single_block,575,False,False,true_safe,-1.8152118707088116,0.22747583142971073,-2.6196826516098533,-2.674097385281301,2.2141727763529304,2.977755696722557,-1.7249990938075856
single_block,576,False,False,true_safe,0.5600718863110901,-0.20307590303633383,-2.5198801035509333,-0.10478573060520224,-1.0371624256749505,0.47718997353187087,0.37512416871864174
single_block,577,False,False,true_safe,-0.3404776057010155,-1.619736778495068,-2.5617615183730997,-0.48632281573487424,-1.1425667932734602,3.209349063749227,-0.41121653188388096
single_block,578,False,False,true_safe,1.9817635386231687,-0.8488080512743137,0.7577493255064942,-2.7269406717387144,-2.8547633252002456,1.8752324925079076,-0.32845306131894514
single_block,579,False,False,true_safe,2.6702360617093626,-0.7249741960216378,2.5980421161696206,-2.5452223351571197,0.3730840897256553,1.169166820689204,-2.068598841784548
single_block,580,False,False,true_safe,2.173692361432964,0.05778122832376642,1.3061937767766802,-0.19066983533248827,0.581048880760624,0.3089395998354144,1.4081505073638731
single_block,581,False,False,true_safe,-1.4606772616959434,1.5864046750394123,-1.0696998226514878,-0.4723608094137637,2.18626553579012,2.198320386600317,-0.4117356624259574
single_block,582,False,False,true_safe,2.275724177196388,-0.642891758458318,2.6167968308386276,-1.4856054780531676,-0.7749078840459971,2.3982635479919105,-0.7163080162363524
single_block,583,False,False,true_safe,1.1210057935586435,-0.9579014093946292,0.8086389225824129,-1.5171060049931264,-0.03127754426579665,0.3057408814793729,-2.7769008002313678
single_block,584,False,False,true_safe,-1.0396492184344086,0.5812084470951531,2.2263573358198223,-2.1231442709256734,2.637585612722279,0.63734651259695,-0.48394949223968275
single_block,585,False,False,true_safe,2.7765806631568055,1.4528773728899709,-2.4281416165906333,-1.499317930771589,2.520113617096657,0.5002450604547677,-2.6087892976082947
single_block,586,False,False,true_safe,1.8543602679351348,-1.7369838084444902,2.5192822569559508,-0.23702438899626488,-1.2484956005178836,0.6220436771435667,0.7415269860071092
single_block,587,False,False,true_safe,-0.6610731272867896,0.8096340834784184,-1.801410835596467,-1.6304247430103518,-1.6355469843692645,0.08700056154928418,-2.315585006428214
single_block,588,False,False,true_safe,1.7886231683383103,0.8566356866871456,1.338662122320248,-0.4084818138200377,-1.066958499462713,0.9329633684096135,1.776364105626953
single_block,589,False,False,true_safe,0.8208185862117827,-0.8694930951867765,-1.6707612588943814,-0.6669212700596394,-0.38174616371189485,3.7198304712284656,-1.9860646648259583
single_block,590,False,False,true_safe,1.3337097034483496,-0.2229020648922886,1.7741161592513977,-0.33174989841080116,0.13380586584705823,1.0765183542223324,-0.589906409562968
single_block,591,True,True,true_collision,1.4899652963204928,-0.3328811020289011,-0.8298045969068761,-2.0498799247100163,-1.9336490889738762,0.8498791056506025,1.0498322833247458
single_block,592,False,False,true_safe,0.9056027349329283,-1.0144943010638872,1.8444343307259978,-1.9289669917011005,1.8044782746229306,2.8398327624491864,-1.424738853018291
single_block,593,False,False,true_safe,1.419318898422166,-1.125631579182847,-1.7711325997261682,-1.592798539244581,-0.29781281218431577,0.41929005438786654,-0.6262199191770881
single_block,594,True,True,true_collision,-0.20959725402721618,0.8529756098606565,1.656269974346872,-1.0377598191609536,1.5976571171095046,3.5595247603542273,-2.12401215763075
single_block,595,False,False,true_safe,-1.3449791150480288,1.2936573249615901,2.1830306433402584,-0.8705227972316272,-1.8378005702556885,1.306125424326143,2.2388539706278423
single_block,596,False,False,true_safe,1.3291434915933595,1.592566026975522,0.5481834937610146,-0.6033765659230825,1.4682719517288283,0.1638972840694466,-0.2776400716527001
single_block,597,False,False,true_safe,1.9165528520199264,0.40191137050776105,-1.792466770773524,-3.024262407603129,-2.8701791171411717,0.8403856691066521,-1.2931821671731556
single_block,598,False,False,true_safe,2.591102754509927,-1.61728324109197,1.6329055173032798,-2.0839259116623676,1.703649111545532,0.8118005572336067,-0.9346432446892681
single_block,599,False,False,true_safe,-1.2837388613590301,-1.6281740323382357,-1.62110011677772,-1.703965961486297,2.4197506275599605,2.210316488660476,2.894439233113871
single_block,600,False,False,true_safe,-0.7905522609855065,-0.7660729135827827,-0.11358692972585605,-2.764441180460654,2.6702967985644155,1.2636417419968269,2.4609533545364033
narrow_gate,0,False,False,true_safe,-1.6016617473342099,-1.439042983285305,0.7696918188222246,-2.393608010485985,2.5372985234644765,3.71996035890826,1.717431995778195
narrow_gate,1,True,True,true_collision,-2.7116432520083786,-0.5768968991309165,-2.3119485039136585,-0.5945667707777247,-1.4515987108662602,0.1208871170211543,-2.6796702129415815
narrow_gate,2,False,False,true_safe,2.614898746653424,1.4026267527180307,-2.7046928915871495,-0.8780512909956073,1.1189392385940464,0.7377796782462323,-0.9468866896493828
narrow_gate,3,False,False,true_safe,2.327622297229365,-0.840990751767189,1.438789482130168,-0.5275152278636974,-2.6103910313564063,0.5237900483273733,2.8464169566454296
narrow_gate,4,False,False,true_safe,2.020573893266174,0.47668418028923343,1.9770008757806834,-0.597614466309849,2.547106196502751,1.6307776235143383,-2.0413813911306864
narrow_gate,5,False,False,true_safe,0.5590207079403795,0.45943089803460113,1.7100769296809752,-0.9180531420298257,2.642482249867275,1.5886629167490107,0.6079979174458878
narrow_gate,6,False,False,true_safe,0.23695259524932233,1.2490252263708612,1.6830176927487392,-0.4567569361378321,-0.18567541783043628,3.2503353134842454,-1.6320746087513833
narrow_gate,7,False,False,true_safe,-0.18470208547283873,0.36500993421891437,-1.7355019769849316,-1.1094965647351518,-2.179216961174056,2.946076432348082,2.6729097775694046
narrow_gate,8,False,False,true_safe,-2.7259690706629796,1.406048954678723,1.5466400301771661,-0.9771402945496077,-2.360710071792576,2.513256257771884,-2.262543793093641
narrow_gate,9,False,False,true_safe,0.04461731638467459,0.40466793488885333,1.7115321198714688,-0.39587492919027545,0.9404423201533114,2.924096244181593,1.3435138951401
narrow_gate,10,False,False,true_safe,1.8443352089187726,-1.0662691098732782,1.0249086182574714,-2.5993275747182225,2.287904370534424,3.3373674375456694,-0.6494018261292842
narrow_gate,11,False,False,true_safe,2.236683638114162,-1.645769818271309,-2.8408697547271555,-0.312362885286952,2.414439501569691,1.2027134986261552,2.51521710409691
narrow_gate,12,False,False,true_safe,-1.2159307454561419,-1.693984126664478,2.4798049090136236,-1.3538965821010882,-1.2317414022840798,0.5438221645229112,0.372173037133785
narrow_gate,13,False,False,true_safe,-1.974570226207929,0.11672074935578736,-1.6771141493463921,-2.5984836677800702,-2.277244179633431,1.0229301464445968,-2.3796424348926966
narrow_gate,14,False,True,false_collision,-2.5702859054978555,-0.6584488320165167,2.5511365310451617,-0.8149048708096949,-1.0134930126017005,1.9837350293320442,0.15328008204310928
narrow_gate,15,False,False,true_safe,-2.455775018542465,-1.0617740993582623,-0.19337271385476917,-1.1982615183255216,0.44753744303156573,3.2717640129079277,-1.1290500400991796
narrow_gate,16,True,True,true_collision,-2.2878636848917924,-1.6010145334098123,0.6740432435491241,-1.7775879630811027,2.1278073156953643,0.8506055877465301,-1.12534240799939
narrow_gate,17,False,False,true_safe,1.1211240180883038,-0.00998390110259062,1.8772627518843117,-2.0427946596693918,-0.2109654462558792,0.7404823287692139,1.6206217065132642
narrow_gate,18,False,False,true_safe,2.545769123607682,0.5981823088737417,0.8536272285797191,-1.3472752600877933,2.5376086600929493,2.680089295142254,0.04242297599592293
narrow_gate,19,False,False,true_safe,-2.1694797033425415,-1.6890791802416798,2.1160966411731406,-1.5987835765693135,1.7986712072103512,1.6176559515769375,-1.9500929623638636
narrow_gate,20,False,False,true_safe,2.652951365746705,1.7433618011262624,-0.8755759955690299,-2.0479925073983543,-0.7412513530643272,3.698590646666317,0.2760790274369622
narrow_gate,21,False,False,true_safe,1.3976108449240576,1.701576367307113,-1.584961799773101,-1.1352548454098226,-1.2104045515891397,0.7699409189455361,-2.694077247952892
narrow_gate,22,False,False,true_safe,1.8288756910326884,-0.1577084231328918,1.200946698502794,-1.958109923382391,1.5530663178426924,2.061355536916741,-0.6835023542958361
narrow_gate,23,True,True,true_collision,2.546532635514876,-0.17099064896211047,-1.808390747225845,-1.4365829476445584,-2.369981411250972,0.790920074144191,-0.9699186668492257
narrow_gate,24,False,False,true_safe,2.1384713812332055,1.6242445565725316,1.0255806767461504,-0.7994719284459784,2.3116534563919218,0.8991708868877053,1.4111079172571377
narrow_gate,25,False,False,true_safe,0.8374840509682113,-0.44715428692581805,-2.0419842958817656,-0.7033357847078925,0.04559595872593869,3.291291745306371,2.8493954847935234
narrow_gate,26,False,False,true_safe,-1.3145412343102014,1.1504088641336692,2.6940858459135506,-2.1695235157297272,-0.7665372471954166,1.333115078125317,-0.9280765236575796
narrow_gate,27,False,False,true_safe,0.2211770222893934,0.07610772130327859,0.4347651914245714,-3.0656839360105215,-1.7976877438885113,0.7133731397765869,2.815297655977479
narrow_gate,28,False,False,true_safe,-0.7313026580405211,0.898397388752421,-2.704851258723243,-0.5089530914724705,0.1257486868871842,2.3334166756058705,-0.4929785111188063
narrow_gate,29,False,False,true_safe,-1.4370438527408154,0.0895097696193543,1.7193928889618655,-1.0206134946425731,0.222830841273983,0.13165105536876848,-1.825960791349049
narrow_gate,30,False,False,true_safe,-0.1613811732093593,0.5074009491150986,-2.863717827084758,-0.7278790672643543,1.6424684615901657,1.721934199645287,-1.8608272925527298
narrow_gate,31,False,False,true_safe,0.23456246306095574,-1.0701949899634413,2.789897261989245,-2.0062516662474135,-1.5632302311193313,2.3170354615696587,-0.23300815908468042
narrow_gate,32,False,False,true_safe,1.243550794107907,1.4565871310252323,0.7153364905208011,-2.0558893693377596,2.22239575692787,3.592941571616215,0.11764820964982015
narrow_gate,33,False,False,true_safe,1.1658262105882158,0.8258405374460978,2.401494410070064,-1.8317352075305469,0.5909524847653707,1.7223636133338205,-2.635889351921142
narrow_gate,34,False,False,true_safe,1.4994281379463739,1.1548076995909282,1.3707790779354547,-1.0226528587159005,-1.1717142136111591,0.9096664945970494,1.2917899363319125
narrow_gate,35,False,False,true_safe,-0.5725884252798497,-0.9433254327284403,2.677227188524912,-0.743105188595119,2.7736733750866045,0.1458280712719266,1.0246122695983417
narrow_gate,36,False,False,true_safe,1.4522447007085533,0.24681143274480943,-1.9546438397676367,-3.0126748380300263,0.37446775742933314,2.159725082429976,-2.8482869885503757
narrow_gate,37,False,False,true_safe,-1.399886380155844,0.6073962520367946,-0.9859692919126328,-0.32726078284859605,-0.7030020301383781,1.6852146805512795,2.3069023148861203
narrow_gate,38,False,False,true_safe,0.6284641193891272,1.3935326974329088,-0.9703857691473381,-0.9185962024074281,2.300528748753512,0.8477991273559319,-2.558963432655569
narrow_gate,39,False,False,true_safe,0.17099465570391725,1.6317908486923134,0.811989636650388,-0.29322496662325515,-0.37665028065376527,0.7602963677595996,-0.02734742852849692
narrow_gate,40,True,False,false_safe,-2.537142595755653,-1.2792573414690138,-0.0651334873078433,-0.26820449029899107,0.04192628584294589,0.42113240390456363,1.9967458218462357
narrow_gate,41,False,False,true_safe,-2.569381028790847,0.31394353491937554,-1.6566531579826511,-2.7239305719099276,-0.7343662416980954,3.036211334242,1.756696310730336
narrow_gate,42,False,False,true_safe,1.2996141058280268,1.6862874746539367,2.3008148565626105,-2.4336229407025116,-0.0412847474620337,0.9467904921219146,-1.9433416605143154
narrow_gate,43,False,True,false_collision,-2.7819602777279275,-0.7589945289199558,2.1128360527184964,-0.10315825213626306,2.363973822825122,1.3045733231453875,1.787661986031035
narrow_gate,44,False,False,true_safe,1.0563615678781266,1.0977942042587236,1.2289644952583294,-1.641139867346715,-0.880796399277743,2.942336979920552,0.5109340581925381
narrow_gate,45,False,False,true_safe,2.276081220216916,1.750309195134688,-0.374957021561551,-2.989797486510925,0.634333963424806,2.4529872418369614,-0.8510680265144579
narrow_gate,46,False,False,true_safe,-1.9993259242910235,-0.4900465909155163,2.5575065870784326,-0.15945540171158346,-2.490169208954548,0.19397375644775827,-2.3977132835629993
narrow_gate,47,False,False,true_safe,-2.1520267075750517,1.258829131917611,1.8477757577827716,-0.12625305910663842,-1.8387565394074956,0.6408097389112174,-0.6525663801281603
narrow_gate,48,False,False,true_safe,-0.36968038756473076,-0.8632523520508599,-0.3564511770446548,-2.8457079192177663,-1.0646154179245253,2.787806808619914,2.0189481709999044
narrow_gate,49,False,False,true_safe,0.1089797863564903,-1.2306567696119353,1.2464690673795933,-1.1280888498879964,-2.2163127799220446,1.3488964589784536,-2.3503309192285786
narrow_gate,50,False,False,true_safe,-1.5602614267686068,1.586473442668237,0.7940608578293209,-2.596647924404145,-1.939483090611408,1.7802633928890625,-2.4654243849523474
narrow_gate,51,False,False,true_safe,-2.5462665653332106,1.2553856769629204,0.91175752472419,-0.12901604979609882,2.3921578571248356,0.5573266844585969,-0.018748762850801626
narrow_gate,52,False,False,true_safe,-0.5792659860496667,1.3970498590462554,-1.8989516819256795,-0.7608094290893876,-2.4134365320595412,2.7792524790286897,1.1676063129243075
narrow_gate,53,False,False,true_safe,1.8640106842198354,-0.8639338032435157,-2.5805756338469457,-0.2210887224681386,-1.684996602838196,0.5126789339512834,-2.3562875378888464
narrow_gate,54,False,False,true_safe,-0.7258971774559884,0.3292076829098094,-0.026408061273490713,-2.114877868217695,0.8577500467522579,1.5039957712581526,2.3199457759940754
narrow_gate,55,False,False,true_safe,-0.6880061676136622,1.4116035258803845,0.6174035739645958,-2.572579219512934,-0.9690755367163824,2.6615884895540822,0.7375697663215863
narrow_gate,56,False,False,true_safe,-1.3380970471742963,-1.1426267550074658,-0.9593080307663384,-0.903954530599516,-0.3392193463303941,0.26380194380397776,1.6032865421945899
narrow_gate,57,False,False,true_safe,-2.715419962891928,-0.5791945141213375,-0.9980744036401712,-2.69367193209252,-2.419351098643276,2.8435485921826107,-0.7121284528420526
narrow_gate,58,False,False,true_safe,-1.1503934073429491,1.1087720593335861,1.6431757110822347,-0.6104947483188798,2.4640404007969834,2.2486142998203174,-1.3097568561712616
narrow_gate,59,False,False,true_safe,-0.010123641157122165,0.2044175532707182,-1.9491515627399716,-0.3175272917129628,-0.283739146657382,2.863118933933443,1.6404066013048362
narrow_gate,60,True,True,true_collision,-0.9454655214593586,1.4721239555571732,2.2813003282088817,-1.6291898789734651,-1.7496925177336893,2.811060306381721,-2.66813290031713
narrow_gate,61,False,False,true_safe,1.7561119337922624,0.45272576975642664,1.0004708829699842,-2.1105868047002394,-1.1071386768464029,0.8923211244721964,1.0190771628433013
narrow_gate,62,True,True,true_collision,-2.7448034273953232,-1.3429977250081333,-0.21683694350974125,-1.2718978186782017,0.8049733694314396,2.2885750895340036,-2.841994721913419
narrow_gate,63,False,False,true_safe,2.421722107731417,-1.7372039919789322,-0.24499613435160095,-2.4799037298343958,2.2605166574809776,3.1542278994659068,1.6906012880387808
narrow_gate,64,False,False,true_safe,-1.5578240107695687,-0.32594228294434724,-1.3045070677850805,-1.109772402359012,2.512528635532282,2.946547077890461,1.0357036246818914
narrow_gate,65,False,False,true_safe,2.674472496003427,-1.2418588279568192,-0.44360071410401547,-3.018902290868005,0.3489757643121991,3.2437035243233594,2.5821038145994017
narrow_gate,66,False,False,true_safe,-0.8605430519281771,0.5888749259269201,1.1420291860417664,-1.6944388407561566,2.1250040328728352,2.1544784697980264,1.5913914658068475
narrow_gate,67,False,False,true_safe,-1.9047449594892543,0.8539148013460238,-1.8395531163724648,-2.4796494508822606,-2.701293068913921,0.9981711905654888,-2.4048941935598016
narrow_gate,68,False,False,true_safe,-0.1915345676850242,0.9258111084598935,-1.9912772347232233,-0.41881898280404384,0.2628991331694799,0.03958682943260406,-1.1653091660057453
narrow_gate,69,False,False,true_safe,-0.027416923605839028,-1.482849506723197,2.033930079810776,-0.09358095727523441,0.5587216822509169,2.516366371300344,2.744730522662531
narrow_gate,70,False,False,true_safe,-1.7772792433530207,0.6345289226919242,-0.42790245837685603,-1.313800691336799,2.592829026423337,3.618268589801494,1.2937845555659968
narrow_gate,71,False,False,true_safe,1.223502522437402,1.218019249870765,-0.10604974115577326,-2.0477989657273357,0.7072299941865823,2.9798966502303093,-2.713744545921818
narrow_gate,72,False,False,true_safe,-0.10387597311184171,1.4332862656181193,2.29340216531229,-0.2338342897382959,1.3448764156089035,0.08449578904087975,2.76167134573821
narrow_gate,73,False,False,true_safe,-2.1215798389842773,-0.21186907149347078,0.4363582311740051,-0.6114224539013668,2.4259509936041366,1.163932690780568,2.5634611889444456
narrow_gate,74,False,False,true_safe,2.1351432213809605,0.5467235833042254,0.4905618308647095,-1.85623539721366,1.363434543277274,1.7917244539890134,1.2994883700346924
narrow_gate,75,False,False,true_safe,-1.4416700581829855,0.3209065580070507,1.5860018220531065,-2.3539974594627275,2.0055023002188253,2.647901591092553,-1.0849855231236867
narrow_gate,76,False,False,true_safe,2.5265400454244493,-1.0280899228173679,2.7593664286072435,-0.359260436480084,-1.3271772354505915,0.2994338534522568,1.9744051801729046
narrow_gate,77,False,False,true_safe,-2.364902091305885,-0.9521572768083816,-0.5456766681839391,-2.8970197645278235,-1.639693809730853,1.9261634288256113,1.6855314096722593
narrow_gate,78,False,False,true_safe,-2.361634525099655,1.575244038628853,1.2929481463610801,-2.959220220695098,0.530030143235038,0.292241780294303,-0.10152489825273614
narrow_gate,79,False,False,true_safe,2.49655256955737,0.7118056944347426,-0.5280844547706858,-1.3025719231163846,-0.5772298627101478,3.650607592828901,0.6565837817862996
narrow_gate,80,False,False,true_safe,-1.7057647885025142,-0.6812543028598748,0.38050243034120035,-0.08303713982396177,2.3547862624747755,1.3667335233020328,-1.2020376719303165
narrow_gate,81,False,False,true_safe,-1.848897870349519,0.3169777823901887,2.5463888504040155,-0.40992935820510734,0.10530355353330245,1.2722673227145542,1.7034746433017633
narrow_gate,82,False,False,true_safe,-0.4794668914429119,0.7279768966440274,2.876814656173019,-2.8216707786576642,-2.1881491230929333,1.156675374604398,-1.1774046205761612
narrow_gate,83,False,False,true_safe,-0.9361180723277529,-0.25241998927754716,-1.8715279678999823,-2.616822300976186,-1.7764224103426187,3.384318330828841,-1.3542221245652233
narrow_gate,84,False,False,true_safe,0.21574483689556834,-0.5130405323859508,-0.01887389421688468,-3.0606443430257815,-0.2782682287814704,2.756171228619811,-0.10783072346590172
narrow_gate,85,False,False,true_safe,2.34684896706932,-0.4164229775464967,1.8826533602437086,-0.3998497123531979,0.653942971593561,2.212418999743928,1.4831314955944932
narrow_gate,86,False,False,true_safe,1.6683509393053497,-0.43686837560490566,-1.5228276188516614,-2.304270448468911,1.6328992365262738,2.4613680092265575,-1.7298095525583186
narrow_gate,87,False,False,true_safe,1.5869322206573133,1.0637378658510253,-1.1142692694206169,-0.6343190674695411,0.24998060778567188,2.5544693214160423,-0.8075735402744315
narrow_gate,88,False,False,true_safe,-1.0185383857270707,-1.3943032126407882,-1.3706709577310827,-0.30243608735393446,-1.4567891373397475,3.600418907353086,-2.883770783881843
narrow_gate,89,False,False,true_safe,2.2510574374015104,0.054758383898712015,0.09374204296877275,-1.715020255780609,2.517007623770986,0.9146836192887404,0.49463003062873145
narrow_gate,90,False,False,true_safe,1.9831993898874187,0.8407703332001111,1.3500382478272894,-1.8548510496207362,-1.312842939795248,2.7861836504822333,-2.2042902217869553
narrow_gate,91,False,False,true_safe,-1.0478242595818663,-1.4362385790998033,0.4163338514385915,-2.25083231213472,-0.415934002253465,1.1639402207279326,-1.747730432953022
narrow_gate,92,False,False,true_safe,1.1104623469468948,-0.668961061861858,2.4600842704639168,-0.9322222924792118,-0.07686227064633311,2.1173881707602686,1.5447458304333588
narrow_gate,93,False,False,true_safe,2.201027598094383,-1.3213211644899443,-2.231703221140456,-0.8441860161073054,1.1653878051958633,2.1653148522190766,-1.6513476942145486
narrow_gate,94,False,False,true_safe,2.3964051515077416,1.2006620662603997,0.695910079291576,-2.25689170751805,-2.2918870312696886,0.3444597435280234,1.6593050788245054
narrow_gate,95,False,False,true_safe,1.6610332202952311,0.3006218797234581,2.7018784653043713,-0.37287274983557106,-1.4381270794600998,2.542783957907379,-0.18047808794376952
narrow_gate,96,False,False,true_safe,0.017605298238354994,0.4559369517120313,2.648343062649691,-1.0803787141484487,-0.2372523735030776,0.22432457011169493,-0.43530805354317126
narrow_gate,97,False,False,true_safe,0.46043982816221307,0.20968742783018102,1.233638340957334,-0.9990990738586203,1.279631621960076,0.09536561010329744,-0.6037214651647789
narrow_gate,98,False,False,true_safe,2.260215497628924,0.46602795610304737,-1.5424412992035956,-1.4665526670120084,2.7060620092180394,0.5966098807555749,2.3525844010870647
narrow_gate,99,False,False,true_safe,-2.362718193747847,1.4720917432672143,1.4610119828674732,-1.8677028945706873,2.1347906815546316,2.760586942792103,-2.592309842663042
narrow_gate,100,False,False,true_safe,-0.11395254968594815,1.4321485165500194,2.3149016371024556,-2.684487560055245,1.298530316821417,3.574664477798978,0.26243016102812433
narrow_gate,101,False,False,true_safe,-0.7816364706835923,-0.7716577949610235,0.5485694875118954,-0.7948629502349718,-1.566459237141607,0.4831501914095207,0.6342115792250733
narrow_gate,102,False,False,true_safe,-1.8668181846693017,0.3112376765175271,0.38631380068027266,-0.7412360146457306,2.5760861606020744,0.7611908946793645,-0.5254967555947787
narrow_gate,103,True,True,true_collision,-1.5932189343020002,-0.7383978125918003,1.1069579758123909,-1.6440823523483383,-1.7964500950128177,1.005225255065677,0.6796026904845389
narrow_gate,104,False,False,true_safe,1.5437322806948983,-0.9201013135758275,-2.4181179395338486,-1.1043747559047967,2.2963365946747287,3.152970991241936,2.6900860004873084
narrow_gate,105,False,False,true_safe,-1.8633682981851878,0.7753688201385067,0.3423117721212847,-1.0083213891150447,0.8084506741852748,2.8914830139223255,0.42639933023094834
narrow_gate,106,False,False,true_safe,-0.09359543184834829,-1.1374172380190644,1.199280690791976,-2.1126123220881694,-1.49460049511106,1.7456231226639345,1.8447473371688186
narrow_gate,107,False,False,true_safe,2.5316661771433,-0.09050452696003042,-0.02894113394259934,-3.0243447359988953,-0.38665950521204984,3.532013373988874,-0.4235712179348874
narrow_gate,108,False,False,true_safe,-0.34457192936487324,1.0000119409707717,-0.1324399096852833,-0.6483138499149743,1.4408148316607865,1.93771799428054,1.5894265685615845
narrow_gate,109,False,False,true_safe,0.29645699707018514,-0.06314917061141578,1.3456985575553566,-0.27584116735042263,-0.028142735343105407,0.37445153010954024,1.5956833115957996
narrow_gate,110,False,False,true_safe,-1.6789557061478535,1.3781632979997802,2.691482371818594,-0.1767682831127435,-1.0128900519686115,1.6517600002939774,1.6623185495331882
narrow_gate,111,False,False,true_safe,2.5296359863358497,1.6005890931877977,-1.7662763985659182,-2.4213647406044303,-2.2828913485135054,3.1728084417079527,-2.7687124477416702
narrow_gate,112,False,False,true_safe,-2.842463006875218,-1.560115836602938,2.814047967068752,-1.3814922635878681,1.8135600325638372,3.4633413551677306,-2.8094279956162183
narrow_gate,113,False,False,true_safe,1.9282840709094882,0.8283046882724778,-2.8114215373214453,-0.5026038866385902,-0.42891281867333975,2.772140880882562,-1.0953166869948645
narrow_gate,114,False,False,true_safe,1.5169126641928092,-1.1532094986858628,1.703688618538218,-1.452199445958244,2.072921406583475,3.485299247946133,-0.15946143828517467
narrow_gate,115,False,False,true_safe,-2.1197651514339997,-1.3821317466984702,-2.652701573519522,-3.0672593447934617,-2.6372027592881233,0.5835840970585814,2.7495485332858105
narrow_gate,116,False,False,true_safe,1.308750524912623,-1.584090789703528,0.12028053337970501,-0.18392830408462402,-1.0194923142543375,2.0192875382449875,1.710793884683579
narrow_gate,117,False,False,true_safe,-2.470546519485647,-0.8712768569417216,-0.5934156818876049,-0.6282706983935498,1.452428397074041,0.2514389524011763,-1.3362099065294164
narrow_gate,118,False,False,true_safe,0.26215175245745304,1.662203946925414,-0.6537519166379862,-1.0505998464147281,-0.07355331832577061,1.355584154299182,2.6963051802833875
narrow_gate,119,False,False,true_safe,1.9087508389169217,-1.3997669123118275,-2.240802830580284,-2.4094361349092455,-2.1625970187285883,1.0079352871363583,-2.7672385620346316
narrow_gate,120,False,False,true_safe,-0.18962765661269732,-1.2293979149199448,-2.6568155177776847,-1.0306386929286138,-1.445790620022399,1.3546615099576347,0.9783446416521913
narrow_gate,121,False,False,true_safe,2.4542325974549777,-1.3718334940878307,1.4534450059741588,-1.6243656930014303,-1.8453523528818458,0.9915366185327995,1.3955315436909719
narrow_gate,122,False,False,true_safe,0.9705670699697588,-1.515468484119767,1.9655117837656166,-1.1649169610056829,-2.0378495793070415,0.9276002134900859,-0.3531020636182731
narrow_gate,123,False,False,true_safe,2.7828092180017356,0.7129504607446413,-2.798541751837285,-2.368173063747597,2.246204806165933,2.874099056046797,0.9551058060580759
narrow_gate,124,False,False,true_safe,1.3995205673014364,1.3068845752889922,-1.9830119592355335,-1.624929321056509,0.34229277856325613,2.5273342902238536,-0.0030968160736812855
narrow_gate,125,False,False,true_safe,-0.9209891328804041,-1.19669844274416,-1.8032243727842123,-2.1244526388322065,0.28916303849243485,1.7283611961557943,1.4728861083981273
narrow_gate,126,False,False,true_safe,-1.3192181974513548,0.9401471130008496,-1.3858522104897995,-1.9893903507001909,1.25915178431238,2.17023554561642,0.06062546645432887
narrow_gate,127,True,True,true_collision,1.527424317939205,0.5068107030707507,-1.5150655959188288,-0.9192931568879898,2.431737619289493,1.585531455076539,1.6255260974413193
narrow_gate,128,False,False,true_safe,1.085687498202906,-1.3549323491183505,0.6957813397472541,-2.2087003488709085,-0.8911603354568935,2.716586120554506,-1.7408598506317945
narrow_gate,129,False,False,true_safe,-1.0404705080983272,0.01837560532300775,1.6281599444045471,-2.9588629923273624,1.505864061849532,0.04790169695629974,0.32138852776719595
narrow_gate,130,False,False,true_safe,-0.6251218749308154,1.2487093252498074,-1.3919851145336772,-2.016175059454647,0.5577672186545435,2.046594213276677,-0.3967108125051464
narrow_gate,131,False,False,true_safe,0.8895907195610464,-1.5092460591363672,-0.26618640316511,-0.5349355325145977,2.1658614058904653,1.792637978012706,0.707718852043028
narrow_gate,132,False,False,true_safe,-2.6832185854010033,-1.3173866738052822,0.440106100729718,-2.0812169378547516,0.5691346524632839,2.9573317865459763,-0.7433966290320053
narrow_gate,133,False,False,true_safe,2.8466539385628917,-1.4551154458745055,1.14231256696092,-2.9442142538921643,-1.816565539164268,3.308447603546403,1.136577167866459
narrow_gate,134,False,False,true_safe,-1.450711622154811,0.4543942576412787,2.0994042969379527,-3.0322279031394794,1.3100531323380697,1.8502537224498354,-0.34155463283426
narrow_gate,135,False,False,true_safe,0.9743290776293336,-1.005395258870334,2.7189806251108375,-1.0853855035128397,2.3484151666834436,0.7916311420855076,-0.8020810914720702
narrow_gate,136,False,False,true_safe,-1.266308756580151,1.757919856496713,-1.920360445640322,-3.0607190958097035,-0.7918595898112071,2.2139762473986186,-0.569772594918748
narrow_gate,137,False,False,true_safe,-2.1721339818574004,0.07964456424238686,2.0695424925864976,-2.9413010956914647,1.1437275371899243,1.823616849625376,2.0095037842750805
narrow_gate,138,False,False,true_safe,-1.5874020606869779,0.39607866252327106,-2.660176715359596,-3.0520913321175436,2.237242829801865,1.8624460837253065,-1.1438237129948474
narrow_gate,139,False,False,true_safe,-1.4366167590142251,0.49994650341558744,-1.680494048167384,-2.14409699308261,-0.9953441374760068,3.128621562546077,1.5239185216127393
narrow_gate,140,False,False,true_safe,-1.98256340386004,-1.5340790578380676,2.0127307227182816,-0.575280542338906,2.071431743154576,1.1819056040305904,0.3249696958944015
narrow_gate,141,False,False,true_safe,0.46407234578593126,0.9489935640009071,-0.5166275270093017,-3.0618944792168516,1.247510536264929,0.03056626245787788,-2.1529552454924836
narrow_gate,142,False,False,true_safe,-1.732965189236574,-1.2850837022079302,-0.06435656242253796,-2.4536990884580807,-0.17694271193720734,0.08114542149387086,2.816023101932753
narrow_gate,143,False,False,true_safe,-2.2588197483833956,-1.2263502653780913,-0.7765358447343909,-1.5185544488325038,-0.3107464528164967,0.2282440608081493,-1.3590321753592567
narrow_gate,144,False,False,true_safe,-2.3767144192747804,-1.484085107348554,2.2732255063478246,-0.2452910386453171,2.463818182391458,3.181744474128772,-2.281492183718441
narrow_gate,145,False,False,true_safe,1.2543468548400774,-0.05993361244236328,-0.0501309989944585,-1.0024708429134166,-2.8857764286168712,3.0382468020508577,-0.8873526647673704
narrow_gate,146,True,True,true_collision,0.5803925569035666,0.34358626992066643,-1.1986061435513107,-0.9503763744545832,1.252994550620786,0.6304802823040478,-1.8595632274049394
narrow_gate,147,False,False,true_safe,-1.6096921979284484,0.9373240276230215,-0.4841541210987499,-2.73976271681824,-0.5865701993746768,3.1935231093703327,1.462913735101695
narrow_gate,148,False,False,true_safe,-1.2503403219241085,1.080408579289566,-1.3402515511599762,-1.3339149828853352,0.25416544161142474,2.2707031520739895,-2.65043470666287
narrow_gate,149,False,False,true_safe,-1.2434363464997509,1.1787930297471765,-0.06562343225137957,-0.1432461190673915,-0.11814413921658984,1.5495124880584972,-2.4574551085811613
narrow_gate,150,False,False,true_safe,-1.8952279500616314,-1.5434125058515946,-2.295780860639191,-2.5189525872250855,-2.5803094506355024,2.394501587989694,-0.05998786624160202
narrow_gate,151,False,False,true_safe,2.3734428754495425,1.0301956523866092,-0.6656072737458616,-2.2957282262491763,-1.9252752915626496,2.9219020262108324,0.36418666862940974
narrow_gate,152,False,False,true_safe,-1.7156291292614665,-0.255956297066684,-1.1758902542903544,-2.8026537321979994,1.4234827713160914,2.7821590359632795,1.0691530015276216
narrow_gate,153,False,False,true_safe,2.6640835907265346,-1.479600689480162,-1.85151026053984,-2.875943837184226,-1.5558460986416127,1.450643899818725,0.64278468257179
narrow_gate,154,False,False,true_safe,-2.244800290132595,-0.6603123566303488,-1.6915142529124865,-2.169009938686587,-1.1002115629633873,0.7071765589969704,2.1627667235239367
narrow_gate,155,False,False,true_safe,-0.06173528742405088,0.034408961660008286,-0.7114724660241403,-1.9189850202666243,-2.8615727728363103,1.2749199712661003,-2.4687524445146636
narrow_gate,156,False,False,true_safe,-0.26120555195106565,-1.5327514800643813,-1.4861744932359748,-2.2206356635829185,2.393367508983213,3.5030634777035683,2.2495137329904815
narrow_gate,157,False,False,true_safe,1.910759776690862,0.8679211197437415,1.4084084073834933,-2.3827114927576263,-2.5741822521934843,2.185336960263898,-1.7570755439115329
narrow_gate,158,False,False,true_safe,2.7307156944514026,-0.4975445654109374,1.4644009316625684,-2.8553945409076515,1.1032402611411523,2.8091754870705343,0.2592608318739056
narrow_gate,159,False,False,true_safe,0.8385243907417861,1.576116170969566,-2.5501657346844318,-0.11989317729023874,-2.4174621220256247,1.1548108588295638,2.7557564744273066
narrow_gate,160,False,False,true_safe,-1.8985517059413854,0.804055789765965,-1.036166560530461,-3.0459747239471846,1.785819450350377,0.14916980881228153,0.40493081666934927
narrow_gate,161,False,False,true_safe,-0.5096386782548512,0.6755624859341363,2.6761502112560485,-0.6554843788615621,-2.8761488734138374,1.252019781284014,1.283768805820388
narrow_gate,162,False,False,true_safe,0.01913192038374323,-0.6333547527086281,-1.5282271533120741,-0.821366894971804,-1.7121976577434763,2.4032404172320057,-0.008425985323309515
narrow_gate,163,False,False,true_safe,-2.1288571989281633,1.6819494925862375,-1.029899596804445,-2.453390917253339,-1.9220317162150338,0.20232913887912157,2.8258526105058617
narrow_gate,164,False,False,true_safe,-0.6700426482868473,-0.2627479965560937,-1.0936304828472807,-2.2544831600827937,0.551761588077059,3.664724247805002,-0.5720080149459856
narrow_gate,165,False,False,true_safe,-2.079252652354644,-1.6775103149449264,1.7160544371178292,-1.1163140988021851,-0.38972880160362955,2.49324081096922,1.1518546359073807
narrow_gate,166,False,False,true_safe,0.7303173440021569,1.3517420405726424,-0.611442812420405,-1.6825641394229645,-0.6193405083702803,0.9977312260855377,-0.05386060035543494
narrow_gate,167,False,False,true_safe,-2.759440634726029,-0.06462185133665344,-2.2563553978610225,-1.358469718124721,1.2087620954019358,0.9418602512173894,-1.1291399718353994
narrow_gate,168,False,False,true_safe,1.3752283817475095,1.711279886800798,-2.234544081042248,-2.321057539365451,0.06302644370012889,0.6636081551200421,0.15757591520501624
narrow_gate,169,False,False,true_safe,-1.1351319589600284,1.1038633366101642,-1.964710644783699,-1.9650750156958499,-2.6705593036077335,1.0542627803169973,-0.21352365104608628
narrow_gate,170,False,False,true_safe,-2.5624507586978296,-0.5561474045800603,1.3461041200707542,-0.6011648207436404,-1.287751663682372,2.6878657539995348,-0.9585648998373564
narrow_gate,171,False,False,true_safe,1.1168107591525112,-1.5776807318920296,-1.817607049903709,-2.182361232332738,0.7022127045793427,2.1416098522396374,0.4064381855072119
narrow_gate,172,False,False,true_safe,0.2005300908945693,-0.7140808332840707,-0.5137695399577766,-0.9740512535582333,-2.2741519177209852,2.9581995187922856,-0.43653054695226157
narrow_gate,173,False,False,true_safe,1.2088667914298035,-0.684567144553571,1.4596793204043625,-0.5961327253959854,2.780014515136337,1.956214618108568,2.041039384947298
narrow_gate,174,False,False,true_safe,-1.306818968945859,-0.3734384589492248,2.569654781135091,-1.7556976138007323,0.5081405712071838,2.2191898514903334,-0.5585179045717896
narrow_gate,175,False,False,true_safe,-2.495376937447167,1.0961293750711634,-2.1879834715818136,-1.5674957251431318,2.7009062434034514,0.27701422892638744,1.719103603576118
narrow_gate,176,False,False,true_safe,1.0888161100873144,0.910256073735046,0.1491417255822487,-2.421217924090349,1.925570760937958,2.816154644187931,2.383585058100667
narrow_gate,177,False,False,true_safe,1.6308191624209587,-1.3836701193148468,0.9314646809434017,-1.6544281517790302,1.7299494419780772,2.054568933514449,-2.8084120872650407
narrow_gate,178,False,False,true_safe,-1.9563351919239702,-1.6523716988542785,2.651833582677479,-0.9957389479864682,-2.6772461913927996,2.786872751390763,0.9800406810638287
narrow_gate,179,False,False,true_safe,1.5340748923475735,1.1233908017320102,1.8920071906531617,-2.085314926281031,2.882736964691827,3.384851424996367,2.387028531858164
narrow_gate,180,False,False,true_safe,-1.5028368010708117,0.33631948651747967,1.8769712360451876,-0.3455277982165694,1.0027106268197157,2.080204678629169,1.956832768836422
narrow_gate,181,False,False,true_safe,2.41124026064081,1.2885552023400284,-1.604737499029689,-2.8224979263022485,2.864258799953905,1.2776554162160132,-2.7122240483411644
narrow_gate,182,False,False,true_safe,-2.8174894890318054,0.9010513289679518,-0.25378165874230163,-2.40206763802617,-0.35573826433342726,2.47193773299734,-0.6275513546403313
narrow_gate,183,False,False,true_safe,0.15573662977237301,-1.4863157570020844,-1.1971461364949079,-1.993437972469643,-1.566645561514588,0.3028220996355951,-2.6128949573391003
narrow_gate,184,False,False,true_safe,1.6392470449377012,-0.9869660508734763,-1.1774093547080544,-2.542417285258466,0.8585908146018215,1.284268072460819,1.3216651472499525
narrow_gate,185,False,False,true_safe,-0.06402375486624745,0.6874289664428193,-0.8595483425002115,-1.0719594172844726,-0.09348550543365608,0.18753773453795258,-2.333490822393255
narrow_gate,186,False,False,true_safe,2.1309101807086077,-1.0901958878921476,2.716441004909973,-1.112447769011659,2.286425912749214,1.1541271029593498,-1.805283694605109
narrow_gate,187,False,False,true_safe,-0.26188621206830387,0.06468373133470373,-0.13209115723451603,-0.7383248268259996,-2.5649758251634815,0.30321056321157525,-2.2752290933267436
narrow_gate,188,False,False,true_safe,-2.1549467030385854,-0.4168244396276026,-2.6951882113924097,-0.5941797152355441,2.526868763579977,2.433743396206326,2.061641418354609
narrow_gate,189,False,False,true_safe,-2.2667659269342595,-1.5288177233366753,-2.7579916882274422,-2.995089917521287,-1.8441547545428363,3.496709294144996,1.4313342851994286
narrow_gate,190,False,False,true_safe,-1.0601966631113442,1.7448942119315083,0.871932335869555,-2.467048600340981,-1.841858438541282,2.640096739259738,-0.7441297072741562
narrow_gate,191,False,False,true_safe,0.2683825923400813,-0.9080736195634966,0.040563647233582856,-2.083648876155344,1.5844327986155622,0.6483966246603069,0.06750544498007871
narrow_gate,192,True,True,true_collision,-0.9195441619495575,1.0217537464400324,2.04627938179058,-1.6681878157416885,0.2700904982701928,2.974928037404639,1.7655684590324214
narrow_gate,193,False,False,true_safe,-0.8738408558025368,1.5411537051370505,0.8541738795282243,-0.38193185097772586,1.8770351138507801,0.5388541286848125,-1.4093996165767335
narrow_gate,194,False,False,true_safe,-2.3455247853186556,0.24851608546963622,2.5684025090677998,-0.7728836163518222,0.8492498430346562,1.8114677824755636,-2.1779125417799716
narrow_gate,195,False,False,true_safe,0.0004468871015204101,-0.9309624408367937,-2.348807665273601,-2.018593951438137,-0.9243126379193138,1.307840355405522,0.21340442982471597
narrow_gate,196,False,False,true_safe,0.24790069769187184,0.3210545382373624,0.9556602217325212,-0.8508906839826587,2.029388057824033,-0.0005338271452427767,2.6210939307088457
narrow_gate,197,False,False,true_safe,-0.3493926835652257,1.1382799971565731,2.2970191294830538,-2.740049869664684,-2.2277759299461097,0.35544223727686886,-0.9560806633171146
narrow_gate,198,False,False,true_safe,2.4487113963034113,-1.3875285426233186,2.130814610467097,-1.9987291982930362,-1.433200290559375,0.9291026143143449,0.8840726707466766
narrow_gate,199,False,False,true_safe,1.878679088744215,0.1259212894173809,1.0008057393843548,-0.19907601274333198,-2.7967844991029627,1.259080252180064,-0.06414037039955245
narrow_gate,200,False,False,true_safe,1.4807108065129522,-0.798668204767589,2.0657766720113355,-1.0939031805846198,1.976218804857322,3.1570010779127498,1.9462773612701576
narrow_gate,201,False,False,true_safe,0.9317637041837425,1.3338474486540948,-2.1703154541261673,-2.5415348653128786,2.8510182334518395,2.0481416417493135,-1.7196388880928388
narrow_gate,202,False,False,true_safe,1.0670939516120126,-0.32802491695822655,-1.3110664773277187,-2.3312071616668884,-0.025077483762258268,2.4247607955965416,-0.08210393701786778
narrow_gate,203,False,False,true_safe,0.017389298076338378,-1.4732858847659005,1.3052560552727983,-0.43003337856373935,0.18619299154437474,3.440638913266011,-0.7885409465420858
narrow_gate,204,False,False,true_safe,0.48227315455154196,-0.3807395033408185,0.2681779792283221,-0.4097735570375294,1.7050866556932465,1.7692367865643008,0.6972915732018934
narrow_gate,205,False,False,true_safe,-0.34981091581567014,1.2874850728604454,-2.022829040179575,-2.3915441969887445,-1.0279627389789665,2.8869705650896154,0.18969944401163552
narrow_gate,206,False,False,true_safe,-1.0111871151845133,0.8783392740074505,-1.6685574596829975,-2.3822173606555324,0.5995446746942226,3.2740571767858966,-0.33378866249515937
narrow_gate,207,False,False,true_safe,0.026507233341956038,-0.6437204200016078,0.3732434289090363,-1.5436637024246311,-0.029327333582388704,1.457342175294726,0.5175484843736458
narrow_gate,208,False,False,true_safe,2.544578585784358,0.6682634698017176,1.9010146551142708,-0.9168156796196509,1.4844552128063317,2.9230570059260472,-2.281631693964856
narrow_gate,209,False,False,true_safe,0.5543946121768131,-0.46296020443017105,0.7832289895331899,-2.1366828838466136,0.11688964212561492,2.4701713891162873,-2.7712747751287483
narrow_gate,210,False,False,true_safe,-1.6818243932343298,-0.37784784202513944,1.1454822694213873,-1.9374234675239188,-1.4125872399474835,1.8665515823326735,-2.62082757644632
narrow_gate,211,False,False,true_safe,-2.289963811322231,1.4905630615658096,-1.8649096785024564,-2.199032473813346,-2.081210246342855,0.3015709001854867,1.445044459850481
narrow_gate,212,False,False,true_safe,-0.8057494579464892,0.6693924880695787,-0.3300048553260715,-2.093084154937025,-2.0127722315307857,0.5622384881016921,2.1025001777966374
narrow_gate,213,False,False,true_safe,-1.9449914372657509,-0.3766113061711458,0.7619331114836605,-1.015905453460602,-0.806661647018101,3.160843071468422,-2.153347505128667
narrow_gate,214,False,False,true_safe,1.51098128194668,-1.7438059821141871,-2.6073327886055186,-2.9236691842411977,1.3448334396793418,0.46168589629735307,1.946058407722472
narrow_gate,215,False,False,true_safe,-1.2094310000427313,1.197953807862287,2.020360020347385,-2.2495450001616133,-0.4132380927003263,1.0220640490653035,-2.0634589940039993
narrow_gate,216,False,False,true_safe,2.575613193799937,1.4104870765846385,-1.9254984748675095,-2.5393274049562917,2.6139461263197687,0.3583484692278277,-1.1241259041454066
narrow_gate,217,False,False,true_safe,2.7399603509491777,-0.9699931123572733,-0.024337314882107552,-2.936828687783819,-1.1168856966592557,1.8573219910224332,-0.1177661246165913
narrow_gate,218,False,False,true_safe,1.8501897096335571,-1.6218382501971287,-0.3330554576817084,-2.4312291753180117,-0.31076758652344605,2.8298850923705423,-0.4537339937430702
narrow_gate,219,False,False,true_safe,-1.2557132032215654,1.7185783171639333,2.4793977625527757,-1.3200309302762374,-1.6517088175276309,0.13967750743019208,2.391932996032834
narrow_gate,220,False,False,true_safe,-1.275055636456812,-0.28068628059638145,-1.919776988644459,-0.5724175243365726,-1.4122398139476617,2.501872352177301,-0.7967361354520048
narrow_gate,221,False,False,true_safe,1.82066770150078,0.5304879879455111,-0.2252846866714724,-0.5146098999158268,-2.093754282049281,2.6369493188175785,-1.8382462424695205
narrow_gate,222,False,False,true_safe,-1.5195359776454402,0.7383006305416231,1.394697544875648,-0.5322452588543469,-2.6910690067157517,3.2415013729829143,-0.6728099397603602
narrow_gate,223,False,False,true_safe,-1.9923538673778012,-0.43359829052530086,0.9719310630301194,-2.9760016545828094,-2.8015186649982455,1.5445381908033065,1.8819231645833345
narrow_gate,224,False,False,true_safe,1.1239410522469053,1.3558809512117893,-2.880260402775618,-0.1519261915323118,-1.4710278034156048,0.11225866788640322,2.8434167310199476
narrow_gate,225,False,False,true_safe,1.507407751299128,0.742556261376766,-1.5047032554772404,-0.2446914296545022,2.78113465716214,0.5257957433403943,-0.7438706407109366
narrow_gate,226,False,False,true_safe,-1.0328228425298553,-1.274229712688573,1.1893359849585878,-2.9729263236548817,-0.20960156156830978,-0.01386975650694766,2.521289158560949
narrow_gate,227,False,False,true_safe,2.00463779370012,-1.460096608717419,0.5705514803021297,-1.7718164826185863,-2.2790597577693914,1.994335244030343,0.42175734552348887
narrow_gate,228,False,False,true_safe,-0.5978741570356334,1.6874755445986405,-0.932446853124284,-1.0850373543389327,0.2679765606976221,3.1007892548081237,1.3985019015384794
narrow_gate,229,False,False,true_safe,0.683828694105515,-1.1647368072411046,1.096378659414849,-0.12042334626422413,1.0206578015610401,0.752003140922237,0.7811728461893792
narrow_gate,230,False,False,true_safe,-1.6799727579862849,-0.7456796328077233,0.31334826075411915,-2.091934755892189,-0.812295501625981,1.6343372262735847,0.25212893609638076
narrow_gate,231,False,False,true_safe,-1.00521832089013,-0.19086042487820043,-2.494473123824281,-0.13183842114305788,2.1414089335053563,1.3950958844605648,-2.4738493070593575
narrow_gate,232,False,False,true_safe,-0.6021546202791987,1.2009404782352116,-1.4885225222793144,-0.6955507666949914,-0.07612657001816059,0.36708858430047164,-1.0322294596698252
narrow_gate,233,False,False,true_safe,0.3695322726103818,-0.44074955926885084,-1.379816624117996,-1.2766523506012795,-1.2397215844364924,1.2220462739612605,-1.0131552273019642
narrow_gate,234,False,False,true_safe,-0.2162394591508714,-0.25628094618921016,0.7045897836671462,-0.8619961843290485,1.490460713360965,1.9703595483076668,2.1311464869466055
narrow_gate,235,False,False,true_safe,-0.24265879620679165,-1.2567940084278137,1.4609283007079212,-0.2461769370052722,-2.3874675720278895,1.851278022693788,0.34833350376257677
narrow_gate,236,False,False,true_safe,-2.822507791481917,0.10574227123672353,0.534593800185545,-1.8167035653034913,0.6737452321075406,0.7498928932688566,-1.2180820139442559
narrow_gate,237,False,False,true_safe,-0.1350200872983267,1.7559613520109236,-0.13823625877205403,-2.7128273102310803,1.883431611828366,1.7014081055918915,-0.04131760941115292
narrow_gate,238,False,False,true_safe,1.083302349267866,0.6554383044173004,-1.4368533846733174,-2.6215202347884596,2.514984393320612,2.0279784290688636,-0.2478392218153087
narrow_gate,239,False,False,true_safe,0.5867018762983509,-0.4023835734243417,0.4448779872233386,-1.3349107600835761,1.867632070654325,2.496602669672527,2.250077549930492
narrow_gate,240,False,False,true_safe,-1.1739370552774002,1.2201412225694375,1.9875842159361894,-2.512928972078332,1.1946748686323905,0.39058290387567063,1.2579243223250969
narrow_gate,241,False,False,true_safe,1.4950664336007615,0.8735416541823211,0.6696866227970628,-2.1219424227810784,-0.36533029819716845,1.7966124658255327,1.9003438916221014
narrow_gate,242,False,False,true_safe,1.0453011788136113,1.4535162611648524,-0.1888129421130298,-2.0058429799164035,1.5717795289435021,2.5359185723898925,-1.7210322313896749
narrow_gate,243,False,False,true_safe,-2.5237792884514616,1.6306724306072238,-2.7157375022235937,-1.0781017651013503,-1.6724067357510972,1.828037739361044,-0.6588946091668975
narrow_gate,244,False,False,true_safe,0.005421726467079058,-1.4173145126233242,0.1628806628215158,-1.3279336713655006,-1.2197102409310943,1.668162073979339,1.4357947446315626
narrow_gate,245,False,False,true_safe,2.5393036474236763,-0.37922571962807927,0.846078761224121,-2.655212177324166,1.9247040499710217,2.1163809379888354,0.4390908972204022
narrow_gate,246,False,False,true_safe,-2.4633684833989085,-1.3308950158577797,-2.0184898780887615,-0.7107403886248558,-0.5034190031102761,0.4189912196202981,-0.21398842498649495
narrow_gate,247,False,False,true_safe,0.882009547921307,0.31656282105917155,2.0749269788700038,-2.1377753326042526,2.03139609352321,2.0476358907115637,0.3878495301412661
narrow_gate,248,False,False,true_safe,-0.21442860273470554,-0.7643446319711045,2.6850192549310585,-0.34555818365598645,0.04669507553809504,3.4702915512274233,-2.413168517959013
narrow_gate,249,False,False,true_safe,-0.6083582461558823,-0.2089176862110107,-1.936342936134253,-1.620768958288066,-0.3761053124799787,2.398725434202545,-0.7924586650857215
narrow_gate,250,False,False,true_safe,2.3689219185039687,-1.259288614500325,-1.0374803743931693,-2.8181735213920716,-2.1894436363327827,3.371139459610196,1.6579766842375165
narrow_gate,251,False,False,true_safe,-2.6534921662993494,-1.7147398343223499,1.5250374800888022,-0.13058247411232626,-2.0945710244738134,0.6320130650958384,2.2942918121725353
narrow_gate,252,False,False,true_safe,0.3820795990655017,0.6365519226135157,1.6026844633916162,-0.8575090042570652,2.727431749951529,2.6229831682745095,-0.9456634070870678
narrow_gate,253,False,False,true_safe,1.9466072351923338,-0.49289098479291416,-0.3804057704392281,-1.33822091166799,-2.550137085921688,2.943793420452822,1.797160564705917
narrow_gate,254,False,False,true_safe,2.468148704372067,-0.6322214311292966,0.5704447803706896,-1.2317953298175766,-1.7339222778304582,3.7121674557423057,-1.9776200047356207
narrow_gate,255,False,False,true_safe,-2.4654228568308008,-0.008757700795543721,2.0497561122228167,-1.8837652117513246,-2.2974788416941814,0.3828017478997713,-2.2909517562153265
narrow_gate,256,False,False,true_safe,-1.2806552330332304,1.3162063178392094,1.3647373996587384,-1.2043610970799392,0.5441234844211014,0.9058916153445842,-1.7083916150500547
narrow_gate,257,False,False,true_safe,-1.0631863164267072,-0.4262080191498867,-2.2610629765839123,-1.5409818292332662,1.0625274537790168,0.27341811385940856,-1.048625000533915
narrow_gate,258,False,False,true_safe,0.05601015232274431,-0.5202012187763136,2.80951262452777,-0.07091213278831487,-1.964680895497548,0.138281598040021,-0.5912247393996597
narrow_gate,259,False,False,true_safe,-1.337300798823668,1.090324795938074,-0.7575545695551589,-0.5204127760433446,-2.152839107488169,3.1923769947717626,1.4700059401534804
narrow_gate,260,True,True,true_collision,-0.7757694007991986,0.596434391418784,1.1858980143000877,-0.6755795332919372,-1.5641622836562836,2.1920628453212574,-0.3069347424737283
narrow_gate,261,False,False,true_safe,1.061842587790744,1.6233633514510135,1.4703336493989503,-1.3307359092974873,-1.6171430812517638,1.0005869225505184,-2.1373685367621693
narrow_gate,262,False,False,true_safe,0.1866778669495055,-1.5562992427120226,2.690991488644364,-0.2535294951984226,-1.7980209606844586,2.011634959192004,-0.15516935003012122
narrow_gate,263,False,False,true_safe,-0.7307468454899766,-0.6764635024492445,2.793033510579685,-1.9639590905125683,-1.4903210075193285,2.0327258679720877,1.3396531251147095
narrow_gate,264,False,False,true_safe,-2.6480847669865573,1.1333389005272307,-2.8904854210928947,-0.5784219366072088,2.2166707018683076,2.2008625523495207,-1.8681304847778366
narrow_gate,265,False,False,true_safe,-1.8075200699722154,-0.180853246031506,-1.8480505255292985,-2.3209809441434013,2.7370971430465363,2.438522237230869,-0.3547967963183769
narrow_gate,266,False,False,true_safe,1.3230710072655936,0.9403848914065831,-1.318378250670979,-2.9269671819417704,-2.322762670381903,1.1017562515691368,1.3373820157181773
narrow_gate,267,False,False,true_safe,1.4830470732261847,-0.09017699991269823,-2.428675839664997,-2.955994339490157,1.006245586353736,2.515367576684445,-0.7590902368993566
narrow_gate,268,False,False,true_safe,1.31758671815536,-0.9040893267961106,-1.1564221072518457,-2.4065360570288776,-2.2148717592241014,0.6981862226210166,-1.146540893929782
narrow_gate,269,False,False,true_safe,0.3219635493159805,-1.5457775035446033,-0.18267177212466557,-0.29599441037684926,-1.7183358156498616,1.5739039056987716,-0.8410184707618855
narrow_gate,270,False,False,true_safe,0.21010053360039604,1.427658751654696,1.4768539647583858,-2.4344245926462267,-0.4388231331850312,3.6391282295719147,-0.33074181049319495
narrow_gate,271,False,False,true_safe,-0.5792958485324435,1.5049265700219392,-0.4559606948161301,-0.6778541646410634,-2.3792747843490982,2.7812350182741903,2.239323073554138
narrow_gate,272,False,False,true_safe,0.9695337249483971,-0.32096647407036816,0.401828257174762,-0.902717721748965,2.8712481304267725,0.8862698867379223,0.355832381325103
narrow_gate,273,False,False,true_safe,2.528265440618259,0.3361670710311504,0.8864060615087292,-0.3763517658311022,-1.2046218466768803,0.25000149491500345,0.8886866149508297
narrow_gate,274,False,False,true_safe,-2.0606148965233477,-1.6051364381152533,1.575004085427088,-1.0647537877563984,1.1435810193057647,1.6524953706843544,-0.6493198742797119
narrow_gate,275,False,False,true_safe,-1.3910665046331867,1.49907382028139,-0.3317066022660562,-2.6143485885064943,1.6302627137326922,1.4995399607769648,0.36255888063203656
narrow_gate,276,False,False,true_safe,-2.865186541131147,0.124446034059843,-2.0963817751921705,-0.47546389697648994,-1.3516175293442099,0.46944830894423534,1.7530415311567027
narrow_gate,277,False,False,true_safe,-2.2495485359741307,-0.6294338561640616,2.6625765080967354,-1.4819560024559044,2.4277087307374114,2.3898552944523037,-2.345449360287582
narrow_gate,278,False,False,true_safe,-0.23117156185669074,-0.2691569549635151,-0.8553482932511658,-1.1994269045353358,-0.09816802985895512,2.5559120634933197,-0.8211367777436158
narrow_gate,279,False,False,true_safe,-0.37799187098786646,-0.8710776820262093,-1.5230095713301937,-1.0891031573460952,1.534815777706822,1.56467890654669,2.858848319203823
narrow_gate,280,False,False,true_safe,-0.6332053748815145,-1.3377500624035616,0.7716798124665245,-1.6813955728531187,-1.2761488621128445,2.3728326414559993,0.25888149788928727
narrow_gate,281,False,False,true_safe,0.35561878486894116,-0.8434312106750463,-2.6293805631467873,-1.705308337140361,1.2779654726481264,1.2924428318637815,0.16623238846941835
narrow_gate,282,False,False,true_safe,2.0657447986664095,0.2729186607751495,-1.4890290166488918,-0.9567074999639482,-1.2430526904448393,0.8436133694309113,2.6746264150408963
narrow_gate,283,False,False,true_safe,-1.1352086951162597,-0.127235965837859,-0.9526483926797378,-2.5891867212693933,1.5165976978197953,3.2203818570813505,-2.0136391856557583
narrow_gate,284,False,False,true_safe,0.24729454350328872,1.3542856638306553,-0.19558219673486965,-0.3106501333249674,1.9831825356921127,3.2759826017329954,1.244189571642624
narrow_gate,285,False,False,true_safe,0.41648563368526315,0.22982609701584233,0.9803704615704771,-2.2362479318488635,0.18891444011502134,1.5059477703026891,2.4734530497423797
narrow_gate,286,False,False,true_safe,1.0649657204349938,0.03220712987240959,0.1989230149544685,-0.8475532769731657,2.3351072819403167,0.35971142225460806,-1.526348174014639
narrow_gate,287,False,False,true_safe,-2.7947280925156823,-0.30114635539788837,2.6169116190459127,-2.7593685337274874,-2.701793992990104,2.1847222808597864,1.9470129785119012
narrow_gate,288,False,False,true_safe,-0.3790940042602031,-1.5238756878644173,-1.1795712174886979,-0.23267749238701452,1.5877377215934207,3.424180257290947,-1.2374117738882302
narrow_gate,289,False,False,true_safe,-2.2131258564390293,1.6521375785411148,-1.047448246333779,-1.0474705636231008,-0.1684929579957526,3.119821989559634,0.6426934458181628
narrow_gate,290,False,False,true_safe,-1.2406865506988392,0.06167387076177677,0.018370534372845526,-2.7265484475732538,1.045013800430382,0.2702359981977871,-1.0828063466056532
narrow_gate,291,False,False,true_safe,0.735731406358735,-0.7553426120478173,-1.6344984728412817,-0.9520113363866174,2.4093344374250356,2.5638251795732647,-2.5235657466157524
narrow_gate,292,False,False,true_safe,-2.454429491556698,0.7767509920478672,-0.8089497051604213,-0.4166790274033234,0.962535819359271,0.4015204225555651,-2.2756987000396482
narrow_gate,293,False,False,true_safe,-1.987760550951778,-0.5552922460701353,2.724742973324878,-2.6990286988229113,1.071111406381943,1.4830927854035882,-2.2248799999918423
narrow_gate,294,False,False,true_safe,-0.12153767745818245,1.6872971812022235,1.8876213682489653,-0.5418171079254694,0.789969076164895,2.979344726850895,-1.4890653205589484
narrow_gate,295,False,False,true_safe,-0.31646356873656023,-0.5842716528935405,-2.8507358827388254,-1.9334557453642123,1.1530651014845401,1.004761767100909,-2.8341270619283048
narrow_gate,296,False,False,true_safe,-2.813835319901734,-1.5756105139169443,0.860768610541724,-1.778885704997408,-1.7609593896266504,1.7435682455023647,0.2880777314808407
narrow_gate,297,False,False,true_safe,-1.6095059490670074,0.07991362934540103,-2.3069984218559387,-0.8860614018957129,-2.875106660169907,2.4484918181577497,1.8753476702704908
narrow_gate,298,False,False,true_safe,-0.23367648972415234,-1.1357877243207843,-1.9057696522917618,-2.879051024670433,-2.5305611227263736,2.792902196863417,-1.8667655961926226
narrow_gate,299,False,False,true_safe,-0.4205519086606375,-0.9482468131950965,-2.785037321735116,-1.4889902536746658,1.2873257443297574,1.837451128013775,-0.2805543362600562
narrow_gate,300,False,False,true_safe,2.414538319292635,1.2192564485512043,1.6639418230757408,-1.6021595301661158,-0.5861192762281568,0.47581821439036703,1.4857629208886496
narrow_gate,301,False,False,true_safe,0.36758720559266944,-1.3547527314354562,2.0182639388416423,-0.1376394371651939,2.4610518183604992,1.2542163234706187,-0.04819062525044249
narrow_gate,302,False,False,true_safe,-0.36744111488952136,-1.670986726683022,-0.47673788313983545,-2.7135408764996756,1.7181622823706042,2.293963748261524,1.1093613774865614
narrow_gate,303,False,False,true_safe,1.094717661831865,0.6848480707375995,2.681241665647725,-2.118097570572849,2.605461990825447,3.613046606966024,1.1294690911868472
narrow_gate,304,False,False,true_safe,-1.2717773441363138,-0.8113551420979355,1.0219039857552028,-0.5264314057170179,-1.4718946811497353,0.558625797533067,-0.9353290191050041
narrow_gate,305,False,False,true_safe,-1.6502153839152873,-0.9580317834378835,-2.373797604668173,-2.6244919614527475,-1.997345925643606,1.184705518541354,-0.5055464892044768
narrow_gate,306,False,False,true_safe,2.2862150566468906,0.30733599932599276,-0.9893484691196723,-2.5710967547421397,-1.9775257536331408,3.37144323648216,-0.16789103942367056
narrow_gate,307,False,False,true_safe,-2.6159962986049505,0.5009165590370586,0.630622631268098,-0.9159499136181832,-2.2601059889263104,1.5517431821190915,-0.41692014925821264
narrow_gate,308,False,False,true_safe,1.6567120269508009,-0.9337207219121127,1.2034558146689949,-0.8819895620417428,0.302568209683892,0.7215053807797235,0.08713639532697748
narrow_gate,309,False,False,true_safe,1.3574787870050078,0.982299792240422,0.7881634013569498,-2.9281814970037248,0.3239447103270643,2.0171461415524177,-1.9554095354140792
narrow_gate,310,False,False,true_safe,1.0172384428533174,1.7235028880272738,1.078532821508722,-0.767498022151778,-1.8445610713083767,1.7230848502773588,1.894098403697266
narrow_gate,311,False,False,true_safe,0.3336334746244902,0.6229797034984443,-2.254549863742449,-1.263730020811567,-0.7597616481587055,1.8761574173824402,0.29726665764544213
narrow_gate,312,False,False,true_safe,-0.8004741999860134,0.5548621167149257,-0.44358354860230165,-1.6707649825295765,-1.8393945908612936,0.4386192947682189,0.11642782970828325
narrow_gate,313,False,False,true_safe,-0.554838016673262,0.3720956270029445,-0.07394438620328403,-1.1132700687180965,2.550327183656394,0.7466556845899077,-2.525700033132153
narrow_gate,314,False,False,true_safe,-2.2243491431448756,-1.3169098037668272,-2.8222081182891907,-1.7130609946815938,0.1080837378414099,1.7658440427838813,-2.1000156600778026
narrow_gate,315,False,False,true_safe,-1.3567401862567912,1.3332774714509297,-0.5146967705936563,-0.5463762690834062,-0.08828908912750855,2.266356258916541,-0.776894783458915
narrow_gate,316,False,False,true_safe,-1.085538884310332,-0.3915865765030535,-1.157911306634692,-1.4765213680134568,-2.816591462306601,3.468050312227139,-1.6609864323214003
narrow_gate,317,False,False,true_safe,-0.6501592428074638,0.43571867955318533,1.9054572241779488,-0.8234043008335434,-2.881554221124391,1.1057869700476226,1.143349493936975
narrow_gate,318,False,False,true_safe,0.609396765018889,1.2297059348528183,-0.9782206271824754,-2.1141278871917972,1.8822199097367958,0.1681336663142841,-1.2754670131402572
narrow_gate,319,False,False,true_safe,1.996378906467442,-1.1244221174953044,2.2726488427646934,-0.76474141883679,-2.2963578742900728,0.38727666955768575,1.7740878520806986
narrow_gate,320,False,False,true_safe,-1.6679105078621381,-1.5161691426340274,-1.756876248305842,-2.8947050456530152,-1.2616759233483896,2.5653647449762174,1.95523598380117
narrow_gate,321,False,False,true_safe,-0.005553613378228128,0.9844890936135147,-0.9866384051765171,-0.22581566411592036,1.6923760106079286,0.37212534954390714,1.2517614726213746
narrow_gate,322,False,False,true_safe,-0.71126265361131,0.770023235124115,1.901437519758773,-2.520367547638305,-2.0817639849755456,1.0346929147576989,-0.027021340737026556
narrow_gate,323,False,False,true_safe,2.1720392828270154,1.4770441507642413,2.7271517142594184,-2.4435444403156894,1.5575148862146402,0.3700621496383889,-2.134154777023858
narrow_gate,324,False,False,true_safe,-1.3927717760560399,0.079364467991347,-2.504615047149532,-1.2110268324711955,1.4431157533190722,1.698043087637808,1.8830317786060324
narrow_gate,325,False,False,true_safe,2.352963964146705,-0.001885521172894089,-1.8140121570900496,-0.14515414081002875,0.24535773609565226,2.5508391483304402,1.536256045828925
narrow_gate,326,False,False,true_safe,-1.559529216004039,1.3130577964944665,-1.8825582934437601,-1.6703858975586285,-2.2801400724474012,3.6121807257032583,2.7115041072197035
narrow_gate,327,False,False,true_safe,-2.771632937372829,-1.7192639635450835,1.3814007633247107,-2.307806048292836,-1.111010038128334,1.3735950918342335,-0.5797294080147348
narrow_gate,328,False,False,true_safe,0.343117162511386,1.0385012806521794,-2.797163011481354,-1.8196758218249802,1.1181030443557778,2.6170738859943814,-0.5071430161925532
narrow_gate,329,False,False,true_safe,1.1658316125310235,0.02671307055800054,-1.8854850559566942,-0.7264345051625023,2.4677708312627398,2.615677780331397,-0.5555761949301661
narrow_gate,330,False,False,true_safe,-1.3816651830514408,1.3642438717528647,2.421772294848649,-1.0622082324782998,2.2449135376338156,0.5113970179719358,-0.24734306790454808
narrow_gate,331,False,False,true_safe,1.2478385112609591,-0.5248610095810893,-1.6945332937280768,-2.7535409712354393,2.3907232419576308,2.9803636031722855,-2.6070281055333684
narrow_gate,332,False,False,true_safe,-2.402054329863031,1.3931685605412243,-1.8151459192610528,-1.1472253042089813,1.919066470760463,2.8242314938033397,0.5330678515467024
narrow_gate,333,False,False,true_safe,1.4308456195354728,-0.1932143294466231,1.9687734592143422,-0.37491428816412853,-2.0086451655913016,3.6526131847918473,-1.272733075192782
narrow_gate,334,False,False,true_safe,-2.3054907240271816,-1.494127486191199,0.2690779830397445,-2.405769739123385,-0.9268034202812689,0.12481938397088903,-2.2348944317986597
narrow_gate,335,False,False,true_safe,1.9145033395178541,-0.9284308478584211,2.327721380485541,-0.25130748142432013,-1.6201755990864601,1.4054639328887464,2.84004769193716
narrow_gate,336,False,False,true_safe,1.8289099779957092,0.18677602059581355,-0.6163776553573479,-0.1639927569324886,1.674640016625332,2.025223821924468,-0.5676096467549252
narrow_gate,337,False,False,true_safe,1.9105896092352253,-0.42552948790973466,2.80828568984187,-1.4807468245131568,-1.2751186718343184,2.6008790817065828,-0.8902605402951385
narrow_gate,338,False,False,true_safe,1.7574756451056825,0.6921331459775439,1.1548701857515842,-3.04256811998854,0.9558158702878083,0.861856145885622,1.2608611081065946
narrow_gate,339,False,False,true_safe,-1.7193793523918741,-0.45194285617144536,-1.1657277016024146,-1.8464442249067965,-2.132200440270926,2.861118705653589,-0.027228947669938552
narrow_gate,340,False,False,true_safe,-0.25515903825683806,0.7394674063526918,-1.8274516279183934,-2.1024342603638635,-0.81570648882655,3.5970325236953795,1.8194724309378159
narrow_gate,341,False,False,true_safe,1.9432602917651907,-1.479813264820378,1.1888102658502402,-0.903709974985413,-1.8603015103814096,1.9192577539948488,-1.2019958772660941
narrow_gate,342,False,False,true_safe,-2.6168385939716625,-0.12087573119712824,-1.5086960632272288,-2.7011745200975565,0.014049385330613173,0.7863562611116186,0.5758738377586634
narrow_gate,343,False,False,true_safe,0.9078779102429526,1.7023377373747715,0.4992380341664471,-2.3528258345967874,-1.8894334878913812,0.11958914481328443,-0.8656736827892773
narrow_gate,344,False,False,true_safe,-2.7402934808652453,0.043571169312332625,-0.04590888055335496,-0.4029459297286846,2.5096551307485186,3.3546728275021276,2.7501485614759393
narrow_gate,345,False,False,true_safe,1.5553413239214415,-0.25364219253277764,-0.6441273077432075,-2.842954804277848,2.2466266126589347,2.82086505560947,-2.407755198468073
narrow_gate,346,False,False,true_safe,-2.895498894632147,0.4437163395823416,-0.8650504626414395,-0.8922971949540597,2.1672347395018092,0.9083828078575217,1.0900987321140074
narrow_gate,347,False,False,true_safe,0.19235205927194476,-1.0661652635103507,-1.3273346810966242,-1.5550099274862135,-1.6673384327308685,1.385660660035241,0.3024876234205105
narrow_gate,348,False,False,true_safe,2.7478238959129233,1.4495264521045512,2.7591860789498877,-0.8295449103658874,-1.4745169262293858,1.8630512509855255,-0.13794945145485116
narrow_gate,349,False,False,true_safe,0.4444925619772526,1.094724599526189,-2.6904257700267404,-1.0601484613551047,-2.312332207670116,0.8489702338436895,1.3006637743125764
narrow_gate,350,True,True,true_collision,0.29757608649500433,-0.5118954553188655,0.08853810375623805,-2.3099262825743527,-0.6337827384309169,3.122430048335545,-0.9235982589890446
narrow_gate,351,True,True,true_collision,1.4494117336397845,-0.5700039293880446,-1.143948980237315,-1.7505410498685947,-2.538213733102851,1.310222023092963,-0.3412560123869022
narrow_gate,352,False,False,true_safe,-1.2723061254085275,-1.0960786182602105,0.5330629752247571,-2.86974503124692,0.5590899898112056,1.6367142183273744,-1.870523448833659
narrow_gate,353,False,False,true_safe,2.5422325743501077,-0.0833154657851165,1.7547181323063117,-0.6014748815545188,2.6293038079451665,1.57659980950836,0.5275817474052582
narrow_gate,354,False,False,true_safe,-1.0588114493300753,1.5434181705977617,-2.6645742672375388,-1.6460928137551056,-2.7160957988777863,0.8245421306422727,0.28196593276081616
narrow_gate,355,False,False,true_safe,-1.8535400116335352,1.2583128185712522,1.5774142914289073,-0.36513441786031064,-0.024105262806801253,3.1698812489398294,0.3545332599217912
narrow_gate,356,False,False,true_safe,2.590887505850312,-0.12010718912302476,0.6918455492163811,-2.8255730814009787,-2.4059907431395313,3.364598248179224,0.7416171989889899
narrow_gate,357,False,False,true_safe,0.06962802395313483,1.3794640889596042,0.8065062641780592,-1.2692967684486303,1.2818590092530902,1.8541191068577618,2.8015349735474344
narrow_gate,358,False,False,true_safe,2.353087216418524,-0.3248066862309993,-2.3375367646512384,-1.7699021734180949,-0.3408540925609418,3.5984134011739015,-1.906609046149407
narrow_gate,359,False,False,true_safe,2.4408555365142264,-0.24151339907306246,-1.2974541519108433,-0.9804703860652535,-1.182922655924557,1.8445761161222476,-0.5072925262777259
narrow_gate,360,False,False,true_safe,2.31413595542367,-0.27340437427481934,-2.5241460643180025,-2.8132159745706273,1.8439070357576148,2.077482464538328,1.1896727162963399
narrow_gate,361,False,False,true_safe,0.8890816867322489,1.4390247097695705,-1.4219935457275426,-2.358834513610737,-1.5907306536778165,1.258714032212597,-0.6498042081562274
narrow_gate,362,False,False,true_safe,-1.2615535370856135,0.8579218973398128,-0.2135438876072926,-2.4787376624092934,2.119206726370044,0.024515289328737366,-2.843842772603853
narrow_gate,363,False,False,true_safe,-0.24316593199410308,0.6339260838930074,0.738293810736514,-2.2588784285112946,-2.4376323964106006,0.6631547792729062,0.030461210246915726
narrow_gate,364,False,False,true_safe,-0.5033147494081045,-0.04552750539340478,0.020598706503188957,-2.4952778671857736,-0.17840724074619096,3.2503416959792526,-2.8877990808300424
narrow_gate,365,False,False,true_safe,1.7937790667252842,0.4930972192470384,0.9347731884127528,-0.43101971372799497,0.46852700828723703,1.31886961040028,-2.648784944397806
narrow_gate,366,False,False,true_safe,-2.489781508079001,-1.5546472716122333,-2.485273964282613,-2.988815580336728,2.8423090393711257,2.7694111642621815,0.6257156817041789
narrow_gate,367,False,False,true_safe,-2.415502261889431,-1.5407407280044412,-2.0566591782762575,-1.1796691036803513,-0.1692617369427598,3.3187501888973014,-2.397453384671114
narrow_gate,368,False,False,true_safe,2.384865426794651,1.6966493719745324,0.4587747525576531,-2.9139079529185588,1.8401742865776138,3.2387043626041847,0.8025652962248655
narrow_gate,369,False,False,true_safe,0.9164816467828971,1.0486029663788972,0.12978524437294015,-1.7272568401636144,0.8584144978022739,3.1801083379240334,-0.6042907741984895
narrow_gate,370,False,False,true_safe,-0.4237124562996386,-0.22225579367940385,0.6941741972525346,-1.0182034117599623,0.5536872895633151,3.6654468776422657,-1.6777791633021493
narrow_gate,371,False,False,true_safe,-1.8196409473103858,-1.208137809823996,2.593127431180904,-2.2921540576899035,-1.9859679872641793,2.318011538255665,-0.22114061866370704
narrow_gate,372,False,False,true_safe,1.2684693038611443,-0.6267280886947835,2.007674382974106,-2.4008135824292567,-2.426245612059732,3.2693447368670334,-0.26422745132045566
narrow_gate,373,False,False,true_safe,1.1385509812729189,-0.12145495178626309,-0.4628676462047854,-0.3792776691266244,1.7303862642933825,1.8261584934014028,0.014626284278418389
narrow_gate,374,False,False,true_safe,-1.9095237526629876,0.42682268945529067,1.2938711914645205,-1.5672258388249194,-2.6650474706630902,3.0919946413778057,0.49970846922929857
narrow_gate,375,False,False,true_safe,0.8309442193728902,-1.1017072181379812,0.06469159797797186,-1.4584511099799025,-2.699608909886416,1.3172459020827416,0.14070874769394282
narrow_gate,376,False,False,true_safe,1.1018527341593947,1.3712148940573776,-0.43236026210635137,-1.5482079728270959,1.2065336137810552,3.4587480996325946,1.6587347919617579
narrow_gate,377,False,False,true_safe,2.094073168576777,-0.9556939726010297,2.0892253225038337,-1.157041684259417,-1.9678306903705023,1.2860230111655049,1.6478249487268823
narrow_gate,378,False,False,true_safe,0.8618184556278878,-0.03426777309496476,-1.572346093151259,-1.6576864673190561,1.411055845976518,3.400123656771913,-1.877545119968686
narrow_gate,379,False,False,true_safe,-0.9634479986793758,-1.107038775703077,1.9671274605186828,-2.1233259893945196,-1.760971586869918,0.6741581689241357,2.658652541582749
narrow_gate,380,False,False,true_safe,-0.7815053362862439,1.0890195857908354,1.3620387789681954,-2.515883519141678,-0.8166615358242781,2.119017965424757,-2.25806552464579
narrow_gate,381,False,False,true_safe,1.3765556491988895,-0.7594130285954617,-1.6336193682717517,-0.8579967013162397,0.3041729710484051,2.2734696829261543,2.3615902682375727
narrow_gate,382,False,False,true_safe,2.7857082777590123,0.6326472374880492,-0.3713687619410617,-0.8185740799597365,1.5077221005577894,2.4751306426609503,-0.6287410723590052
narrow_gate,383,False,False,true_safe,1.0430359826347515,-0.5267873112884944,2.7005819117375363,-1.8322893849355706,-1.076374583180675,0.10261727787926665,-1.5353592722993958
narrow_gate,384,False,False,true_safe,2.4916547392637756,-0.484093931300285,-0.6016672728586481,-0.3637521277525595,0.38254909046693086,1.7036314568867654,1.8911202996055567
narrow_gate,385,False,False,true_safe,-1.218175606803859,-0.9266833590965892,1.2615833853409204,-1.3610828202562733,-0.25047905675681603,1.7618782658972831,-2.589138443514984
narrow_gate,386,False,False,true_safe,-1.1155659081575846,-0.43223252037089877,-1.4356834986609088,-1.8370551626708305,-0.08034600729227259,0.2529176009966492,1.15119197541171
narrow_gate,387,False,False,true_safe,2.538925088868521,1.4346559441009616,-2.112910846557898,-0.45768399201995225,-2.5161976452724724,0.3450064955949353,-2.2990148220306637
narrow_gate,388,False,False,true_safe,2.186781858533394,0.0723638552371988,-0.8223495812964345,-1.0667572635271405,2.2372293401805456,1.5803361612512403,-1.8156678371825252
narrow_gate,389,False,False,true_safe,2.216545552865035,0.7289711037008426,-1.5566219258264422,-2.4361886234013395,2.3195293740923355,2.74709129076458,-2.8854674965087197
narrow_gate,390,False,False,true_safe,-1.6649763762909378,1.6349354032455343,-1.589793558699828,-1.3831930503467138,0.3114499534786841,3.5091359504523685,-2.555141754749881
narrow_gate,391,False,False,true_safe,0.3131219507692218,-1.4312042578565445,0.38577003313207436,-1.9104428430846303,2.1672955180932587,1.3827273163524592,-1.782228914896372
narrow_gate,392,False,False,true_safe,0.6155471461924051,0.7689173655390729,1.9728099464256244,-2.252811670785052,2.1421785484501217,2.1895456899405192,2.431149904228317
narrow_gate,393,False,False,true_safe,1.2942211247045665,0.8969292892283325,-1.0853406456968917,-0.43265748280424443,-2.63844869877323,3.1417240594026694,-1.6253137804576083
narrow_gate,394,False,False,true_safe,2.4483560176277694,-0.4908601050924495,1.2040826975638237,-2.3095003611227516,-2.6607530130389083,1.2422545828001001,-0.6004382940497712
narrow_gate,395,True,True,true_collision,0.8426567295302214,0.45493239225530546,-0.3303258609282729,-0.7331587527995351,-0.36373135155034575,0.30720637808768503,-0.8016478871688153
narrow_gate,396,False,False,true_safe,1.708836006271484,-0.8406894507619213,-1.7870730836569906,-2.4853803143416435,-2.4995133456718976,0.4682336373637132,0.4130089677033859
narrow_gate,397,False,False,true_safe,-1.5801421156385507,-0.21835838636137184,-1.4306111072467294,-0.7368190752497523,-2.2195559121824466,2.259995197322682,-0.7715644859092916
narrow_gate,398,False,False,true_safe,-1.899602206771746,-0.344374039519006,0.40304380307438814,-1.478846012413385,2.842400669747556,3.7030533207565686,1.068210066476357
narrow_gate,399,False,False,true_safe,-1.657759654948194,1.6008890075226399,-0.24081029868990278,-2.2680884208840433,1.1439214405544953,2.952767263046201,-1.9816917674476309
narrow_gate,400,False,False,true_safe,0.9683753416443106,0.6824277076052394,1.1562544447649343,-2.694472144422609,1.1864577319423781,3.06133743367927,-2.5818451655448484
narrow_gate,401,False,False,true_safe,-0.8422496477708754,-0.5314298874050354,0.8777777716400617,-1.081256462739267,1.3813039623662298,2.225648416090099,2.168919337185351
narrow_gate,402,False,False,true_safe,-2.012520253362205,-1.4180153667258133,-0.14638483639569477,-0.7858027964080025,2.298724276561003,1.7070079800896656,0.29973985822270954
narrow_gate,403,False,False,true_safe,2.4013469788816004,0.0815603965043008,-2.609522079844477,-0.8608745593930331,-2.122100951749731,3.13668125871549,-0.3099533995540211
narrow_gate,404,False,False,true_safe,-0.4197635407652909,-0.23021535005554306,1.821313750687461,-1.8821034726154469,2.4397076806483953,2.252911569536073,-1.6663393332190146
narrow_gate,405,False,False,true_safe,2.851079537973155,-1.5711544942067224,2.7693841377601127,-2.9521527493928468,1.2825652953887254,2.1087380136940634,-1.1303128219835017
narrow_gate,406,False,False,true_safe,1.1583015633811882,-1.5119726292875,-0.9312548129804104,-2.779728831273888,1.0481584074226222,2.345722426394663,-0.7218562793493959
narrow_gate,407,False,False,true_safe,1.3097375832978275,-1.738075552289672,-0.23437523810773975,-2.7249378688166126,2.6991435040621456,1.546667233355473,-2.817723183769208
narrow_gate,408,False,False,true_safe,-0.5361549192483408,0.2607423230112951,2.409445682626021,-0.6290183388260306,1.634402080575898,2.240900147668425,2.8414944216980813
narrow_gate,409,False,False,true_safe,-0.15192073240647552,1.3528993079520806,0.6345075298384977,-2.273821618519089,0.4077075325381214,2.7563015992814335,1.900147745438423
narrow_gate,410,False,False,true_safe,-0.24338412277466182,0.24948470199343742,-1.9965178248175315,-2.3053728458359966,1.0289150192490992,3.060098883930896,-1.7566776392347636
narrow_gate,411,False,False,true_safe,-0.8651084539219864,1.5162825505202941,2.2724374092176034,-0.866230731118963,-0.5218445053133398,1.037870692179667,-2.0768953005485065
narrow_gate,412,False,False,true_safe,2.3788842246908177,-1.3762669567945907,0.9871356557543258,-1.879616043962048,-1.0499439038136684,1.0744342135253213,-1.1937882895885765
narrow_gate,413,True,True,true_collision,0.8534305278322138,0.7350028342699,-1.4547629234532646,-0.40470674995675626,2.0916870872146798,1.520992265839364,-0.36099769043093444
narrow_gate,414,False,False,true_safe,-0.8949084078490146,1.6564060332014061,0.5227509907210073,-1.0164650337072816,1.868529310915561,0.017468282136702228,-0.6767171176470619
narrow_gate,415,False,False,true_safe,0.03384116280621807,1.252709463264444,-2.298377199871876,-2.4106359147679384,1.5590967844813926,0.6743459474720322,1.036924377623317
narrow_gate,416,False,False,true_safe,-1.5126033988355465,0.22878644602237008,-1.91702800141012,-1.7110619539791652,0.8997943554734373,0.7833476333416831,0.22234912455415534
narrow_gate,417,True,True,true_collision,-0.9643960964237623,1.1046577230944359,2.3139371172740026,-1.4770281923482138,2.5286095389273373,3.5397470981795487,-2.1094511949942416
narrow_gate,418,False,False,true_safe,2.5352158661867352,-1.4014944982794246,0.36047720800903615,-1.1519415368287784,0.7044095781800901,3.6834753711121255,-1.61509343780821
narrow_gate,419,False,False,true_safe,-2.6461475824929668,-1.1477910135151568,2.867334416243301,-2.9831308055123973,1.3212681427936128,0.1576086606561073,2.6578229637288344
narrow_gate,420,False,False,true_safe,-0.2927211675984034,-0.8041707135612698,2.6676996022758446,-3.0219165701545387,2.788315296531818,0.6661094606457256,0.7686085645096816
narrow_gate,421,False,False,true_safe,-1.9194425671171982,0.35716446450053807,-1.8040616890879846,-2.453170732725831,1.1525297252497348,2.3235484136797506,2.6562767910758116
narrow_gate,422,False,False,true_safe,0.36754443334411224,-0.4383988876955247,-2.038511855407917,-0.951394465301473,0.39893454455244814,3.4348310696965423,2.2471652894795766
narrow_gate,423,False,False,true_safe,-0.2335960765191234,1.329798049946684,1.7687547796491505,-2.8733914118784805,1.7893492631607466,1.6095965985693705,-0.5384110133057276
narrow_gate,424,False,False,true_safe,-1.1473142813730257,0.0509846464104986,1.038425231683381,-0.21049334375836004,-0.8006107388295467,0.7826011761550544,-2.812453247523005
narrow_gate,425,False,False,true_safe,-1.062945482167271,-1.1612477087439137,2.1316519701111187,-2.3613443196896426,1.0171822479650414,3.4649857508379864,-0.15447345015514324
narrow_gate,426,False,False,true_safe,2.7747317736186337,0.9026153292790933,1.9577460390143773,-2.4571529325400148,-0.8526683553342997,0.9472779569334288,1.098530476350882
narrow_gate,427,False,False,true_safe,-1.0508560988215945,0.6061737856546103,0.9487775357352932,-2.03027482678238,2.3668261318110333,2.9909163655551643,-2.8250476936978837
narrow_gate,428,False,False,true_safe,-0.8560436218152487,-0.010296794243700669,-0.9174780336280692,-2.2100632147099875,-0.8730040195568773,2.761428693136275,-1.941442132504999
narrow_gate,429,False,False,true_safe,-2.4932172422441856,1.510917910568403,-0.1378979772864226,-0.4853136626476622,-0.3240309061475939,1.4490774667282837,0.9608896673973626
narrow_gate,430,False,False,true_safe,-0.02602285021203521,-1.4000182905423133,-2.50080864202374,-2.7400075984689143,-1.3057313941950552,1.301325340200523,-0.1795896630600491
narrow_gate,431,True,True,true_collision,-2.1214020820651767,0.38160604832122713,2.4156708696867866,-2.0263030259632275,0.6646656022553992,0.183261921477413,2.3590533461849756
narrow_gate,432,False,False,true_safe,-2.5555856841516458,-0.01588050824576115,-1.7465561412595894,-0.8297152296488637,0.5605312823946904,3.184899187109737,-0.457761603896945
narrow_gate,433,False,False,true_safe,-1.1064692566711567,1.1498786659754288,2.6695872684769157,-1.9090294775782168,2.188925884723252,3.4590548173193025,-0.19291978768026352
narrow_gate,434,False,False,true_safe,0.9307195595642987,0.03827365453810483,-1.7160940081460367,-1.9639503667793443,2.549219804063226,3.3239182863994485,2.1023937281737672
narrow_gate,435,False,False,true_safe,0.2456472693119216,0.3781127089224827,-1.5009469907782098,-2.7321219860199117,-0.7117831733994135,0.4047239588635822,1.8413681987837696
narrow_gate,436,False,False,true_safe,2.4031796373051484,-1.373632821902376,2.0220139431727824,-2.5378899942916706,-0.09785442907398778,2.1040868581584133,2.6035974773734707
narrow_gate,437,False,False,true_safe,2.548098010477282,-1.1544108506471844,-0.1995885969402802,-2.874597547186734,-2.6560424215283693,3.574176687274016,-2.117575452850207
narrow_gate,438,False,False,true_safe,2.856819248709383,1.7151338551329602,1.3359477691409514,-2.7767141486092344,1.5867591157171677,0.39159844242725955,0.7164021441878927
narrow_gate,439,False,False,true_safe,0.7270655284186551,-0.8194157550246051,-0.37873616828149936,-0.30668533473087844,1.2153790227259544,1.6955218161498486,-0.3322585756369736
narrow_gate,440,False,False,true_safe,-2.537832165149984,-1.1214483076888366,-2.2779008777328125,-0.6532673386085923,1.0338629606617102,3.2249087809943386,1.6471529772988274
narrow_gate,441,False,False,true_safe,2.697117028765336,0.9638361863293432,-1.7218667523794304,-0.6166708846418691,-0.42819289702895613,3.6098260071874684,-2.774232216486555
narrow_gate,442,False,False,true_safe,-2.6199203885418196,1.0548255693689468,-2.465991924663056,-0.08260067697310669,0.8292048404863768,2.7186949000527125,-2.4048323920375
narrow_gate,443,False,False,true_safe,2.5494791645047425,0.4399026027080488,-2.2681585313814683,-0.4329530641295247,-2.317707211652626,1.4697323727704452,0.9999675873537313
narrow_gate,444,False,False,true_safe,-2.4600125828442234,0.592075455683517,2.2722462611352428,-2.9483957387974726,-0.18517062944861706,2.9839049551679673,2.7836467934227396
narrow_gate,445,False,False,true_safe,0.4229184817281735,-1.571706738008122,-1.972021732755024,-0.20876373847197538,0.5245931139310831,1.9174097819260671,0.890164015935019
narrow_gate,446,False,False,true_safe,0.21414685598797378,0.949794349881369,1.017150505423556,-3.0502188458132444,-1.7294757790688313,0.8565846682631993,1.3604731534138357
narrow_gate,447,False,False,true_safe,-1.9117040584104736,1.6738470999314075,1.3253969338787939,-0.11704367259980764,-1.665961165348903,2.8681037436830996,1.0185037884294363
narrow_gate,448,False,False,true_safe,2.5419504350279127,0.9253883550470436,0.6694778322046546,-0.46354623455444655,0.2752009847941057,1.9476130504140965,-1.004423149694886
narrow_gate,449,False,False,true_safe,0.597586175795775,-1.3739575376091788,0.2891331591827382,-0.49377492655579536,1.1293913291665487,0.932264703201773,-2.4197599221696877
narrow_gate,450,False,False,true_safe,1.2063090275270851,0.13614510223316878,1.1361255838987723,-1.0913763985411973,2.888301872547147,0.9077139421952176,-2.5888144654149796
narrow_gate,451,False,False,true_safe,0.7603857521298889,-0.7620875548662962,1.9402893973944875,-2.9528084400725785,2.8869042968341208,0.1621119231009827,-0.9701796925498509
narrow_gate,452,False,False,true_safe,-0.4826266666379442,0.5804545286446929,1.356647990083855,-1.4017360311117164,-1.666980244434304,2.2838424448349306,-2.395998535806222
narrow_gate,453,False,False,true_safe,-2.4137850572552697,1.078403606475037,1.949683339253657,-1.0701218105169916,-1.7111469960495413,2.5392749102928205,-0.1042292962529432
narrow_gate,454,False,False,true_safe,2.3362243249360906,1.658008995399027,2.1346460595140315,-2.3204484814176043,1.7917242094506194,3.4971291784492906,-0.22742085100712783
narrow_gate,455,False,False,true_safe,2.007831155774937,-0.9824780632942062,-2.1910831213249877,-1.5035867739609055,-2.760881309408266,2.9154592454181083,1.7809400249558114
narrow_gate,456,False,False,true_safe,1.5904474063062932,0.7642997094349511,-2.0942219680815812,-3.008582909994967,-0.17895999053168898,3.0799794637956146,1.4814402671710378
narrow_gate,457,False,False,true_safe,0.6279277936632397,-0.8077716827922032,-0.17128267726356716,-2.883499364899884,1.4361990459774634,2.640378438388695,-2.5282345037575347
narrow_gate,458,False,False,true_safe,0.5112085951819583,0.9923348029639643,-1.5623769208547031,-1.6577826260221,-1.3983053191460162,3.7449267572413705,-1.2979749700417902
narrow_gate,459,False,False,true_safe,-1.6509519277938474,-0.5356083763636561,0.983371091093169,-0.3865138310320413,-1.5256557962097892,2.851114019332259,-0.8653589180960113
narrow_gate,460,False,False,true_safe,-2.084961345415402,-0.8798766010061655,-0.6306470900373449,-1.0335289034413488,1.718008175879572,0.2571139876658867,1.6798517810289053
narrow_gate,461,False,False,true_safe,-0.339292520976024,1.4323475036476276,1.447026102495761,-1.1535174476162147,-1.0130049167062043,3.0841791663278855,0.08936278981433343
narrow_gate,462,False,False,true_safe,1.9513896888071183,0.6441638563116632,-0.24514344627957385,-1.8348649148357383,1.0844413207846855,1.9526868345273862,1.6336940714718247
narrow_gate,463,False,False,true_safe,1.5992575057275258,-1.6044379505991881,-2.858039261197324,-0.09120297130733102,-2.593786657470191,1.5032724963387174,2.747976035441773
narrow_gate,464,True,False,false_safe,0.32338930287173895,0.8749751935131433,0.39641737776741026,-0.3688746452513163,1.673026471013984,2.744575898483245,-1.478147761244478
narrow_gate,465,False,False,true_safe,-1.3889154232499288,-1.3865938692836737,0.6430670561212208,-2.771007000028527,-1.7682443228836235,3.670189404551391,2.500695658560652
narrow_gate,466,False,False,true_safe,1.6998515064496922,-1.490117957947822,0.46408328624831796,-2.8204545732246062,1.340550841046142,2.7379752727183173,0.6682341932351177
narrow_gate,467,False,False,true_safe,-2.659646255847468,-0.3324766781808215,-0.9300559211081054,-3.000867941182711,2.6246002194830624,2.3994940524876576,0.3100773788872351
narrow_gate,468,False,False,true_safe,-1.15921228853568,1.2702920420342774,-1.5188431888800826,-1.7407019649494653,-1.0940642385370207,2.362520513164294,2.6973143143503244
narrow_gate,469,False,False,true_safe,0.5232451723579152,0.6461129415655047,2.555868208914125,-0.31356875902456505,-2.1343819382034717,2.792565471597364,-1.7267867425101813
narrow_gate,470,False,False,true_safe,-1.1089519696111327,-0.8871034451644805,1.1259687553197986,-2.250634844143158,0.9871572702039746,1.746588450925964,0.24578877360603624
narrow_gate,471,False,False,true_safe,2.5769422329748584,1.4773681357771502,1.838960136752045,-2.8975391430944537,-0.7404523893955246,1.827009433493065,2.7979849099012113
narrow_gate,472,False,False,true_safe,-2.2667281013206355,1.0563693748386442,-0.3990534512109467,-0.22833607893311747,2.604451989146624,1.99656735131637,0.5370909396791315
narrow_gate,473,False,False,true_safe,0.31179775517099806,-0.6889227826971906,0.49959811670500853,-0.8119963953474176,0.962544298526196,0.17839548993123117,-1.1022729069325674
narrow_gate,474,False,False,true_safe,-0.5492543310956783,-0.0028129690689739917,2.162986482644921,-0.36691989452726315,1.0773808133138174,0.8855465788250984,-0.2071210934957839
narrow_gate,475,False,False,true_safe,-2.017244097208459,0.460445738824399,-2.338448674252611,-1.068519595188489,2.1150027763088084,2.8823901825357345,-1.9559496608183127
narrow_gate,476,False,False,true_safe,-2.760203669975815,-1.2546374232625612,-1.4761791307549212,-2.032166343638849,-0.8253186787451003,0.2329882186030997,0.485874492564621
narrow_gate,477,False,False,true_safe,-1.9096120142268491,-0.2984909439439507,1.184886042605306,-3.0473963480481547,0.03756266306502498,3.067471926425353,-0.3669726537186624
narrow_gate,478,False,False,true_safe,2.3922014126403224,-1.0558954364561508,0.14327235814361172,-1.630238762460018,-1.1689136065727905,1.619412024250071,0.32104576300705556
narrow_gate,479,False,False,true_safe,-0.822512972390097,0.9316359063911279,1.9093641312291987,-3.0600257804278432,0.5352995219459151,3.006746557097271,0.4038745573955582
narrow_gate,480,False,False,true_safe,2.3111497354325743,1.2627609004624913,-1.2939101311764187,-1.9367389391888175,1.709367017875827,0.00294752689530561,-2.031065321096253
narrow_gate,481,False,False,true_safe,-2.2222321786906445,1.636643017348682,0.04641200801604439,-2.1011263671864913,2.096924018948721,1.8474596677047403,-1.3514325688334174
narrow_gate,482,False,False,true_safe,1.811248847329233,-0.6370417071085923,-0.5294691533757034,-0.12541947829068922,-1.9103038150757348,3.4988757152871623,-2.592619896313557
narrow_gate,483,False,False,true_safe,2.308562585179303,0.006332734975172283,-1.5315006173936763,-2.284807950567438,-1.3028429012458442,3.0016088056329657,-2.5606326737010723
narrow_gate,484,False,False,true_safe,-1.6268460291636646,0.0738886049375147,-0.5087899235910531,-1.4033409174186322,1.3210129065453464,-0.0038154375457974277,-2.623551857377546
narrow_gate,485,False,False,true_safe,0.7203182932001662,1.2229700420938654,-0.9549803266133079,-0.8371657112730237,-0.1521004007325124,0.5597730801151758,1.7884164419789221
narrow_gate,486,False,False,true_safe,1.8715289235171437,-1.0770633358562731,1.6784912301204318,-0.5553762629544257,2.8828108093058673,0.2101585355118794,-0.6443865095036405
narrow_gate,487,False,False,true_safe,-2.184611562252866,-1.5966249963383405,-0.6370824072811945,-0.7298224317842057,2.5400262217885428,1.7297055770039842,-2.0428850726872736
narrow_gate,488,False,False,true_safe,-2.6298013283577495,1.2992935772320675,0.35343703416185024,-2.2770018525973335,-1.5727069988244289,3.1565179995316672,-0.09620795480935973
narrow_gate,489,False,False,true_safe,-2.746155595891941,-1.529453384142517,-2.731030498383961,-0.578250900111478,0.3450482355146489,3.4574223155545467,-1.9519352171148492
narrow_gate,490,False,False,true_safe,0.7451514864272162,-0.18901284036900545,0.5427295031725365,-2.8221923108138816,0.06611579393130107,-0.01292311519316241,-2.1886171224947226
narrow_gate,491,False,False,true_safe,-1.3715637274192873,-0.20989902652709613,0.3281052030266136,-1.2264319776242938,1.8522348712897583,1.298057557608326,-0.20335630205887156
narrow_gate,492,False,False,true_safe,-1.6485019379830275,0.8020542515606568,-1.725193589776441,-1.0324638735466527,-0.13118229760927758,0.934322960283672,-1.056386461619704
narrow_gate,493,False,False,true_safe,0.15019402820906258,0.3212465059188969,0.11513384252849912,-0.43572453367133246,1.9613510165064256,3.0685827691310763,-0.24726374886530067
narrow_gate,494,False,False,true_safe,0.007955439221825067,0.7622379758433238,-2.0624795431764826,-1.924244601168987,-1.7560671715763387,0.046240454029845224,-1.7779786453344477
narrow_gate,495,False,False,true_safe,1.4809692085237818,1.3862605779920143,1.4254440754605242,-2.1623719331082607,1.4710467640002363,3.5582474571132803,0.9506069721417214
narrow_gate,496,False,False,true_safe,0.48360466924020473,0.7010305192769732,2.213741635590663,-1.1722896076121565,1.1668597801372536,1.501573352405572,1.2345901718446703
narrow_gate,497,False,False,true_safe,-0.29412736059869937,1.1517950720475936,-2.5493764136104695,-2.772955253997966,0.018800109937513465,3.367332028738622,-0.26927467104447667
narrow_gate,498,False,False,true_safe,1.9662333715721014,-1.3236099667621501,1.786077666945666,-2.3137238901914032,2.052766292187297,1.8386015501030775,-0.4820711262092243
narrow_gate,499,False,False,true_safe,-1.8319737701996452,1.0605203855071532,-1.8208965714934635,-1.344725489226332,-1.9051661257067647,1.199043761060691,-0.5781292580765736
narrow_gate,500,False,False,true_safe,0.7827507292410116,-0.9520814064731525,-2.6165552036656563,-1.1655428525460907,-0.3472446980241246,2.062896892003142,-1.472321962827914
narrow_gate,501,False,False,true_safe,-1.5326072071156702,-0.8295571422763427,-1.7693864623936866,-2.5184350903910335,-2.549315905646542,1.8711375169744702,-0.8527568043431963
narrow_gate,502,False,False,true_safe,-1.5607735051264515,1.1613816318779784,0.9875481428522277,-0.6989806488114194,2.387545661162784,0.09704479077666595,1.6397272484727643
narrow_gate,503,False,False,true_safe,1.155164559103898,1.2035640339853915,-2.6108667506010095,-2.205006010959476,-0.6170403878368438,1.5490270520642915,0.61203033828957
narrow_gate,504,False,False,true_safe,1.4138265494692042,-1.6203380262362983,2.6537246667950085,-1.469272187420967,-2.8951343904916715,2.458685678761672,1.890970629768995
narrow_gate,505,False,False,true_safe,-1.7706982657362074,-0.7332671786568481,2.521961840234772,-2.829242558277241,1.4493230449321426,1.5588484216813763,-1.451858807723407
narrow_gate,506,False,False,true_safe,-1.437583555031329,-1.453611186916963,1.9065634205262767,-0.6239229221054612,-2.17094934623904,1.7474294220629238,0.2325575805089133
narrow_gate,507,False,False,true_safe,-0.11605062857580561,-0.4250249061488838,1.6978235411505653,-2.4047189518141856,1.810596527458474,3.7167180840025895,2.686951466827764
narrow_gate,508,False,False,true_safe,1.1736360861635071,-1.7523295344961711,-1.9047078275821696,-1.6362110199435111,0.2831346474436778,0.7198870395884417,2.3817405859585423
narrow_gate,509,False,False,true_safe,1.9893206582565273,0.7438823583057008,-2.3119864267034638,-2.8368804939322207,-1.845204684687614,2.3427530127022815,2.027936266458853
narrow_gate,510,False,False,true_safe,-1.408735217634755,-0.34942364763814804,-1.137713617139775,-1.9596585249115273,1.2407192665620213,2.2763226042919595,2.6493695947594973
narrow_gate,511,False,False,true_safe,-0.2654526706879943,1.2308729484245338,2.8800587419928836,-1.1293923149707166,-1.702373061197653,1.0856979218844154,0.4857768523861141
narrow_gate,512,False,False,true_safe,-2.541908117324025,-0.5721124208729271,1.359685632683202,-1.6356726076588488,-2.8944707055010115,1.9056315448957375,-1.9871577243405727
narrow_gate,513,False,False,true_safe,-1.8328319390968655,1.099293112381944,1.3695694667815954,-1.6429413460040017,-1.2821170647759301,2.0340668091611236,-2.249724983310285
narrow_gate,514,False,False,true_safe,-1.0075527448463009,0.2824820152998271,2.345532460093428,-2.5453873284603823,1.7256052245485374,0.017143621651428964,-1.0210733151592801
narrow_gate,515,False,False,true_safe,2.2087064587086034,1.7334417170166145,0.6996170328744586,-1.6145354402150465,1.3898527710518596,1.512408597562485,-0.9367138804803734
narrow_gate,516,False,False,true_safe,-0.2885107793031372,0.10844627471842827,-0.3624227779999809,-1.1753243681125887,-0.5273715249937045,2.2493425660049313,0.1559764960711032
narrow_gate,517,False,False,true_safe,2.3306625356838286,-0.42210419946154043,1.6091012561244233,-2.6628076894200126,2.000179219173266,1.9526663309022796,2.4303830811142038
narrow_gate,518,False,False,true_safe,-1.7030589702499606,-0.017910452777604835,1.840273751793355,-0.7322169616214151,1.7612260253837886,1.7114612591485323,0.3811197537785467
narrow_gate,519,False,False,true_safe,-0.27449856680152696,0.329529657140577,0.5412669931829943,-2.058324529515444,1.4418203952185755,2.1870093580172725,-1.2790375480850618
narrow_gate,520,False,False,true_safe,0.6531224878412991,1.7012008907075522,-0.6962827193499432,-1.3277672756173367,-0.9793304773167166,2.1790769547403235,-1.791861442288662
narrow_gate,521,False,False,true_safe,-1.060308502044827,0.10515721235115949,2.6644476405470496,-2.014283582841421,0.9824721766087232,1.2448133170567663,-1.5287713581218478
narrow_gate,522,False,False,true_safe,0.6511505499458661,1.5422471334895844,2.3187557661330582,-2.7091979817842566,-1.7359087087984422,3.0877280422928726,2.607013173669054
narrow_gate,523,False,False,true_safe,0.3081449193408492,-0.458006945303282,1.2068007386111401,-2.428335830415368,-1.9471803817610396,1.4462969173532525,2.4466996542200046
narrow_gate,524,False,False,true_safe,-0.44819632700582535,0.12721004218136134,1.183523358678173,-1.7476899848807292,0.7733166109495224,2.054828105361003,-0.5267285783316495
narrow_gate,525,False,False,true_safe,2.816416457868598,-1.141579011705586,-1.654679635975688,-2.0660141516875994,2.0225602662755358,2.1237924074261416,-0.9180989277100657
narrow_gate,526,False,False,true_safe,-2.5212914165181433,0.32766030434507876,0.6857049439698817,-2.559723906759236,0.14862851114214992,3.5899296557458062,1.5954622650333818
narrow_gate,527,False,False,true_safe,0.24304749044345675,0.9028860192991668,0.9846658005985458,-2.9015926126308136,0.7186385294455828,3.2324235703276525,-0.21292404416843036
narrow_gate,528,False,False,true_safe,-0.7072608942490146,-1.1515699091713811,0.23150067488441328,-2.1684806059750636,1.5588705197410069,1.6456292269756725,1.7704489067009956
narrow_gate,529,False,False,true_safe,0.22299041022007504,0.007626916055105681,-2.2425687515136272,-1.1507499591353079,0.08487261998930551,2.5099852578357646,0.6186217250467436
narrow_gate,530,False,False,true_safe,0.07881811823615292,-1.283171194637457,0.7605884315272671,-1.356050097114143,1.693035258637241,3.333354916647964,2.240441611621192
narrow_gate,531,True,True,true_collision,1.4582521299253286,-0.5966509607811834,-1.0230609577653438,-2.057012791830741,-2.212600515545183,2.5493866018863054,0.4448388454561205
narrow_gate,532,False,False,true_safe,-2.6351685944374235,-0.0492264931460884,2.0694164591325452,-2.4849158445334973,-2.286501990337586,0.33949474830161297,-2.6428982710764544
narrow_gate,533,False,False,true_safe,-2.446434382933092,0.6523984039062678,0.95052751197401,-1.7485343760459175,2.724494438590741,3.152910759173782,1.4538684048348824
narrow_gate,534,True,True,true_collision,-2.170387784736564,-0.07886848325578377,2.160014684267391,-1.5737527933262971,-0.851939787561014,2.1227323027666327,-2.666758007469732
narrow_gate,535,False,False,true_safe,-0.5434579063530323,0.6983247135852642,0.07482915924723876,-2.1358772264747854,1.4523611609144935,2.6229829957979165,-2.8426089955653047
narrow_gate,536,False,False,true_safe,-2.5069139846026065,0.15720328715221,-0.3933763045698364,-1.9606540264962238,2.7810312758940783,0.8793421554327571,-0.6554870135686679
narrow_gate,537,False,False,true_safe,-0.3288946459575346,-1.6063470541185971,-2.518556894125457,-1.1315892279205255,0.33304559220851093,2.989156868120758,-0.4825507433680398
narrow_gate,538,False,False,true_safe,-0.22949987643429282,-0.8387695657958801,0.8611452420017254,-2.9797872817119955,-2.2997587131072033,0.8245893095448059,1.7851002832057943
narrow_gate,539,False,False,true_safe,-1.8012157992832138,1.512804917836323,-1.6326470403490583,-0.35882109105042836,2.2253882694752902,2.9159352926170676,2.576966376843117
narrow_gate,540,False,False,true_safe,1.978080000214319,0.9258594680032255,0.21307793552094578,-0.9718647678829844,1.4153388083920455,2.50823151569348,0.5521687909245907
narrow_gate,541,False,False,true_safe,-1.255431583096607,-0.7430965551159794,1.345797142828363,-2.793191512250527,-2.7509960902744846,1.4494219922145,2.475684803952204
narrow_gate,542,False,False,true_safe,-2.441128430253564,1.1035239557413972,-1.1402634340920605,-0.8204221233291467,1.9808005690530188,1.3562983626180156,0.7148726242921675
narrow_gate,543,False,False,true_safe,-1.4944228962699089,0.8755977229216811,-0.7523032043222884,-0.4045480053561916,2.3307448855131354,0.3680331738689916,-1.7814370514381845
narrow_gate,544,False,False,true_safe,1.854422205457674,1.6418957899029443,-1.0528686744376041,-0.7550754601573058,-2.3093900563830663,2.4479213970405773,1.8778133089094902
narrow_gate,545,False,False,true_safe,2.8501986549996565,0.7193557189720265,2.0830242745823395,-0.09276303958351528,-0.7395044184866819,1.4848773194549723,-0.28504929357365194
narrow_gate,546,False,False,true_safe,2.747657993607747,0.04698375701528357,0.24839740337497673,-0.749487054031293,1.7838115938006074,0.0634549261132609,0.607354687557546
narrow_gate,547,False,False,true_safe,1.6186150354000302,0.7908819374569265,1.4642889525893987,-0.12733590163936315,1.5616257563565479,2.0587633731735235,0.11045474570391978
narrow_gate,548,False,False,true_safe,0.13104958538651568,-0.8822306963736279,1.4296397023913934,-2.363805589089243,1.34922035436704,0.24224693555975974,-0.3430569382354256
narrow_gate,549,False,False,true_safe,-0.06623131389138637,0.133198314175611,-2.7714017651978553,-2.956168604269309,-1.4519415922131487,0.12419333929408279,-2.838837759329547
narrow_gate,550,False,False,true_safe,-2.502835219684397,1.603866647111773,-0.030550814771545642,-2.9392541445404268,-0.7219915503558005,1.899393497581901,-1.0646258175611039
narrow_gate,551,False,False,true_safe,0.8278569383389076,1.585981590317679,-2.5869504351645363,-0.5984695001156877,1.844685048199215,1.078174580256679,-1.5325997274581769
narrow_gate,552,False,False,true_safe,1.398123289494594,-1.5609221730716851,-0.10261950919583507,-2.391738787920111,-1.0122735377525802,1.3315751958915045,0.501259076369454
narrow_gate,553,False,False,true_safe,0.4356222090921733,-0.2517913639961138,-0.11764554107579883,-0.403856571663626,0.4165555713845368,0.5355727113386195,-2.192120548488744
narrow_gate,554,False,False,true_safe,-1.8541431568610802,0.3771354107634761,-2.374051276879313,-0.6759014030264816,-2.3167195899203383,1.5631402392239753,-2.52367940276804
narrow_gate,555,False,False,true_safe,-0.7343586261432868,0.3373038881864665,-2.561741140253555,-0.14296659799904132,-2.7871707479854693,1.6821969941218693,0.9368242079073705
narrow_gate,556,False,False,true_safe,-1.058082745321523,-0.028008438536828217,-1.4707087362223732,-1.3750457227634592,-0.17800223596205855,1.1905788896055436,1.3717263478197137
narrow_gate,557,False,False,true_safe,1.0931698674756034,-1.3038597565562384,-1.4380539856266394,-1.3364656062700808,-0.8255385181644166,2.8474303286271447,0.25540615040509485
narrow_gate,558,False,False,true_safe,-2.1600944972246827,0.652993158042471,0.9203644437243472,-1.8102047949024787,2.6753807325800465,2.666590805954898,0.10696694164936238
narrow_gate,559,False,False,true_safe,1.505059860400404,-0.17328652003180567,1.737274746575006,-0.1821243039960585,1.7582703165243223,0.7196368512415251,0.494260055824733
narrow_gate,560,False,False,true_safe,2.40701770520018,1.589779668947065,0.8318817416231976,-2.7418395500608708,-1.9376431998936088,2.033866336828528,-0.8602595860065212
narrow_gate,561,False,False,true_safe,-2.746047395452978,-0.04366969578266988,1.0623120541897468,-2.9070065196565786,-0.027398344789679285,3.000178855262765,-1.8714304153089107
narrow_gate,562,False,False,true_safe,1.279061844127487,-0.6127884946279245,1.8636493607246938,-2.594607780518465,1.7567497724645817,1.7681874500514172,1.549271776355576
narrow_gate,563,False,False,true_safe,0.10377244048686585,-1.6770769434189292,2.635215877783819,-0.7650730965610886,-0.6896006392849028,1.819232412996431,0.3978862851901588
narrow_gate,564,False,False,true_safe,2.4104878749596126,0.6621344563541594,-0.6936740371085528,-1.427954864957608,-0.11302390677869623,0.9275996237215582,-1.553752371291979
narrow_gate,565,True,True,true_collision,0.7850405885257397,0.3265379790546681,-0.6453647453701317,-0.722708575726656,-1.8362019864825343,2.9399574230839094,-0.5965945277756499
narrow_gate,566,False,False,true_safe,1.525515500061784,1.4807543865980501,-1.5519514307876408,-2.0498222319382826,-0.8848791254406425,1.4209667595475193,-0.9285516757221319
narrow_gate,567,False,False,true_safe,2.605189735282923,-0.46229550056221314,2.3283206594059984,-0.5437742173170554,-1.4015295758214437,0.6253019358570248,-1.3123041386806864
narrow_gate,568,False,False,true_safe,1.5058324310025157,1.0956998890564216,-1.6744002997661316,-0.4073999407676747,2.3301294603437044,0.6726650059235059,0.6907927663522795
narrow_gate,569,False,False,true_safe,0.1320416446740329,-0.8043387496928934,2.534305047033732,-0.9342408948526746,-1.5563734469671124,3.093650334889131,2.3006540873463313
narrow_gate,570,False,False,true_safe,-0.5038372401615892,-1.3168181187140477,-2.8805644003661026,-0.7849320117123706,-0.033234628281155754,1.7212659333020375,-0.4843896269639365
narrow_gate,571,False,False,true_safe,1.0543876538990804,0.09591919950510297,1.327849864272443,-1.4131925634973743,-1.5832079030961972,2.8485534926057348,-1.062219111853378
narrow_gate,572,True,True,true_collision,0.019950170452303073,-0.31884940004899565,0.791349803598421,-1.6834787761355312,-1.1285451733432161,1.1263712558131098,-0.31503341243741056
narrow_gate,573,False,False,true_safe,0.2113164613997065,-1.2913210460594233,0.6144997594315327,-2.0995646024803927,1.7046187617179327,3.5190647062069016,2.023211705433759
narrow_gate,574,False,False,true_safe,-2.149074102003127,-1.4245946800273253,2.5625897785432117,-2.7074517952825565,-2.8299567487235926,3.0720243452003424,-0.9888836064330133
narrow_gate,575,False,False,true_safe,-2.876722655082454,-0.08428477592632366,-0.11069319799093513,-1.0125073207222557,-0.05326055992519407,0.464220105337729,-0.8678652042758337
narrow_gate,576,False,False,true_safe,-1.4081363523641603,0.9920115451046301,2.4872640423839045,-1.311378272109006,2.0960026735240604,1.060987882487777,-1.0863773626433302
narrow_gate,577,False,False,true_safe,-0.4172762070104383,1.21011456013786,2.746424186935412,-1.7910977287486283,-2.823711357206723,2.5729353552589376,-0.7488657692822005
narrow_gate,578,False,False,true_safe,1.169617121665563,1.0000957094961511,-2.7914709366649944,-1.9601283725435692,-1.3410665726283995,1.7642352909467736,0.6215592079691521
narrow_gate,579,False,False,true_safe,2.6733159074482633,-1.3086625890971357,-0.43117081561513926,-2.1982888462418155,2.3137290894599665,3.226968520559219,0.7858954165935459
narrow_gate,580,False,False,true_safe,0.43296769573999505,0.5436798152760867,2.328914500677214,-2.761463192639024,-2.3572122491186454,1.059157259249701,-2.733120529257495
narrow_gate,581,False,False,true_safe,1.9193102708590088,-0.7259766204169205,0.8802139439450354,-0.6173788261607225,-2.68291661771886,2.596449869604892,0.539493915643765
narrow_gate,582,False,False,true_safe,-2.370321722706913,-0.21817710018613568,-2.420663267691388,-0.9943192522154529,-0.860745234293081,1.1643057608796736,0.28082816592277604
narrow_gate,583,False,False,true_safe,-0.6487903506215424,-0.8663138190032496,-0.7699375954045653,-1.0264231242529598,-1.0779473626756382,3.618985853519173,-1.5632306817880814
narrow_gate,584,False,False,true_safe,-1.1666547291579143,-1.6572332458292012,1.8452338876859309,-1.8936559359965028,-2.099021276749774,0.009497155334466288,1.5311491055973288
narrow_gate,585,False,False,true_safe,1.9667403050434689,0.025086649615897905,-1.6357721554422917,-0.9623732792915249,-0.6857849916709382,2.7831731691069463,1.2005213585330137
narrow_gate,586,False,False,true_safe,-0.9442636210688213,-1.7391280788653487,1.561915012127137,-1.5895068651094681,-0.7821188249902171,0.7271992169673479,2.4537579137688597
narrow_gate,587,False,False,true_safe,1.1630355193445658,-0.370151358793507,0.7015502937195368,-0.1536575303907699,-0.37006953535058473,0.5986411162290286,-1.0066231181507272
narrow_gate,588,False,False,true_safe,-1.200663337110574,0.6140739688862937,2.6713775069516292,-0.5468674598848131,-0.8408983912449965,1.0451356212286322,1.9686104160824178
narrow_gate,589,False,False,true_safe,2.2938183764559077,-1.6519680524393363,-2.7714772026105,-1.9953209727111545,-0.05992888175983735,1.4999836448380717,0.4369822814166784
narrow_gate,590,False,False,true_safe,0.5275122393515086,0.24158990410576608,1.8865070729504718,-0.6192518030733205,2.6512706351332302,0.3784087631949254,-0.693070961525764
narrow_gate,591,False,False,true_safe,-1.0197506307867146,0.8125069145159758,0.15104198856351614,-2.9342807211455075,-0.9814866958569506,1.3721004005121955,-1.0055860824432514
narrow_gate,592,False,False,true_safe,-2.2917514311193585,1.7337872729636716,-1.1561498039715943,-2.7595344418253167,1.9459313236832139,2.9374007821699872,1.875528508733074
narrow_gate,593,False,False,true_safe,1.877512031474644,-1.3055519819827415,1.0280334832582287,-0.5994491559428559,-2.553778970568337,2.6550133004798786,-0.4374842937343071
narrow_gate,594,False,False,true_safe,-2.016979601216568,1.4931668711172201,-2.5620781219909023,-2.3173168170543432,-1.2686936835545273,3.634734870070709,1.9080127204947703
narrow_gate,595,True,False,false_safe,2.007998627522277,-0.15055049858322045,-1.4409017981792682,-1.2466537341009962,-2.071477845457979,1.5018333973066338,1.0748598472315911
narrow_gate,596,False,False,true_safe,0.6362121658010982,-1.028908455291482,-2.610266118680599,-0.6896748849522965,1.2431662525099383,0.38074380907685146,0.8353804550630164
narrow_gate,597,False,False,true_safe,2.3121354163987724,1.1111909702508274,2.6727614550359813,-1.551260718854133,0.9176447057353045,0.9001193172214458,-1.4451012424119132
narrow_gate,598,False,False,true_safe,1.4283764635310878,0.47863333727362933,-0.8870073586568483,-2.1264084407824697,1.1947560486229318,3.067965670384162,1.099615514273664
narrow_gate,599,False,False,true_safe,-0.22307688809009196,0.8081174304793364,-1.4185914237065718,-1.3014406505609386,-1.1405077503723535,0.5024849932754971,1.9625726196102549
narrow_gate,600,False,False,true_safe,-2.4792286669890022,0.5794246400717236,0.6292829394494084,-1.9942968521251199,-2.2494430828796768,1.9713148314755593,1.3761963248643592
