schema_version,case_id,source_case_id,selection_index,source_row_index,scenario,profile,source_chunk_horizon,certification_horizon,response_action_sha256,input_window_sha256,supervision_budget_ms,base_response_age_ms,activation_response_age_ms,supervisor_latency_ms,assurance_worker_latency_ms,qp_latency_ms,continuous_collision_latency_ms,dynamics_braking_latency_ms,fallback_brake_latency_ms,status,reason,supervisor_status,failure_stage,candidate_complete,candidate_action_count,published_action_count,policy_actions_executable,partial_window_exposed,all_or_none_window_publication,source_chunk_prefix_published,assurance_worker_thread_separate,fallback_validated,qp_feasible,qp_intervention_steps,joint_position_violation_steps,joint_velocity_violation_steps,joint_acceleration_violation_steps,continuous_edges_checked,continuous_unsafe_edges,continuous_indeterminate_edges,braking_boundaries_checked,braking_invalid_boundaries,all_registered_constraints_satisfied,unsafe_window_published,software_budget_exceeded,response_deadline_exceeded,broad_phase_pair_tests,broad_phase_pruned_pairs,broad_phase_exact_pair_evaluations,broad_phase_prune_rate,safe_configuration_cache_hits,persistent_qp_solve_calls,persistent_brake_validation_calls
armbench.pi05_windowed_cpu_replay.v1,row_00763__free_space__direct_dispatch__full_chunk_h10,row_00763__free_space__direct_dispatch,0,763,free_space,full_chunk_h10,10,10,2ba514276e139d381b7b19bf859e964ad7e1b157ca9f234909fb87328f08ec28,e4ddff608fdc24bbe79f4f345b6ad772cc7e47679fd0522db9fe5c0e6a4512b3,20.0,103.75407699757488,134.75407699752395,22.05659999992804,15.99999999996271,1.8389000000524902,9.54269999999724,10.240700000053948,0.336400000037429,hold,supervision_budget_exceeded,hold,supervision_budget,True,10,0,False,False,True,False,True,True,True,10,0,0,0,10,0,0,10,0,True,False,True,False,14553,13894,659,0.9547172404315262,18,10,5
armbench.pi05_windowed_cpu_replay.v1,row_00763__single_block__direct_dispatch__full_chunk_h10,row_00763__single_block__direct_dispatch,0,763,single_block,full_chunk_h10,10,10,2ba514276e139d381b7b19bf859e964ad7e1b157ca9f234909fb87328f08ec28,e4ddff608fdc24bbe79f4f345b6ad772cc7e47679fd0522db9fe5c0e6a4512b3,20.0,102.52607700385852,133.5260770038076,21.57169999998132,15.99999999996271,1.7837999999983367,9.804499999972904,9.536199999956807,0.3543000000263419,hold,supervision_budget_exceeded,hold,supervision_budget,True,10,0,False,False,True,False,True,True,True,10,0,0,0,10,0,0,10,0,True,False,True,False,16830,16153,677,0.9597742127153892,18,10,5
armbench.pi05_windowed_cpu_replay.v1,row_00763__narrow_gate__direct_dispatch__full_chunk_h10,row_00763__narrow_gate__direct_dispatch,0,763,narrow_gate,full_chunk_h10,10,10,2ba514276e139d381b7b19bf859e964ad7e1b157ca9f234909fb87328f08ec28,e4ddff608fdc24bbe79f4f345b6ad772cc7e47679fd0522db9fe5c0e6a4512b3,20.0,103.48747699754313,134.48747699760588,25.00559999998586,31.000000000062755,1.770200000009936,9.597700000085752,13.26270000004115,0.31599999999798456,hold,supervision_budget_exceeded,hold,supervision_budget,True,10,0,False,False,True,False,True,True,True,10,0,0,0,10,0,0,10,0,True,False,True,False,21384,20715,669,0.9687149270482603,18,10,5
armbench.pi05_windowed_cpu_replay.v1,row_00458__free_space__direct_dispatch__full_chunk_h10,row_00458__free_space__direct_dispatch,1,458,free_space,full_chunk_h10,10,10,539d85427650fb89affee25f827ab92f2803af4f4686cdda7625ebbcfc4e125f,c20bfe121e217568858d6301db3e88f8bbabf1604fdaa8e909eae454747800b5,20.0,82.58776900765952,114.58776900769863,22.471099999961552,32.00000000003911,2.0345000000361324,9.950399999979709,10.12270000001081,0.273399999969115,hold,supervision_budget_exceeded,hold,supervision_budget,True,10,0,False,False,True,False,True,True,True,10,0,0,0,10,0,0,10,0,True,False,True,False,15141,14401,740,0.9511260815005614,18,10,5
armbench.pi05_windowed_cpu_replay.v1,row_00458__single_block__direct_dispatch__full_chunk_h10,row_00458__single_block__direct_dispatch,1,458,single_block,full_chunk_h10,10,10,539d85427650fb89affee25f827ab92f2803af4f4686cdda7625ebbcfc4e125f,c20bfe121e217568858d6301db3e88f8bbabf1604fdaa8e909eae454747800b5,20.0,82.50796900392743,114.50796900385285,21.668400000066868,31.99999999992542,1.802499999939755,9.455500000058237,10.003199999914614,0.31820000003790483,hold,supervision_budget_exceeded,hold,supervision_budget,True,10,0,False,False,True,False,True,True,True,10,0,0,0,10,0,0,10,0,True,False,True,False,17510,16643,867,0.9504854368932039,18,10,5
armbench.pi05_windowed_cpu_replay.v1,row_00458__narrow_gate__direct_dispatch__full_chunk_h10,row_00458__narrow_gate__direct_dispatch,1,458,narrow_gate,full_chunk_h10,10,10,539d85427650fb89affee25f827ab92f2803af4f4686cdda7625ebbcfc4e125f,c20bfe121e217568858d6301db3e88f8bbabf1604fdaa8e909eae454747800b5,20.0,83.1604690029053,114.16046900285437,21.913000000040483,14.999999999986358,3.0583000000206084,17.508499999962623,0.0,1.0719000000563028,hold,supervision_budget_exceeded,hold,supervision_budget,True,10,0,False,False,True,False,True,True,True,10,0,0,0,10,0,0,10,0,True,False,True,False,8856,8581,275,0.9689476061427281,6,10,1
armbench.pi05_windowed_cpu_replay.v1,row_00222__free_space__direct_dispatch__full_chunk_h10,row_00222__free_space__direct_dispatch,2,222,free_space,full_chunk_h10,10,10,7ed64e746df909ff0c71898c554048b30bb88de50d94a6f43787c50679b174e2,21da2b9970d3e9644b5f044a5dcc016b6b5053a5b4e9c17bce52d4303d2b3600,20.0,171.54230199957965,202.54230199952872,22.833300000002055,15.99999999996271,3.7809000000379456,17.273299999942537,0.0,1.6533000000436004,hold,supervision_budget_exceeded,hold,supervision_budget,True,10,0,False,False,True,False,True,True,True,10,0,0,0,10,0,0,10,0,True,False,True,True,6027,5746,281,0.9533764725402356,6,10,1
armbench.pi05_windowed_cpu_replay.v1,row_00222__single_block__direct_dispatch__full_chunk_h10,row_00222__single_block__direct_dispatch,2,222,single_block,full_chunk_h10,10,10,7ed64e746df909ff0c71898c554048b30bb88de50d94a6f43787c50679b174e2,21da2b9970d3e9644b5f044a5dcc016b6b5053a5b4e9c17bce52d4303d2b3600,20.0,171.895202001906,202.89520200185507,24.17400000001635,15.99999999996271,1.4040999999451742,22.110300000008465,0.0,0.5853999999771986,hold,supervision_budget_exceeded,hold,supervision_budget,True,10,0,False,False,True,False,True,True,True,10,0,0,0,10,0,0,10,0,True,False,True,True,16830,15947,883,0.947534165181224,7,10,1
armbench.pi05_windowed_cpu_replay.v1,row_00222__narrow_gate__direct_dispatch__full_chunk_h10,row_00222__narrow_gate__direct_dispatch,2,222,narrow_gate,full_chunk_h10,10,10,7ed64e746df909ff0c71898c554048b30bb88de50d94a6f43787c50679b174e2,21da2b9970d3e9644b5f044a5dcc016b6b5053a5b4e9c17bce52d4303d2b3600,20.0,171.71460199460853,202.7146019945576,16.233100000022205,14.999999999986358,2.6627000000871703,12.874799999963216,0.0,0.5811999999423278,hold,continuous_edge_rejected:collision:static:gate_upper:link6,hold,continuous_collision,True,10,0,False,False,True,False,True,True,True,10,0,0,0,10,3,0,10,5,False,False,False,True,10800,10310,485,0.9546296296296296,8,10,1
armbench.pi05_windowed_cpu_replay.v1,row_01467__free_space__direct_dispatch__full_chunk_h10,row_01467__free_space__direct_dispatch,3,1467,free_space,full_chunk_h10,10,10,0d05a20d8a90b30eac6e6dfc2e65c5d447cb062d06863c48db1367dbdc8d27af,4f17f5dfea4ea95c98fd42f459cd72d84c6d64fa6c129fbeb17b753364002cf1,20.0,92.3235240043141,123.32352400426316,22.441900000103487,15.99999999996271,4.374700000084886,16.9884000000593,0.0,0.9875999999167107,hold,supervision_budget_exceeded,hold,supervision_budget,True,10,0,False,False,True,False,True,True,True,10,0,0,0,10,0,0,10,0,True,False,True,False,7497,7180,317,0.9577164199012939,8,10,1
armbench.pi05_windowed_cpu_replay.v1,row_01467__single_block__direct_dispatch__full_chunk_h10,row_01467__single_block__direct_dispatch,3,1467,single_block,full_chunk_h10,10,10,0d05a20d8a90b30eac6e6dfc2e65c5d447cb062d06863c48db1367dbdc8d27af,4f17f5dfea4ea95c98fd42f459cd72d84c6d64fa6c129fbeb17b753364002cf1,20.0,92.74982400529552,123.74982400535828,21.448399999940193,31.000000000062755,2.179700000056073,18.156500000031883,0.0,1.0066999999480686,hold,supervision_budget_exceeded,hold,supervision_budget,True,10,0,False,False,True,False,True,True,True,10,0,0,0,10,0,0,10,0,True,False,True,False,11730,11190,540,0.9539641943734015,10,10,1
armbench.pi05_windowed_cpu_replay.v1,row_01467__narrow_gate__direct_dispatch__full_chunk_h10,row_01467__narrow_gate__direct_dispatch,3,1467,narrow_gate,full_chunk_h10,10,10,0d05a20d8a90b30eac6e6dfc2e65c5d447cb062d06863c48db1367dbdc8d27af,4f17f5dfea4ea95c98fd42f459cd72d84c6d64fa6c129fbeb17b753364002cf1,20.0,92.48282400221797,123.48282400228072,21.01530000004459,15.99999999996271,1.2875000001031367,11.795900000038273,7.557900000051632,0.30819999994946556,hold,supervision_budget_exceeded,hold,supervision_budget,True,10,0,False,False,True,False,True,True,True,10,0,0,0,10,0,0,10,0,True,False,True,False,17928,17189,739,0.9587795626952254,18,10,5
armbench.pi05_windowed_cpu_replay.v1,row_00954__free_space__direct_dispatch__full_chunk_h10,row_00954__free_space__direct_dispatch,4,954,free_space,full_chunk_h10,10,10,8c426cf29f252a7c103234ca72eff693daec4272e1eff735e0f325be6c8368bb,541ef1c389b4780c1bc25075e466ca00805d06391dbce79e67b43e6b6a02ff42,20.0,84.07754999643657,116.07754999647568,21.115000000008877,16.000000000076398,1.2694999999212087,18.22679999997945,1.2401999999838154,0.3197000000909611,hold,supervision_budget_exceeded,hold,supervision_budget,True,10,0,False,False,True,False,True,True,True,10,0,0,0,10,0,0,10,0,True,False,True,False,21021,19972,1049,0.950097521526093,12,10,2
armbench.pi05_windowed_cpu_replay.v1,row_00954__single_block__direct_dispatch__full_chunk_h10,row_00954__single_block__direct_dispatch,4,954,single_block,full_chunk_h10,10,10,8c426cf29f252a7c103234ca72eff693daec4272e1eff735e0f325be6c8368bb,541ef1c389b4780c1bc25075e466ca00805d06391dbce79e67b43e6b6a02ff42,20.0,83.76884999597678,114.76884999603953,21.455400000036207,14.999999999986358,2.1765000000186774,18.926200000009885,0.0,0.26569999999992433,hold,supervision_budget_exceeded,hold,supervision_budget,True,10,0,False,False,True,False,True,True,True,10,0,0,0,10,0,0,10,0,True,False,True,False,15810,15105,705,0.9554079696394687,7,10,1
armbench.pi05_windowed_cpu_replay.v1,row_00954__narrow_gate__direct_dispatch__full_chunk_h10,row_00954__narrow_gate__direct_dispatch,4,954,narrow_gate,full_chunk_h10,10,10,8c426cf29f252a7c103234ca72eff693daec4272e1eff735e0f325be6c8368bb,541ef1c389b4780c1bc25075e466ca00805d06391dbce79e67b43e6b6a02ff42,20.0,83.80704999581212,114.80704999576119,20.82780000000639,15.99999999996271,1.4362000000573971,18.96620000002258,0.0,0.36139999997431005,hold,supervision_budget_exceeded,hold,supervision_budget,True,10,0,False,False,True,False,True,True,True,10,0,0,0,10,0,0,10,0,True,False,True,False,27000,25839,1161,0.957,9,10,1
armbench.pi05_windowed_cpu_replay.v1,row_01576__free_space__direct_dispatch__full_chunk_h10,row_01576__free_space__direct_dispatch,5,1576,free_space,full_chunk_h10,10,10,a51612a00a37d0ea3749eb912a6f60afe1d9cd2ca5587f61e5ab60e8a19f447a,ceffaae899c86b7cad94d1a21bba4a80279a12dae6dc59022e88ec0d8034bbec,20.0,109.7861300004297,156.78613000045516,22.404299999948307,15.99999999996271,1.3332000000900734,6.247599999937847,14.061699999956545,0.6878000000369866,hold,supervision_budget_exceeded,hold,supervision_budget,True,10,0,False,False,True,False,True,True,True,10,0,0,0,10,0,0,10,0,True,False,True,False,15435,14731,704,0.954389374797538,20,10,6
armbench.pi05_windowed_cpu_replay.v1,row_01576__single_block__direct_dispatch__full_chunk_h10,row_01576__single_block__direct_dispatch,5,1576,single_block,full_chunk_h10,10,10,a51612a00a37d0ea3749eb912a6f60afe1d9cd2ca5587f61e5ab60e8a19f447a,ceffaae899c86b7cad94d1a21bba4a80279a12dae6dc59022e88ec0d8034bbec,20.0,109.48412999277934,124.4841299927657,22.86930000002485,14.999999999986358,1.283499999999549,11.241499999982807,9.401400000001559,0.8670000000847722,hold,supervision_budget_exceeded,hold,supervision_budget,True,10,0,False,False,True,False,True,True,True,10,0,0,0,10,0,0,10,0,True,False,True,False,12410,11940,470,0.9621273166800967,14,10,3
armbench.pi05_windowed_cpu_replay.v1,row_01576__narrow_gate__direct_dispatch__full_chunk_h10,row_01576__narrow_gate__direct_dispatch,5,1576,narrow_gate,full_chunk_h10,10,10,a51612a00a37d0ea3749eb912a6f60afe1d9cd2ca5587f61e5ab60e8a19f447a,ceffaae899c86b7cad94d1a21bba4a80279a12dae6dc59022e88ec0d8034bbec,20.0,109.35532999428688,125.35532999424959,23.662400000034722,15.99999999996271,2.7307000000291737,9.552200000030098,10.73380000002544,0.5306000000473432,hold,supervision_budget_exceeded,hold,supervision_budget,True,10,0,False,False,True,False,True,True,True,10,0,0,0,10,0,0,10,0,True,False,True,False,19224,18622,602,0.9686849771119435,16,10,4
armbench.pi05_windowed_cpu_replay.v1,row_02114__free_space__direct_dispatch__full_chunk_h10,row_02114__free_space__direct_dispatch,6,2114,free_space,full_chunk_h10,10,10,3c8a04cfba03e28f556b668ecfc39ba1f3c6f600ae28115bb0d484f228805822,b450e7ad3d6478be6418531fda01e2f47bd1fa86a3054195fa3e89dd7bafae17,20.0,84.57347300281981,115.57347300288257,22.39699999995537,15.99999999996271,1.3488999999253792,20.666600000026847,0.0,0.3189999999904103,hold,supervision_budget_exceeded,hold,supervision_budget,True,10,0,False,False,True,False,True,True,True,10,0,0,0,10,0,0,10,0,True,False,True,False,19257,18340,917,0.9523809523809523,10,10,1
armbench.pi05_windowed_cpu_replay.v1,row_02114__single_block__direct_dispatch__full_chunk_h10,row_02114__single_block__direct_dispatch,6,2114,single_block,full_chunk_h10,10,10,3c8a04cfba03e28f556b668ecfc39ba1f3c6f600ae28115bb0d484f228805822,b450e7ad3d6478be6418531fda01e2f47bd1fa86a3054195fa3e89dd7bafae17,20.0,85.05257299839286,116.05257299845562,21.083800000042174,31.000000000062755,1.496100000053957,19.05039999996916,0.0,0.4364000000123269,hold,supervision_budget_exceeded,hold,supervision_budget,True,10,0,False,False,True,False,True,True,True,10,0,0,0,10,0,0,10,0,True,False,True,False,19550,18697,853,0.9563682864450128,9,10,1
armbench.pi05_windowed_cpu_replay.v1,row_02114__narrow_gate__direct_dispatch__full_chunk_h10,row_02114__narrow_gate__direct_dispatch,6,2114,narrow_gate,full_chunk_h10,10,10,3c8a04cfba03e28f556b668ecfc39ba1f3c6f600ae28115bb0d484f228805822,b450e7ad3d6478be6418531fda01e2f47bd1fa86a3054195fa3e89dd7bafae17,20.0,85.04487299796892,116.04487299803168,21.064400000000205,15.99999999996271,2.084599999989223,18.433500000014647,0.0,0.46929999996336846,hold,supervision_budget_exceeded,hold,supervision_budget,True,10,0,False,False,True,False,True,True,True,10,0,0,0,10,5,0,10,7,False,False,True,False,11448,10978,470,0.9589447938504543,5,10,1
armbench.pi05_windowed_cpu_replay.v1,row_02316__free_space__direct_dispatch__full_chunk_h10,row_02316__free_space__direct_dispatch,7,2316,free_space,full_chunk_h10,10,10,307d796186bec85694ad45ec5f0f36b6c2d4136025b8788f52b21f8ce81cefc3,4eb6f0c33cfea87817ea47ba3691beea6689e4326d4b265a74641f01503e5d46,20.0,81.15441800327972,112.15441800334247,25.70099999991271,14.999999999986358,2.457299999946372,9.918299999981173,12.654900000029556,0.5714999999781867,hold,supervision_budget_exceeded,hold,supervision_budget,True,10,0,False,False,True,False,True,True,True,10,0,0,0,10,0,0,10,0,True,False,True,False,17493,16638,855,0.9511233064654433,18,10,5
armbench.pi05_windowed_cpu_replay.v1,row_02316__single_block__direct_dispatch__full_chunk_h10,row_02316__single_block__direct_dispatch,7,2316,single_block,full_chunk_h10,10,10,307d796186bec85694ad45ec5f0f36b6c2d4136025b8788f52b21f8ce81cefc3,4eb6f0c33cfea87817ea47ba3691beea6689e4326d4b265a74641f01503e5d46,20.0,81.35241799755022,113.35241799747564,24.385599999959595,31.99999999992542,2.707200000031662,12.382600000023558,8.832900000015798,0.36590000001979206,hold,supervision_budget_exceeded,hold,supervision_budget,True,10,0,False,False,True,False,True,True,True,10,0,0,0,10,0,0,10,0,True,False,True,False,17510,16648,862,0.9507709880068532,16,10,4
armbench.pi05_windowed_cpu_replay.v1,row_02316__narrow_gate__direct_dispatch__full_chunk_h10,row_02316__narrow_gate__direct_dispatch,7,2316,narrow_gate,full_chunk_h10,10,10,307d796186bec85694ad45ec5f0f36b6c2d4136025b8788f52b21f8ce81cefc3,4eb6f0c33cfea87817ea47ba3691beea6689e4326d4b265a74641f01503e5d46,20.0,81.5732180053601,112.57321800542286,16.224300000089897,15.000000000100044,3.2639999999446445,12.553499999967244,0.0,0.2964999999903739,hold,continuous_edge_rejected:collision:static:gate_lower:link6,hold,continuous_collision,True,10,0,False,False,True,False,True,True,True,10,0,0,0,10,3,0,10,5,False,False,False,False,15552,14874,670,0.9564043209876543,8,10,1
armbench.pi05_windowed_cpu_replay.v1,row_02045__free_space__direct_dispatch__full_chunk_h10,row_02045__free_space__direct_dispatch,8,2045,free_space,full_chunk_h10,10,10,35bb006359368f4079d94be18fc9d2261932ba0be13c6387627761460fdfd649,21bb222523a68d85dbd4f6c83a8c1b450d40a364adf8ee4e45280df78bc18027,20.0,107.79295300744707,139.79295300748618,22.23730000002888,15.99999999996271,1.944999999977881,4.937600000062048,15.025999999920714,0.2532000000883272,hold,supervision_budget_exceeded,hold,supervision_budget,True,10,0,False,False,True,False,True,True,True,10,0,0,0,10,0,0,10,0,True,False,True,False,9555,9189,366,0.9616954474097331,30,10,11
armbench.pi05_windowed_cpu_replay.v1,row_02045__single_block__direct_dispatch__full_chunk_h10,row_02045__single_block__direct_dispatch,8,2045,single_block,full_chunk_h10,10,10,35bb006359368f4079d94be18fc9d2261932ba0be13c6387627761460fdfd649,21bb222523a68d85dbd4f6c83a8c1b450d40a364adf8ee4e45280df78bc18027,20.0,107.84735299966997,138.84735299973272,21.167099999956918,15.99999999996271,1.7397999999957392,4.448300000035488,14.711899999952038,0.2075999999533451,hold,supervision_budget_exceeded,hold,supervision_budget,True,10,0,False,False,True,False,True,True,True,10,0,0,0,10,0,0,10,0,True,False,True,False,9690,9259,431,0.9555211558307534,28,10,10
armbench.pi05_windowed_cpu_replay.v1,row_02045__narrow_gate__direct_dispatch__full_chunk_h10,row_02045__narrow_gate__direct_dispatch,8,2045,narrow_gate,full_chunk_h10,10,10,35bb006359368f4079d94be18fc9d2261932ba0be13c6387627761460fdfd649,21bb222523a68d85dbd4f6c83a8c1b450d40a364adf8ee4e45280df78bc18027,20.0,108.03035300341435,139.0303530034771,21.852799999919625,31.000000000062755,1.9893999999567313,5.578499999955966,13.493100000005143,0.7101999999576947,hold,supervision_budget_exceeded,hold,supervision_budget,True,10,0,False,False,True,False,True,True,True,10,0,0,0,10,0,0,10,0,True,False,True,False,9720,9432,288,0.9703703703703703,24,10,8
armbench.pi05_windowed_cpu_replay.v1,row_02736__free_space__direct_dispatch__full_chunk_h10,row_02736__free_space__direct_dispatch,9,2736,free_space,full_chunk_h10,10,10,62b013ffb3379eba43666abbd0be0848858bc836836b094e25ea8d74cfde9e2c,0b565a6938d9bb0b57977d079796fcc4c108d1841f47a0f986253144c3870174,20.0,79.95957398816245,110.95957398811152,20.94350000004397,30.99999999994907,1.5185999999403066,18.8481000000138,0.0,0.5097999999179592,hold,supervision_budget_exceeded,hold,supervision_budget,True,10,0,False,False,True,False,True,True,True,10,0,0,0,10,0,0,10,0,True,False,True,False,17199,16393,806,0.9531368102796675,10,10,1
armbench.pi05_windowed_cpu_replay.v1,row_02736__single_block__direct_dispatch__full_chunk_h10,row_02736__single_block__direct_dispatch,9,2736,single_block,full_chunk_h10,10,10,62b013ffb3379eba43666abbd0be0848858bc836836b094e25ea8d74cfde9e2c,0b565a6938d9bb0b57977d079796fcc4c108d1841f47a0f986253144c3870174,20.0,80.01317399612162,111.01317399618438,23.995399999989786,15.000000000100044,1.29319999996369,15.211900000053902,6.443000000103893,0.9734000000207743,hold,supervision_budget_exceeded,hold,supervision_budget,True,10,0,False,False,True,False,True,True,True,10,0,0,0,10,0,0,10,0,True,False,True,False,22270,21062,1208,0.945756623259991,14,10,3
armbench.pi05_windowed_cpu_replay.v1,row_02736__narrow_gate__direct_dispatch__full_chunk_h10,row_02736__narrow_gate__direct_dispatch,9,2736,narrow_gate,full_chunk_h10,10,10,62b013ffb3379eba43666abbd0be0848858bc836836b094e25ea8d74cfde9e2c,0b565a6938d9bb0b57977d079796fcc4c108d1841f47a0f986253144c3870174,20.0,80.14397399529116,96.14397399525387,10.621000000014647,15.99999999996271,1.4739999999164866,8.567699999957767,0.0,0.4883000000290849,hold,continuous_edge_rejected:collision:static:gate_lower:link6,hold,continuous_collision,True,10,0,False,False,True,False,True,True,True,10,0,0,0,10,5,0,10,7,False,False,False,False,11664,11153,503,0.9561899862825789,6,10,1
armbench.pi05_windowed_cpu_replay.v1,row_02456__free_space__direct_dispatch__full_chunk_h10,row_02456__free_space__direct_dispatch,10,2456,free_space,full_chunk_h10,10,10,a805df171f5b2a0bb37e82ee33c913be28ab363a08c40943c47745c4be5f166b,606d95c489296b5f4e2fde5d9b28e0f52167c7824e5ba4cee1b52a1be5d798c3,20.0,160.5769509988022,191.57695099875127,22.78400000000147,30.99999999994907,2.3234999999885986,19.926100000020597,0.0,0.43940000000475266,hold,supervision_budget_exceeded,hold,supervision_budget,True,10,0,False,False,True,False,True,True,True,10,0,0,0,10,0,0,10,0,True,False,True,False,16611,15847,764,0.9540063813135874,9,10,1
armbench.pi05_windowed_cpu_replay.v1,row_02456__single_block__direct_dispatch__full_chunk_h10,row_02456__single_block__direct_dispatch,10,2456,single_block,full_chunk_h10,10,10,a805df171f5b2a0bb37e82ee33c913be28ab363a08c40943c47745c4be5f166b,606d95c489296b5f4e2fde5d9b28e0f52167c7824e5ba4cee1b52a1be5d798c3,20.0,160.99725099775242,192.99725099767784,21.92420000005768,15.99999999996271,3.0482000000802145,18.47859999998036,0.0,0.28659999998126295,hold,supervision_budget_exceeded,hold,supervision_budget,True,10,0,False,False,True,False,True,True,True,10,0,0,0,10,0,0,10,0,True,False,True,False,8670,8233,437,0.9495963091118801,5,10,1
armbench.pi05_windowed_cpu_replay.v1,row_02456__narrow_gate__direct_dispatch__full_chunk_h10,row_02456__narrow_gate__direct_dispatch,10,2456,narrow_gate,full_chunk_h10,10,10,a805df171f5b2a0bb37e82ee33c913be28ab363a08c40943c47745c4be5f166b,606d95c489296b5f4e2fde5d9b28e0f52167c7824e5ba4cee1b52a1be5d798c3,20.0,160.55815100116888,175.55815100115524,10.722799999939525,14.999999999986358,1.6114999999672364,8.745199999907527,0.0,0.3047999999807871,hold,continuous_edge_rejected:collision:static:gate_lower:link6,hold,continuous_collision,True,10,0,False,False,True,False,True,True,True,10,0,0,0,10,5,0,10,7,False,False,False,False,11232,10725,499,0.9548611111111112,6,10,1
armbench.pi05_windowed_cpu_replay.v1,row_02938__free_space__direct_dispatch__full_chunk_h10,row_02938__free_space__direct_dispatch,11,2938,free_space,full_chunk_h10,10,10,30d16912ce8098c60d419bf30ed1491235b796b186f2378fa0ebdef754cc31fd,d5c708014600a7920be64b6acc05dd2153f49c780015898b4d746c2bc4c494ab,20.0,111.70350899919868,126.70350899918503,21.270399999934853,14.999999999986358,1.3566999999738982,19.117299999948045,0.0,0.7255000000441214,hold,supervision_budget_exceeded,hold,supervision_budget,True,10,0,False,False,True,False,True,True,True,10,0,0,0,10,0,0,10,0,True,False,True,False,11319,10786,533,0.9529110345436876,7,10,1
armbench.pi05_windowed_cpu_replay.v1,row_02938__single_block__direct_dispatch__full_chunk_h10,row_02938__single_block__direct_dispatch,11,2938,single_block,full_chunk_h10,10,10,30d16912ce8098c60d419bf30ed1491235b796b186f2378fa0ebdef754cc31fd,d5c708014600a7920be64b6acc05dd2153f49c780015898b4d746c2bc4c494ab,20.0,111.67890899378108,143.6789089937065,21.999299999947652,15.99999999996271,6.81510000003982,14.391100000011647,0.0,0.5333999999947991,hold,supervision_budget_exceeded,hold,supervision_budget,True,10,0,False,False,True,False,True,True,True,10,0,0,0,10,0,0,10,0,True,False,True,False,11730,11235,495,0.9578005115089514,6,10,1
armbench.pi05_windowed_cpu_replay.v1,row_02938__narrow_gate__direct_dispatch__full_chunk_h10,row_02938__narrow_gate__direct_dispatch,11,2938,narrow_gate,full_chunk_h10,10,10,30d16912ce8098c60d419bf30ed1491235b796b186f2378fa0ebdef754cc31fd,d5c708014600a7920be64b6acc05dd2153f49c780015898b4d746c2bc4c494ab,20.0,111.79980899760267,142.79980899755174,20.6941999999799,15.99999999996271,1.626499999929365,18.6813999999913,0.0,0.3202999999984968,hold,supervision_budget_exceeded,hold,supervision_budget,True,10,0,False,False,True,False,True,True,True,10,0,0,0,10,0,0,10,0,True,False,True,False,18360,17654,706,0.9615468409586057,8,10,1
armbench.pi05_windowed_cpu_replay.v1,row_03122__free_space__direct_dispatch__full_chunk_h10,row_03122__free_space__direct_dispatch,12,3122,free_space,full_chunk_h10,10,10,4fd1a98f6e18bda6afca61b1213f09c92ed3fce35dcd8c4d53333ce515224354,fae786a4aad836002b16172491457936b523b19e2e002e95e4b9cb634083a717,20.0,81.44486000674078,112.44486000680354,21.744699999999284,15.99999999996271,2.7413000000251486,18.224000000031992,0.0,0.6548000000066168,hold,supervision_budget_exceeded,hold,supervision_budget,True,10,0,False,False,True,False,True,True,True,10,0,0,0,10,0,0,10,0,True,False,True,False,11319,10762,557,0.9507907058927467,9,10,1
armbench.pi05_windowed_cpu_replay.v1,row_03122__single_block__direct_dispatch__full_chunk_h10,row_03122__single_block__direct_dispatch,12,3122,single_block,full_chunk_h10,10,10,4fd1a98f6e18bda6afca61b1213f09c92ed3fce35dcd8c4d53333ce515224354,fae786a4aad836002b16172491457936b523b19e2e002e95e4b9cb634083a717,20.0,81.17976000357885,113.17976000350427,23.202200000014273,15.99999999996271,3.279700000007324,19.069599999966158,0.0,0.7599000000482192,hold,supervision_budget_exceeded,hold,supervision_budget,True,10,0,False,False,True,False,True,True,True,10,0,0,0,10,0,0,10,0,True,False,True,False,10370,9930,440,0.9575699132111861,8,10,1
armbench.pi05_windowed_cpu_replay.v1,row_03122__narrow_gate__direct_dispatch__full_chunk_h10,row_03122__narrow_gate__direct_dispatch,12,3122,narrow_gate,full_chunk_h10,10,10,4fd1a98f6e18bda6afca61b1213f09c92ed3fce35dcd8c4d53333ce515224354,fae786a4aad836002b16172491457936b523b19e2e002e95e4b9cb634083a717,20.0,81.26705999893602,113.26705999886144,21.828300000038325,15.99999999996271,7.221099999924263,13.75719999998637,0.0,0.7440000000542568,hold,supervision_budget_exceeded,hold,supervision_budget,True,10,0,False,False,True,False,True,True,True,10,0,0,0,10,0,0,10,0,True,False,True,False,6264,6077,187,0.9701468710089399,4,10,1
armbench.pi05_windowed_cpu_replay.v1,row_03163__free_space__direct_dispatch__full_chunk_h10,row_03163__free_space__direct_dispatch,13,3163,free_space,full_chunk_h10,10,10,e3ad14c7d499ec5ce4892eb2bef290b5e056a2b62568859245b6356da12457fb,ffa917dcd4fa88b9be0656ad8c111499b9a6bfff234650d693827eb9d1d5f76c,20.0,80.90778300538659,111.90778300533566,22.08759999996346,30.99999999994907,3.4895000000005894,17.309700000055273,0.0,1.1306999999760592,hold,supervision_budget_exceeded,hold,supervision_budget,True,10,0,False,False,True,False,True,True,True,10,0,0,0,10,0,0,10,0,True,False,True,False,8967,8580,387,0.9568417530946804,8,10,1
armbench.pi05_windowed_cpu_replay.v1,row_03163__single_block__direct_dispatch__full_chunk_h10,row_03163__single_block__direct_dispatch,13,3163,single_block,full_chunk_h10,10,10,e3ad14c7d499ec5ce4892eb2bef290b5e056a2b62568859245b6356da12457fb,ffa917dcd4fa88b9be0656ad8c111499b9a6bfff234650d693827eb9d1d5f76c,20.0,80.80188299936708,127.80188299939255,24.73629999997229,30.99999999994907,3.401400000029753,20.409400000062305,0.0,0.8033000000295942,hold,supervision_budget_exceeded,hold,supervision_budget,True,10,0,False,False,True,False,True,True,True,10,0,0,0,10,0,0,10,0,True,False,True,False,9010,8677,333,0.9630410654827969,7,10,1
armbench.pi05_windowed_cpu_replay.v1,row_03163__narrow_gate__direct_dispatch__full_chunk_h10,row_03163__narrow_gate__direct_dispatch,13,3163,narrow_gate,full_chunk_h10,10,10,e3ad14c7d499ec5ce4892eb2bef290b5e056a2b62568859245b6356da12457fb,ffa917dcd4fa88b9be0656ad8c111499b9a6bfff234650d693827eb9d1d5f76c,20.0,81.32088300044416,112.32088300050691,22.38369999997758,14.999999999986358,4.4013000000404645,17.499199999974735,0.0,0.3504000000020824,hold,supervision_budget_exceeded,hold,supervision_budget,True,10,0,False,False,True,False,True,True,True,10,0,0,0,10,0,0,10,0,True,False,True,False,16632,16112,520,0.9687349687349688,10,10,1
armbench.pi05_windowed_cpu_replay.v1,row_03741__free_space__direct_dispatch__full_chunk_h10,row_03741__free_space__direct_dispatch,14,3741,free_space,full_chunk_h10,10,10,4b7907e4aad9dc6e77f813e772c59d0c7169c40282363ff493a33e879b87cde7,919e5f396da973e2cf7f371f4f3431bd547e13a2c08ca1b5ae4da4003096c020,20.0,109.97415299789282,140.97415299784188,21.731300000055853,14.999999999986358,2.1100000000160435,19.15499999995518,0.0,0.3636999999798718,hold,supervision_budget_exceeded,hold,supervision_budget,True,10,0,False,False,True,False,True,True,True,10,0,0,0,10,0,0,10,0,True,False,True,False,8967,8527,440,0.9509311921489907,8,10,1
armbench.pi05_windowed_cpu_replay.v1,row_03741__single_block__direct_dispatch__full_chunk_h10,row_03741__single_block__direct_dispatch,14,3741,single_block,full_chunk_h10,10,10,4b7907e4aad9dc6e77f813e772c59d0c7169c40282363ff493a33e879b87cde7,919e5f396da973e2cf7f371f4f3431bd547e13a2c08ca1b5ae4da4003096c020,20.0,110.02595299942186,141.02595299937093,20.463199999994686,15.99999999996271,2.555899999947542,16.414400000030582,0.9584999999106003,0.2546000000620552,hold,supervision_budget_exceeded,hold,supervision_budget,True,10,0,False,False,True,False,True,True,True,10,0,0,0,10,0,0,10,0,True,False,True,False,14790,14135,655,0.9557133198106829,12,10,2
armbench.pi05_windowed_cpu_replay.v1,row_03741__narrow_gate__direct_dispatch__full_chunk_h10,row_03741__narrow_gate__direct_dispatch,14,3741,narrow_gate,full_chunk_h10,10,10,4b7907e4aad9dc6e77f813e772c59d0c7169c40282363ff493a33e879b87cde7,919e5f396da973e2cf7f371f4f3431bd547e13a2c08ca1b5ae4da4003096c020,20.0,109.7219529983704,140.72195299843315,21.60109999999804,14.999999999986358,1.4838999999255975,17.516999999998006,1.7719000001079621,0.7502999999360327,hold,supervision_budget_exceeded,hold,supervision_budget,True,10,0,False,False,True,False,True,True,True,10,0,0,0,10,0,0,10,0,True,False,True,False,18792,18138,654,0.9651979565772669,12,10,2
armbench.pi05_windowed_cpu_replay.v1,row_04298__free_space__direct_dispatch__full_chunk_h10,row_04298__free_space__direct_dispatch,15,4298,free_space,full_chunk_h10,10,10,2c585a1039cfc500fc7fe28c85a25ec32786fd8b15a0dad94b58ee736a663d79,94e313ab8d7786043893f7af3f613152522a820610d690acb2a3edc9ef4ba28e,20.0,80.53666400519433,111.53666400525708,22.322299999927964,15.99999999996271,2.6166999999759355,19.02180000001863,0.0,0.5247000000281332,hold,supervision_budget_exceeded,hold,supervision_budget,True,10,0,False,False,True,False,True,True,True,10,0,0,0,10,0,0,10,0,True,False,True,False,14847,14055,792,0.9466558900788038,8,10,1
armbench.pi05_windowed_cpu_replay.v1,row_04298__single_block__direct_dispatch__full_chunk_h10,row_04298__single_block__direct_dispatch,15,4298,single_block,full_chunk_h10,10,10,2c585a1039cfc500fc7fe28c85a25ec32786fd8b15a0dad94b58ee736a663d79,94e313ab8d7786043893f7af3f613152522a820610d690acb2a3edc9ef4ba28e,20.0,80.55936400342034,127.55936400344581,22.66029999998409,31.000000000062755,3.8299000000279193,17.30269999995926,0.0,1.3460000000122818,hold,supervision_budget_exceeded,hold,supervision_budget,True,10,0,False,False,True,False,True,True,True,10,0,0,0,10,0,0,10,0,True,False,True,False,11730,11171,559,0.9523444160272805,6,10,1
armbench.pi05_windowed_cpu_replay.v1,row_04298__narrow_gate__direct_dispatch__full_chunk_h10,row_04298__narrow_gate__direct_dispatch,15,4298,narrow_gate,full_chunk_h10,10,10,2c585a1039cfc500fc7fe28c85a25ec32786fd8b15a0dad94b58ee736a663d79,94e313ab8d7786043893f7af3f613152522a820610d690acb2a3edc9ef4ba28e,20.0,81.24266399681801,128.24266399684348,27.854000000047563,31.000000000062755,9.706800000003568,16.057700000033037,0.0,1.7128999999158623,hold,supervision_budget_exceeded,hold,supervision_budget,True,10,0,False,False,True,False,True,True,True,10,0,0,0,10,0,0,10,0,True,False,True,False,4536,4381,155,0.9658289241622575,3,10,1
armbench.pi05_windowed_cpu_replay.v1,row_03805__free_space__direct_dispatch__full_chunk_h10,row_03805__free_space__direct_dispatch,16,3805,free_space,full_chunk_h10,10,10,ed3ed2f05c450ceca326c550433117debafac7329c3cf9d83392e865de84d20b,091b2783ea65091b38cc9287d80dd29b0944a0b9ec326d95fda267eec534df0f,20.0,142.3698360013077,158.36983600127041,24.914499999908912,15.99999999996271,2.0181999999522304,22.5034999999707,0.0,0.31620000004295434,hold,supervision_budget_exceeded,hold,supervision_budget,True,10,0,False,False,True,False,True,True,True,10,0,0,0,10,0,0,10,0,True,False,True,False,5733,5499,234,0.9591836734693877,7,10,1
armbench.pi05_windowed_cpu_replay.v1,row_03805__single_block__direct_dispatch__full_chunk_h10,row_03805__single_block__direct_dispatch,16,3805,single_block,full_chunk_h10,10,10,ed3ed2f05c450ceca326c550433117debafac7329c3cf9d83392e865de84d20b,091b2783ea65091b38cc9287d80dd29b0944a0b9ec326d95fda267eec534df0f,20.0,142.41793600376695,157.417936003867,14.852399999995214,15.000000000100044,3.4549000000652086,10.899400000084825,0.0,0.360199999931865,hold,continuous_edge_rejected:collision:static:center_block:link6,hold,continuous_collision,True,10,0,False,False,True,False,True,True,True,10,0,0,0,10,3,0,10,4,False,False,False,False,6800,6467,326,0.9510294117647059,8,10,1
armbench.pi05_windowed_cpu_replay.v1,row_03805__narrow_gate__direct_dispatch__full_chunk_h10,row_03805__narrow_gate__direct_dispatch,16,3805,narrow_gate,full_chunk_h10,10,10,ed3ed2f05c450ceca326c550433117debafac7329c3cf9d83392e865de84d20b,091b2783ea65091b38cc9287d80dd29b0944a0b9ec326d95fda267eec534df0f,20.0,142.3951360047795,174.3951360048186,20.588800000041374,32.00000000003911,4.27419999994072,15.62890000002426,0.0,0.476300000059382,hold,supervision_budget_exceeded,hold,supervision_budget,True,10,0,False,False,True,False,True,True,True,10,0,0,0,10,1,0,10,3,False,False,True,False,8424,8125,299,0.9645061728395061,7,10,1
armbench.pi05_windowed_cpu_replay.v1,row_03853__free_space__direct_dispatch__full_chunk_h10,row_03853__free_space__direct_dispatch,17,3853,free_space,full_chunk_h10,10,10,fe36ac0713605fcc57897c367ab31e5b11dbf505ac76505ab7d16f946de13db9,f7709bd9d6a771cb40508d80a0dd423dd43ec32e003ed984a734551e880e8d3e,20.0,113.17077699641231,129.1707769964887,20.84690000003775,16.000000000076398,9.658999999942353,10.47819999996591,0.0,0.5451000000675776,hold,continuous_edge_rejected:collision:self:link5:geom_32:link7:geom_59,hold,continuous_collision,True,10,0,False,False,True,False,True,True,True,10,0,0,0,10,1,0,10,0,False,False,True,False,3822,3637,184,0.9515960230245945,3,10,1
armbench.pi05_windowed_cpu_replay.v1,row_03853__single_block__direct_dispatch__full_chunk_h10,row_03853__single_block__direct_dispatch,17,3853,single_block,full_chunk_h10,10,10,fe36ac0713605fcc57897c367ab31e5b11dbf505ac76505ab7d16f946de13db9,f7709bd9d6a771cb40508d80a0dd423dd43ec32e003ed984a734551e880e8d3e,20.0,113.29717699845787,129.29717699842058,12.426699999991797,15.99999999996271,3.62289999998211,7.904499999995096,0.0,0.7815000000164218,hold,continuous_edge_rejected:collision:self:link5:geom_33:link7:geom_60,hold,continuous_collision,True,10,0,False,False,True,False,True,True,True,10,0,0,0,10,1,0,10,0,False,False,False,False,4420,4228,191,0.9565610859728507,3,10,1
armbench.pi05_windowed_cpu_replay.v1,row_03853__narrow_gate__direct_dispatch__full_chunk_h10,row_03853__narrow_gate__direct_dispatch,17,3853,narrow_gate,full_chunk_h10,10,10,fe36ac0713605fcc57897c367ab31e5b11dbf505ac76505ab7d16f946de13db9,f7709bd9d6a771cb40508d80a0dd423dd43ec32e003ed984a734551e880e8d3e,20.0,114.32727699866518,130.3272769986279,5.9916999999813925,15.99999999996271,1.5447999999196327,3.6543999999594234,0.0,0.699199999985467,hold,continuous_edge_rejected:collision:self:link5:geom_35:link7:geom_62,hold,continuous_collision,True,10,0,False,False,True,False,True,True,True,10,0,0,0,10,1,0,10,0,False,False,False,False,5616,5423,192,0.9656339031339032,3,10,1
armbench.pi05_windowed_cpu_replay.v1,row_04953__free_space__direct_dispatch__full_chunk_h10,row_04953__free_space__direct_dispatch,18,4953,free_space,full_chunk_h10,10,10,1d0a2989e76d920a59ac3a743781f15f16a583e4ded7a55d9122c2e8345072f1,af7c0afa97d566d0b6103c1987699272206fed545e580febec05c23d4443ae45,20.0,92.21125000476604,123.21125000471511,21.761000000083186,15.99999999996271,3.754999999955544,17.12170000007518,0.0,0.7391000000325221,hold,supervision_budget_exceeded,hold,supervision_budget,True,10,0,False,False,True,False,True,True,True,10,0,0,0,10,0,0,10,0,True,False,True,False,7791,7387,404,0.9481452958541907,7,10,1
armbench.pi05_windowed_cpu_replay.v1,row_04953__single_block__direct_dispatch__full_chunk_h10,row_04953__single_block__direct_dispatch,18,4953,single_block,full_chunk_h10,10,10,1d0a2989e76d920a59ac3a743781f15f16a583e4ded7a55d9122c2e8345072f1,af7c0afa97d566d0b6103c1987699272206fed545e580febec05c23d4443ae45,20.0,92.31015000113985,124.31015000117895,20.893699999987803,16.000000000076398,3.427600000009079,16.563700000006065,0.0,0.7858999999825755,hold,supervision_budget_exceeded,hold,supervision_budget,True,10,0,False,False,True,False,True,True,True,10,0,0,0,10,0,0,10,0,True,False,True,False,9010,8592,418,0.953607103218646,7,10,1
armbench.pi05_windowed_cpu_replay.v1,row_04953__narrow_gate__direct_dispatch__full_chunk_h10,row_04953__narrow_gate__direct_dispatch,18,4953,narrow_gate,full_chunk_h10,10,10,1d0a2989e76d920a59ac3a743781f15f16a583e4ded7a55d9122c2e8345072f1,af7c0afa97d566d0b6103c1987699272206fed545e580febec05c23d4443ae45,20.0,92.36935000080848,123.36935000087124,24.006800000051953,31.000000000062755,1.7542000000503322,15.996100000052138,5.656100000010156,0.4781999999750042,hold,supervision_budget_exceeded,hold,supervision_budget,True,10,0,False,False,True,False,True,True,True,10,0,0,0,10,0,0,10,0,True,False,True,False,18792,18095,697,0.962909748829289,14,10,3
armbench.pi05_windowed_cpu_replay.v1,row_04773__free_space__direct_dispatch__full_chunk_h10,row_04773__free_space__direct_dispatch,19,4773,free_space,full_chunk_h10,10,10,0012494746ac6d95bef31165b95dad73d2233ce508b720c3e77a99bb8cb95b24,c523c8dc9161531afa6950372597ab78cbf73daa99043843e1df48ebd20b87dd,20.0,82.32979899912607,113.32979899918882,25.368100000036975,31.000000000062755,1.9075999999813575,8.555099999966842,14.24459999998362,0.5562999999710883,hold,supervision_budget_exceeded,hold,supervision_budget,True,10,0,False,False,True,False,True,True,True,10,0,0,0,10,0,0,10,0,True,False,True,False,12495,11970,525,0.957983193277311,18,10,5
armbench.pi05_windowed_cpu_replay.v1,row_04773__single_block__direct_dispatch__full_chunk_h10,row_04773__single_block__direct_dispatch,19,4773,single_block,full_chunk_h10,10,10,0012494746ac6d95bef31165b95dad73d2233ce508b720c3e77a99bb8cb95b24,c523c8dc9161531afa6950372597ab78cbf73daa99043843e1df48ebd20b87dd,20.0,82.25449900055537,113.25449900061813,23.307400000021516,31.000000000062755,3.3299000000397427,18.406499999969128,0.0,1.4737000000195621,hold,supervision_budget_exceeded,hold,supervision_budget,True,10,0,False,False,True,False,True,True,True,10,0,0,0,10,0,0,10,0,True,False,True,False,10710,10228,482,0.9549953314659198,10,10,1
armbench.pi05_windowed_cpu_replay.v1,row_04773__narrow_gate__direct_dispatch__full_chunk_h10,row_04773__narrow_gate__direct_dispatch,19,4773,narrow_gate,full_chunk_h10,10,10,0012494746ac6d95bef31165b95dad73d2233ce508b720c3e77a99bb8cb95b24,c523c8dc9161531afa6950372597ab78cbf73daa99043843e1df48ebd20b87dd,20.0,82.55759899475379,113.55759899470286,22.667500000011387,30.99999999994907,2.2032000000535845,16.78479999998217,2.919199999951161,0.6139000000757733,hold,supervision_budget_exceeded,hold,supervision_budget,True,10,0,False,False,True,False,True,True,True,10,0,0,0,10,0,0,10,0,True,False,True,False,14040,13486,554,0.9605413105413105,12,10,2
armbench.pi05_windowed_cpu_replay.v1,row_04462__free_space__direct_dispatch__full_chunk_h10,row_04462__free_space__direct_dispatch,20,4462,free_space,full_chunk_h10,10,10,70b9224f98dd7ca753ca304e5409a01563f652e68827468e70fea86b3cbcc658,4abfdd49b70a0970fc43182fee4ecd8db8b3a1103b6106940ef4768751d612f5,20.0,111.02229199605063,142.02229199611338,22.658100000057857,15.99999999996271,3.4087999999883323,18.384699999955956,0.0,0.6955000000061773,hold,supervision_budget_exceeded,hold,supervision_budget,True,10,0,False,False,True,False,True,True,True,10,0,0,0,10,0,0,10,0,True,False,True,False,7791,7416,375,0.9518675394686177,7,10,1
armbench.pi05_windowed_cpu_replay.v1,row_04462__single_block__direct_dispatch__full_chunk_h10,row_04462__single_block__direct_dispatch,20,4462,single_block,full_chunk_h10,10,10,70b9224f98dd7ca753ca304e5409a01563f652e68827468e70fea86b3cbcc658,4abfdd49b70a0970fc43182fee4ecd8db8b3a1103b6106940ef4768751d612f5,20.0,111.17109200131381,142.17109200126288,21.182399999929657,15.99999999996271,3.3687999999756357,17.41350000008879,0.0,0.3034999999727006,hold,supervision_budget_exceeded,hold,supervision_budget,True,10,0,False,False,True,False,True,True,True,10,0,0,0,10,4,0,10,6,False,False,True,False,9010,8499,511,0.9432852386237514,6,10,1
armbench.pi05_windowed_cpu_replay.v1,row_04462__narrow_gate__direct_dispatch__full_chunk_h10,row_04462__narrow_gate__direct_dispatch,20,4462,narrow_gate,full_chunk_h10,10,10,70b9224f98dd7ca753ca304e5409a01563f652e68827468e70fea86b3cbcc658,4abfdd49b70a0970fc43182fee4ecd8db8b3a1103b6106940ef4768751d612f5,20.0,111.15519199665869,142.15519199660775,15.11690000006638,14.999999999986358,3.0745999999908236,11.625199999912184,0.0,0.34589999995660037,hold,continuous_edge_rejected:collision:static:gate_center:link6,hold,continuous_collision,True,10,0,False,False,True,False,True,True,True,10,0,0,0,10,4,0,10,6,False,False,False,False,11232,10713,512,0.9537927350427351,7,10,1
armbench.pi05_windowed_cpu_replay.v1,row_05082__free_space__direct_dispatch__full_chunk_h10,row_05082__free_space__direct_dispatch,21,5082,free_space,full_chunk_h10,10,10,577d2da6f2f31ec5d381f089ea57502db82b6bcd60b682984a7bf79c80ba6092,01dade6ca27dafa314483483e6e8cc87c661081fba638c5b15cddc8479ab1bc9,20.0,110.6104869977571,141.61048699781986,22.266900000090573,14.999999999986358,3.7125000000060027,17.995599999949263,0.0,0.45050000005630864,hold,supervision_budget_exceeded,hold,supervision_budget,True,10,0,False,False,True,False,True,True,True,10,0,0,0,10,0,0,10,0,True,False,True,False,8967,8527,440,0.9509311921489907,5,10,1
armbench.pi05_windowed_cpu_replay.v1,row_05082__single_block__direct_dispatch__full_chunk_h10,row_05082__single_block__direct_dispatch,21,5082,single_block,full_chunk_h10,10,10,577d2da6f2f31ec5d381f089ea57502db82b6bcd60b682984a7bf79c80ba6092,01dade6ca27dafa314483483e6e8cc87c661081fba638c5b15cddc8479ab1bc9,20.0,110.89368699322222,126.89368699318493,9.735500000033426,0.0,2.5613000000248576,6.429700000012417,0.0,0.6684999999606589,hold,continuous_edge_rejected:collision:static:center_block:link6,hold,continuous_collision,True,10,0,False,False,True,False,True,True,True,10,0,0,0,10,7,0,10,7,False,False,False,False,5100,4826,267,0.9462745098039216,4,10,1
armbench.pi05_windowed_cpu_replay.v1,row_05082__narrow_gate__direct_dispatch__full_chunk_h10,row_05082__narrow_gate__direct_dispatch,21,5082,narrow_gate,full_chunk_h10,10,10,577d2da6f2f31ec5d381f089ea57502db82b6bcd60b682984a7bf79c80ba6092,01dade6ca27dafa314483483e6e8cc87c661081fba638c5b15cddc8479ab1bc9,20.0,111.32948700105771,158.3294870009695,23.34849999999733,31.99999999992542,3.7557999999080494,19.086500000071283,0.0,0.3102000000581029,hold,supervision_budget_exceeded,hold,supervision_budget,True,10,0,False,False,True,False,True,True,True,10,0,0,0,10,5,0,10,7,False,False,True,False,14472,13768,704,0.9513543394140409,5,10,1
armbench.pi05_windowed_cpu_replay.v1,row_05128__free_space__direct_dispatch__full_chunk_h10,row_05128__free_space__direct_dispatch,22,5128,free_space,full_chunk_h10,10,10,0e92838da6d4cdb706e0b8d31366212826fa86c5ce6ccd320378f7981599112c,1d370b9f51508df4beed68f031701f37a5f21f8c4c255ff7d807681da0595010,20.0,81.91675999842118,112.91675999848394,23.23460000002342,15.99999999996271,3.278800000089177,13.459999999895444,6.136699999956363,0.22410000008221687,hold,supervision_budget_exceeded,hold,supervision_budget,True,10,0,False,False,True,False,True,True,True,10,0,0,0,10,0,0,10,0,True,False,True,False,12495,11948,547,0.9562224889955983,14,10,3
armbench.pi05_windowed_cpu_replay.v1,row_05128__single_block__direct_dispatch__full_chunk_h10,row_05128__single_block__direct_dispatch,22,5128,single_block,full_chunk_h10,10,10,0e92838da6d4cdb706e0b8d31366212826fa86c5ce6ccd320378f7981599112c,1d370b9f51508df4beed68f031701f37a5f21f8c4c255ff7d807681da0595010,20.0,82.06626000173856,113.06626000168762,21.230199999990873,14.999999999986358,1.480300000025636,19.0436000000318,0.0,0.6339999999909196,hold,supervision_budget_exceeded,hold,supervision_budget,True,10,0,False,False,True,False,True,True,True,10,0,0,0,10,3,0,10,5,False,False,True,False,7650,7260,390,0.9490196078431372,6,10,1
armbench.pi05_windowed_cpu_replay.v1,row_05128__narrow_gate__direct_dispatch__full_chunk_h10,row_05128__narrow_gate__direct_dispatch,22,5128,narrow_gate,full_chunk_h10,10,10,0e92838da6d4cdb706e0b8d31366212826fa86c5ce6ccd320378f7981599112c,1d370b9f51508df4beed68f031701f37a5f21f8c4c255ff7d807681da0595010,20.0,81.9978599975002,128.99785999752567,25.57769999998527,30.99999999994907,3.1355999999505,21.91040000002431,0.0,0.39920000006077316,hold,supervision_budget_exceeded,hold,supervision_budget,True,10,0,False,False,True,False,True,True,True,10,0,0,0,10,1,0,10,3,False,False,True,False,19656,18721,935,0.9524318274318274,9,10,1
armbench.pi05_windowed_cpu_replay.v1,row_05011__free_space__direct_dispatch__full_chunk_h10,row_05011__free_space__direct_dispatch,23,5011,free_space,full_chunk_h10,10,10,24f71f3f30cc2312cc0339c738754d5367bbccc0f419fe35bd17438d01f7e5b0,5ccd6d1a2328ecc0a38473974ed081f411090ae36654167fb6a57fadcc5d3931,20.0,125.8769419946475,157.87694199457292,22.931299999982002,31.99999999992542,1.352399999973386,20.86429999997108,0.0,0.6522999999560852,hold,supervision_budget_exceeded,hold,supervision_budget,True,10,0,False,False,True,False,True,True,True,10,0,0,0,10,0,0,10,1,False,False,True,False,13377,12693,684,0.9488674590715407,7,10,1
armbench.pi05_windowed_cpu_replay.v1,row_05011__single_block__direct_dispatch__full_chunk_h10,row_05011__single_block__direct_dispatch,23,5011,single_block,full_chunk_h10,10,10,24f71f3f30cc2312cc0339c738754d5367bbccc0f419fe35bd17438d01f7e5b0,5ccd6d1a2328ecc0a38473974ed081f411090ae36654167fb6a57fadcc5d3931,20.0,125.52454199612839,156.52454199619115,20.687800000018797,15.000000000100044,1.3159999999743377,18.718599999942853,0.0,0.5840999999691121,hold,supervision_budget_exceeded,hold,supervision_budget,True,10,0,False,False,True,False,True,True,True,10,0,0,0,10,0,0,10,1,False,False,True,False,19550,18568,982,0.949769820971867,10,10,1
armbench.pi05_windowed_cpu_replay.v1,row_05011__narrow_gate__direct_dispatch__full_chunk_h10,row_05011__narrow_gate__direct_dispatch,23,5011,narrow_gate,full_chunk_h10,10,10,24f71f3f30cc2312cc0339c738754d5367bbccc0f419fe35bd17438d01f7e5b0,5ccd6d1a2328ecc0a38473974ed081f411090ae36654167fb6a57fadcc5d3931,20.0,125.34244199923705,172.34244199926252,23.681199999941782,31.000000000062755,2.3558000000321044,20.542100000056962,0.0,0.6996999999273612,hold,supervision_budget_exceeded,hold,supervision_budget,True,10,0,False,False,True,False,True,True,True,10,0,0,0,10,0,0,10,1,False,False,True,False,16200,15624,576,0.9644444444444444,6,10,1
armbench.pi05_windowed_cpu_replay.v1,row_06407__free_space__direct_dispatch__full_chunk_h10,row_06407__free_space__direct_dispatch,24,6407,free_space,full_chunk_h10,10,10,7b5e04770f18653120842172231465c3df16a76a94e8a11104babba987988de8,163c4b568398a13e54290749468fb7e5ed31079b00f2ea8a45847de2f701b494,20.0,79.93548199738143,95.93548199734414,20.71730000000116,15.99999999996271,3.7204999999858046,16.193100000009508,0.0,0.6546000000753338,hold,supervision_budget_exceeded,hold,supervision_budget,True,10,0,False,False,True,False,True,True,True,10,0,0,0,10,0,0,10,0,True,False,True,False,11613,11070,543,0.9532420563161974,7,10,1
armbench.pi05_windowed_cpu_replay.v1,row_06407__single_block__direct_dispatch__full_chunk_h10,row_06407__single_block__direct_dispatch,24,6407,single_block,full_chunk_h10,10,10,7b5e04770f18653120842172231465c3df16a76a94e8a11104babba987988de8,163c4b568398a13e54290749468fb7e5ed31079b00f2ea8a45847de2f701b494,20.0,79.68128198990598,110.68128198996874,19.323999999983243,15.000000000100044,6.524200000058045,12.137699999925644,0.0,0.5603000000746761,hold,continuous_edge_rejected:collision:static:center_block:hand,hold,continuous_collision,True,10,0,False,False,True,False,True,True,True,10,0,0,0,10,5,0,10,7,False,False,False,False,8500,8041,454,0.946,6,10,1
armbench.pi05_windowed_cpu_replay.v1,row_06407__narrow_gate__direct_dispatch__full_chunk_h10,row_06407__narrow_gate__direct_dispatch,24,6407,narrow_gate,full_chunk_h10,10,10,7b5e04770f18653120842172231465c3df16a76a94e8a11104babba987988de8,163c4b568398a13e54290749468fb7e5ed31079b00f2ea8a45847de2f701b494,20.0,79.81598198966822,111.81598198970732,23.828699999967284,32.00000000003911,3.2175000000052023,19.891800000095827,0.0,0.609600000075261,hold,supervision_budget_exceeded,hold,supervision_budget,True,10,0,False,False,True,False,True,True,True,10,0,0,0,10,3,0,10,5,False,False,True,False,17928,17046,882,0.9508032128514057,7,10,1
armbench.pi05_windowed_cpu_replay.v1,row_06364__free_space__direct_dispatch__full_chunk_h10,row_06364__free_space__direct_dispatch,25,6364,free_space,full_chunk_h10,10,10,099bef15a0770071b640eb04fb9e343f82702d9e681553817b0e1967bc447ca8,ad141d2432b6f05d03249225fd1c40933676be458ff6debfc024bc3605ae5e44,20.0,82.34263800113695,113.3426380011997,23.18589999993037,31.000000000062755,4.400899999950525,14.964299999974173,2.4961999999959517,1.1657000000013795,hold,supervision_budget_exceeded,hold,supervision_budget,True,10,0,False,False,True,False,True,True,True,10,0,0,0,10,0,0,10,0,True,False,True,False,8673,8329,344,0.9603366770436988,12,10,2
armbench.pi05_windowed_cpu_replay.v1,row_06364__single_block__direct_dispatch__full_chunk_h10,row_06364__single_block__direct_dispatch,25,6364,single_block,full_chunk_h10,10,10,099bef15a0770071b640eb04fb9e343f82702d9e681553817b0e1967bc447ca8,ad141d2432b6f05d03249225fd1c40933676be458ff6debfc024bc3605ae5e44,20.0,82.07083799061365,98.07083799057636,7.769300000063595,15.99999999996271,1.3231000000359927,5.960899999990943,0.0,0.4177000000709086,hold,continuous_edge_rejected:collision:static:center_block:hand,hold,continuous_collision,True,10,0,False,False,True,False,True,True,True,10,0,0,0,10,1,0,10,3,False,False,False,False,9180,8802,373,0.9588235294117647,10,10,1
armbench.pi05_windowed_cpu_replay.v1,row_06364__narrow_gate__direct_dispatch__full_chunk_h10,row_06364__narrow_gate__direct_dispatch,25,6364,narrow_gate,full_chunk_h10,10,10,099bef15a0770071b640eb04fb9e343f82702d9e681553817b0e1967bc447ca8,ad141d2432b6f05d03249225fd1c40933676be458ff6debfc024bc3605ae5e44,20.0,82.32073799445061,114.32073799448972,25.342399999999543,32.00000000003911,1.3407999999799358,9.10989999999856,13.66480000001502,1.1253000000124302,hold,supervision_budget_exceeded,hold,supervision_budget,True,10,0,False,False,True,False,True,True,True,10,0,0,0,10,0,0,10,0,True,False,True,False,14472,13929,543,0.9624792703150912,18,10,5
armbench.pi05_windowed_cpu_replay.v1,row_06056__free_space__direct_dispatch__full_chunk_h10,row_06056__free_space__direct_dispatch,26,6056,free_space,full_chunk_h10,10,10,d0b5162cd61b5df39a5caf842d2257e7f6d300cbbf1f21fa30dcf183810e85e2,c9a378e3af3f286959ccc6ce0aab8e5df4db1d375fa82cf308f21e70bfb38b4e,20.0,119.53662599989912,151.53662599993822,24.07340000002023,16.000000000076398,3.1864000000041415,11.024799999972856,9.179499999959262,0.5912000000307671,hold,supervision_budget_exceeded,hold,supervision_budget,True,10,0,False,False,True,False,True,True,True,10,0,0,0,10,0,0,10,0,True,False,True,False,14847,14196,651,0.9561527581329562,18,10,5
armbench.pi05_windowed_cpu_replay.v1,row_06056__single_block__direct_dispatch__full_chunk_h10,row_06056__single_block__direct_dispatch,26,6056,single_block,full_chunk_h10,10,10,d0b5162cd61b5df39a5caf842d2257e7f6d300cbbf1f21fa30dcf183810e85e2,c9a378e3af3f286959ccc6ce0aab8e5df4db1d375fa82cf308f21e70bfb38b4e,20.0,119.18442600290291,150.18442600296567,20.34600000001774,14.999999999986358,1.702000000022963,9.252299999957359,9.042599999929735,0.24710000002414745,hold,supervision_budget_exceeded,hold,supervision_budget,True,10,0,False,False,True,False,True,True,True,10,0,0,0,10,0,0,10,0,True,False,True,False,17170,16507,663,0.9613861386138614,18,10,5
armbench.pi05_windowed_cpu_replay.v1,row_06056__narrow_gate__direct_dispatch__full_chunk_h10,row_06056__narrow_gate__direct_dispatch,26,6056,narrow_gate,full_chunk_h10,10,10,d0b5162cd61b5df39a5caf842d2257e7f6d300cbbf1f21fa30dcf183810e85e2,c9a378e3af3f286959ccc6ce0aab8e5df4db1d375fa82cf308f21e70bfb38b4e,20.0,119.34112600283697,135.34112600279968,21.34719999992285,15.99999999996271,2.178299999968658,12.80399999996007,5.929700000024241,0.3621000000748609,hold,supervision_budget_exceeded,hold,supervision_budget,True,10,0,False,False,True,False,True,True,True,10,0,0,0,10,0,0,10,0,True,False,True,False,18360,17741,619,0.9662854030501089,16,10,4
armbench.pi05_windowed_cpu_replay.v1,row_07683__free_space__direct_dispatch__full_chunk_h10,row_07683__free_space__direct_dispatch,27,7683,free_space,full_chunk_h10,10,10,a00422d34079c464db8df8c5409bf2828aea05bbf77b08b587c170edb57e57c7,61b0433210982b6803e6e79c30ad66cf82384038c635fbc9cec97f43c2d5f63a,20.0,80.2862310083583,111.28623100830737,20.967700000028344,14.999999999986358,1.2900000000399814,19.3159000000378,0.0,0.275299999998424,hold,supervision_budget_exceeded,hold,supervision_budget,True,10,0,False,False,True,False,True,True,True,10,0,0,0,10,0,0,10,0,True,False,True,False,12495,11860,635,0.9491796718687475,7,10,1
armbench.pi05_windowed_cpu_replay.v1,row_07683__single_block__direct_dispatch__full_chunk_h10,row_07683__single_block__direct_dispatch,27,7683,single_block,full_chunk_h10,10,10,a00422d34079c464db8df8c5409bf2828aea05bbf77b08b587c170edb57e57c7,61b0433210982b6803e6e79c30ad66cf82384038c635fbc9cec97f43c2d5f63a,20.0,80.42503100296017,111.42503100302292,21.47130000003017,15.000000000100044,4.714200000080382,16.064400000004753,0.0,0.5075000000260843,hold,supervision_budget_exceeded,hold,supervision_budget,True,10,0,False,False,True,False,True,True,True,10,0,0,0,10,0,0,10,0,True,False,True,False,11730,11212,518,0.9558397271952259,6,10,1
armbench.pi05_windowed_cpu_replay.v1,row_07683__narrow_gate__direct_dispatch__full_chunk_h10,row_07683__narrow_gate__direct_dispatch,27,7683,narrow_gate,full_chunk_h10,10,10,a00422d34079c464db8df8c5409bf2828aea05bbf77b08b587c170edb57e57c7,61b0433210982b6803e6e79c30ad66cf82384038c635fbc9cec97f43c2d5f63a,20.0,80.37813100963831,112.37813100956373,26.810199999999895,15.99999999996271,6.140999999956875,18.908900000042195,0.0,1.5328000000636166,hold,supervision_budget_exceeded,hold,supervision_budget,True,10,0,False,False,True,False,True,True,True,10,0,0,0,10,0,0,10,0,True,False,True,False,14904,14394,510,0.965780998389694,6,10,1
armbench.pi05_windowed_cpu_replay.v1,row_07373__free_space__direct_dispatch__full_chunk_h10,row_07373__free_space__direct_dispatch,28,7373,free_space,full_chunk_h10,10,10,e342e284a6b9329bf43b6560e5358b71495f40177533837036afecf930c2b4c0,3dbd650490cea64352a1dbaccb6f541b5a9d1998528a622fd0fd896330c63f5e,20.0,95.29193700291216,127.29193700295127,21.649700000011762,32.00000000003911,1.3038000000733518,8.512700000096629,11.365100000034545,0.40459999991071527,hold,supervision_budget_exceeded,hold,supervision_budget,True,10,0,False,False,True,False,True,True,True,10,0,0,0,10,0,0,10,0,True,False,True,False,13965,13350,615,0.9559613319011815,20,10,6
armbench.pi05_windowed_cpu_replay.v1,row_07373__single_block__direct_dispatch__full_chunk_h10,row_07373__single_block__direct_dispatch,28,7373,single_block,full_chunk_h10,10,10,e342e284a6b9329bf43b6560e5358b71495f40177533837036afecf930c2b4c0,3dbd650490cea64352a1dbaccb6f541b5a9d1998528a622fd0fd896330c63f5e,20.0,94.81193700048607,125.81193700054882,25.371599999971295,31.000000000062755,2.050399999916408,10.873899999978676,11.758499999928063,0.5661000000145577,hold,supervision_budget_exceeded,hold,supervision_budget,True,10,0,False,False,True,False,True,True,True,10,0,0,0,10,0,0,10,1,False,False,True,False,11390,10847,543,0.9523266022827042,14,10,3
armbench.pi05_windowed_cpu_replay.v1,row_07373__narrow_gate__direct_dispatch__full_chunk_h10,row_07373__narrow_gate__direct_dispatch,28,7373,narrow_gate,full_chunk_h10,10,10,e342e284a6b9329bf43b6560e5358b71495f40177533837036afecf930c2b4c0,3dbd650490cea64352a1dbaccb6f541b5a9d1998528a622fd0fd896330c63f5e,20.0,94.97553700202843,126.97553700206754,22.160999999982778,16.000000000076398,1.3761000000158674,15.702599999940503,4.590099999973063,0.39610000010270596,hold,supervision_budget_exceeded,hold,supervision_budget,True,10,0,False,False,True,False,True,True,True,10,0,0,0,10,0,0,10,0,True,False,True,False,14472,14003,469,0.9675925925925926,14,10,3
armbench.pi05_windowed_cpu_replay.v1,row_07772__free_space__direct_dispatch__full_chunk_h10,row_07772__free_space__direct_dispatch,29,7772,free_space,full_chunk_h10,10,10,c3533edfda4b0016620bef05041c1b2e100c114929dc01b6c006379c8f39062d,f9efe20bb0146929d0da2aab6cb2d34cae1c034a2e8891af5c57bfffe379dbff,20.0,109.84383399772923,141.84383399765466,22.375600000032136,15.99999999996271,1.6479000000799715,20.046099999945,0.0,0.5908000000545144,hold,supervision_budget_exceeded,hold,supervision_budget,True,10,0,False,False,True,False,True,True,True,10,0,0,0,10,0,0,10,0,True,False,True,False,19257,18288,969,0.9496806356130238,10,10,1
armbench.pi05_windowed_cpu_replay.v1,row_07772__single_block__direct_dispatch__full_chunk_h10,row_07772__single_block__direct_dispatch,29,7772,single_block,full_chunk_h10,10,10,c3533edfda4b0016620bef05041c1b2e100c114929dc01b6c006379c8f39062d,f9efe20bb0146929d0da2aab6cb2d34cae1c034a2e8891af5c57bfffe379dbff,20.0,109.91603399452288,155.916033994572,22.649800000067444,30.99999999994907,1.6083000000435277,20.65190000007533,0.0,0.3095000000712389,hold,supervision_budget_exceeded,hold,supervision_budget,True,10,0,False,False,True,False,True,True,True,10,0,0,0,10,0,0,10,0,True,False,True,False,11390,10864,526,0.953819139596137,6,10,1
armbench.pi05_windowed_cpu_replay.v1,row_07772__narrow_gate__direct_dispatch__full_chunk_h10,row_07772__narrow_gate__direct_dispatch,29,7772,narrow_gate,full_chunk_h10,10,10,c3533edfda4b0016620bef05041c1b2e100c114929dc01b6c006379c8f39062d,f9efe20bb0146929d0da2aab6cb2d34cae1c034a2e8891af5c57bfffe379dbff,20.0,109.8769340023864,140.87693400244916,19.92490000009184,31.000000000062755,4.274300000020048,14.7745000000441,0.0,0.7264000000759552,hold,continuous_edge_rejected:collision:static:gate_lower:link6,hold,continuous_collision,True,10,0,False,False,True,False,True,True,True,10,0,0,0,10,4,0,10,5,False,False,False,False,14688,14101,582,0.9600354030501089,7,10,1
armbench.pi05_windowed_cpu_replay.v1,row_00763__free_space__direct_dispatch__certified_window_h1,row_00763__free_space__direct_dispatch,0,763,free_space,certified_window_h1,10,1,2ba514276e139d381b7b19bf859e964ad7e1b157ca9f234909fb87328f08ec28,b56fd1812b3fb3885c3ac175b614bb6edab1f9d4c62563c2f5feacb164001b0e,20.0,103.75407699757488,119.7540769975376,5.037700000002587,15.99999999996271,1.1048000000073444,2.8528999999934967,0.9749999999257852,0.0,execute,qp_continuous_collision_and_braking_invariant_passed,accepted,,True,1,1,True,False,True,True,True,True,True,1,0,0,0,1,0,0,1,0,True,False,False,False,1029,992,37,0.9640427599611273,2,1,1
armbench.pi05_windowed_cpu_replay.v1,row_00763__single_block__direct_dispatch__certified_window_h1,row_00763__single_block__direct_dispatch,0,763,single_block,certified_window_h1,10,1,2ba514276e139d381b7b19bf859e964ad7e1b157ca9f234909fb87328f08ec28,b56fd1812b3fb3885c3ac175b614bb6edab1f9d4c62563c2f5feacb164001b0e,20.0,102.52607700385852,102.52607700385852,7.515699999999015,0.0,0.571100000001934,1.75909999995838,5.099300000097173,0.0,execute,qp_continuous_collision_and_braking_invariant_passed,accepted,,True,1,1,True,False,True,True,True,True,True,1,0,0,0,1,0,0,1,0,True,False,False,False,1190,1151,39,0.9672268907563025,2,1,1
armbench.pi05_windowed_cpu_replay.v1,row_00763__narrow_gate__direct_dispatch__certified_window_h1,row_00763__narrow_gate__direct_dispatch,0,763,narrow_gate,certified_window_h1,10,1,2ba514276e139d381b7b19bf859e964ad7e1b157ca9f234909fb87328f08ec28,b56fd1812b3fb3885c3ac175b614bb6edab1f9d4c62563c2f5feacb164001b0e,20.0,103.48747699754313,103.48747699754313,4.408900000044014,0.0,0.5984000000580636,1.5526999999337932,2.1355000000085056,0.0,execute,qp_continuous_collision_and_braking_invariant_passed,accepted,,True,1,1,True,False,True,True,True,True,True,1,0,0,0,1,0,0,1,0,True,False,False,False,1512,1475,37,0.9755291005291006,2,1,1
armbench.pi05_windowed_cpu_replay.v1,row_00458__free_space__direct_dispatch__certified_window_h1,row_00458__free_space__direct_dispatch,1,458,free_space,certified_window_h1,10,1,539d85427650fb89affee25f827ab92f2803af4f4686cdda7625ebbcfc4e125f,705a038ef6ff4b2658b46e5472bc8df1e9ca7f96b422012a15a6784136d45969,20.0,82.58776900765952,82.58776900765952,2.5282999999944877,0.0,0.4846000000497952,0.6762000000435364,1.270299999987401,0.0,execute,qp_continuous_collision_and_braking_invariant_passed,accepted,,True,1,1,True,False,True,True,True,True,True,1,0,0,0,1,0,0,1,0,True,False,False,False,1029,992,37,0.9640427599611273,2,1,1
armbench.pi05_windowed_cpu_replay.v1,row_00458__single_block__direct_dispatch__certified_window_h1,row_00458__single_block__direct_dispatch,1,458,single_block,certified_window_h1,10,1,539d85427650fb89affee25f827ab92f2803af4f4686cdda7625ebbcfc4e125f,705a038ef6ff4b2658b46e5472bc8df1e9ca7f96b422012a15a6784136d45969,20.0,82.50796900392743,82.50796900392743,2.629100000035578,0.0,0.7636999999931504,0.6764000000885062,1.1372000000164917,0.0,execute,qp_continuous_collision_and_braking_invariant_passed,accepted,,True,1,1,True,False,True,True,True,True,True,1,0,0,0,1,0,0,1,0,True,False,False,False,1190,1147,43,0.9638655462184874,2,1,1
armbench.pi05_windowed_cpu_replay.v1,row_00458__narrow_gate__direct_dispatch__certified_window_h1,row_00458__narrow_gate__direct_dispatch,1,458,narrow_gate,certified_window_h1,10,1,539d85427650fb89affee25f827ab92f2803af4f4686cdda7625ebbcfc4e125f,705a038ef6ff4b2658b46e5472bc8df1e9ca7f96b422012a15a6784136d45969,20.0,83.1604690029053,83.1604690029053,2.0144000000072992,0.0,0.37310000004708854,0.6415000000288273,0.9344999999711945,0.0,execute,qp_continuous_collision_and_braking_invariant_passed,accepted,,True,1,1,True,False,True,True,True,True,True,1,0,0,0,1,0,0,1,0,True,False,False,False,1512,1474,38,0.9748677248677249,2,1,1
armbench.pi05_windowed_cpu_replay.v1,row_00222__free_space__direct_dispatch__certified_window_h1,row_00222__free_space__direct_dispatch,2,222,free_space,certified_window_h1,10,1,7ed64e746df909ff0c71898c554048b30bb88de50d94a6f43787c50679b174e2,b69a7d362fb7e47b2a50382eadf348a29e8f0b78e7b1256782b263799aa9e2dd,20.0,171.54230199957965,171.54230199957965,4.917799999930139,0.0,0.5790000000160944,1.8217000000504413,2.2112000000333865,0.0,execute,qp_continuous_collision_and_braking_invariant_passed,accepted,,True,1,1,True,False,True,True,True,True,True,1,0,0,0,1,0,0,1,0,True,False,False,False,1029,992,37,0.9640427599611273,2,1,1
armbench.pi05_windowed_cpu_replay.v1,row_00222__single_block__direct_dispatch__certified_window_h1,row_00222__single_block__direct_dispatch,2,222,single_block,certified_window_h1,10,1,7ed64e746df909ff0c71898c554048b30bb88de50d94a6f43787c50679b174e2,b69a7d362fb7e47b2a50382eadf348a29e8f0b78e7b1256782b263799aa9e2dd,20.0,171.895202001906,186.89520200200604,4.578799999990224,15.000000000100044,0.685499999917738,1.709100000084618,2.066199999944729,0.0,execute,qp_continuous_collision_and_braking_invariant_passed,accepted,,True,1,1,True,False,True,True,True,True,True,1,0,0,0,1,0,0,1,0,True,False,False,False,1190,1145,45,0.9621848739495799,2,1,1
armbench.pi05_windowed_cpu_replay.v1,row_00222__narrow_gate__direct_dispatch__certified_window_h1,row_00222__narrow_gate__direct_dispatch,2,222,narrow_gate,certified_window_h1,10,1,7ed64e746df909ff0c71898c554048b30bb88de50d94a6f43787c50679b174e2,b69a7d362fb7e47b2a50382eadf348a29e8f0b78e7b1256782b263799aa9e2dd,20.0,171.71460199460853,171.71460199460853,4.4086000000334025,0.0,0.6186000000525382,1.5772000000424669,2.088900000103422,0.0,execute,qp_continuous_collision_and_braking_invariant_passed,accepted,,True,1,1,True,False,True,True,True,True,True,1,0,0,0,1,0,0,1,0,True,False,False,False,1512,1474,38,0.9748677248677249,2,1,1
armbench.pi05_windowed_cpu_replay.v1,row_01467__free_space__direct_dispatch__certified_window_h1,row_01467__free_space__direct_dispatch,3,1467,free_space,certified_window_h1,10,1,0d05a20d8a90b30eac6e6dfc2e65c5d447cb062d06863c48db1367dbdc8d27af,3bc3e32134d462e96ed688fff9c17004cfdec98478434029cc7881deebbd9761,20.0,92.3235240043141,92.3235240043141,1.6935999999532214,0.0,0.282599999991362,0.39660000004460016,0.9841999999480322,0.0,execute,qp_continuous_collision_and_braking_invariant_passed,accepted,,True,1,1,True,False,True,True,True,True,True,1,0,0,0,1,0,0,1,0,True,False,False,False,735,710,25,0.9659863945578231,2,1,1
armbench.pi05_windowed_cpu_replay.v1,row_01467__single_block__direct_dispatch__certified_window_h1,row_01467__single_block__direct_dispatch,3,1467,single_block,certified_window_h1,10,1,0d05a20d8a90b30eac6e6dfc2e65c5d447cb062d06863c48db1367dbdc8d27af,3bc3e32134d462e96ed688fff9c17004cfdec98478434029cc7881deebbd9761,20.0,92.74982400529552,107.74982400528188,2.861699999925804,14.999999999986358,0.4393000000391112,0.4817999999886524,1.8784000000096057,0.0,execute,qp_continuous_collision_and_braking_invariant_passed,accepted,,True,1,1,True,False,True,True,True,True,True,1,0,0,0,1,0,0,1,0,True,False,False,False,850,825,25,0.9705882352941176,2,1,1
armbench.pi05_windowed_cpu_replay.v1,row_01467__narrow_gate__direct_dispatch__certified_window_h1,row_01467__narrow_gate__direct_dispatch,3,1467,narrow_gate,certified_window_h1,10,1,0d05a20d8a90b30eac6e6dfc2e65c5d447cb062d06863c48db1367dbdc8d27af,3bc3e32134d462e96ed688fff9c17004cfdec98478434029cc7881deebbd9761,20.0,92.48282400221797,108.48282400229436,3.8365999999996347,16.000000000076398,0.5474000000731394,0.8504999999559004,2.372900000068512,0.0,execute,qp_continuous_collision_and_braking_invariant_passed,accepted,,True,1,1,True,False,True,True,True,True,True,1,0,0,0,1,0,0,1,0,True,False,False,False,1080,1055,25,0.9768518518518519,2,1,1
armbench.pi05_windowed_cpu_replay.v1,row_00954__free_space__direct_dispatch__certified_window_h1,row_00954__free_space__direct_dispatch,4,954,free_space,certified_window_h1,10,1,8c426cf29f252a7c103234ca72eff693daec4272e1eff735e0f325be6c8368bb,dde903c4a55eb39fb902e048d3567de13b4e217915f5a9271a44c7b1dbf9b5ba,20.0,84.07754999643657,100.07754999639928,3.236300000025949,15.99999999996271,0.29359999996358965,0.9151000000429121,1.9971000000396089,0.0,execute,qp_continuous_collision_and_braking_invariant_passed,accepted,,True,1,1,True,False,True,True,True,True,True,1,0,0,0,1,0,0,1,0,True,False,False,False,1029,991,38,0.9630709426627794,2,1,1
armbench.pi05_windowed_cpu_replay.v1,row_00954__single_block__direct_dispatch__certified_window_h1,row_00954__single_block__direct_dispatch,4,954,single_block,certified_window_h1,10,1,8c426cf29f252a7c103234ca72eff693daec4272e1eff735e0f325be6c8368bb,dde903c4a55eb39fb902e048d3567de13b4e217915f5a9271a44c7b1dbf9b5ba,20.0,83.76884999597678,98.76884999596314,1.8248000000085085,14.999999999986358,0.3154999999424035,0.6118000000014945,0.8495999999240667,0.0,execute,qp_continuous_collision_and_braking_invariant_passed,accepted,,True,1,1,True,False,True,True,True,True,True,1,0,0,0,1,0,0,1,0,True,False,False,False,1190,1149,41,0.965546218487395,2,1,1
armbench.pi05_windowed_cpu_replay.v1,row_00954__narrow_gate__direct_dispatch__certified_window_h1,row_00954__narrow_gate__direct_dispatch,4,954,narrow_gate,certified_window_h1,10,1,8c426cf29f252a7c103234ca72eff693daec4272e1eff735e0f325be6c8368bb,dde903c4a55eb39fb902e048d3567de13b4e217915f5a9271a44c7b1dbf9b5ba,20.0,83.80704999581212,99.80704999577483,2.1031999999649997,15.99999999996271,0.35000000002582965,0.8318000000144821,0.8677999999235908,0.0,execute,qp_continuous_collision_and_braking_invariant_passed,accepted,,True,1,1,True,False,True,True,True,True,True,1,0,0,0,1,0,0,1,0,True,False,False,False,1512,1471,41,0.9728835978835979,2,1,1
armbench.pi05_windowed_cpu_replay.v1,row_01576__free_space__direct_dispatch__certified_window_h1,row_01576__free_space__direct_dispatch,5,1576,free_space,certified_window_h1,10,1,a51612a00a37d0ea3749eb912a6f60afe1d9cd2ca5587f61e5ab60e8a19f447a,5c12398760d8e458a272cc572b4685f495ff0deb4620a6e307896caf9fc95e22,20.0,109.7861300004297,124.78613000052974,1.897799999937888,15.000000000100044,0.3453000000490647,0.6156999999120671,0.8778000000120301,0.0,execute,qp_continuous_collision_and_braking_invariant_passed,accepted,,True,1,1,True,False,True,True,True,True,True,1,0,0,0,1,0,0,1,0,True,False,False,False,1029,992,37,0.9640427599611273,2,1,1
armbench.pi05_windowed_cpu_replay.v1,row_01576__single_block__direct_dispatch__certified_window_h1,row_01576__single_block__direct_dispatch,5,1576,single_block,certified_window_h1,10,1,a51612a00a37d0ea3749eb912a6f60afe1d9cd2ca5587f61e5ab60e8a19f447a,5c12398760d8e458a272cc572b4685f495ff0deb4620a6e307896caf9fc95e22,20.0,109.48412999277934,125.48412999274206,1.956100000029437,15.99999999996271,0.3074999999626016,0.6799000000228261,0.912899999889305,0.0,execute,qp_continuous_collision_and_braking_invariant_passed,accepted,,True,1,1,True,False,True,True,True,True,True,1,0,0,0,1,0,0,1,0,True,False,False,False,1190,1151,39,0.9672268907563025,2,1,1
armbench.pi05_windowed_cpu_replay.v1,row_01576__narrow_gate__direct_dispatch__certified_window_h1,row_01576__narrow_gate__direct_dispatch,5,1576,narrow_gate,certified_window_h1,10,1,a51612a00a37d0ea3749eb912a6f60afe1d9cd2ca5587f61e5ab60e8a19f447a,5c12398760d8e458a272cc572b4685f495ff0deb4620a6e307896caf9fc95e22,20.0,109.35532999428688,125.35532999424959,2.951100000018414,15.99999999996271,0.26349999996000406,0.8113999999750376,1.8476000000191561,0.0,execute,qp_continuous_collision_and_braking_invariant_passed,accepted,,True,1,1,True,False,True,True,True,True,True,1,0,0,0,1,0,0,1,0,True,False,False,False,1512,1474,38,0.9748677248677249,2,1,1
armbench.pi05_windowed_cpu_replay.v1,row_02114__free_space__direct_dispatch__certified_window_h1,row_02114__free_space__direct_dispatch,6,2114,free_space,certified_window_h1,10,1,3c8a04cfba03e28f556b668ecfc39ba1f3c6f600ae28115bb0d484f228805822,1dcf19075fb93027cb2563753c06c7e29fc1d4183c36d3615f8b6c4c2e8c8249,20.0,84.57347300281981,99.57347300280617,2.1736999999575346,0.0,0.43170000003556197,0.6751000000804197,0.9592999999767926,0.0,execute,qp_continuous_collision_and_braking_invariant_passed,accepted,,True,1,1,True,False,True,True,True,True,True,1,0,0,0,1,0,0,1,0,True,False,False,False,1029,992,37,0.9640427599611273,2,1,1
armbench.pi05_windowed_cpu_replay.v1,row_02114__single_block__direct_dispatch__certified_window_h1,row_02114__single_block__direct_dispatch,6,2114,single_block,certified_window_h1,10,1,3c8a04cfba03e28f556b668ecfc39ba1f3c6f600ae28115bb0d484f228805822,1dcf19075fb93027cb2563753c06c7e29fc1d4183c36d3615f8b6c4c2e8c8249,20.0,85.05257299839286,101.05257299846926,2.239600000052633,0.0,0.2666999999973996,0.6245000000717482,1.3184000000592278,0.0,execute,qp_continuous_collision_and_braking_invariant_passed,accepted,,True,1,1,True,False,True,True,True,True,True,1,0,0,0,1,0,0,1,0,True,False,False,False,1190,1151,39,0.9672268907563025,2,1,1
armbench.pi05_windowed_cpu_replay.v1,row_02114__narrow_gate__direct_dispatch__certified_window_h1,row_02114__narrow_gate__direct_dispatch,6,2114,narrow_gate,certified_window_h1,10,1,3c8a04cfba03e28f556b668ecfc39ba1f3c6f600ae28115bb0d484f228805822,1dcf19075fb93027cb2563753c06c7e29fc1d4183c36d3615f8b6c4c2e8c8249,20.0,85.04487299796892,101.04487299793163,2.2007999999686945,0.0,0.2734999999347565,0.6488000000217653,1.2498999999479565,0.0,execute,qp_continuous_collision_and_braking_invariant_passed,accepted,,True,1,1,True,False,True,True,True,True,True,1,0,0,0,1,0,0,1,0,True,False,False,False,1512,1473,39,0.9742063492063492,2,1,1
armbench.pi05_windowed_cpu_replay.v1,row_02316__free_space__direct_dispatch__certified_window_h1,row_02316__free_space__direct_dispatch,7,2316,free_space,certified_window_h1,10,1,307d796186bec85694ad45ec5f0f36b6c2d4136025b8788f52b21f8ce81cefc3,a1480c035cd6cd7359549977dc55d7bf5af5e0d46c823c9f58c37c6314ad5c92,20.0,81.15441800327972,96.15441800326607,3.2921000000669665,14.999999999986358,0.4738000000088505,1.0665999999446285,1.6974000000118394,0.0,execute,qp_continuous_collision_and_braking_invariant_passed,accepted,,True,1,1,True,False,True,True,True,True,True,1,0,0,0,1,0,0,1,0,True,False,False,False,1029,992,37,0.9640427599611273,2,1,1
armbench.pi05_windowed_cpu_replay.v1,row_02316__single_block__direct_dispatch__certified_window_h1,row_02316__single_block__direct_dispatch,7,2316,single_block,certified_window_h1,10,1,307d796186bec85694ad45ec5f0f36b6c2d4136025b8788f52b21f8ce81cefc3,a1480c035cd6cd7359549977dc55d7bf5af5e0d46c823c9f58c37c6314ad5c92,20.0,81.35241799755022,81.35241799755022,4.27880000006553,0.0,0.7045000000971413,1.385700000014367,2.0170000000234722,0.0,execute,qp_continuous_collision_and_braking_invariant_passed,accepted,,True,1,1,True,False,True,True,True,True,True,1,0,0,0,1,0,0,1,0,True,False,False,False,1190,1151,39,0.9672268907563025,2,1,1
armbench.pi05_windowed_cpu_replay.v1,row_02316__narrow_gate__direct_dispatch__certified_window_h1,row_02316__narrow_gate__direct_dispatch,7,2316,narrow_gate,certified_window_h1,10,1,307d796186bec85694ad45ec5f0f36b6c2d4136025b8788f52b21f8ce81cefc3,a1480c035cd6cd7359549977dc55d7bf5af5e0d46c823c9f58c37c6314ad5c92,20.0,81.5732180053601,96.57321800546015,3.4183000000211905,15.000000000100044,0.49949999993259553,1.205000000027212,1.6646000000264394,0.0,execute,qp_continuous_collision_and_braking_invariant_passed,accepted,,True,1,1,True,False,True,True,True,True,True,1,0,0,0,1,0,0,1,0,True,False,False,False,1512,1474,38,0.9748677248677249,2,1,1
armbench.pi05_windowed_cpu_replay.v1,row_02045__free_space__direct_dispatch__certified_window_h1,row_02045__free_space__direct_dispatch,8,2045,free_space,certified_window_h1,10,1,35bb006359368f4079d94be18fc9d2261932ba0be13c6387627761460fdfd649,e012458a272b90bd8b69d2ff2514fa0c5bc748fc148a788def5f33b26de90034,20.0,107.79295300744707,123.79295300740978,3.1983999999738444,0.0,0.3714000000627493,1.0505999999850246,1.7464000000018132,0.0,execute,qp_continuous_collision_and_braking_invariant_passed,accepted,,True,1,1,True,False,True,True,True,True,True,1,0,0,0,1,0,0,1,0,True,False,False,False,735,710,25,0.9659863945578231,2,1,1
armbench.pi05_windowed_cpu_replay.v1,row_02045__single_block__direct_dispatch__certified_window_h1,row_02045__single_block__direct_dispatch,8,2045,single_block,certified_window_h1,10,1,35bb006359368f4079d94be18fc9d2261932ba0be13c6387627761460fdfd649,e012458a272b90bd8b69d2ff2514fa0c5bc748fc148a788def5f33b26de90034,20.0,107.84735299966997,123.84735299963268,1.5599000000747765,0.0,0.2509000000827655,0.45529999999871507,0.8199999999760621,0.0,execute,qp_continuous_collision_and_braking_invariant_passed,accepted,,True,1,1,True,False,True,True,True,True,True,1,0,0,0,1,0,0,1,0,True,False,False,False,850,825,25,0.9705882352941176,2,1,1
armbench.pi05_windowed_cpu_replay.v1,row_02045__narrow_gate__direct_dispatch__certified_window_h1,row_02045__narrow_gate__direct_dispatch,8,2045,narrow_gate,certified_window_h1,10,1,35bb006359368f4079d94be18fc9d2261932ba0be13c6387627761460fdfd649,e012458a272b90bd8b69d2ff2514fa0c5bc748fc148a788def5f33b26de90034,20.0,108.03035300341435,123.0303530034007,1.6413000000738975,0.0,0.26170000001002336,0.4556000000093263,0.8868999999549487,0.0,execute,qp_continuous_collision_and_braking_invariant_passed,accepted,,True,1,1,True,False,True,True,True,True,True,1,0,0,0,1,0,0,1,0,True,False,False,False,1080,1055,25,0.9768518518518519,2,1,1
armbench.pi05_windowed_cpu_replay.v1,row_02736__free_space__direct_dispatch__certified_window_h1,row_02736__free_space__direct_dispatch,9,2736,free_space,certified_window_h1,10,1,62b013ffb3379eba43666abbd0be0848858bc836836b094e25ea8d74cfde9e2c,886ea36fa080335fe839d255d3dd46dc3c25eb0990bae3056fe877e5c6ac4a05,20.0,79.95957398816245,95.95957398823884,2.4139999999306383,0.0,0.37680000002637826,0.9645999999747801,0.9585999999899286,0.0,execute,qp_continuous_collision_and_braking_invariant_passed,accepted,,True,1,1,True,False,True,True,True,True,True,1,0,0,0,1,0,0,1,0,True,False,False,False,1029,992,37,0.9640427599611273,2,1,1
armbench.pi05_windowed_cpu_replay.v1,row_02736__single_block__direct_dispatch__certified_window_h1,row_02736__single_block__direct_dispatch,9,2736,single_block,certified_window_h1,10,1,62b013ffb3379eba43666abbd0be0848858bc836836b094e25ea8d74cfde9e2c,886ea36fa080335fe839d255d3dd46dc3c25eb0990bae3056fe877e5c6ac4a05,20.0,80.01317399612162,95.01317399610798,9.246299999972507,0.0,1.1140000000295913,3.1507999999575986,4.8337000000628905,0.0,execute,qp_continuous_collision_and_braking_invariant_passed,accepted,,True,1,1,True,False,True,True,True,True,True,1,0,0,0,1,0,0,1,0,True,False,False,False,1190,1147,43,0.9638655462184874,2,1,1
armbench.pi05_windowed_cpu_replay.v1,row_02736__narrow_gate__direct_dispatch__certified_window_h1,row_02736__narrow_gate__direct_dispatch,9,2736,narrow_gate,certified_window_h1,10,1,62b013ffb3379eba43666abbd0be0848858bc836836b094e25ea8d74cfde9e2c,886ea36fa080335fe839d255d3dd46dc3c25eb0990bae3056fe877e5c6ac4a05,20.0,80.14397399529116,95.1439739953912,7.943100000034065,0.0,0.9268000000020038,2.774899999963054,4.106800000045041,0.0,execute,qp_continuous_collision_and_braking_invariant_passed,accepted,,True,1,1,True,False,True,True,True,True,True,1,0,0,0,1,0,0,1,0,True,False,False,False,1512,1473,39,0.9742063492063492,2,1,1
armbench.pi05_windowed_cpu_replay.v1,row_02456__free_space__direct_dispatch__certified_window_h1,row_02456__free_space__direct_dispatch,10,2456,free_space,certified_window_h1,10,1,a805df171f5b2a0bb37e82ee33c913be28ab363a08c40943c47745c4be5f166b,ac77b27f0c28d96ed531a8a0e545c66224348fbe0352a279e8a0ce13b9a19ecb,20.0,160.5769509988022,176.57695099876491,7.74429999989934,0.0,0.9562999999843669,2.4728000000777683,4.143799999951625,0.0,execute,qp_continuous_collision_and_braking_invariant_passed,accepted,,True,1,1,True,False,True,True,True,True,True,1,0,0,0,1,0,0,1,0,True,False,False,False,1029,992,37,0.9640427599611273,2,1,1
armbench.pi05_windowed_cpu_replay.v1,row_02456__single_block__direct_dispatch__certified_window_h1,row_02456__single_block__direct_dispatch,10,2456,single_block,certified_window_h1,10,1,a805df171f5b2a0bb37e82ee33c913be28ab363a08c40943c47745c4be5f166b,ac77b27f0c28d96ed531a8a0e545c66224348fbe0352a279e8a0ce13b9a19ecb,20.0,160.99725099775242,175.99725099773877,2.091700000050878,0.0,0.2570999999988999,0.521800000001349,1.285899999970752,0.0,execute,qp_continuous_collision_and_braking_invariant_passed,accepted,,True,1,1,True,False,True,True,True,True,True,1,0,0,0,1,0,0,1,0,True,False,False,False,1190,1148,42,0.9647058823529412,2,1,1
armbench.pi05_windowed_cpu_replay.v1,row_02456__narrow_gate__direct_dispatch__certified_window_h1,row_02456__narrow_gate__direct_dispatch,10,2456,narrow_gate,certified_window_h1,10,1,a805df171f5b2a0bb37e82ee33c913be28ab363a08c40943c47745c4be5f166b,ac77b27f0c28d96ed531a8a0e545c66224348fbe0352a279e8a0ce13b9a19ecb,20.0,160.55815100116888,176.55815100124528,4.14279999995415,16.000000000076398,0.6214999999656357,1.0404999999309439,2.35290000000532,0.0,execute,qp_continuous_collision_and_braking_invariant_passed,accepted,,True,1,1,True,False,True,True,True,True,True,1,0,0,0,1,0,0,1,0,True,False,False,False,1512,1473,39,0.9742063492063492,2,1,1
armbench.pi05_windowed_cpu_replay.v1,row_02938__free_space__direct_dispatch__certified_window_h1,row_02938__free_space__direct_dispatch,11,2938,free_space,certified_window_h1,10,1,30d16912ce8098c60d419bf30ed1491235b796b186f2378fa0ebdef754cc31fd,85efd4c742b211e919131046270ab2de57ef0b8b7cbb854914db2314329daf16,20.0,111.70350899919868,127.70350899916139,4.923099999928127,15.99999999996271,0.7688000000598549,1.8632999999681488,2.1857000000409244,0.0,execute,qp_continuous_collision_and_braking_invariant_passed,accepted,,True,1,1,True,False,True,True,True,True,True,1,0,0,0,1,0,0,1,0,True,False,False,False,1029,992,37,0.9640427599611273,2,1,1
armbench.pi05_windowed_cpu_replay.v1,row_02938__single_block__direct_dispatch__certified_window_h1,row_02938__single_block__direct_dispatch,11,2938,single_block,certified_window_h1,10,1,30d16912ce8098c60d419bf30ed1491235b796b186f2378fa0ebdef754cc31fd,85efd4c742b211e919131046270ab2de57ef0b8b7cbb854914db2314329daf16,20.0,111.67890899378108,126.67890899376744,1.5852000000222688,14.999999999986358,0.2748000000565298,0.5029999999806023,0.7579000000532687,0.0,execute,qp_continuous_collision_and_braking_invariant_passed,accepted,,True,1,1,True,False,True,True,True,True,True,1,0,0,0,1,0,0,1,0,True,False,False,False,1190,1149,41,0.965546218487395,2,1,1
armbench.pi05_windowed_cpu_replay.v1,row_02938__narrow_gate__direct_dispatch__certified_window_h1,row_02938__narrow_gate__direct_dispatch,11,2938,narrow_gate,certified_window_h1,10,1,30d16912ce8098c60d419bf30ed1491235b796b186f2378fa0ebdef754cc31fd,85efd4c742b211e919131046270ab2de57ef0b8b7cbb854914db2314329daf16,20.0,111.79980899760267,127.79980899756538,3.653600000006918,0.0,0.5962000000181433,1.4116999999487234,1.580100000069251,0.0,execute,qp_continuous_collision_and_braking_invariant_passed,accepted,,True,1,1,True,False,True,True,True,True,True,1,0,0,0,1,0,0,1,0,True,False,False,False,1512,1473,39,0.9742063492063492,2,1,1
armbench.pi05_windowed_cpu_replay.v1,row_03122__free_space__direct_dispatch__certified_window_h1,row_03122__free_space__direct_dispatch,12,3122,free_space,certified_window_h1,10,1,4fd1a98f6e18bda6afca61b1213f09c92ed3fce35dcd8c4d53333ce515224354,63a29b9188f366b09d7237c0916e385a1f844e7ef4ef37da54a278bf231d3791,20.0,81.44486000674078,96.44486000684083,1.4982999999801905,0.0,0.25300000004335743,0.49049999995531834,0.7291000000577696,0.0,execute,qp_continuous_collision_and_braking_invariant_passed,accepted,,True,1,1,True,False,True,True,True,True,True,1,0,0,0,1,0,0,1,0,True,False,False,False,1029,992,37,0.9640427599611273,2,1,1
armbench.pi05_windowed_cpu_replay.v1,row_03122__single_block__direct_dispatch__certified_window_h1,row_03122__single_block__direct_dispatch,12,3122,single_block,certified_window_h1,10,1,4fd1a98f6e18bda6afca61b1213f09c92ed3fce35dcd8c4d53333ce515224354,63a29b9188f366b09d7237c0916e385a1f844e7ef4ef37da54a278bf231d3791,20.0,81.17976000357885,97.17976000354156,2.5998999999501393,0.0,0.2478999999766529,0.6108000000040192,1.7156000000113636,0.0,execute,qp_continuous_collision_and_braking_invariant_passed,accepted,,True,1,1,True,False,True,True,True,True,True,1,0,0,0,1,0,0,1,0,True,False,False,False,1190,1151,39,0.9672268907563025,2,1,1
armbench.pi05_windowed_cpu_replay.v1,row_03122__narrow_gate__direct_dispatch__certified_window_h1,row_03122__narrow_gate__direct_dispatch,12,3122,narrow_gate,certified_window_h1,10,1,4fd1a98f6e18bda6afca61b1213f09c92ed3fce35dcd8c4d53333ce515224354,63a29b9188f366b09d7237c0916e385a1f844e7ef4ef37da54a278bf231d3791,20.0,81.26705999893602,97.26705999889873,2.2681000000375207,0.0,0.30470000001514563,0.5554000000529413,1.3802999999370513,0.0,execute,qp_continuous_collision_and_braking_invariant_passed,accepted,,True,1,1,True,False,True,True,True,True,True,1,0,0,0,1,0,0,1,0,True,False,False,False,1512,1474,38,0.9748677248677249,2,1,1
armbench.pi05_windowed_cpu_replay.v1,row_03163__free_space__direct_dispatch__certified_window_h1,row_03163__free_space__direct_dispatch,13,3163,free_space,certified_window_h1,10,1,e3ad14c7d499ec5ce4892eb2bef290b5e056a2b62568859245b6356da12457fb,536e49649958bbdeaca22538274d9d2d6a1da496029f87ab9394760706d00d55,20.0,80.90778300538659,95.90778300537295,1.766200000020035,0.0,0.291600000082326,0.662900000065747,0.755099999992126,0.0,execute,qp_continuous_collision_and_braking_invariant_passed,accepted,,True,1,1,True,False,True,True,True,True,True,1,0,0,0,1,0,0,1,0,True,False,False,False,1029,992,37,0.9640427599611273,2,1,1
armbench.pi05_windowed_cpu_replay.v1,row_03163__single_block__direct_dispatch__certified_window_h1,row_03163__single_block__direct_dispatch,13,3163,single_block,certified_window_h1,10,1,e3ad14c7d499ec5ce4892eb2bef290b5e056a2b62568859245b6356da12457fb,536e49649958bbdeaca22538274d9d2d6a1da496029f87ab9394760706d00d55,20.0,80.80188299936708,96.80188299944348,2.751299999999901,0.0,0.4220000000714208,0.9550000000899672,1.3251999999965847,0.0,execute,qp_continuous_collision_and_braking_invariant_passed,accepted,,True,1,1,True,False,True,True,True,True,True,1,0,0,0,1,0,0,1,0,True,False,False,False,1190,1151,39,0.9672268907563025,2,1,1
armbench.pi05_windowed_cpu_replay.v1,row_03163__narrow_gate__direct_dispatch__certified_window_h1,row_03163__narrow_gate__direct_dispatch,13,3163,narrow_gate,certified_window_h1,10,1,e3ad14c7d499ec5ce4892eb2bef290b5e056a2b62568859245b6356da12457fb,536e49649958bbdeaca22538274d9d2d6a1da496029f87ab9394760706d00d55,20.0,81.32088300044416,97.32088300040687,2.8214999999818247,0.0,0.3457000000253174,1.205899999945359,1.2326999999459076,0.0,execute,qp_continuous_collision_and_braking_invariant_passed,accepted,,True,1,1,True,False,True,True,True,True,True,1,0,0,0,1,0,0,1,0,True,False,False,False,1512,1474,38,0.9748677248677249,2,1,1
armbench.pi05_windowed_cpu_replay.v1,row_03741__free_space__direct_dispatch__certified_window_h1,row_03741__free_space__direct_dispatch,14,3741,free_space,certified_window_h1,10,1,4b7907e4aad9dc6e77f813e772c59d0c7169c40282363ff493a33e879b87cde7,92681e9be2e50751e3b6e9004e28efe129264b0b5521d51460305d3b86215d23,20.0,109.97415299789282,124.97415299787917,1.5353000000004613,0.0,0.27399999999033753,0.5163000000720785,0.7194999999455831,0.0,execute,qp_continuous_collision_and_braking_invariant_passed,accepted,,True,1,1,True,False,True,True,True,True,True,1,0,0,0,1,0,0,1,0,True,False,False,False,1029,991,38,0.9630709426627794,2,1,1
armbench.pi05_windowed_cpu_replay.v1,row_03741__single_block__direct_dispatch__certified_window_h1,row_03741__single_block__direct_dispatch,14,3741,single_block,certified_window_h1,10,1,4b7907e4aad9dc6e77f813e772c59d0c7169c40282363ff493a33e879b87cde7,92681e9be2e50751e3b6e9004e28efe129264b0b5521d51460305d3b86215d23,20.0,110.02595299942186,126.02595299938457,3.1023999999888474,0.0,0.4523999999719308,1.1316999999735344,1.4340999999831183,0.0,execute,qp_continuous_collision_and_braking_invariant_passed,accepted,,True,1,1,True,False,True,True,True,True,True,1,0,0,0,1,0,0,1,0,True,False,False,False,1190,1149,41,0.965546218487395,2,1,1
armbench.pi05_windowed_cpu_replay.v1,row_03741__narrow_gate__direct_dispatch__certified_window_h1,row_03741__narrow_gate__direct_dispatch,14,3741,narrow_gate,certified_window_h1,10,1,4b7907e4aad9dc6e77f813e772c59d0c7169c40282363ff493a33e879b87cde7,92681e9be2e50751e3b6e9004e28efe129264b0b5521d51460305d3b86215d23,20.0,109.7219529983704,124.72195299847044,1.8101999999089458,0.0,0.3144999999449283,0.5697999999938475,0.831299999958901,0.0,execute,qp_continuous_collision_and_braking_invariant_passed,accepted,,True,1,1,True,False,True,True,True,True,True,1,0,0,0,1,0,0,1,0,True,False,False,False,1512,1472,40,0.9735449735449735,2,1,1
armbench.pi05_windowed_cpu_replay.v1,row_04298__free_space__direct_dispatch__certified_window_h1,row_04298__free_space__direct_dispatch,15,4298,free_space,certified_window_h1,10,1,2c585a1039cfc500fc7fe28c85a25ec32786fd8b15a0dad94b58ee736a663d79,24dccf6189ab8d10661b97cbf0c9951bdc68c20fcba2603c7fc3222d4fb47062,20.0,80.53666400519433,96.53666400515704,1.6902999999501844,0.0,0.327900000002046,0.6004000000530141,0.7113000000344982,0.0,execute,qp_continuous_collision_and_braking_invariant_passed,accepted,,True,1,1,True,False,True,True,True,True,True,1,0,0,0,1,0,0,1,0,True,False,False,False,1029,992,37,0.9640427599611273,2,1,1
armbench.pi05_windowed_cpu_replay.v1,row_04298__single_block__direct_dispatch__certified_window_h1,row_04298__single_block__direct_dispatch,15,4298,single_block,certified_window_h1,10,1,2c585a1039cfc500fc7fe28c85a25ec32786fd8b15a0dad94b58ee736a663d79,24dccf6189ab8d10661b97cbf0c9951bdc68c20fcba2603c7fc3222d4fb47062,20.0,80.55936400342034,96.55936400338305,1.6355999999859705,0.0,0.2804999999170832,0.5534000000579908,0.7754999999178835,0.0,execute,qp_continuous_collision_and_braking_invariant_passed,accepted,,True,1,1,True,False,True,True,True,True,True,1,0,0,0,1,0,0,1,0,True,False,False,False,1190,1148,42,0.9647058823529412,2,1,1
armbench.pi05_windowed_cpu_replay.v1,row_04298__narrow_gate__direct_dispatch__certified_window_h1,row_04298__narrow_gate__direct_dispatch,15,4298,narrow_gate,certified_window_h1,10,1,2c585a1039cfc500fc7fe28c85a25ec32786fd8b15a0dad94b58ee736a663d79,24dccf6189ab8d10661b97cbf0c9951bdc68c20fcba2603c7fc3222d4fb47062,20.0,81.24266399681801,96.24266399680437,2.934600000003229,0.0,0.4460999999764681,1.0767999999643507,1.3703000000759857,0.0,execute,qp_continuous_collision_and_braking_invariant_passed,accepted,,True,1,1,True,False,True,True,True,True,True,1,0,0,0,1,0,0,1,0,True,False,False,False,1512,1474,38,0.9748677248677249,2,1,1
armbench.pi05_windowed_cpu_replay.v1,row_03805__free_space__direct_dispatch__certified_window_h1,row_03805__free_space__direct_dispatch,16,3805,free_space,certified_window_h1,10,1,ed3ed2f05c450ceca326c550433117debafac7329c3cf9d83392e865de84d20b,0360d255242437c751079da58af6bce3566ef84a2f4ec2f7be86e7fe16148c33,20.0,142.3698360013077,158.3698360013841,2.5236000000177228,0.0,0.3778000000238535,0.8183999999573643,1.2403000000631437,0.0,execute,qp_continuous_collision_and_braking_invariant_passed,accepted,,True,1,1,True,False,True,True,True,True,True,1,0,0,0,1,0,0,1,0,True,False,False,False,1029,992,37,0.9640427599611273,2,1,1
armbench.pi05_windowed_cpu_replay.v1,row_03805__single_block__direct_dispatch__certified_window_h1,row_03805__single_block__direct_dispatch,16,3805,single_block,certified_window_h1,10,1,ed3ed2f05c450ceca326c550433117debafac7329c3cf9d83392e865de84d20b,0360d255242437c751079da58af6bce3566ef84a2f4ec2f7be86e7fe16148c33,20.0,142.41793600376695,158.41793600372966,5.628999999998996,15.99999999996271,0.7299999999759166,1.8213000000741886,2.9945999999654305,0.0,execute,qp_continuous_collision_and_braking_invariant_passed,accepted,,True,1,1,True,False,True,True,True,True,True,1,0,0,0,1,0,0,1,0,True,False,False,False,1190,1149,41,0.965546218487395,2,1,1
armbench.pi05_windowed_cpu_replay.v1,row_03805__narrow_gate__direct_dispatch__certified_window_h1,row_03805__narrow_gate__direct_dispatch,16,3805,narrow_gate,certified_window_h1,10,1,ed3ed2f05c450ceca326c550433117debafac7329c3cf9d83392e865de84d20b,0360d255242437c751079da58af6bce3566ef84a2f4ec2f7be86e7fe16148c33,20.0,142.3951360047795,157.39513600476585,3.092399999900408,0.0,0.5303000000367319,1.052100000038081,1.4070000000856453,0.0,execute,qp_continuous_collision_and_braking_invariant_passed,accepted,,True,1,1,True,False,True,True,True,True,True,1,0,0,0,1,0,0,1,0,True,False,False,False,1512,1474,38,0.9748677248677249,2,1,1
armbench.pi05_windowed_cpu_replay.v1,row_03853__free_space__direct_dispatch__certified_window_h1,row_03853__free_space__direct_dispatch,17,3853,free_space,certified_window_h1,10,1,fe36ac0713605fcc57897c367ab31e5b11dbf505ac76505ab7d16f946de13db9,263ec7cbc3f518e1b076c8870095f4c27a074d29a7cec8ac83dddb7dd169d570,20.0,113.17077699641231,129.17077699637503,2.7305000000978907,0.0,0.2865000000156215,0.9723000000576576,1.4152999999623717,0.0,execute,qp_continuous_collision_and_braking_invariant_passed,accepted,,True,1,1,True,False,True,True,True,True,True,1,0,0,0,1,0,0,1,0,True,False,False,False,1911,1840,71,0.9628466771323915,2,1,1
armbench.pi05_windowed_cpu_replay.v1,row_03853__single_block__direct_dispatch__certified_window_h1,row_03853__single_block__direct_dispatch,17,3853,single_block,certified_window_h1,10,1,fe36ac0713605fcc57897c367ab31e5b11dbf505ac76505ab7d16f946de13db9,263ec7cbc3f518e1b076c8870095f4c27a074d29a7cec8ac83dddb7dd169d570,20.0,113.29717699845787,128.29717699855792,3.5613000000012107,0.0,0.45160000001942535,1.3553000000001703,1.7119999999977153,0.0,execute,qp_continuous_collision_and_braking_invariant_passed,accepted,,True,1,1,True,False,True,True,True,True,True,1,0,0,0,1,0,0,1,0,True,False,False,False,2210,2136,74,0.9665158371040724,2,1,1
armbench.pi05_windowed_cpu_replay.v1,row_03853__narrow_gate__direct_dispatch__certified_window_h1,row_03853__narrow_gate__direct_dispatch,17,3853,narrow_gate,certified_window_h1,10,1,fe36ac0713605fcc57897c367ab31e5b11dbf505ac76505ab7d16f946de13db9,263ec7cbc3f518e1b076c8870095f4c27a074d29a7cec8ac83dddb7dd169d570,20.0,114.32727699866518,130.3272769986279,2.2851999999602413,0.0,0.3213999999616135,0.8555999999089181,1.0565000000042346,0.0,execute,qp_continuous_collision_and_braking_invariant_passed,accepted,,True,1,1,True,False,True,True,True,True,True,1,0,0,0,1,0,0,1,0,True,False,False,False,2808,2735,73,0.9740028490028491,2,1,1
armbench.pi05_windowed_cpu_replay.v1,row_04953__free_space__direct_dispatch__certified_window_h1,row_04953__free_space__direct_dispatch,18,4953,free_space,certified_window_h1,10,1,1d0a2989e76d920a59ac3a743781f15f16a583e4ded7a55d9122c2e8345072f1,bcfac441de540f295f43c146ccda825056f0c0288bc215a70821069b3d14dbc7,20.0,92.21125000476604,108.21125000472875,2.420300000039788,0.0,0.25040000002718443,0.6384999999227148,1.5047000000549815,0.0,execute,qp_continuous_collision_and_braking_invariant_passed,accepted,,True,1,1,True,False,True,True,True,True,True,1,0,0,0,1,0,0,1,0,True,False,False,False,1029,992,37,0.9640427599611273,2,1,1
armbench.pi05_windowed_cpu_replay.v1,row_04953__single_block__direct_dispatch__certified_window_h1,row_04953__single_block__direct_dispatch,18,4953,single_block,certified_window_h1,10,1,1d0a2989e76d920a59ac3a743781f15f16a583e4ded7a55d9122c2e8345072f1,bcfac441de540f295f43c146ccda825056f0c0288bc215a70821069b3d14dbc7,20.0,92.31015000113985,107.3101500011262,2.037700000073528,0.0,0.2848999999969237,0.5439000000251326,1.1838000000352622,0.0,execute,qp_continuous_collision_and_braking_invariant_passed,accepted,,True,1,1,True,False,True,True,True,True,True,1,0,0,0,1,0,0,1,0,True,False,False,False,1190,1151,39,0.9672268907563025,2,1,1
armbench.pi05_windowed_cpu_replay.v1,row_04953__narrow_gate__direct_dispatch__certified_window_h1,row_04953__narrow_gate__direct_dispatch,18,4953,narrow_gate,certified_window_h1,10,1,1d0a2989e76d920a59ac3a743781f15f16a583e4ded7a55d9122c2e8345072f1,bcfac441de540f295f43c146ccda825056f0c0288bc215a70821069b3d14dbc7,20.0,92.36935000080848,108.36935000088488,2.103500000089298,0.0,0.24910000001909793,0.5594000000428423,1.2686000000030617,0.0,execute,qp_continuous_collision_and_braking_invariant_passed,accepted,,True,1,1,True,False,True,True,True,True,True,1,0,0,0,1,0,0,1,0,True,False,False,False,1512,1475,37,0.9755291005291006,2,1,1
armbench.pi05_windowed_cpu_replay.v1,row_04773__free_space__direct_dispatch__certified_window_h1,row_04773__free_space__direct_dispatch,19,4773,free_space,certified_window_h1,10,1,0012494746ac6d95bef31165b95dad73d2233ce508b720c3e77a99bb8cb95b24,93817783d21c108416756357648e6c606e74b986b191948a8d0fb0b539866775,20.0,82.32979899912607,98.32979899908878,2.3497000000816115,0.0,0.4281999999875552,0.5159999999477805,1.2964000000010856,0.0,execute,qp_continuous_collision_and_braking_invariant_passed,accepted,,True,1,1,True,False,True,True,True,True,True,1,0,0,0,1,0,0,1,0,True,False,False,False,735,710,25,0.9659863945578231,2,1,1
armbench.pi05_windowed_cpu_replay.v1,row_04773__single_block__direct_dispatch__certified_window_h1,row_04773__single_block__direct_dispatch,19,4773,single_block,certified_window_h1,10,1,0012494746ac6d95bef31165b95dad73d2233ce508b720c3e77a99bb8cb95b24,93817783d21c108416756357648e6c606e74b986b191948a8d0fb0b539866775,20.0,82.25449900055537,97.25449900054173,2.266500000018823,0.0,0.3041999999595646,0.551299999983712,1.3601000000562635,0.0,execute,qp_continuous_collision_and_braking_invariant_passed,accepted,,True,1,1,True,False,True,True,True,True,True,1,0,0,0,1,0,0,1,0,True,False,False,False,850,823,27,0.9682352941176471,2,1,1
armbench.pi05_windowed_cpu_replay.v1,row_04773__narrow_gate__direct_dispatch__certified_window_h1,row_04773__narrow_gate__direct_dispatch,19,4773,narrow_gate,certified_window_h1,10,1,0012494746ac6d95bef31165b95dad73d2233ce508b720c3e77a99bb8cb95b24,93817783d21c108416756357648e6c606e74b986b191948a8d0fb0b539866775,20.0,82.55759899475379,98.5575989947165,1.5923000000839238,0.0,0.3027999999858366,0.38309999990815413,0.8583000000044194,0.0,execute,qp_continuous_collision_and_braking_invariant_passed,accepted,,True,1,1,True,False,True,True,True,True,True,1,0,0,0,1,0,0,1,0,True,False,False,False,1080,1055,25,0.9768518518518519,2,1,1
armbench.pi05_windowed_cpu_replay.v1,row_04462__free_space__direct_dispatch__certified_window_h1,row_04462__free_space__direct_dispatch,20,4462,free_space,certified_window_h1,10,1,70b9224f98dd7ca753ca304e5409a01563f652e68827468e70fea86b3cbcc658,d87bea5cda713815cc702fcf0cb689543dcb4aec4193e13e71f4a201b17e17b2,20.0,111.02229199605063,126.02229199615067,4.640100000074199,0.0,0.7983999998941727,2.1017000000256303,1.6599000000496744,0.0,execute,qp_continuous_collision_and_braking_invariant_passed,accepted,,True,1,1,True,False,True,True,True,True,True,1,0,0,0,1,0,0,1,0,True,False,False,False,1029,992,37,0.9640427599611273,2,1,1
armbench.pi05_windowed_cpu_replay.v1,row_04462__single_block__direct_dispatch__certified_window_h1,row_04462__single_block__direct_dispatch,20,4462,single_block,certified_window_h1,10,1,70b9224f98dd7ca753ca304e5409a01563f652e68827468e70fea86b3cbcc658,d87bea5cda713815cc702fcf0cb689543dcb4aec4193e13e71f4a201b17e17b2,20.0,111.17109200131381,127.17109200127652,1.7216000001099019,0.0,0.24910000001909793,0.6515000000035798,0.7456999999249092,0.0,execute,qp_continuous_collision_and_braking_invariant_passed,accepted,,True,1,1,True,False,True,True,True,True,True,1,0,0,0,1,0,0,1,0,True,False,False,False,1190,1146,44,0.9630252100840336,2,1,1
armbench.pi05_windowed_cpu_replay.v1,row_04462__narrow_gate__direct_dispatch__certified_window_h1,row_04462__narrow_gate__direct_dispatch,20,4462,narrow_gate,certified_window_h1,10,1,70b9224f98dd7ca753ca304e5409a01563f652e68827468e70fea86b3cbcc658,d87bea5cda713815cc702fcf0cb689543dcb4aec4193e13e71f4a201b17e17b2,20.0,111.15519199665869,127.1551919966214,2.058699999906821,0.0,0.25089999996907864,0.6675999999288251,1.1144999999714855,0.0,execute,qp_continuous_collision_and_braking_invariant_passed,accepted,,True,1,1,True,False,True,True,True,True,True,1,0,0,0,1,0,0,1,0,True,False,False,False,1512,1474,38,0.9748677248677249,2,1,1
armbench.pi05_windowed_cpu_replay.v1,row_05082__free_space__direct_dispatch__certified_window_h1,row_05082__free_space__direct_dispatch,21,5082,free_space,certified_window_h1,10,1,577d2da6f2f31ec5d381f089ea57502db82b6bcd60b682984a7bf79c80ba6092,81a36083747d024a7b69af70f835fd989280c36af204f4a729c51a6f1058e6b8,20.0,110.6104869977571,125.61048699774346,2.485699999965618,0.0,0.3479999999171923,0.8272000000033586,1.2313999999378211,0.0,execute,qp_continuous_collision_and_braking_invariant_passed,accepted,,True,1,1,True,False,True,True,True,True,True,1,0,0,0,1,0,0,1,0,True,False,False,False,1029,992,37,0.9640427599611273,2,1,1
armbench.pi05_windowed_cpu_replay.v1,row_05082__single_block__direct_dispatch__certified_window_h1,row_05082__single_block__direct_dispatch,21,5082,single_block,certified_window_h1,10,1,577d2da6f2f31ec5d381f089ea57502db82b6bcd60b682984a7bf79c80ba6092,81a36083747d024a7b69af70f835fd989280c36af204f4a729c51a6f1058e6b8,20.0,110.89368699322222,126.89368699329862,2.6546999999936816,0.0,0.25800000003073364,0.6531000000222775,1.690899999971407,0.0,execute,qp_continuous_collision_and_braking_invariant_passed,accepted,,True,1,1,True,False,True,True,True,True,True,1,0,0,0,1,0,0,1,0,True,False,False,False,1190,1143,47,0.9605042016806723,2,1,1
armbench.pi05_windowed_cpu_replay.v1,row_05082__narrow_gate__direct_dispatch__certified_window_h1,row_05082__narrow_gate__direct_dispatch,21,5082,narrow_gate,certified_window_h1,10,1,577d2da6f2f31ec5d381f089ea57502db82b6bcd60b682984a7bf79c80ba6092,81a36083747d024a7b69af70f835fd989280c36af204f4a729c51a6f1058e6b8,20.0,111.32948700105771,127.32948700102042,1.966199999969831,0.0,0.29050000000552245,0.8019000000558663,0.8221999999022955,0.0,execute,qp_continuous_collision_and_braking_invariant_passed,accepted,,True,1,1,True,False,True,True,True,True,True,1,0,0,0,1,0,0,1,0,True,False,False,False,1512,1470,42,0.9722222222222222,2,1,1
armbench.pi05_windowed_cpu_replay.v1,row_05128__free_space__direct_dispatch__certified_window_h1,row_05128__free_space__direct_dispatch,22,5128,free_space,certified_window_h1,10,1,0e92838da6d4cdb706e0b8d31366212826fa86c5ce6ccd320378f7981599112c,eba9161044f3f67b8dae9dc84e957dbd88de7172618847162156be25d428b23c,20.0,81.91675999842118,96.91675999840754,1.9370999999637206,0.0,0.2934000000323067,0.5840999999691121,1.0297999999693275,0.0,execute,qp_continuous_collision_and_braking_invariant_passed,accepted,,True,1,1,True,False,True,True,True,True,True,1,0,0,0,1,0,0,1,0,True,False,False,False,1029,992,37,0.9640427599611273,2,1,1
armbench.pi05_windowed_cpu_replay.v1,row_05128__single_block__direct_dispatch__certified_window_h1,row_05128__single_block__direct_dispatch,22,5128,single_block,certified_window_h1,10,1,0e92838da6d4cdb706e0b8d31366212826fa86c5ce6ccd320378f7981599112c,eba9161044f3f67b8dae9dc84e957dbd88de7172618847162156be25d428b23c,20.0,82.06626000173856,98.06626000170127,4.041099999994913,0.0,0.7377999999107487,1.1522000000923072,2.079399999956877,0.0,execute,qp_continuous_collision_and_braking_invariant_passed,accepted,,True,1,1,True,False,True,True,True,True,True,1,0,0,0,1,0,0,1,0,True,False,False,False,1190,1150,40,0.9663865546218487,2,1,1
armbench.pi05_windowed_cpu_replay.v1,row_05128__narrow_gate__direct_dispatch__certified_window_h1,row_05128__narrow_gate__direct_dispatch,22,5128,narrow_gate,certified_window_h1,10,1,0e92838da6d4cdb706e0b8d31366212826fa86c5ce6ccd320378f7981599112c,eba9161044f3f67b8dae9dc84e957dbd88de7172618847162156be25d428b23c,20.0,81.9978599975002,96.99785999760024,1.7297000000553453,0.0,0.25919999995949183,0.5816000000322674,0.8598999999094303,0.0,execute,qp_continuous_collision_and_braking_invariant_passed,accepted,,True,1,1,True,False,True,True,True,True,True,1,0,0,0,1,0,0,1,0,True,False,False,False,1512,1474,38,0.9748677248677249,2,1,1
armbench.pi05_windowed_cpu_replay.v1,row_05011__free_space__direct_dispatch__certified_window_h1,row_05011__free_space__direct_dispatch,23,5011,free_space,certified_window_h1,10,1,24f71f3f30cc2312cc0339c738754d5367bbccc0f419fe35bd17438d01f7e5b0,2c0b20136542e8990b28f2781c655c566293a4a9a31ede664393f56653744b5e,20.0,125.8769419946475,141.8769419946102,2.413899999964997,0.0,0.481500000091728,0.9718000000020766,0.9073999999600346,0.0,execute,qp_continuous_collision_and_braking_invariant_passed,accepted,,True,1,1,True,False,True,True,True,True,True,1,0,0,0,1,0,0,1,0,True,False,False,False,1029,991,38,0.9630709426627794,2,1,1
armbench.pi05_windowed_cpu_replay.v1,row_05011__single_block__direct_dispatch__certified_window_h1,row_05011__single_block__direct_dispatch,23,5011,single_block,certified_window_h1,10,1,24f71f3f30cc2312cc0339c738754d5367bbccc0f419fe35bd17438d01f7e5b0,2c0b20136542e8990b28f2781c655c566293a4a9a31ede664393f56653744b5e,20.0,125.52454199612839,141.5245419960911,1.9264000000021042,0.0,0.279999999975189,0.5486000000018976,1.0406999999759137,0.0,execute,qp_continuous_collision_and_braking_invariant_passed,accepted,,True,1,1,True,False,True,True,True,True,True,1,0,0,0,1,0,0,1,0,True,False,False,False,1190,1144,46,0.9613445378151261,2,1,1
armbench.pi05_windowed_cpu_replay.v1,row_05011__narrow_gate__direct_dispatch__certified_window_h1,row_05011__narrow_gate__direct_dispatch,23,5011,narrow_gate,certified_window_h1,10,1,24f71f3f30cc2312cc0339c738754d5367bbccc0f419fe35bd17438d01f7e5b0,2c0b20136542e8990b28f2781c655c566293a4a9a31ede664393f56653744b5e,20.0,125.34244199923705,140.3424419992234,2.761399999940295,0.0,0.43510000000424043,0.887000000034277,1.3533000000052198,0.0,execute,qp_continuous_collision_and_braking_invariant_passed,accepted,,True,1,1,True,False,True,True,True,True,True,1,0,0,0,1,0,0,1,0,True,False,False,False,1512,1473,39,0.9742063492063492,2,1,1
armbench.pi05_windowed_cpu_replay.v1,row_06407__free_space__direct_dispatch__certified_window_h1,row_06407__free_space__direct_dispatch,24,6407,free_space,certified_window_h1,10,1,7b5e04770f18653120842172231465c3df16a76a94e8a11104babba987988de8,64f51553745e39a315470ab9f1cc5a5c69faa22a991e9e8b9d209eb7ca4fd089,20.0,79.93548199738143,95.93548199745783,1.7265999999835913,0.0,0.2977999999984604,0.5899000000226806,0.7804000000533051,0.0,execute,qp_continuous_collision_and_braking_invariant_passed,accepted,,True,1,1,True,False,True,True,True,True,True,1,0,0,0,1,0,0,1,0,True,False,False,False,1029,992,37,0.9640427599611273,2,1,1
armbench.pi05_windowed_cpu_replay.v1,row_06407__single_block__direct_dispatch__certified_window_h1,row_06407__single_block__direct_dispatch,24,6407,single_block,certified_window_h1,10,1,7b5e04770f18653120842172231465c3df16a76a94e8a11104babba987988de8,64f51553745e39a315470ab9f1cc5a5c69faa22a991e9e8b9d209eb7ca4fd089,20.0,79.68128198990598,95.6812819898687,2.94799999994666,0.0,0.5015000000412329,0.9857000000010885,1.3770000000477012,0.0,execute,qp_continuous_collision_and_braking_invariant_passed,accepted,,True,1,1,True,False,True,True,True,True,True,1,0,0,0,1,0,0,1,0,True,False,False,False,1190,1146,44,0.9630252100840336,2,1,1
armbench.pi05_windowed_cpu_replay.v1,row_06407__narrow_gate__direct_dispatch__certified_window_h1,row_06407__narrow_gate__direct_dispatch,24,6407,narrow_gate,certified_window_h1,10,1,7b5e04770f18653120842172231465c3df16a76a94e8a11104babba987988de8,64f51553745e39a315470ab9f1cc5a5c69faa22a991e9e8b9d209eb7ca4fd089,20.0,79.81598198966822,94.81598198965457,1.8330000000332802,0.0,0.3304000000525775,0.6056999999373147,0.8289999999533393,0.0,execute,qp_continuous_collision_and_braking_invariant_passed,accepted,,True,1,1,True,False,True,True,True,True,True,1,0,0,0,1,0,0,1,0,True,False,False,False,1512,1473,39,0.9742063492063492,2,1,1
armbench.pi05_windowed_cpu_replay.v1,row_06364__free_space__direct_dispatch__certified_window_h1,row_06364__free_space__direct_dispatch,25,6364,free_space,certified_window_h1,10,1,099bef15a0770071b640eb04fb9e343f82702d9e681553817b0e1967bc447ca8,f46ae38dd3dba77659395a4938cdb8a443ef4e2289db13a2b642448ea9a26a4a,20.0,82.34263800113695,98.34263800109966,1.8106999999645268,0.0,0.3394000000298547,0.6030000000691871,0.8107999999538151,0.0,execute,qp_continuous_collision_and_braking_invariant_passed,accepted,,True,1,1,True,False,True,True,True,True,True,1,0,0,0,1,0,0,1,0,True,False,False,False,1029,993,36,0.9650145772594753,2,1,1
armbench.pi05_windowed_cpu_replay.v1,row_06364__single_block__direct_dispatch__certified_window_h1,row_06364__single_block__direct_dispatch,25,6364,single_block,certified_window_h1,10,1,099bef15a0770071b640eb04fb9e343f82702d9e681553817b0e1967bc447ca8,f46ae38dd3dba77659395a4938cdb8a443ef4e2289db13a2b642448ea9a26a4a,20.0,82.07083799061365,97.0708379907137,4.761199999961718,0.0,0.5538000000342436,1.489199999923585,2.6265999999850465,0.0,execute,qp_continuous_collision_and_braking_invariant_passed,accepted,,True,1,1,True,False,True,True,True,True,True,1,0,0,0,1,0,0,1,0,True,False,False,False,1190,1152,38,0.9680672268907563,2,1,1
armbench.pi05_windowed_cpu_replay.v1,row_06364__narrow_gate__direct_dispatch__certified_window_h1,row_06364__narrow_gate__direct_dispatch,25,6364,narrow_gate,certified_window_h1,10,1,099bef15a0770071b640eb04fb9e343f82702d9e681553817b0e1967bc447ca8,f46ae38dd3dba77659395a4938cdb8a443ef4e2289db13a2b642448ea9a26a4a,20.0,82.32073799445061,98.32073799441332,3.0075999999326086,0.0,0.3239999999777865,0.6850999999414853,1.9369000000324377,0.0,execute,qp_continuous_collision_and_braking_invariant_passed,accepted,,True,1,1,True,False,True,True,True,True,True,1,0,0,0,1,0,0,1,0,True,False,False,False,1512,1476,36,0.9761904761904762,2,1,1
armbench.pi05_windowed_cpu_replay.v1,row_06056__free_space__direct_dispatch__certified_window_h1,row_06056__free_space__direct_dispatch,26,6056,free_space,certified_window_h1,10,1,d0b5162cd61b5df39a5caf842d2257e7f6d300cbbf1f21fa30dcf183810e85e2,b481ebb784317358da9714bb652ef191b38cb46e946efa92e451561fb73c5023,20.0,119.53662599989912,135.53662599986183,4.331299999989824,0.0,0.5554000000529413,1.4354000001048917,2.247399999987465,0.0,execute,qp_continuous_collision_and_braking_invariant_passed,accepted,,True,1,1,True,False,True,True,True,True,True,1,0,0,0,1,0,0,1,0,True,False,False,False,1029,992,37,0.9640427599611273,2,1,1
armbench.pi05_windowed_cpu_replay.v1,row_06056__single_block__direct_dispatch__certified_window_h1,row_06056__single_block__direct_dispatch,26,6056,single_block,certified_window_h1,10,1,d0b5162cd61b5df39a5caf842d2257e7f6d300cbbf1f21fa30dcf183810e85e2,b481ebb784317358da9714bb652ef191b38cb46e946efa92e451561fb73c5023,20.0,119.18442600290291,134.18442600288927,3.7624999999934516,0.0,0.4794999999830907,1.3389000000643136,1.8862000000581247,0.0,execute,qp_continuous_collision_and_braking_invariant_passed,accepted,,True,1,1,True,False,True,True,True,True,True,1,0,0,0,1,0,0,1,0,True,False,False,False,1190,1151,39,0.9672268907563025,2,1,1
armbench.pi05_windowed_cpu_replay.v1,row_06056__narrow_gate__direct_dispatch__certified_window_h1,row_06056__narrow_gate__direct_dispatch,26,6056,narrow_gate,certified_window_h1,10,1,d0b5162cd61b5df39a5caf842d2257e7f6d300cbbf1f21fa30dcf183810e85e2,b481ebb784317358da9714bb652ef191b38cb46e946efa92e451561fb73c5023,20.0,119.34112600283697,119.34112600283697,3.87389999991683,0.0,0.33930000006421324,0.7848000000194588,2.6785000000018044,0.0,execute,qp_continuous_collision_and_braking_invariant_passed,accepted,,True,1,1,True,False,True,True,True,True,True,1,0,0,0,1,0,0,1,0,True,False,False,False,1512,1473,39,0.9742063492063492,2,1,1
armbench.pi05_windowed_cpu_replay.v1,row_07683__free_space__direct_dispatch__certified_window_h1,row_07683__free_space__direct_dispatch,27,7683,free_space,certified_window_h1,10,1,a00422d34079c464db8df8c5409bf2828aea05bbf77b08b587c170edb57e57c7,edba285177931ffd37a97eea8190dea45287e21513bb609216344a9e1005d024,20.0,80.2862310083583,80.2862310083583,3.8105999999515916,0.0,0.5217000000357075,1.2815000000045984,1.9490999999334235,0.0,execute,qp_continuous_collision_and_braking_invariant_passed,accepted,,True,1,1,True,False,True,True,True,True,True,1,0,0,0,1,0,0,1,0,True,False,False,False,1029,992,37,0.9640427599611273,2,1,1
armbench.pi05_windowed_cpu_replay.v1,row_07683__single_block__direct_dispatch__certified_window_h1,row_07683__single_block__direct_dispatch,27,7683,single_block,certified_window_h1,10,1,a00422d34079c464db8df8c5409bf2828aea05bbf77b08b587c170edb57e57c7,edba285177931ffd37a97eea8190dea45287e21513bb609216344a9e1005d024,20.0,80.42503100296017,80.42503100296017,7.283800000095653,0.0,0.6405000000313521,2.247199999942495,4.252100000030623,0.0,execute,qp_continuous_collision_and_braking_invariant_passed,accepted,,True,1,1,True,False,True,True,True,True,True,1,0,0,0,1,0,0,1,0,True,False,False,False,1190,1151,39,0.9672268907563025,2,1,1
armbench.pi05_windowed_cpu_replay.v1,row_07683__narrow_gate__direct_dispatch__certified_window_h1,row_07683__narrow_gate__direct_dispatch,27,7683,narrow_gate,certified_window_h1,10,1,a00422d34079c464db8df8c5409bf2828aea05bbf77b08b587c170edb57e57c7,edba285177931ffd37a97eea8190dea45287e21513bb609216344a9e1005d024,20.0,80.37813100963831,80.37813100963831,6.018799999992552,0.0,0.5494999999200445,1.4759000000594824,3.9240999999492487,0.0,execute,qp_continuous_collision_and_braking_invariant_passed,accepted,,True,1,1,True,False,True,True,True,True,True,1,0,0,0,1,0,0,1,0,True,False,False,False,1512,1474,38,0.9748677248677249,2,1,1
armbench.pi05_windowed_cpu_replay.v1,row_07373__free_space__direct_dispatch__certified_window_h1,row_07373__free_space__direct_dispatch,28,7373,free_space,certified_window_h1,10,1,e342e284a6b9329bf43b6560e5358b71495f40177533837036afecf930c2b4c0,48a4735334003de534a7da73d8a4d4f04e8fa7adf2829a853283d3947a316f41,20.0,95.29193700291216,95.29193700291216,7.676299999957337,0.0,0.9351999999580585,2.532599999995,4.060099999946942,0.0,execute,qp_continuous_collision_and_braking_invariant_passed,accepted,,True,1,1,True,False,True,True,True,True,True,1,0,0,0,1,0,0,1,0,True,False,False,False,1029,992,37,0.9640427599611273,2,1,1
armbench.pi05_windowed_cpu_replay.v1,row_07373__single_block__direct_dispatch__certified_window_h1,row_07373__single_block__direct_dispatch,28,7373,single_block,certified_window_h1,10,1,e342e284a6b9329bf43b6560e5358b71495f40177533837036afecf930c2b4c0,48a4735334003de534a7da73d8a4d4f04e8fa7adf2829a853283d3947a316f41,20.0,94.81193700048607,94.81193700048607,2.5185999999166597,0.0,0.60910000001968,0.7221999999273976,1.1170999999876585,0.0,execute,qp_continuous_collision_and_braking_invariant_passed,accepted,,True,1,1,True,False,True,True,True,True,True,1,0,0,0,1,0,0,1,0,True,False,False,False,1190,1146,44,0.9630252100840336,2,1,1
armbench.pi05_windowed_cpu_replay.v1,row_07373__narrow_gate__direct_dispatch__certified_window_h1,row_07373__narrow_gate__direct_dispatch,28,7373,narrow_gate,certified_window_h1,10,1,e342e284a6b9329bf43b6560e5358b71495f40177533837036afecf930c2b4c0,48a4735334003de534a7da73d8a4d4f04e8fa7adf2829a853283d3947a316f41,20.0,94.97553700202843,94.97553700202843,3.186799999980394,0.0,0.5718999999544394,1.0843000000022585,1.4642000001003908,0.0,execute,qp_continuous_collision_and_braking_invariant_passed,accepted,,True,1,1,True,False,True,True,True,True,True,1,0,0,0,1,0,0,1,0,True,False,False,False,1512,1474,38,0.9748677248677249,2,1,1
armbench.pi05_windowed_cpu_replay.v1,row_07772__free_space__direct_dispatch__certified_window_h1,row_07772__free_space__direct_dispatch,29,7772,free_space,certified_window_h1,10,1,c3533edfda4b0016620bef05041c1b2e100c114929dc01b6c006379c8f39062d,ea68999022578c052b3a24c77884d4980cb78ee50ec5b92e526a2b04dab89659,20.0,109.84383399772923,109.84383399772923,1.6540000000304644,0.0,0.26179999997566483,0.5910999999514388,0.7726000000047861,0.0,execute,qp_continuous_collision_and_braking_invariant_passed,accepted,,True,1,1,True,False,True,True,True,True,True,1,0,0,0,1,0,0,1,0,True,False,False,False,1029,992,37,0.9640427599611273,2,1,1
armbench.pi05_windowed_cpu_replay.v1,row_07772__single_block__direct_dispatch__certified_window_h1,row_07772__single_block__direct_dispatch,29,7772,single_block,certified_window_h1,10,1,c3533edfda4b0016620bef05041c1b2e100c114929dc01b6c006379c8f39062d,ea68999022578c052b3a24c77884d4980cb78ee50ec5b92e526a2b04dab89659,20.0,109.91603399452288,124.91603399450923,2.6292000000012195,14.999999999986358,0.25870000001759763,0.9023999999726584,1.4395999999123887,0.0,execute,qp_continuous_collision_and_braking_invariant_passed,accepted,,True,1,1,True,False,True,True,True,True,True,1,0,0,0,1,0,0,1,0,True,False,False,False,1190,1146,44,0.9630252100840336,2,1,1
armbench.pi05_windowed_cpu_replay.v1,row_07772__narrow_gate__direct_dispatch__certified_window_h1,row_07772__narrow_gate__direct_dispatch,29,7772,narrow_gate,certified_window_h1,10,1,c3533edfda4b0016620bef05041c1b2e100c114929dc01b6c006379c8f39062d,ea68999022578c052b3a24c77884d4980cb78ee50ec5b92e526a2b04dab89659,20.0,109.8769340023864,109.8769340023864,2.545999999938431,0.0,0.26690000004236936,0.8209000000078959,1.4287999999851309,0.0,execute,qp_continuous_collision_and_braking_invariant_passed,accepted,,True,1,1,True,False,True,True,True,True,True,1,0,0,0,1,0,0,1,0,True,False,False,False,1512,1473,39,0.9742063492063492,2,1,1
