schema_version,case_id,source_case_id,selection_index,source_row_index,scenario,profile,response_action_sha256,input_action_sha256,supervision_budget_ms,base_response_age_ms,activation_response_age_ms,supervisor_latency_ms,assurance_worker_latency_ms,qp_latency_ms,continuous_collision_latency_ms,dynamics_braking_latency_ms,fallback_brake_latency_ms,status,reason,supervisor_status,failure_stage,candidate_complete,candidate_action_count,published_action_count,policy_actions_executable,partial_prefix_exposed,all_or_none_publication,assurance_worker_thread_separate,fallback_validated,qp_feasible,qp_intervention_steps,joint_position_violation_steps,joint_velocity_violation_steps,joint_acceleration_violation_steps,continuous_edges_checked,continuous_unsafe_edges,continuous_indeterminate_edges,braking_boundaries_checked,braking_invalid_boundaries,all_registered_constraints_satisfied,unsafe_plan_published,software_budget_exceeded,response_deadline_exceeded,broad_phase_pair_tests,broad_phase_pruned_pairs,broad_phase_exact_pair_evaluations,broad_phase_prune_rate,safe_configuration_cache_hits,persistent_qp_solve_calls,persistent_brake_validation_calls
armbench.pi05_optimized_cpu_replay.v1,row_00763__free_space__direct_dispatch__operational_20ms,row_00763__free_space__direct_dispatch,0,763,free_space,operational_20ms,2ba514276e139d381b7b19bf859e964ad7e1b157ca9f234909fb87328f08ec28,e4ddff608fdc24bbe79f4f345b6ad772cc7e47679fd0522db9fe5c0e6a4512b3,20.0,103.75407699757488,134.75407700025244,22.260199999436736,14.999999999417923,4.546600001049228,16.07460000377614,0.0,1.426700000592973,hold,supervision_budget_exceeded,hold,supervision_budget,True,10,0,False,False,True,True,True,True,10,0,0,0,10,0,0,10,0,True,False,True,False,6615,6332,283,0.9572184429327286,7,10,1
armbench.pi05_optimized_cpu_replay.v1,row_00763__single_block__direct_dispatch__operational_20ms,row_00763__single_block__direct_dispatch,0,763,single_block,operational_20ms,2ba514276e139d381b7b19bf859e964ad7e1b157ca9f234909fb87328f08ec28,e4ddff608fdc24bbe79f4f345b6ad772cc7e47679fd0522db9fe5c0e6a4512b3,20.0,102.52607700385852,134.52607700310182,22.79889999772422,15.999999995983671,6.120500001998153,15.577899997879285,0.0,0.9034999966388568,hold,supervision_budget_exceeded,hold,supervision_budget,True,10,0,False,False,True,True,True,True,10,0,0,0,10,0,0,10,0,True,False,True,False,6290,6051,239,0.9620031796502385,6,10,1
armbench.pi05_optimized_cpu_replay.v1,row_00763__narrow_gate__direct_dispatch__operational_20ms,row_00763__narrow_gate__direct_dispatch,0,763,narrow_gate,operational_20ms,2ba514276e139d381b7b19bf859e964ad7e1b157ca9f234909fb87328f08ec28,e4ddff608fdc24bbe79f4f345b6ad772cc7e47679fd0522db9fe5c0e6a4512b3,20.0,103.48747699754313,119.48747700080276,22.694200000842102,16.00000000325963,4.5368999999482185,17.183600000862498,0.0,0.8164000028045848,hold,supervision_budget_exceeded,hold,supervision_budget,True,10,0,False,False,True,True,True,True,10,0,0,0,10,0,0,10,0,True,False,True,False,9720,9434,286,0.9705761316872428,7,10,1
armbench.pi05_optimized_cpu_replay.v1,row_00458__free_space__direct_dispatch__operational_20ms,row_00458__free_space__direct_dispatch,1,458,free_space,operational_20ms,539d85427650fb89affee25f827ab92f2803af4f4686cdda7625ebbcfc4e125f,c20bfe121e217568858d6301db3e88f8bbabf1604fdaa8e909eae454747800b5,20.0,82.58776900765952,113.58776900306111,22.20379999926081,30.999999995401595,7.092100000591017,14.298300004156772,0.0,0.6346999944071285,hold,supervision_budget_exceeded,hold,supervision_budget,True,10,0,False,False,True,True,True,True,10,0,0,0,10,0,0,10,0,True,False,True,False,6027,5766,261,0.9566948730711797,6,10,1
armbench.pi05_optimized_cpu_replay.v1,row_00458__single_block__direct_dispatch__operational_20ms,row_00458__single_block__direct_dispatch,1,458,single_block,operational_20ms,539d85427650fb89affee25f827ab92f2803af4f4686cdda7625ebbcfc4e125f,c20bfe121e217568858d6301db3e88f8bbabf1604fdaa8e909eae454747800b5,20.0,82.50796900392743,113.50796900660498,24.3759000004502,16.00000000325963,6.192599998030346,16.488000001118053,0.0,1.4797999974689446,hold,supervision_budget_exceeded,hold,supervision_budget,True,10,0,False,False,True,True,True,True,10,0,0,0,10,0,0,10,0,True,False,True,False,6970,6654,316,0.9546628407460546,6,10,1
armbench.pi05_optimized_cpu_replay.v1,row_00458__narrow_gate__direct_dispatch__operational_20ms,row_00458__narrow_gate__direct_dispatch,1,458,narrow_gate,operational_20ms,539d85427650fb89affee25f827ab92f2803af4f4686cdda7625ebbcfc4e125f,c20bfe121e217568858d6301db3e88f8bbabf1604fdaa8e909eae454747800b5,20.0,83.1604690029053,114.16046900558285,23.533599996881094,31.000000002677552,5.9782000025734305,16.267899998638313,0.0,1.1123000003863126,hold,supervision_budget_exceeded,hold,supervision_budget,True,10,0,False,False,True,True,True,True,10,0,0,0,10,0,0,10,0,True,False,True,False,7128,6912,216,0.9696969696969697,5,10,1
armbench.pi05_optimized_cpu_replay.v1,row_00222__free_space__direct_dispatch__operational_20ms,row_00222__free_space__direct_dispatch,2,222,free_space,operational_20ms,7ed64e746df909ff0c71898c554048b30bb88de50d94a6f43787c50679b174e2,21da2b9970d3e9644b5f044a5dcc016b6b5053a5b4e9c17bce52d4303d2b3600,20.0,171.54230199957965,202.54230199498124,21.78740000090329,14.999999999417923,5.446999995911028,14.816599999903701,0.0,1.2053999962517992,hold,supervision_budget_exceeded,hold,supervision_budget,True,10,0,False,False,True,True,True,True,10,0,0,0,10,0,0,10,0,True,False,True,True,3675,3519,156,0.9575510204081633,4,10,1
armbench.pi05_optimized_cpu_replay.v1,row_00222__single_block__direct_dispatch__operational_20ms,row_00222__single_block__direct_dispatch,2,222,single_block,operational_20ms,7ed64e746df909ff0c71898c554048b30bb88de50d94a6f43787c50679b174e2,21da2b9970d3e9644b5f044a5dcc016b6b5053a5b4e9c17bce52d4303d2b3600,20.0,171.895202001906,218.89520200784318,29.369299998506904,31.000000002677552,4.968600005668122,22.76249999704305,0.0,1.4335999949253164,hold,supervision_budget_exceeded,hold,supervision_budget,True,10,0,False,False,True,True,True,True,10,0,0,0,10,0,0,10,0,True,False,True,True,11390,10791,599,0.9474100087796312,6,10,1
armbench.pi05_optimized_cpu_replay.v1,row_00222__narrow_gate__direct_dispatch__operational_20ms,row_00222__narrow_gate__direct_dispatch,2,222,narrow_gate,operational_20ms,7ed64e746df909ff0c71898c554048b30bb88de50d94a6f43787c50679b174e2,21da2b9970d3e9644b5f044a5dcc016b6b5053a5b4e9c17bce52d4303d2b3600,20.0,171.71460199460853,218.71460199326975,23.943899999721907,31.9999999992433,6.6969999970751815,16.13790000556037,0.0,0.924600004509557,hold,supervision_budget_exceeded,hold,supervision_budget,True,10,0,False,False,True,True,True,True,10,0,0,0,10,3,0,10,5,False,False,True,True,5400,5202,198,0.9633333333333334,4,10,1
armbench.pi05_optimized_cpu_replay.v1,row_01467__free_space__direct_dispatch__operational_20ms,row_01467__free_space__direct_dispatch,3,1467,free_space,operational_20ms,0d05a20d8a90b30eac6e6dfc2e65c5d447cb062d06863c48db1367dbdc8d27af,4f17f5dfea4ea95c98fd42f459cd72d84c6d64fa6c129fbeb17b753364002cf1,20.0,92.3235240043141,123.32352399971569,21.262399997795,30.999999995401595,5.440599998109974,14.786799998546485,0.0,0.8321999994223006,hold,supervision_budget_exceeded,hold,supervision_budget,True,10,0,False,False,True,True,True,True,10,0,0,0,10,0,0,10,0,True,False,True,False,6321,6054,267,0.9577598481252966,7,10,1
armbench.pi05_optimized_cpu_replay.v1,row_01467__single_block__direct_dispatch__operational_20ms,row_01467__single_block__direct_dispatch,3,1467,single_block,operational_20ms,0d05a20d8a90b30eac6e6dfc2e65c5d447cb062d06863c48db1367dbdc8d27af,4f17f5dfea4ea95c98fd42f459cd72d84c6d64fa6c129fbeb17b753364002cf1,20.0,92.74982400529552,123.74982400797307,22.75019999797223,31.000000002677552,4.554100007226225,17.288299997744616,0.0,0.7284000021172687,hold,supervision_budget_exceeded,hold,supervision_budget,True,10,0,False,False,True,True,True,True,10,0,0,0,10,0,0,10,0,True,False,True,False,8670,8273,397,0.9542099192618224,8,10,1
armbench.pi05_optimized_cpu_replay.v1,row_01467__narrow_gate__direct_dispatch__operational_20ms,row_01467__narrow_gate__direct_dispatch,3,1467,narrow_gate,operational_20ms,0d05a20d8a90b30eac6e6dfc2e65c5d447cb062d06863c48db1367dbdc8d27af,4f17f5dfea4ea95c98fd42f459cd72d84c6d64fa6c129fbeb17b753364002cf1,20.0,92.48282400221797,107.48282400163589,23.066800000378862,14.999999999417923,6.332400000246707,15.63940000050934,0.0,0.8927000017138198,hold,supervision_budget_exceeded,hold,supervision_budget,True,10,0,False,False,True,True,True,True,10,0,0,0,10,0,0,10,0,True,False,True,False,7560,7281,279,0.9630952380952381,6,10,1
armbench.pi05_optimized_cpu_replay.v1,row_00954__free_space__direct_dispatch__operational_20ms,row_00954__free_space__direct_dispatch,4,954,free_space,operational_20ms,8c426cf29f252a7c103234ca72eff693daec4272e1eff735e0f325be6c8368bb,541ef1c389b4780c1bc25075e466ca00805d06391dbce79e67b43e6b6a02ff42,20.0,84.07754999643657,115.07754999183817,22.696799998811912,30.999999995401595,6.765999998606276,15.14129999850411,0.0,0.5834000039612874,hold,supervision_budget_exceeded,hold,supervision_budget,True,10,0,False,False,True,True,True,True,10,0,0,0,10,0,0,10,0,True,False,True,False,6615,6294,321,0.9514739229024943,4,10,1
armbench.pi05_optimized_cpu_replay.v1,row_00954__single_block__direct_dispatch__operational_20ms,row_00954__single_block__direct_dispatch,4,954,single_block,operational_20ms,8c426cf29f252a7c103234ca72eff693daec4272e1eff735e0f325be6c8368bb,541ef1c389b4780c1bc25075e466ca00805d06391dbce79e67b43e6b6a02ff42,20.0,83.76884999597678,130.768849994638,26.07939999870723,30.999999995401595,5.779300001449883,18.872400003601797,0.0,1.2007999976049177,hold,supervision_budget_exceeded,hold,supervision_budget,True,10,0,False,False,True,True,True,True,10,0,0,0,10,0,0,10,0,True,False,True,False,10370,9906,464,0.9552555448408871,5,10,1
armbench.pi05_optimized_cpu_replay.v1,row_00954__narrow_gate__direct_dispatch__operational_20ms,row_00954__narrow_gate__direct_dispatch,4,954,narrow_gate,operational_20ms,8c426cf29f252a7c103234ca72eff693daec4272e1eff735e0f325be6c8368bb,541ef1c389b4780c1bc25075e466ca00805d06391dbce79e67b43e6b6a02ff42,20.0,83.80704999581212,130.80704999447335,27.22170000197366,31.9999999992433,3.9685000010649674,21.865900002012495,0.0,1.2059000000590459,hold,supervision_budget_exceeded,hold,supervision_budget,True,10,0,False,False,True,True,True,True,10,0,0,0,10,0,0,10,0,True,False,True,False,13176,12637,539,0.9590922890103218,5,10,1
armbench.pi05_optimized_cpu_replay.v1,row_01576__free_space__direct_dispatch__operational_20ms,row_01576__free_space__direct_dispatch,5,1576,free_space,operational_20ms,a51612a00a37d0ea3749eb912a6f60afe1d9cd2ca5587f61e5ab60e8a19f447a,ceffaae899c86b7cad94d1a21bba4a80279a12dae6dc59022e88ec0d8034bbec,20.0,109.7861300004297,141.786129999673,20.65020000009099,31.9999999992433,5.9181999968132,13.889100002415944,0.0,0.5271999980323017,hold,supervision_budget_exceeded,hold,supervision_budget,True,10,0,False,False,True,True,True,True,10,0,0,0,10,0,0,10,0,True,False,True,False,5733,5485,248,0.9567416710273853,7,10,1
armbench.pi05_optimized_cpu_replay.v1,row_01576__single_block__direct_dispatch__operational_20ms,row_01576__single_block__direct_dispatch,5,1576,single_block,operational_20ms,a51612a00a37d0ea3749eb912a6f60afe1d9cd2ca5587f61e5ab60e8a19f447a,ceffaae899c86b7cad94d1a21bba4a80279a12dae6dc59022e88ec0d8034bbec,20.0,109.48412999277934,140.4841299954569,21.50219999748515,31.000000002677552,2.813700004480779,17.295199999352917,0.0,1.2559000024339184,hold,supervision_budget_exceeded,hold,supervision_budget,True,10,0,False,False,True,True,True,True,10,0,0,0,10,0,0,10,0,True,False,True,False,7990,7686,304,0.9619524405506884,8,10,1
armbench.pi05_optimized_cpu_replay.v1,row_01576__narrow_gate__direct_dispatch__operational_20ms,row_01576__narrow_gate__direct_dispatch,5,1576,narrow_gate,operational_20ms,a51612a00a37d0ea3749eb912a6f60afe1d9cd2ca5587f61e5ab60e8a19f447a,ceffaae899c86b7cad94d1a21bba4a80279a12dae6dc59022e88ec0d8034bbec,20.0,109.35532999428688,155.35532999638235,21.51420000154758,31.000000002677552,2.373399998759851,18.243999998958316,0.0,0.8058999956119806,hold,supervision_budget_exceeded,hold,supervision_budget,True,10,0,False,False,True,True,True,True,10,0,0,0,10,0,0,10,0,True,False,True,False,10152,9850,302,0.9702521670606777,8,10,1
armbench.pi05_optimized_cpu_replay.v1,row_02114__free_space__direct_dispatch__operational_20ms,row_02114__free_space__direct_dispatch,6,2114,free_space,operational_20ms,3c8a04cfba03e28f556b668ecfc39ba1f3c6f600ae28115bb0d484f228805822,b450e7ad3d6478be6418531fda01e2f47bd1fa86a3054195fa3e89dd7bafae17,20.0,84.57347300281981,115.5734729982214,25.85660000477219,30.999999995401595,6.371399998897687,18.740799998340663,0.0,0.5833000031998381,hold,supervision_budget_exceeded,hold,supervision_budget,True,10,0,False,False,True,True,True,True,10,0,0,0,10,0,0,10,0,True,False,True,False,5439,5204,235,0.9567935282220996,4,10,1
armbench.pi05_optimized_cpu_replay.v1,row_02114__single_block__direct_dispatch__operational_20ms,row_02114__single_block__direct_dispatch,6,2114,single_block,operational_20ms,3c8a04cfba03e28f556b668ecfc39ba1f3c6f600ae28115bb0d484f228805822,b450e7ad3d6478be6418531fda01e2f47bd1fa86a3054195fa3e89dd7bafae17,20.0,85.05257299839286,117.05257299763616,23.035300000628922,31.9999999992433,6.338399995001964,15.794499995536171,0.0,0.7322999954340048,hold,supervision_budget_exceeded,hold,supervision_budget,True,10,0,False,False,True,True,True,True,10,0,0,0,10,0,0,10,0,True,False,True,False,9010,8625,385,0.9572697003329633,5,10,1
armbench.pi05_optimized_cpu_replay.v1,row_02114__narrow_gate__direct_dispatch__operational_20ms,row_02114__narrow_gate__direct_dispatch,6,2114,narrow_gate,operational_20ms,3c8a04cfba03e28f556b668ecfc39ba1f3c6f600ae28115bb0d484f228805822,b450e7ad3d6478be6418531fda01e2f47bd1fa86a3054195fa3e89dd7bafae17,20.0,85.04487299796892,116.04487299337052,23.678300000028685,14.999999999417923,3.8596000013058074,19.081200000073295,0.0,0.6278000000747852,hold,supervision_budget_exceeded,hold,supervision_budget,True,10,0,False,False,True,True,True,True,10,0,0,0,10,5,0,10,7,False,False,True,False,11448,10978,470,0.9589447938504543,5,10,1
armbench.pi05_optimized_cpu_replay.v1,row_02316__free_space__direct_dispatch__operational_20ms,row_02316__free_space__direct_dispatch,7,2316,free_space,operational_20ms,307d796186bec85694ad45ec5f0f36b6c2d4136025b8788f52b21f8ce81cefc3,4eb6f0c33cfea87817ea47ba3691beea6689e4326d4b265a74641f01503e5d46,20.0,81.15441800327972,113.15441800252302,22.705199997290038,31.9999999992433,4.501000003074296,17.312200005108025,0.0,0.7355000052484684,hold,supervision_budget_exceeded,hold,supervision_budget,True,10,0,False,False,True,True,True,True,10,0,0,0,10,0,0,10,0,True,False,True,False,7791,7433,358,0.9540495443460403,7,10,1
armbench.pi05_optimized_cpu_replay.v1,row_02316__single_block__direct_dispatch__operational_20ms,row_02316__single_block__direct_dispatch,7,2316,single_block,operational_20ms,307d796186bec85694ad45ec5f0f36b6c2d4136025b8788f52b21f8ce81cefc3,4eb6f0c33cfea87817ea47ba3691beea6689e4326d4b265a74641f01503e5d46,20.0,81.35241799755022,97.35241799353389,20.72309999493882,15.999999995983671,6.877600004372653,13.054399998509325,0.0,0.6102000043028966,hold,supervision_budget_exceeded,hold,supervision_budget,True,10,0,False,False,True,True,True,True,10,0,0,0,10,0,0,10,0,True,False,True,False,6290,5993,297,0.9527821939586646,5,10,1
armbench.pi05_optimized_cpu_replay.v1,row_02316__narrow_gate__direct_dispatch__operational_20ms,row_02316__narrow_gate__direct_dispatch,7,2316,narrow_gate,operational_20ms,307d796186bec85694ad45ec5f0f36b6c2d4136025b8788f52b21f8ce81cefc3,4eb6f0c33cfea87817ea47ba3691beea6689e4326d4b265a74641f01503e5d46,20.0,81.5732180053601,112.57321800803766,20.927899997332133,31.000000002677552,4.254699997545686,15.807000003405847,0.0,0.7607999941683374,hold,supervision_budget_exceeded,hold,supervision_budget,True,10,0,False,False,True,True,True,True,10,0,0,0,10,3,0,10,5,False,False,True,False,9720,9303,417,0.9570987654320988,6,10,1
armbench.pi05_optimized_cpu_replay.v1,row_02045__free_space__direct_dispatch__operational_20ms,row_02045__free_space__direct_dispatch,8,2045,free_space,operational_20ms,35bb006359368f4079d94be18fc9d2261932ba0be13c6387627761460fdfd649,21bb222523a68d85dbd4f6c83a8c1b450d40a364adf8ee4e45280df78bc18027,20.0,107.79295300744707,138.79295301012462,25.681899998744484,16.00000000325963,5.445300004794262,18.592300002637785,0.0,1.4364000016939826,hold,supervision_budget_exceeded,hold,supervision_budget,True,10,0,False,False,True,True,True,True,10,0,0,0,10,0,0,10,0,True,False,True,False,4557,4390,167,0.9633530831687513,10,10,1
armbench.pi05_optimized_cpu_replay.v1,row_02045__single_block__direct_dispatch__operational_20ms,row_02045__single_block__direct_dispatch,8,2045,single_block,operational_20ms,35bb006359368f4079d94be18fc9d2261932ba0be13c6387627761460fdfd649,21bb222523a68d85dbd4f6c83a8c1b450d40a364adf8ee4e45280df78bc18027,20.0,107.84735299966997,138.84735299507156,21.559599997999612,14.999999999417923,5.154699996637646,12.021599999570753,3.343299998959992,0.8170000000973232,hold,supervision_budget_exceeded,hold,supervision_budget,True,10,0,False,False,True,True,True,True,10,0,0,0,10,0,0,10,0,True,False,True,False,5610,5365,245,0.9563279857397504,12,10,2
armbench.pi05_optimized_cpu_replay.v1,row_02045__narrow_gate__direct_dispatch__operational_20ms,row_02045__narrow_gate__direct_dispatch,8,2045,narrow_gate,operational_20ms,35bb006359368f4079d94be18fc9d2261932ba0be13c6387627761460fdfd649,21bb222523a68d85dbd4f6c83a8c1b450d40a364adf8ee4e45280df78bc18027,20.0,108.03035300341435,140.03035300265765,22.248100001888815,31.9999999992433,6.3768999971216545,12.589400001161266,2.439700001559686,0.657899996440392,hold,supervision_budget_exceeded,hold,supervision_budget,True,10,0,False,False,True,True,True,True,10,0,0,0,10,0,0,10,0,True,False,True,False,7128,6904,224,0.9685746352413019,12,10,2
armbench.pi05_optimized_cpu_replay.v1,row_02736__free_space__direct_dispatch__operational_20ms,row_02736__free_space__direct_dispatch,9,2736,free_space,operational_20ms,62b013ffb3379eba43666abbd0be0848858bc836836b094e25ea8d74cfde9e2c,0b565a6938d9bb0b57977d079796fcc4c108d1841f47a0f986253144c3870174,20.0,79.95957398816245,126.95957398682367,21.0231000019121,31.000000002677552,5.032199995184783,14.869900005578529,0.0,0.8746999956201762,hold,supervision_budget_exceeded,hold,supervision_budget,True,10,0,False,False,True,True,True,True,10,0,0,0,10,0,0,10,0,True,False,True,False,5439,5190,249,0.9542195256480971,4,10,1
armbench.pi05_optimized_cpu_replay.v1,row_02736__single_block__direct_dispatch__operational_20ms,row_02736__single_block__direct_dispatch,9,2736,single_block,operational_20ms,62b013ffb3379eba43666abbd0be0848858bc836836b094e25ea8d74cfde9e2c,0b565a6938d9bb0b57977d079796fcc4c108d1841f47a0f986253144c3870174,20.0,80.01317399612162,111.01317399879918,22.34790000511566,16.00000000325963,7.366300000285264,13.520900000003166,0.0,1.3076999966870062,hold,supervision_budget_exceeded,hold,supervision_budget,True,10,0,False,False,True,True,True,True,10,0,0,0,10,0,0,10,0,True,False,True,False,3570,3403,167,0.9532212885154062,3,10,1
armbench.pi05_optimized_cpu_replay.v1,row_02736__narrow_gate__direct_dispatch__operational_20ms,row_02736__narrow_gate__direct_dispatch,9,2736,narrow_gate,operational_20ms,62b013ffb3379eba43666abbd0be0848858bc836836b094e25ea8d74cfde9e2c,0b565a6938d9bb0b57977d079796fcc4c108d1841f47a0f986253144c3870174,20.0,80.14397399529116,126.14397399738664,23.736000002827495,31.000000002677552,4.992700000002515,17.559499996423256,0.0,0.9406000026501715,hold,supervision_budget_exceeded,hold,supervision_budget,True,10,0,False,False,True,True,True,True,10,0,0,0,10,5,0,10,7,False,False,True,False,7992,7661,331,0.9585835835835835,4,10,1
armbench.pi05_optimized_cpu_replay.v1,row_02456__free_space__direct_dispatch__operational_20ms,row_02456__free_space__direct_dispatch,10,2456,free_space,operational_20ms,a805df171f5b2a0bb37e82ee33c913be28ab363a08c40943c47745c4be5f166b,606d95c489296b5f4e2fde5d9b28e0f52167c7824e5ba4cee1b52a1be5d798c3,20.0,160.5769509988022,207.57695099746343,25.132999995548744,16.00000000325963,5.089099999167956,18.950400000903755,0.0,0.9547000008751638,hold,supervision_budget_exceeded,hold,supervision_budget,True,10,0,False,False,True,True,True,True,10,0,0,0,10,0,0,10,0,True,False,True,True,7497,7153,344,0.9541149793250634,5,10,1
armbench.pi05_optimized_cpu_replay.v1,row_02456__single_block__direct_dispatch__operational_20ms,row_02456__single_block__direct_dispatch,10,2456,single_block,operational_20ms,a805df171f5b2a0bb37e82ee33c913be28ab363a08c40943c47745c4be5f166b,606d95c489296b5f4e2fde5d9b28e0f52167c7824e5ba4cee1b52a1be5d798c3,20.0,160.99725099775242,191.99725100042997,26.491500000702217,31.000000002677552,6.397900004230905,18.575299996882677,0.0,1.2807999955839477,hold,supervision_budget_exceeded,hold,supervision_budget,True,10,0,False,False,True,True,True,True,10,0,0,0,10,0,0,10,0,True,False,True,False,5950,5658,292,0.9509243697478992,4,10,1
armbench.pi05_optimized_cpu_replay.v1,row_02456__narrow_gate__direct_dispatch__operational_20ms,row_02456__narrow_gate__direct_dispatch,10,2456,narrow_gate,operational_20ms,a805df171f5b2a0bb37e82ee33c913be28ab363a08c40943c47745c4be5f166b,606d95c489296b5f4e2fde5d9b28e0f52167c7824e5ba4cee1b52a1be5d798c3,20.0,160.55815100116888,192.55815100041218,24.25989999755984,31.9999999992433,4.367299996374641,18.972300000314135,0.0,0.7266999964485876,hold,supervision_budget_exceeded,hold,supervision_budget,True,10,0,False,False,True,True,True,True,10,0,0,0,10,5,0,10,7,False,False,True,False,11016,10518,498,0.9547930283224401,5,10,1
armbench.pi05_optimized_cpu_replay.v1,row_02938__free_space__direct_dispatch__operational_20ms,row_02938__free_space__direct_dispatch,11,2938,free_space,operational_20ms,30d16912ce8098c60d419bf30ed1491235b796b186f2378fa0ebdef754cc31fd,d5c708014600a7920be64b6acc05dd2153f49c780015898b4d746c2bc4c494ab,20.0,111.70350899919868,142.70350899460027,24.9515000032261,30.999999995401595,4.911199997877702,18.93959999870276,0.0,0.8881999965524301,hold,supervision_budget_exceeded,hold,supervision_budget,True,10,0,False,False,True,True,True,True,10,0,0,0,10,0,0,10,0,True,False,True,False,7791,7420,371,0.9523809523809523,5,10,1
armbench.pi05_optimized_cpu_replay.v1,row_02938__single_block__direct_dispatch__operational_20ms,row_02938__single_block__direct_dispatch,11,2938,single_block,operational_20ms,30d16912ce8098c60d419bf30ed1491235b796b186f2378fa0ebdef754cc31fd,d5c708014600a7920be64b6acc05dd2153f49c780015898b4d746c2bc4c494ab,20.0,111.67890899378108,142.67890899645863,21.128699998371303,31.000000002677552,6.185500002175104,14.238000003388152,0.0,0.5463000052259304,hold,supervision_budget_exceeded,hold,supervision_budget,True,10,0,False,False,True,True,True,True,10,0,0,0,10,0,0,10,0,True,False,True,False,6290,6014,276,0.956120826709062,4,10,1
armbench.pi05_optimized_cpu_replay.v1,row_02938__narrow_gate__direct_dispatch__operational_20ms,row_02938__narrow_gate__direct_dispatch,11,2938,narrow_gate,operational_20ms,30d16912ce8098c60d419bf30ed1491235b796b186f2378fa0ebdef754cc31fd,d5c708014600a7920be64b6acc05dd2153f49c780015898b4d746c2bc4c494ab,20.0,111.79980899760267,143.79980899684597,24.418900000455324,15.999999995983671,5.956699998932891,17.506099997262936,0.0,0.8517999958712608,hold,supervision_budget_exceeded,hold,supervision_budget,True,10,0,False,False,True,True,True,True,10,0,0,0,10,0,0,10,0,True,False,True,False,11448,11003,445,0.9611285814116003,5,10,1
armbench.pi05_optimized_cpu_replay.v1,row_03122__free_space__direct_dispatch__operational_20ms,row_03122__free_space__direct_dispatch,12,3122,free_space,operational_20ms,4fd1a98f6e18bda6afca61b1213f09c92ed3fce35dcd8c4d53333ce515224354,fae786a4aad836002b16172491457936b523b19e2e002e95e4b9cb634083a717,20.0,81.44486000674078,112.44486000941833,21.698999997170176,16.00000000325963,7.220300001790747,12.688700000580866,0.0,1.5723999968031421,hold,supervision_budget_exceeded,hold,supervision_budget,True,10,0,False,False,True,True,True,True,10,0,0,0,10,0,0,10,0,True,False,True,False,3087,2960,127,0.9588597343699384,3,10,1
armbench.pi05_optimized_cpu_replay.v1,row_03122__single_block__direct_dispatch__operational_20ms,row_03122__single_block__direct_dispatch,12,3122,single_block,operational_20ms,4fd1a98f6e18bda6afca61b1213f09c92ed3fce35dcd8c4d53333ce515224354,fae786a4aad836002b16172491457936b523b19e2e002e95e4b9cb634083a717,20.0,81.17976000357885,112.17975999898044,21.6666999986046,14.999999999417923,7.042199998977594,13.076399998681154,0.0,1.3065000021015294,hold,supervision_budget_exceeded,hold,supervision_budget,True,10,0,False,False,True,True,True,True,10,0,0,0,10,0,0,10,0,True,False,True,False,3570,3437,133,0.9627450980392157,3,10,1
armbench.pi05_optimized_cpu_replay.v1,row_03122__narrow_gate__direct_dispatch__operational_20ms,row_03122__narrow_gate__direct_dispatch,12,3122,narrow_gate,operational_20ms,4fd1a98f6e18bda6afca61b1213f09c92ed3fce35dcd8c4d53333ce515224354,fae786a4aad836002b16172491457936b523b19e2e002e95e4b9cb634083a717,20.0,81.26705999893602,112.26706000161357,23.10639999632258,31.000000002677552,4.615099998773076,17.426099999283906,0.0,0.8954000004450791,hold,supervision_budget_exceeded,hold,supervision_budget,True,10,0,False,False,True,True,True,True,10,0,0,0,10,0,0,10,0,True,False,True,False,9720,9417,303,0.9688271604938271,6,10,1
armbench.pi05_optimized_cpu_replay.v1,row_03163__free_space__direct_dispatch__operational_20ms,row_03163__free_space__direct_dispatch,13,3163,free_space,operational_20ms,e3ad14c7d499ec5ce4892eb2bef290b5e056a2b62568859245b6356da12457fb,ffa917dcd4fa88b9be0656ad8c111499b9a6bfff234650d693827eb9d1d5f76c,20.0,80.90778300538659,95.90778300480451,21.302500004821923,14.999999999417923,4.7007000030134805,15.4294999956619,0.0,0.9948000006261282,hold,supervision_budget_exceeded,hold,supervision_budget,True,10,0,False,False,True,True,True,True,10,0,0,0,10,0,0,10,0,True,False,True,False,6615,6341,274,0.9585789871504157,6,10,1
armbench.pi05_optimized_cpu_replay.v1,row_03163__single_block__direct_dispatch__operational_20ms,row_03163__single_block__direct_dispatch,13,3163,single_block,operational_20ms,e3ad14c7d499ec5ce4892eb2bef290b5e056a2b62568859245b6356da12457fb,ffa917dcd4fa88b9be0656ad8c111499b9a6bfff234650d693827eb9d1d5f76c,20.0,80.80188299936708,127.8018829980283,22.608300001593307,31.000000002677552,5.409199999121483,15.99240000359714,0.0,0.9841000064625405,hold,supervision_budget_exceeded,hold,supervision_budget,True,10,0,False,False,True,True,True,True,10,0,0,0,10,0,0,10,0,True,False,True,False,6290,6063,227,0.9639109697933227,5,10,1
armbench.pi05_optimized_cpu_replay.v1,row_03163__narrow_gate__direct_dispatch__operational_20ms,row_03163__narrow_gate__direct_dispatch,13,3163,narrow_gate,operational_20ms,e3ad14c7d499ec5ce4892eb2bef290b5e056a2b62568859245b6356da12457fb,ffa917dcd4fa88b9be0656ad8c111499b9a6bfff234650d693827eb9d1d5f76c,20.0,81.32088300044416,113.32088299968746,26.22430000337772,31.9999999992433,8.208400002331473,16.134999998030253,0.0,1.6460999977425672,hold,supervision_budget_exceeded,hold,supervision_budget,True,10,0,False,False,True,True,True,True,10,0,0,0,10,0,0,10,0,True,False,True,False,4536,4409,127,0.9720017636684304,3,10,1
armbench.pi05_optimized_cpu_replay.v1,row_03741__free_space__direct_dispatch__operational_20ms,row_03741__free_space__direct_dispatch,14,3741,free_space,operational_20ms,4b7907e4aad9dc6e77f813e772c59d0c7169c40282363ff493a33e879b87cde7,919e5f396da973e2cf7f371f4f3431bd547e13a2c08ca1b5ae4da4003096c020,20.0,109.97415299789282,140.9741529932944,22.65579999948386,14.999999999417923,6.613300000026356,14.735700002347585,0.0,1.0956000041915104,hold,supervision_budget_exceeded,hold,supervision_budget,True,10,0,False,False,True,True,True,True,10,0,0,0,10,0,0,10,0,True,False,True,False,5439,5183,256,0.9529325243610958,5,10,1
armbench.pi05_optimized_cpu_replay.v1,row_03741__single_block__direct_dispatch__operational_20ms,row_03741__single_block__direct_dispatch,14,3741,single_block,operational_20ms,4b7907e4aad9dc6e77f813e772c59d0c7169c40282363ff493a33e879b87cde7,919e5f396da973e2cf7f371f4f3431bd547e13a2c08ca1b5ae4da4003096c020,20.0,110.02595299942186,141.0259530020994,21.926400004304014,14.999999999417923,6.765699996321928,13.549999996030238,0.0,1.3879999969503842,hold,supervision_budget_exceeded,hold,supervision_budget,True,10,0,False,False,True,True,True,True,10,0,0,0,10,0,0,10,0,True,False,True,False,3570,3421,149,0.9582633053221289,3,10,1
armbench.pi05_optimized_cpu_replay.v1,row_03741__narrow_gate__direct_dispatch__operational_20ms,row_03741__narrow_gate__direct_dispatch,14,3741,narrow_gate,operational_20ms,4b7907e4aad9dc6e77f813e772c59d0c7169c40282363ff493a33e879b87cde7,919e5f396da973e2cf7f371f4f3431bd547e13a2c08ca1b5ae4da4003096c020,20.0,109.7219529983704,140.72195300104795,21.319200001016725,16.00000000325963,6.345900001178961,13.787500000034925,0.0,0.8673999982420355,hold,supervision_budget_exceeded,hold,supervision_budget,True,10,0,False,False,True,True,True,True,10,0,0,0,10,0,0,10,0,True,False,True,False,7992,7729,263,0.9670920920920921,5,10,1
armbench.pi05_optimized_cpu_replay.v1,row_04298__free_space__direct_dispatch__operational_20ms,row_04298__free_space__direct_dispatch,15,4298,free_space,operational_20ms,2c585a1039cfc500fc7fe28c85a25ec32786fd8b15a0dad94b58ee736a663d79,94e313ab8d7786043893f7af3f613152522a820610d690acb2a3edc9ef4ba28e,20.0,80.53666400519433,127.5366640111315,24.885700004233513,31.000000002677552,3.020500000275206,20.728100003907457,0.0,1.0083999950438738,hold,supervision_budget_exceeded,hold,supervision_budget,True,10,0,False,False,True,True,True,True,10,0,0,0,10,0,0,10,0,True,False,True,False,7791,7405,386,0.9504556539596971,5,10,1
armbench.pi05_optimized_cpu_replay.v1,row_04298__single_block__direct_dispatch__operational_20ms,row_04298__single_block__direct_dispatch,15,4298,single_block,operational_20ms,2c585a1039cfc500fc7fe28c85a25ec32786fd8b15a0dad94b58ee736a663d79,94e313ab8d7786043893f7af3f613152522a820610d690acb2a3edc9ef4ba28e,20.0,80.55936400342034,111.5593640060979,25.408299996342976,31.000000002677552,3.6774999971385114,20.769500006281305,0.0,0.7884000006015413,hold,supervision_budget_exceeded,hold,supervision_budget,True,10,0,False,False,True,True,True,True,10,0,0,0,10,0,0,10,0,True,False,True,False,9010,8583,427,0.9526082130965594,5,10,1
armbench.pi05_optimized_cpu_replay.v1,row_04298__narrow_gate__direct_dispatch__operational_20ms,row_04298__narrow_gate__direct_dispatch,15,4298,narrow_gate,operational_20ms,2c585a1039cfc500fc7fe28c85a25ec32786fd8b15a0dad94b58ee736a663d79,94e313ab8d7786043893f7af3f613152522a820610d690acb2a3edc9ef4ba28e,20.0,81.24266399681801,112.24266399949556,27.64029999525519,31.000000002677552,3.606199999921955,22.778300000936724,0.0,1.1558999976841733,hold,supervision_budget_exceeded,hold,supervision_budget,True,10,0,False,False,True,True,True,True,10,0,0,0,10,0,0,10,0,True,False,True,False,11448,11043,405,0.964622641509434,5,10,1
armbench.pi05_optimized_cpu_replay.v1,row_03805__free_space__direct_dispatch__operational_20ms,row_03805__free_space__direct_dispatch,16,3805,free_space,operational_20ms,ed3ed2f05c450ceca326c550433117debafac7329c3cf9d83392e865de84d20b,091b2783ea65091b38cc9287d80dd29b0944a0b9ec326d95fda267eec534df0f,20.0,142.3698360013077,173.36983600398526,21.45839999866439,16.00000000325963,2.445499994792044,17.971299996133894,0.0,0.9142000053543597,hold,supervision_budget_exceeded,hold,supervision_budget,True,10,0,False,False,True,True,True,True,10,0,0,0,10,0,0,10,0,True,False,True,False,9261,8848,413,0.9554043839758125,9,10,1
armbench.pi05_optimized_cpu_replay.v1,row_03805__single_block__direct_dispatch__operational_20ms,row_03805__single_block__direct_dispatch,16,3805,single_block,operational_20ms,ed3ed2f05c450ceca326c550433117debafac7329c3cf9d83392e865de84d20b,091b2783ea65091b38cc9287d80dd29b0944a0b9ec326d95fda267eec534df0f,20.0,142.41793600376695,173.4179360064445,20.84620000096038,16.00000000325963,5.111800004669931,14.8678999976255,0.0,0.680800003465265,hold,supervision_budget_exceeded,hold,supervision_budget,True,10,0,False,False,True,True,True,True,10,0,0,0,10,3,0,10,4,False,False,True,False,6630,6305,325,0.9509803921568627,7,10,1
armbench.pi05_optimized_cpu_replay.v1,row_03805__narrow_gate__direct_dispatch__operational_20ms,row_03805__narrow_gate__direct_dispatch,16,3805,narrow_gate,operational_20ms,ed3ed2f05c450ceca326c550433117debafac7329c3cf9d83392e865de84d20b,091b2783ea65091b38cc9287d80dd29b0944a0b9ec326d95fda267eec534df0f,20.0,142.3951360047795,173.39513600018108,23.08669999911217,14.999999999417923,5.405800002336036,17.004699999233708,0.0,0.5024000056437217,hold,supervision_budget_exceeded,hold,supervision_budget,True,10,0,False,False,True,True,True,True,10,0,0,0,10,1,0,10,3,False,False,True,False,8424,8125,299,0.9645061728395061,7,10,1
armbench.pi05_optimized_cpu_replay.v1,row_03853__free_space__direct_dispatch__operational_20ms,row_03853__free_space__direct_dispatch,17,3853,free_space,operational_20ms,fe36ac0713605fcc57897c367ab31e5b11dbf505ac76505ab7d16f946de13db9,f7709bd9d6a771cb40508d80a0dd423dd43ec32e003ed984a734551e880e8d3e,20.0,113.17077699641231,128.17077699583024,14.29900000221096,14.999999999417923,6.101200000557583,7.275299998582341,0.0,0.7501000000047497,hold,continuous_edge_rejected:collision:self:link5:geom_32:link7:geom_59,hold,continuous_collision,True,10,0,False,False,True,True,True,True,10,0,0,0,10,1,0,10,0,False,False,False,False,3822,3637,184,0.9515960230245945,3,10,1
armbench.pi05_optimized_cpu_replay.v1,row_03853__single_block__direct_dispatch__operational_20ms,row_03853__single_block__direct_dispatch,17,3853,single_block,operational_20ms,fe36ac0713605fcc57897c367ab31e5b11dbf505ac76505ab7d16f946de13db9,f7709bd9d6a771cb40508d80a0dd423dd43ec32e003ed984a734551e880e8d3e,20.0,113.29717699845787,128.2971769978758,12.8813999981503,14.999999999417923,4.687100001319777,7.32169999537291,0.0,0.712499997462146,hold,continuous_edge_rejected:collision:self:link5:geom_33:link7:geom_60,hold,continuous_collision,True,10,0,False,False,True,True,True,True,10,0,0,0,10,1,0,10,0,False,False,False,False,4420,4228,191,0.9565610859728507,3,10,1
armbench.pi05_optimized_cpu_replay.v1,row_03853__narrow_gate__direct_dispatch__operational_20ms,row_03853__narrow_gate__direct_dispatch,17,3853,narrow_gate,operational_20ms,fe36ac0713605fcc57897c367ab31e5b11dbf505ac76505ab7d16f946de13db9,f7709bd9d6a771cb40508d80a0dd423dd43ec32e003ed984a734551e880e8d3e,20.0,114.32727699866518,130.3272770019248,16.986899994662963,16.00000000325963,3.7808999986737035,12.3539999985951,0.0,0.6980999969528057,hold,continuous_edge_rejected:collision:self:link5:geom_35:link7:geom_62,hold,continuous_collision,True,10,0,False,False,True,True,True,True,10,0,0,0,10,1,0,10,0,False,False,False,False,5616,5423,192,0.9656339031339032,3,10,1
armbench.pi05_optimized_cpu_replay.v1,row_04953__free_space__direct_dispatch__operational_20ms,row_04953__free_space__direct_dispatch,18,4953,free_space,operational_20ms,1d0a2989e76d920a59ac3a743781f15f16a583e4ded7a55d9122c2e8345072f1,af7c0afa97d566d0b6103c1987699272206fed545e580febec05c23d4443ae45,20.0,92.21125000476604,123.21125000016764,22.85429999756161,14.999999999417923,4.925599998387042,17.026599998644087,0.0,0.7254000011016615,hold,supervision_budget_exceeded,hold,supervision_budget,True,10,0,False,False,True,True,True,True,10,0,0,0,10,0,0,10,0,True,False,True,False,8967,8487,480,0.9464703914352627,8,10,1
armbench.pi05_optimized_cpu_replay.v1,row_04953__single_block__direct_dispatch__operational_20ms,row_04953__single_block__direct_dispatch,18,4953,single_block,operational_20ms,1d0a2989e76d920a59ac3a743781f15f16a583e4ded7a55d9122c2e8345072f1,af7c0afa97d566d0b6103c1987699272206fed545e580febec05c23d4443ae45,20.0,92.31015000113985,123.31014999654144,24.84060000278987,30.999999995401595,6.3222999960999005,17.116199996962678,0.0,1.2134999997215346,hold,supervision_budget_exceeded,hold,supervision_budget,True,10,0,False,False,True,True,True,True,10,0,0,0,10,0,0,10,0,True,False,True,False,4930,4731,199,0.9596348884381338,4,10,1
armbench.pi05_optimized_cpu_replay.v1,row_04953__narrow_gate__direct_dispatch__operational_20ms,row_04953__narrow_gate__direct_dispatch,18,4953,narrow_gate,operational_20ms,1d0a2989e76d920a59ac3a743781f15f16a583e4ded7a55d9122c2e8345072f1,af7c0afa97d566d0b6103c1987699272206fed545e580febec05c23d4443ae45,20.0,92.36935000080848,123.36935000348603,21.46010000433307,31.000000002677552,5.714300001272932,14.796399998886045,0.0,0.6638999984716065,hold,supervision_budget_exceeded,hold,supervision_budget,True,10,0,False,False,True,True,True,True,10,0,0,0,10,0,0,10,0,True,False,True,False,9720,9387,333,0.9657407407407408,6,10,1
armbench.pi05_optimized_cpu_replay.v1,row_04773__free_space__direct_dispatch__operational_20ms,row_04773__free_space__direct_dispatch,19,4773,free_space,operational_20ms,0012494746ac6d95bef31165b95dad73d2233ce508b720c3e77a99bb8cb95b24,c523c8dc9161531afa6950372597ab78cbf73daa99043843e1df48ebd20b87dd,20.0,82.32979899912607,114.32979899836937,22.38200000283541,15.999999995983671,5.6030000050668605,15.527700001257472,0.0,1.0508000050322153,hold,supervision_budget_exceeded,hold,supervision_budget,True,10,0,False,False,True,True,True,True,10,0,0,0,10,0,0,10,0,True,False,True,False,4557,4376,181,0.9602808865481677,6,10,1
armbench.pi05_optimized_cpu_replay.v1,row_04773__single_block__direct_dispatch__operational_20ms,row_04773__single_block__direct_dispatch,19,4773,single_block,operational_20ms,0012494746ac6d95bef31165b95dad73d2233ce508b720c3e77a99bb8cb95b24,c523c8dc9161531afa6950372597ab78cbf73daa99043843e1df48ebd20b87dd,20.0,82.25449900055537,113.25449899595696,23.6430000004475,14.999999999417923,5.302999998093583,17.435400004615076,0.0,0.7333000030484982,hold,supervision_budget_exceeded,hold,supervision_budget,True,10,0,False,False,True,True,True,True,10,0,0,0,10,0,0,10,0,True,False,True,False,6630,6350,280,0.9577677224736049,7,10,1
armbench.pi05_optimized_cpu_replay.v1,row_04773__narrow_gate__direct_dispatch__operational_20ms,row_04773__narrow_gate__direct_dispatch,19,4773,narrow_gate,operational_20ms,0012494746ac6d95bef31165b95dad73d2233ce508b720c3e77a99bb8cb95b24,c523c8dc9161531afa6950372597ab78cbf73daa99043843e1df48ebd20b87dd,20.0,82.55759899475379,113.55759899743134,21.051000003353693,31.000000002677552,5.044300000008661,14.899500005412847,0.0,0.9879999997792765,hold,supervision_budget_exceeded,hold,supervision_budget,True,10,0,False,False,True,True,True,True,10,0,0,0,10,0,0,10,0,True,False,True,False,6696,6474,222,0.9668458781362007,6,10,1
armbench.pi05_optimized_cpu_replay.v1,row_04462__free_space__direct_dispatch__operational_20ms,row_04462__free_space__direct_dispatch,20,4462,free_space,operational_20ms,70b9224f98dd7ca753ca304e5409a01563f652e68827468e70fea86b3cbcc658,4abfdd49b70a0970fc43182fee4ecd8db8b3a1103b6106940ef4768751d612f5,20.0,111.02229199605063,143.02229199529393,22.85680000204593,15.999999995983671,5.735300001106225,16.12100000056671,0.0,0.8420000012847595,hold,supervision_budget_exceeded,hold,supervision_budget,True,10,0,False,False,True,True,True,True,10,0,0,0,10,0,0,10,0,True,False,True,False,8967,8531,436,0.9513772722203635,8,10,1
armbench.pi05_optimized_cpu_replay.v1,row_04462__single_block__direct_dispatch__operational_20ms,row_04462__single_block__direct_dispatch,20,4462,single_block,operational_20ms,70b9224f98dd7ca753ca304e5409a01563f652e68827468e70fea86b3cbcc658,4abfdd49b70a0970fc43182fee4ecd8db8b3a1103b6106940ef4768751d612f5,20.0,111.17109200131381,142.1710919967154,21.50969999638619,14.999999999417923,5.121399997733533,15.57199999660952,0.0,0.6405999956768937,hold,supervision_budget_exceeded,hold,supervision_budget,True,10,0,False,False,True,True,True,True,10,0,0,0,10,4,0,10,6,False,False,True,False,9010,8499,511,0.9432852386237514,6,10,1
armbench.pi05_optimized_cpu_replay.v1,row_04462__narrow_gate__direct_dispatch__operational_20ms,row_04462__narrow_gate__direct_dispatch,20,4462,narrow_gate,operational_20ms,70b9224f98dd7ca753ca304e5409a01563f652e68827468e70fea86b3cbcc658,4abfdd49b70a0970fc43182fee4ecd8db8b3a1103b6106940ef4768751d612f5,20.0,111.15519199665869,142.15519199206028,25.6193000022904,14.999999999417923,4.157199997280259,20.30660000309581,0.0,0.9999000030802563,hold,supervision_budget_exceeded,hold,supervision_budget,True,10,0,False,False,True,True,True,True,10,0,0,0,10,4,0,10,6,False,False,True,False,11016,10506,510,0.9537037037037037,6,10,1
armbench.pi05_optimized_cpu_replay.v1,row_05082__free_space__direct_dispatch__operational_20ms,row_05082__free_space__direct_dispatch,21,5082,free_space,operational_20ms,577d2da6f2f31ec5d381f089ea57502db82b6bcd60b682984a7bf79c80ba6092,01dade6ca27dafa314483483e6e8cc87c661081fba638c5b15cddc8479ab1bc9,20.0,110.6104869977571,157.6104870036943,23.221000003104564,31.000000002677552,4.429100001289044,17.476799999712966,0.0,1.1573000010685064,hold,supervision_budget_exceeded,hold,supervision_budget,True,10,0,False,False,True,True,True,True,10,0,0,0,10,0,0,10,0,True,False,True,False,13671,12996,675,0.9506254114549045,7,10,1
armbench.pi05_optimized_cpu_replay.v1,row_05082__single_block__direct_dispatch__operational_20ms,row_05082__single_block__direct_dispatch,21,5082,single_block,operational_20ms,577d2da6f2f31ec5d381f089ea57502db82b6bcd60b682984a7bf79c80ba6092,01dade6ca27dafa314483483e6e8cc87c661081fba638c5b15cddc8479ab1bc9,20.0,110.89368699322222,126.89368698920589,19.419399999605957,15.999999995983671,6.110599999374244,12.062499998137355,0.0,1.0659000035957433,hold,continuous_edge_rejected:collision:static:center_block:link6,hold,continuous_collision,True,10,0,False,False,True,True,True,True,10,0,0,0,10,7,0,10,7,False,False,False,False,5100,4826,267,0.9462745098039216,4,10,1
armbench.pi05_optimized_cpu_replay.v1,row_05082__narrow_gate__direct_dispatch__operational_20ms,row_05082__narrow_gate__direct_dispatch,21,5082,narrow_gate,operational_20ms,577d2da6f2f31ec5d381f089ea57502db82b6bcd60b682984a7bf79c80ba6092,01dade6ca27dafa314483483e6e8cc87c661081fba638c5b15cddc8479ab1bc9,20.0,111.32948700105771,127.32948700431734,23.038999999698717,16.00000000325963,6.050899995898362,15.790800003742334,0.0,1.0085000030812807,hold,supervision_budget_exceeded,hold,supervision_budget,True,10,0,False,False,True,True,True,True,10,0,0,0,10,5,0,10,7,False,False,True,False,6264,6002,262,0.9581736909323116,3,10,1
armbench.pi05_optimized_cpu_replay.v1,row_05128__free_space__direct_dispatch__operational_20ms,row_05128__free_space__direct_dispatch,22,5128,free_space,operational_20ms,0e92838da6d4cdb706e0b8d31366212826fa86c5ce6ccd320378f7981599112c,1d370b9f51508df4beed68f031701f37a5f21f8c4c255ff7d807681da0595010,20.0,81.91675999842118,112.91676000109874,32.2535000013886,31.000000002677552,2.591500000562519,12.14110000000801,16.388600000937004,0.8879000015440397,hold,supervision_budget_exceeded,hold,supervision_budget,True,10,0,False,False,True,True,True,True,10,0,0,0,10,0,0,10,0,True,False,True,False,14847,14184,663,0.955344514043241,16,10,4
armbench.pi05_optimized_cpu_replay.v1,row_05128__single_block__direct_dispatch__operational_20ms,row_05128__single_block__direct_dispatch,22,5128,single_block,operational_20ms,0e92838da6d4cdb706e0b8d31366212826fa86c5ce6ccd320378f7981599112c,1d370b9f51508df4beed68f031701f37a5f21f8c4c255ff7d807681da0595010,20.0,82.06626000173856,114.06626000098186,22.47450000140816,31.9999999992433,5.493599994224496,16.12790000217501,0.0,0.6929000010131858,hold,supervision_budget_exceeded,hold,supervision_budget,True,10,0,False,False,True,True,True,True,10,0,0,0,10,3,0,10,5,False,False,True,False,7650,7260,390,0.9490196078431372,6,10,1
armbench.pi05_optimized_cpu_replay.v1,row_05128__narrow_gate__direct_dispatch__operational_20ms,row_05128__narrow_gate__direct_dispatch,22,5128,narrow_gate,operational_20ms,0e92838da6d4cdb706e0b8d31366212826fa86c5ce6ccd320378f7981599112c,1d370b9f51508df4beed68f031701f37a5f21f8c4c255ff7d807681da0595010,20.0,81.9978599975002,128.99785999616142,30.415500004892237,31.000000002677552,2.2371000013663433,27.571099999477156,0.0,0.49700000090524554,hold,supervision_budget_exceeded,hold,supervision_budget,True,10,0,False,False,True,True,True,True,10,0,0,0,10,1,0,10,3,False,False,True,False,19656,18721,935,0.9524318274318274,9,10,1
armbench.pi05_optimized_cpu_replay.v1,row_05011__free_space__direct_dispatch__operational_20ms,row_05011__free_space__direct_dispatch,23,5011,free_space,operational_20ms,24f71f3f30cc2312cc0339c738754d5367bbccc0f419fe35bd17438d01f7e5b0,5ccd6d1a2328ecc0a38473974ed081f411090ae36654167fb6a57fadcc5d3931,20.0,125.8769419946475,156.87694199732505,25.413999996089842,16.00000000325963,2.1789999955217354,22.346999998262618,0.0,0.7740000000922009,hold,supervision_budget_exceeded,hold,supervision_budget,True,10,0,False,False,True,True,True,True,10,0,0,0,10,0,0,10,1,False,False,True,False,11025,10470,555,0.9496598639455782,6,10,1
armbench.pi05_optimized_cpu_replay.v1,row_05011__single_block__direct_dispatch__operational_20ms,row_05011__single_block__direct_dispatch,23,5011,single_block,operational_20ms,24f71f3f30cc2312cc0339c738754d5367bbccc0f419fe35bd17438d01f7e5b0,5ccd6d1a2328ecc0a38473974ed081f411090ae36654167fb6a57fadcc5d3931,20.0,125.52454199612839,156.52454199880594,23.41530000558123,16.00000000325963,5.671800005075056,17.10569999704603,0.0,0.4794000051333569,hold,supervision_budget_exceeded,hold,supervision_budget,True,10,0,False,False,True,True,True,True,10,0,0,0,10,0,0,10,1,False,False,True,False,10030,9517,513,0.9488534396809571,5,10,1
armbench.pi05_optimized_cpu_replay.v1,row_05011__narrow_gate__direct_dispatch__operational_20ms,row_05011__narrow_gate__direct_dispatch,23,5011,narrow_gate,operational_20ms,24f71f3f30cc2312cc0339c738754d5367bbccc0f419fe35bd17438d01f7e5b0,5ccd6d1a2328ecc0a38473974ed081f411090ae36654167fb6a57fadcc5d3931,20.0,125.34244199923705,156.3424420019146,22.398999994038604,31.000000002677552,4.327400005422533,17.152599997643847,0.0,0.7551000016974285,hold,supervision_budget_exceeded,hold,supervision_budget,True,10,0,False,False,True,True,True,True,10,0,0,0,10,0,0,10,1,False,False,True,False,12744,12296,448,0.9648462021343377,5,10,1
armbench.pi05_optimized_cpu_replay.v1,row_06407__free_space__direct_dispatch__operational_20ms,row_06407__free_space__direct_dispatch,24,6407,free_space,operational_20ms,7b5e04770f18653120842172231465c3df16a76a94e8a11104babba987988de8,163c4b568398a13e54290749468fb7e5ed31079b00f2ea8a45847de2f701b494,20.0,79.93548199738143,126.93548199604265,24.39359999698354,31.000000002677552,6.458500000007916,17.26309999503428,0.0,0.5084000003989786,hold,supervision_budget_exceeded,hold,supervision_budget,True,10,0,False,False,True,True,True,True,10,0,0,0,10,0,0,10,0,True,False,True,False,9261,8828,433,0.9532447899794838,6,10,1
armbench.pi05_optimized_cpu_replay.v1,row_06407__single_block__direct_dispatch__operational_20ms,row_06407__single_block__direct_dispatch,24,6407,single_block,operational_20ms,7b5e04770f18653120842172231465c3df16a76a94e8a11104babba987988de8,163c4b568398a13e54290749468fb7e5ed31079b00f2ea8a45847de2f701b494,20.0,79.68128198990598,125.68128199200146,28.18729999853531,31.000000002677552,6.08759999886388,21.15790000243578,0.0,0.7591999965370633,hold,supervision_budget_exceeded,hold,supervision_budget,True,10,0,False,False,True,True,True,True,10,0,0,0,10,5,0,10,7,False,False,True,False,8330,7880,450,0.9459783913565426,5,10,1
armbench.pi05_optimized_cpu_replay.v1,row_06407__narrow_gate__direct_dispatch__operational_20ms,row_06407__narrow_gate__direct_dispatch,24,6407,narrow_gate,operational_20ms,7b5e04770f18653120842172231465c3df16a76a94e8a11104babba987988de8,163c4b568398a13e54290749468fb7e5ed31079b00f2ea8a45847de2f701b494,20.0,79.81598198966822,111.81598198891152,23.0645000046934,15.999999995983671,3.802699997322634,17.86100000026636,0.0,1.2149000031058677,hold,supervision_budget_exceeded,hold,supervision_budget,True,10,0,False,False,True,True,True,True,10,0,0,0,10,3,0,10,5,False,False,True,False,10152,9690,462,0.9544917257683215,5,10,1
armbench.pi05_optimized_cpu_replay.v1,row_06364__free_space__direct_dispatch__operational_20ms,row_06364__free_space__direct_dispatch,25,6364,free_space,operational_20ms,099bef15a0770071b640eb04fb9e343f82702d9e681553817b0e1967bc447ca8,ad141d2432b6f05d03249225fd1c40933676be458ff6debfc024bc3605ae5e44,20.0,82.34263800113695,129.34263799979817,22.379599999112543,31.9999999992433,5.256099997495767,16.359399996872526,0.0,0.6128999957581982,hold,supervision_budget_exceeded,hold,supervision_budget,True,10,0,False,False,True,True,True,True,10,0,0,0,10,0,0,10,0,True,False,True,False,4851,4664,187,0.9614512471655329,7,10,1
armbench.pi05_optimized_cpu_replay.v1,row_06364__single_block__direct_dispatch__operational_20ms,row_06364__single_block__direct_dispatch,25,6364,single_block,operational_20ms,099bef15a0770071b640eb04fb9e343f82702d9e681553817b0e1967bc447ca8,ad141d2432b6f05d03249225fd1c40933676be458ff6debfc024bc3605ae5e44,20.0,82.07083799061365,114.07083798985695,22.301400000287686,31.9999999992433,5.906799997319467,15.6392000062624,0.0,0.6122999984654598,hold,supervision_budget_exceeded,hold,supervision_budget,True,10,0,False,False,True,True,True,True,10,0,0,0,10,1,0,10,3,False,False,True,False,6970,6686,284,0.9592539454806313,8,10,1
armbench.pi05_optimized_cpu_replay.v1,row_06364__narrow_gate__direct_dispatch__operational_20ms,row_06364__narrow_gate__direct_dispatch,25,6364,narrow_gate,operational_20ms,099bef15a0770071b640eb04fb9e343f82702d9e681553817b0e1967bc447ca8,ad141d2432b6f05d03249225fd1c40933676be458ff6debfc024bc3605ae5e44,20.0,82.32073799445061,114.32073799369391,22.444599999289494,15.999999995983671,5.852100002812222,15.762600000016391,0.0,0.653899995086249,hold,supervision_budget_exceeded,hold,supervision_budget,True,10,0,False,False,True,True,True,True,10,0,0,0,10,0,0,10,0,True,False,True,False,10584,10185,399,0.9623015873015873,9,10,1
armbench.pi05_optimized_cpu_replay.v1,row_06056__free_space__direct_dispatch__operational_20ms,row_06056__free_space__direct_dispatch,26,6056,free_space,operational_20ms,d0b5162cd61b5df39a5caf842d2257e7f6d300cbbf1f21fa30dcf183810e85e2,c9a378e3af3f286959ccc6ce0aab8e5df4db1d375fa82cf308f21e70bfb38b4e,20.0,119.53662599989912,135.5366259958828,20.88450000155717,15.999999995983671,2.267700001539197,17.699199997878168,0.0,0.7993000035639852,hold,supervision_budget_exceeded,hold,supervision_budget,True,10,0,False,False,True,True,True,True,10,0,0,0,10,0,0,10,0,True,False,True,False,10437,10004,433,0.9585129826578519,10,10,1
armbench.pi05_optimized_cpu_replay.v1,row_06056__single_block__direct_dispatch__operational_20ms,row_06056__single_block__direct_dispatch,26,6056,single_block,operational_20ms,d0b5162cd61b5df39a5caf842d2257e7f6d300cbbf1f21fa30dcf183810e85e2,c9a378e3af3f286959ccc6ce0aab8e5df4db1d375fa82cf308f21e70bfb38b4e,20.0,119.18442600290291,150.18442600558046,23.741500001051463,31.000000002677552,2.106100000673905,20.417499996256083,0.0,1.1033999981009401,hold,supervision_budget_exceeded,hold,supervision_budget,True,10,0,False,False,True,True,True,True,10,0,0,0,10,0,0,10,0,True,False,True,False,8330,8026,304,0.9635054021608643,7,10,1
armbench.pi05_optimized_cpu_replay.v1,row_06056__narrow_gate__direct_dispatch__operational_20ms,row_06056__narrow_gate__direct_dispatch,26,6056,narrow_gate,operational_20ms,d0b5162cd61b5df39a5caf842d2257e7f6d300cbbf1f21fa30dcf183810e85e2,c9a378e3af3f286959ccc6ce0aab8e5df4db1d375fa82cf308f21e70bfb38b4e,20.0,119.34112600283697,150.34112600551452,22.34590000443859,16.00000000325963,2.83320000016829,18.39979999931529,0.0,0.9935999987646937,hold,supervision_budget_exceeded,hold,supervision_budget,True,10,0,False,False,True,True,True,True,10,0,0,0,10,0,0,10,0,True,False,True,False,8856,8564,292,0.9670280036133695,6,10,1
armbench.pi05_optimized_cpu_replay.v1,row_07683__free_space__direct_dispatch__operational_20ms,row_07683__free_space__direct_dispatch,27,7683,free_space,operational_20ms,a00422d34079c464db8df8c5409bf2828aea05bbf77b08b587c170edb57e57c7,61b0433210982b6803e6e79c30ad66cf82384038c635fbc9cec97f43c2d5f63a,20.0,80.2862310083583,111.28623101103585,22.04919999348931,16.00000000325963,3.042500000447035,18.41699999931734,0.0,0.4613999990397133,hold,supervision_budget_exceeded,hold,supervision_budget,True,10,0,False,False,True,True,True,True,10,0,0,0,10,0,0,10,0,True,False,True,False,12495,11860,635,0.9491796718687475,7,10,1
armbench.pi05_optimized_cpu_replay.v1,row_07683__single_block__direct_dispatch__operational_20ms,row_07683__single_block__direct_dispatch,27,7683,single_block,operational_20ms,a00422d34079c464db8df8c5409bf2828aea05bbf77b08b587c170edb57e57c7,61b0433210982b6803e6e79c30ad66cf82384038c635fbc9cec97f43c2d5f63a,20.0,80.42503100296017,127.42503100162139,23.663100000703707,15.999999995983671,5.5808999968576245,16.845600002852734,0.0,1.0469999979250133,hold,supervision_budget_exceeded,hold,supervision_budget,True,10,0,False,False,True,True,True,True,10,0,0,0,10,0,0,10,0,True,False,True,False,6290,6023,267,0.9575516693163753,4,10,1
armbench.pi05_optimized_cpu_replay.v1,row_07683__narrow_gate__direct_dispatch__operational_20ms,row_07683__narrow_gate__direct_dispatch,27,7683,narrow_gate,operational_20ms,a00422d34079c464db8df8c5409bf2828aea05bbf77b08b587c170edb57e57c7,61b0433210982b6803e6e79c30ad66cf82384038c635fbc9cec97f43c2d5f63a,20.0,80.37813100963831,111.37813101231586,22.594499998376705,14.999999999417923,5.650200000673067,16.16009999997914,0.0,0.589100003708154,hold,supervision_budget_exceeded,hold,supervision_budget,True,10,0,False,False,True,True,True,True,10,0,0,0,10,0,0,10,0,True,False,True,False,14904,14394,510,0.965780998389694,6,10,1
armbench.pi05_optimized_cpu_replay.v1,row_07373__free_space__direct_dispatch__operational_20ms,row_07373__free_space__direct_dispatch,28,7373,free_space,operational_20ms,e342e284a6b9329bf43b6560e5358b71495f40177533837036afecf930c2b4c0,3dbd650490cea64352a1dbaccb6f541b5a9d1998528a622fd0fd896330c63f5e,20.0,95.29193700291216,142.2919370015734,21.210300001257565,30.999999995401595,6.64429999596905,13.883999999961816,0.0,0.5300999982864596,hold,supervision_budget_exceeded,hold,supervision_budget,True,10,0,False,False,True,True,True,True,10,0,0,0,10,0,0,10,0,True,False,True,False,4851,4647,204,0.9579468150896723,6,10,1
armbench.pi05_optimized_cpu_replay.v1,row_07373__single_block__direct_dispatch__operational_20ms,row_07373__single_block__direct_dispatch,28,7373,single_block,operational_20ms,e342e284a6b9329bf43b6560e5358b71495f40177533837036afecf930c2b4c0,3dbd650490cea64352a1dbaccb6f541b5a9d1998528a622fd0fd896330c63f5e,20.0,94.81193700048607,141.8119369991473,26.148599994485267,31.000000002677552,2.071599999908358,10.930600001302082,12.707300003967248,0.3440000000409782,hold,supervision_budget_exceeded,hold,supervision_budget,True,10,0,False,False,True,True,True,True,10,0,0,0,10,0,0,10,1,False,False,True,False,14110,13418,692,0.9509567682494685,16,10,4
armbench.pi05_optimized_cpu_replay.v1,row_07373__narrow_gate__direct_dispatch__operational_20ms,row_07373__narrow_gate__direct_dispatch,28,7373,narrow_gate,operational_20ms,e342e284a6b9329bf43b6560e5358b71495f40177533837036afecf930c2b4c0,3dbd650490cea64352a1dbaccb6f541b5a9d1998528a622fd0fd896330c63f5e,20.0,94.97553700202843,141.97553700068966,26.233600001432933,31.9999999992433,2.0470999952522106,13.337200005480554,10.186199993768241,0.5461000037030317,hold,supervision_budget_exceeded,hold,supervision_budget,True,10,0,False,False,True,True,True,True,10,0,0,0,10,0,0,10,0,True,False,True,False,14472,14003,469,0.9675925925925926,14,10,3
armbench.pi05_optimized_cpu_replay.v1,row_07772__free_space__direct_dispatch__operational_20ms,row_07772__free_space__direct_dispatch,29,7772,free_space,operational_20ms,c3533edfda4b0016620bef05041c1b2e100c114929dc01b6c006379c8f39062d,f9efe20bb0146929d0da2aab6cb2d34cae1c034a2e8891af5c57bfffe379dbff,20.0,109.84383399772923,141.84383399697253,26.378299997304566,31.9999999992433,6.231900006241631,18.84690000588307,0.0,1.1149999991175719,hold,supervision_budget_exceeded,hold,supervision_budget,True,10,0,False,False,True,True,True,True,10,0,0,0,10,0,0,10,0,True,False,True,False,5145,4920,225,0.956268221574344,4,10,1
armbench.pi05_optimized_cpu_replay.v1,row_07772__single_block__direct_dispatch__operational_20ms,row_07772__single_block__direct_dispatch,29,7772,single_block,operational_20ms,c3533edfda4b0016620bef05041c1b2e100c114929dc01b6c006379c8f39062d,f9efe20bb0146929d0da2aab6cb2d34cae1c034a2e8891af5c57bfffe379dbff,20.0,109.91603399452288,125.91603399050655,21.686799998860806,15.999999995983671,3.2737000001361594,17.066100001102313,0.0,1.1912000045413151,hold,supervision_budget_exceeded,hold,supervision_budget,True,10,0,False,False,True,True,True,True,10,0,0,0,10,0,0,10,0,True,False,True,False,5950,5680,270,0.9546218487394958,4,10,1
armbench.pi05_optimized_cpu_replay.v1,row_07772__narrow_gate__direct_dispatch__operational_20ms,row_07772__narrow_gate__direct_dispatch,29,7772,narrow_gate,operational_20ms,c3533edfda4b0016620bef05041c1b2e100c114929dc01b6c006379c8f39062d,f9efe20bb0146929d0da2aab6cb2d34cae1c034a2e8891af5c57bfffe379dbff,20.0,109.8769340023864,124.87693400180433,20.671300000685733,14.999999999417923,2.2456000006059185,17.69889999559382,0.0,0.6290000019362196,hold,continuous_edge_rejected:collision:static:gate_lower:link6,hold,continuous_collision,True,10,0,False,False,True,True,True,True,10,0,0,0,10,4,0,10,5,False,False,True,False,14688,14101,582,0.9600354030501089,7,10,1
armbench.pi05_optimized_cpu_replay.v1,row_00763__free_space__direct_dispatch__diagnostic_100ms,row_00763__free_space__direct_dispatch,0,763,free_space,diagnostic_100ms,2ba514276e139d381b7b19bf859e964ad7e1b157ca9f234909fb87328f08ec28,e4ddff608fdc24bbe79f4f345b6ad772cc7e47679fd0522db9fe5c0e6a4512b3,100.0,103.75407699757488,197.7540770021733,97.74599999946076,94.0000000045984,5.836199998157099,27.166400002897717,63.543600001139566,0.9998999958042987,hold,response_deadline_exceeded_during_supervision,hold,deadline,True,10,0,False,False,True,True,True,True,10,0,0,0,10,0,0,10,0,True,False,False,True,23961,22792,1169,0.9512123867952089,26,10,9
armbench.pi05_optimized_cpu_replay.v1,row_00763__single_block__direct_dispatch__diagnostic_100ms,row_00763__single_block__direct_dispatch,0,763,single_block,diagnostic_100ms,2ba514276e139d381b7b19bf859e964ad7e1b157ca9f234909fb87328f08ec28,e4ddff608fdc24bbe79f4f345b6ad772cc7e47679fd0522db9fe5c0e6a4512b3,100.0,102.52607700385852,211.5260770005989,99.68510000180686,108.99999999674037,2.122100006090477,15.002399995864835,81.21530000062194,1.236700001754798,hold,response_deadline_exceeded_during_supervision,hold,deadline,True,10,0,False,False,True,True,True,True,10,0,0,0,10,0,0,10,0,True,False,False,True,30430,29103,1327,0.9563917186986527,28,10,10
armbench.pi05_optimized_cpu_replay.v1,row_00763__narrow_gate__direct_dispatch__diagnostic_100ms,row_00763__narrow_gate__direct_dispatch,0,763,narrow_gate,diagnostic_100ms,2ba514276e139d381b7b19bf859e964ad7e1b157ca9f234909fb87328f08ec28,e4ddff608fdc24bbe79f4f345b6ad772cc7e47679fd0522db9fe5c0e6a4512b3,100.0,103.48747699754313,212.48747700155945,97.81989999464713,94.0000000045984,5.51160000031814,22.24440000281902,68.6929000003147,1.1463000046205707,hold,response_deadline_exceeded_during_supervision,hold,deadline,True,10,0,False,False,True,True,True,True,10,0,0,0,10,0,0,10,0,True,False,False,True,35208,34023,1185,0.9663428766189502,26,10,9
armbench.pi05_optimized_cpu_replay.v1,row_00458__free_space__direct_dispatch__diagnostic_100ms,row_00458__free_space__direct_dispatch,1,458,free_space,diagnostic_100ms,539d85427650fb89affee25f827ab92f2803af4f4686cdda7625ebbcfc4e125f,c20bfe121e217568858d6301db3e88f8bbabf1604fdaa8e909eae454747800b5,100.0,82.58776900765952,207.58776900765952,109.52330000145594,110.00000000058208,3.672700004244689,19.497799999953713,85.19640000304207,1.000299998850096,hold,supervision_budget_exceeded,hold,supervision_budget,True,10,0,False,False,True,True,True,True,10,0,0,0,10,0,0,10,0,True,False,True,True,26901,25419,1482,0.9449091111854578,28,10,10
armbench.pi05_optimized_cpu_replay.v1,row_00458__single_block__direct_dispatch__diagnostic_100ms,row_00458__single_block__direct_dispatch,1,458,single_block,diagnostic_100ms,539d85427650fb89affee25f827ab92f2803af4f4686cdda7625ebbcfc4e125f,c20bfe121e217568858d6301db3e88f8bbabf1604fdaa8e909eae454747800b5,100.0,82.50796900392743,207.50796900392743,110.26189999392955,110.00000000058208,5.098499997984618,22.947000004933216,81.5876000051503,0.47309999354183674,hold,supervision_budget_exceeded,hold,supervision_budget,True,10,0,False,False,True,True,True,True,10,0,0,0,10,0,0,10,0,True,False,True,True,33830,31980,1850,0.9453148093408218,30,10,11
armbench.pi05_optimized_cpu_replay.v1,row_00458__narrow_gate__direct_dispatch__diagnostic_100ms,row_00458__narrow_gate__direct_dispatch,1,458,narrow_gate,diagnostic_100ms,539d85427650fb89affee25f827ab92f2803af4f4686cdda7625ebbcfc4e125f,c20bfe121e217568858d6301db3e88f8bbabf1604fdaa8e909eae454747800b5,100.0,83.1604690029053,193.16046900348738,104.80670000106329,110.00000000058208,6.290599994827062,31.069399999978486,66.55850000242935,0.7286000036401674,hold,supervision_budget_exceeded,hold,supervision_budget,True,10,0,False,False,True,True,True,True,10,0,0,0,10,0,0,10,0,True,False,True,False,32616,31405,1211,0.9628709835663478,24,10,8
armbench.pi05_optimized_cpu_replay.v1,row_00222__free_space__direct_dispatch__diagnostic_100ms,row_00222__free_space__direct_dispatch,2,222,free_space,diagnostic_100ms,7ed64e746df909ff0c71898c554048b30bb88de50d94a6f43787c50679b174e2,21da2b9970d3e9644b5f044a5dcc016b6b5053a5b4e9c17bce52d4303d2b3600,100.0,171.54230199957965,218.54230199824087,31.50430000096094,30.999999995401595,5.2291000029072165,25.606600000173785,0.0,0.5196999991312623,hold,response_deadline_exceeded_during_supervision,hold,deadline,True,10,0,False,False,True,True,True,True,10,0,0,0,10,0,0,10,0,True,False,False,True,7203,6854,349,0.9515479661252256,7,10,1
armbench.pi05_optimized_cpu_replay.v1,row_00222__single_block__direct_dispatch__diagnostic_100ms,row_00222__single_block__direct_dispatch,2,222,single_block,diagnostic_100ms,7ed64e746df909ff0c71898c554048b30bb88de50d94a6f43787c50679b174e2,21da2b9970d3e9644b5f044a5dcc016b6b5053a5b4e9c17bce52d4303d2b3600,100.0,171.895202001906,218.89520200056722,42.97319999750471,46.999999998661224,6.649700000707526,35.02390000357991,0.0,1.0916000028373674,hold,response_deadline_exceeded_during_supervision,hold,deadline,True,10,0,False,False,True,True,True,True,10,0,0,0,10,0,0,10,0,True,False,False,True,11390,10791,599,0.9474100087796312,6,10,1
armbench.pi05_optimized_cpu_replay.v1,row_00222__narrow_gate__direct_dispatch__diagnostic_100ms,row_00222__narrow_gate__direct_dispatch,2,222,narrow_gate,diagnostic_100ms,7ed64e746df909ff0c71898c554048b30bb88de50d94a6f43787c50679b174e2,21da2b9970d3e9644b5f044a5dcc016b6b5053a5b4e9c17bce52d4303d2b3600,100.0,171.71460199460853,202.71460199728608,29.697899997700006,31.000000002677552,6.037200000719167,22.413200000301003,0.0,1.0563000032561831,hold,response_deadline_exceeded_during_supervision,hold,deadline,True,10,0,False,False,True,True,True,True,10,0,0,0,10,3,0,10,5,False,False,False,True,10584,10100,484,0.95427059712774,7,10,1
armbench.pi05_optimized_cpu_replay.v1,row_01467__free_space__direct_dispatch__diagnostic_100ms,row_01467__free_space__direct_dispatch,3,1467,free_space,diagnostic_100ms,0d05a20d8a90b30eac6e6dfc2e65c5d447cb062d06863c48db1367dbdc8d27af,4f17f5dfea4ea95c98fd42f459cd72d84c6d64fa6c129fbeb17b753364002cf1,100.0,92.3235240043141,201.32352400105447,106.60390000703046,108.99999999674037,6.389599999238271,21.69050000520656,77.57409999612719,0.7665000011911616,hold,supervision_budget_exceeded,hold,supervision_budget,True,10,0,False,False,True,True,True,True,10,0,0,0,10,0,0,10,0,True,False,True,True,26019,24758,1261,0.9515354164264576,30,10,11
armbench.pi05_optimized_cpu_replay.v1,row_01467__single_block__direct_dispatch__diagnostic_100ms,row_01467__single_block__direct_dispatch,3,1467,single_block,diagnostic_100ms,0d05a20d8a90b30eac6e6dfc2e65c5d447cb062d06863c48db1367dbdc8d27af,4f17f5dfea4ea95c98fd42f459cd72d84c6d64fa6c129fbeb17b753364002cf1,100.0,92.74982400529552,217.74982400529552,118.83510000188835,110.00000000058208,4.37919999967562,31.408599999849685,81.95120000164025,0.9779000029084273,hold,response_deadline_exceeded_during_supervision,hold,deadline,True,10,0,False,False,True,True,True,True,10,0,0,0,10,0,0,10,0,True,False,True,True,30090,28560,1530,0.9491525423728814,28,10,10
armbench.pi05_optimized_cpu_replay.v1,row_01467__narrow_gate__direct_dispatch__diagnostic_100ms,row_01467__narrow_gate__direct_dispatch,3,1467,narrow_gate,diagnostic_100ms,0d05a20d8a90b30eac6e6dfc2e65c5d447cb062d06863c48db1367dbdc8d27af,4f17f5dfea4ea95c98fd42f459cd72d84c6d64fa6c129fbeb17b753364002cf1,100.0,92.48282400221797,202.48282400280004,103.93089999706717,93.99999999732245,6.155499999294989,28.846799999882933,67.61150000238558,1.1595000032684766,hold,supervision_budget_exceeded,hold,supervision_budget,True,10,0,False,False,True,True,True,True,10,0,0,0,10,0,0,10,0,True,False,True,True,35208,33466,1742,0.9505226084980686,28,10,10
armbench.pi05_optimized_cpu_replay.v1,row_00954__free_space__direct_dispatch__diagnostic_100ms,row_00954__free_space__direct_dispatch,4,954,free_space,diagnostic_100ms,8c426cf29f252a7c103234ca72eff693daec4272e1eff735e0f325be6c8368bb,541ef1c389b4780c1bc25075e466ca00805d06391dbce79e67b43e6b6a02ff42,100.0,84.07754999643657,193.07754999317694,116.99590000353055,108.99999999674037,6.40199999907054,52.09070000273641,57.32770000031451,0.9504999979981221,hold,response_deadline_exceeded_during_supervision,hold,deadline,True,10,0,False,False,True,True,True,True,10,0,0,0,10,0,0,10,0,True,False,True,True,33957,32105,1852,0.9454604352563536,20,10,6
armbench.pi05_optimized_cpu_replay.v1,row_00954__single_block__direct_dispatch__diagnostic_100ms,row_00954__single_block__direct_dispatch,4,954,single_block,diagnostic_100ms,8c426cf29f252a7c103234ca72eff693daec4272e1eff735e0f325be6c8368bb,541ef1c389b4780c1bc25075e466ca00805d06391dbce79e67b43e6b6a02ff42,100.0,83.76884999597678,176.76884999673348,102.34189999755472,93.0000000007567,6.288199998380151,45.487499999580905,49.384900004952215,0.9941000025719404,hold,supervision_budget_exceeded,hold,supervision_budget,True,10,0,False,False,True,True,True,True,10,0,0,0,10,0,0,10,0,True,False,True,False,39270,37374,1896,0.9517188693659282,20,10,6
armbench.pi05_optimized_cpu_replay.v1,row_00954__narrow_gate__direct_dispatch__diagnostic_100ms,row_00954__narrow_gate__direct_dispatch,4,954,narrow_gate,diagnostic_100ms,8c426cf29f252a7c103234ca72eff693daec4272e1eff735e0f325be6c8368bb,541ef1c389b4780c1bc25075e466ca00805d06391dbce79e67b43e6b6a02ff42,100.0,83.80704999581212,192.80704999982845,112.53579999902286,109.00000000401633,6.330799995339476,62.822600004437845,42.5083000009181,0.7003999999142252,hold,supervision_budget_exceeded,hold,supervision_budget,True,10,0,False,False,True,True,True,True,10,0,0,0,10,0,0,10,0,True,False,True,False,42984,41042,1942,0.954820398287735,18,10,5
armbench.pi05_optimized_cpu_replay.v1,row_01576__free_space__direct_dispatch__diagnostic_100ms,row_01576__free_space__direct_dispatch,5,1576,free_space,diagnostic_100ms,a51612a00a37d0ea3749eb912a6f60afe1d9cd2ca5587f61e5ab60e8a19f447a,ceffaae899c86b7cad94d1a21bba4a80279a12dae6dc59022e88ec0d8034bbec,100.0,109.7861300004297,203.78612999775214,81.58550000371179,93.99999999732245,3.336500005389098,16.238099997281097,61.906399998406414,0.0,hold,response_deadline_exceeded_before_activation,accepted,,True,10,0,False,False,True,True,False,True,10,0,0,0,10,0,0,10,0,True,False,False,True,21609,20576,1033,0.9521958443241242,29,10,10
armbench.pi05_optimized_cpu_replay.v1,row_01576__single_block__direct_dispatch__diagnostic_100ms,row_01576__single_block__direct_dispatch,5,1576,single_block,diagnostic_100ms,a51612a00a37d0ea3749eb912a6f60afe1d9cd2ca5587f61e5ab60e8a19f447a,ceffaae899c86b7cad94d1a21bba4a80279a12dae6dc59022e88ec0d8034bbec,100.0,109.48412999277934,218.48412999679567,93.36310000071535,94.0000000045984,4.191800006083213,32.67300000152318,55.658200006291736,0.6932999967830256,hold,response_deadline_exceeded_during_supervision,hold,deadline,True,10,0,False,False,True,True,True,True,10,0,0,0,10,0,0,10,0,True,False,False,True,22270,21348,922,0.9585990121239335,28,10,10
armbench.pi05_optimized_cpu_replay.v1,row_01576__narrow_gate__direct_dispatch__diagnostic_100ms,row_01576__narrow_gate__direct_dispatch,5,1576,narrow_gate,diagnostic_100ms,a51612a00a37d0ea3749eb912a6f60afe1d9cd2ca5587f61e5ab60e8a19f447a,ceffaae899c86b7cad94d1a21bba4a80279a12dae6dc59022e88ec0d8034bbec,100.0,109.35532999428688,203.35532999160932,81.00080000440357,78.99999999790452,4.6535000001313165,25.403999999980442,50.8068999988609,0.0,hold,response_deadline_exceeded_before_activation,accepted,,True,10,0,False,False,True,True,False,True,10,0,0,0,10,0,0,10,0,True,False,False,True,31752,30699,1053,0.9668367346938775,29,10,10
armbench.pi05_optimized_cpu_replay.v1,row_02114__free_space__direct_dispatch__diagnostic_100ms,row_02114__free_space__direct_dispatch,6,2114,free_space,diagnostic_100ms,3c8a04cfba03e28f556b668ecfc39ba1f3c6f600ae28115bb0d484f228805822,b450e7ad3d6478be6418531fda01e2f47bd1fa86a3054195fa3e89dd7bafae17,100.0,84.57347300281981,194.5734730034019,103.32909999851836,110.00000000058208,3.169099996739533,56.64539999997942,42.89540000172565,0.5117999971844256,hold,supervision_budget_exceeded,hold,supervision_budget,True,10,0,False,False,True,True,True,True,10,0,0,0,10,0,0,10,0,True,False,True,False,32193,30583,1610,0.9499891280713199,20,10,6
armbench.pi05_optimized_cpu_replay.v1,row_02114__single_block__direct_dispatch__diagnostic_100ms,row_02114__single_block__direct_dispatch,6,2114,single_block,diagnostic_100ms,3c8a04cfba03e28f556b668ecfc39ba1f3c6f600ae28115bb0d484f228805822,b450e7ad3d6478be6418531fda01e2f47bd1fa86a3054195fa3e89dd7bafae17,100.0,85.05257299839286,210.05257299839286,117.3997000005329,125.0,4.0426999985356815,47.81670000375016,64.48030000319704,0.887099995452445,hold,response_deadline_exceeded_during_supervision,hold,deadline,True,10,0,False,False,True,True,True,True,10,0,0,0,10,0,0,10,0,True,False,True,True,42670,40658,2012,0.9528474337942349,22,10,7
armbench.pi05_optimized_cpu_replay.v1,row_02114__narrow_gate__direct_dispatch__diagnostic_100ms,row_02114__narrow_gate__direct_dispatch,6,2114,narrow_gate,diagnostic_100ms,3c8a04cfba03e28f556b668ecfc39ba1f3c6f600ae28115bb0d484f228805822,b450e7ad3d6478be6418531fda01e2f47bd1fa86a3054195fa3e89dd7bafae17,100.0,85.04487299796892,116.04487300064648,20.481400002609007,31.000000002677552,2.045399996859487,17.914600000949576,0.0,0.4245999953127466,hold,continuous_edge_rejected:collision:static:gate_lower:link6,hold,continuous_collision,True,10,0,False,False,True,True,True,True,10,0,0,0,10,5,0,10,7,False,False,False,False,11664,11186,471,0.9590192043895748,6,10,1
armbench.pi05_optimized_cpu_replay.v1,row_02316__free_space__direct_dispatch__diagnostic_100ms,row_02316__free_space__direct_dispatch,7,2316,free_space,diagnostic_100ms,307d796186bec85694ad45ec5f0f36b6c2d4136025b8788f52b21f8ce81cefc3,4eb6f0c33cfea87817ea47ba3691beea6689e4326d4b265a74641f01503e5d46,100.0,81.15441800327972,190.1544180000201,104.77369999716757,108.99999999674037,2.1261000001686625,18.41209999838611,83.02569999796106,0.9494999976595864,hold,supervision_budget_exceeded,hold,supervision_budget,True,10,0,False,False,True,True,True,True,10,0,0,0,10,0,0,10,0,True,False,True,False,29253,27641,1612,0.9448945407308652,28,10,10
armbench.pi05_optimized_cpu_replay.v1,row_02316__single_block__direct_dispatch__diagnostic_100ms,row_02316__single_block__direct_dispatch,7,2316,single_block,diagnostic_100ms,307d796186bec85694ad45ec5f0f36b6c2d4136025b8788f52b21f8ce81cefc3,4eb6f0c33cfea87817ea47ba3691beea6689e4326d4b265a74641f01503e5d46,100.0,81.35241799755022,191.3524179981323,100.85490000346908,110.00000000058208,3.515699994750321,34.76530000625644,62.06270000257064,0.3846000035991892,hold,supervision_budget_exceeded,hold,supervision_budget,True,10,0,False,False,True,True,True,True,10,0,0,0,10,0,0,10,0,True,False,True,False,25670,24247,1423,0.9445656408258668,22,10,7
armbench.pi05_optimized_cpu_replay.v1,row_02316__narrow_gate__direct_dispatch__diagnostic_100ms,row_02316__narrow_gate__direct_dispatch,7,2316,narrow_gate,diagnostic_100ms,307d796186bec85694ad45ec5f0f36b6c2d4136025b8788f52b21f8ce81cefc3,4eb6f0c33cfea87817ea47ba3691beea6689e4326d4b265a74641f01503e5d46,100.0,81.5732180053601,112.57321800803766,24.072799998975825,31.000000002677552,3.79879999672994,19.76420000573853,0.0,0.41030000284081325,hold,continuous_edge_rejected:collision:static:gate_lower:link6,hold,continuous_collision,True,10,0,False,False,True,True,True,True,10,0,0,0,10,3,0,10,5,False,False,False,False,15552,14874,670,0.9564043209876543,8,10,1
armbench.pi05_optimized_cpu_replay.v1,row_02045__free_space__direct_dispatch__diagnostic_100ms,row_02045__free_space__direct_dispatch,8,2045,free_space,diagnostic_100ms,35bb006359368f4079d94be18fc9d2261932ba0be13c6387627761460fdfd649,21bb222523a68d85dbd4f6c83a8c1b450d40a364adf8ee4e45280df78bc18027,100.0,107.79295300744707,169.79295300552621,54.33880000055069,61.99999999807915,2.9089000017847866,10.380699997767806,40.9704000048805,0.0,execute,qp_continuous_collision_and_braking_invariant_passed,accepted,,True,10,10,True,False,True,True,True,True,10,0,0,0,10,0,0,10,0,True,False,False,False,9555,9189,366,0.9616954474097331,29,10,10
armbench.pi05_optimized_cpu_replay.v1,row_02045__single_block__direct_dispatch__diagnostic_100ms,row_02045__single_block__direct_dispatch,8,2045,single_block,diagnostic_100ms,35bb006359368f4079d94be18fc9d2261932ba0be13c6387627761460fdfd649,21bb222523a68d85dbd4f6c83a8c1b450d40a364adf8ee4e45280df78bc18027,100.0,107.84735299966997,185.84735300100874,64.54200000007404,63.00000000192085,5.314900001394562,16.021399998862762,43.05179999937536,0.0,execute,qp_continuous_collision_and_braking_invariant_passed,accepted,,True,10,10,True,False,True,True,True,True,10,0,0,0,10,0,0,10,0,True,False,False,False,12410,11830,580,0.9532634971796938,29,10,10
armbench.pi05_optimized_cpu_replay.v1,row_02045__narrow_gate__direct_dispatch__diagnostic_100ms,row_02045__narrow_gate__direct_dispatch,8,2045,narrow_gate,diagnostic_100ms,35bb006359368f4079d94be18fc9d2261932ba0be13c6387627761460fdfd649,21bb222523a68d85dbd4f6c83a8c1b450d40a364adf8ee4e45280df78bc18027,100.0,108.03035300341435,155.03035300207557,41.98799999721814,46.999999998661224,2.942400002211798,8.209199993871152,30.7055000012042,0.0,execute,qp_continuous_collision_and_braking_invariant_passed,accepted,,True,10,10,True,False,True,True,True,True,10,0,0,0,10,0,0,10,0,True,False,False,False,14040,13560,480,0.9658119658119658,29,10,10
armbench.pi05_optimized_cpu_replay.v1,row_02736__free_space__direct_dispatch__diagnostic_100ms,row_02736__free_space__direct_dispatch,9,2736,free_space,diagnostic_100ms,62b013ffb3379eba43666abbd0be0848858bc836836b094e25ea8d74cfde9e2c,0b565a6938d9bb0b57977d079796fcc4c108d1841f47a0f986253144c3870174,100.0,79.95957398816245,204.95957398816245,108.98070000257576,110.00000000058208,4.838599998038262,37.20629999588709,65.89979999989737,0.913399999262765,hold,supervision_budget_exceeded,hold,supervision_budget,True,10,0,False,False,True,True,True,True,10,0,0,0,10,0,0,10,0,True,False,True,True,34839,33040,1799,0.9483624673498091,22,10,7
armbench.pi05_optimized_cpu_replay.v1,row_02736__single_block__direct_dispatch__diagnostic_100ms,row_02736__single_block__direct_dispatch,9,2736,single_block,diagnostic_100ms,62b013ffb3379eba43666abbd0be0848858bc836836b094e25ea8d74cfde9e2c,0b565a6938d9bb0b57977d079796fcc4c108d1841f47a0f986253144c3870174,100.0,80.01317399612162,205.01317399612162,111.79229999834206,110.00000000058208,3.337499998451676,37.20499999326421,70.55830000172136,0.5916000009165145,hold,supervision_budget_exceeded,hold,supervision_budget,True,10,0,False,False,True,True,True,True,10,0,0,0,10,0,0,10,0,True,False,True,True,40970,38507,2463,0.9398828411032463,22,10,7
armbench.pi05_optimized_cpu_replay.v1,row_02736__narrow_gate__direct_dispatch__diagnostic_100ms,row_02736__narrow_gate__direct_dispatch,9,2736,narrow_gate,diagnostic_100ms,62b013ffb3379eba43666abbd0be0848858bc836836b094e25ea8d74cfde9e2c,0b565a6938d9bb0b57977d079796fcc4c108d1841f47a0f986253144c3870174,100.0,80.14397399529116,112.14397399453446,26.336599999922328,15.999999995983671,3.5726999994949438,21.568799995293375,0.0,1.0609999953885563,hold,continuous_edge_rejected:collision:static:gate_lower:link6,hold,continuous_collision,True,10,0,False,False,True,True,True,True,10,0,0,0,10,5,0,10,7,False,False,False,False,11664,11153,503,0.9561899862825789,6,10,1
armbench.pi05_optimized_cpu_replay.v1,row_02456__free_space__direct_dispatch__diagnostic_100ms,row_02456__free_space__direct_dispatch,10,2456,free_space,diagnostic_100ms,a805df171f5b2a0bb37e82ee33c913be28ab363a08c40943c47745c4be5f166b,606d95c489296b5f4e2fde5d9b28e0f52167c7824e5ba4cee1b52a1be5d798c3,100.0,160.5769509988022,222.57695099688135,46.26339999958873,46.000000002095476,3.4269000025233254,41.42200000205776,0.0,1.276700000744313,hold,response_deadline_exceeded_during_supervision,hold,deadline,True,10,0,False,False,True,True,True,True,10,0,0,0,10,0,0,10,0,True,False,False,True,16611,15847,764,0.9540063813135874,9,10,1
armbench.pi05_optimized_cpu_replay.v1,row_02456__single_block__direct_dispatch__diagnostic_100ms,row_02456__single_block__direct_dispatch,10,2456,single_block,diagnostic_100ms,a805df171f5b2a0bb37e82ee33c913be28ab363a08c40943c47745c4be5f166b,606d95c489296b5f4e2fde5d9b28e0f52167c7824e5ba4cee1b52a1be5d798c3,100.0,160.99725099775242,223.99725099967327,47.850800001469906,46.999999998661224,5.420899993623607,41.345500001625624,0.0,0.935099997150246,hold,response_deadline_exceeded_during_supervision,hold,deadline,True,10,0,False,False,True,True,True,True,10,0,0,0,10,0,0,10,0,True,False,False,True,14110,13363,747,0.9470588235294117,7,10,1
armbench.pi05_optimized_cpu_replay.v1,row_02456__narrow_gate__direct_dispatch__diagnostic_100ms,row_02456__narrow_gate__direct_dispatch,10,2456,narrow_gate,diagnostic_100ms,a805df171f5b2a0bb37e82ee33c913be28ab363a08c40943c47745c4be5f166b,606d95c489296b5f4e2fde5d9b28e0f52167c7824e5ba4cee1b52a1be5d798c3,100.0,160.55815100116888,191.55815100384643,32.968999999866355,31.000000002677552,5.04749999527121,26.648999999451917,0.0,1.1386999976821244,hold,continuous_edge_rejected:collision:static:gate_lower:link6,hold,continuous_collision,True,10,0,False,False,True,True,True,True,10,0,0,0,10,5,0,10,7,False,False,False,False,11232,10725,499,0.9548611111111112,6,10,1
armbench.pi05_optimized_cpu_replay.v1,row_02938__free_space__direct_dispatch__diagnostic_100ms,row_02938__free_space__direct_dispatch,11,2938,free_space,diagnostic_100ms,30d16912ce8098c60d419bf30ed1491235b796b186f2378fa0ebdef754cc31fd,d5c708014600a7920be64b6acc05dd2153f49c780015898b4d746c2bc4c494ab,100.0,111.70350899919868,190.7035089971032,89.37779999541817,78.99999999790452,3.2171000057132915,19.295700003567617,66.10869999713032,0.5795999968540855,hold,response_deadline_exceeded_during_supervision,hold,deadline,True,10,0,False,False,True,True,True,True,10,0,0,0,10,0,0,10,0,True,False,False,True,37485,35457,2028,0.9458983593437374,26,10,9
armbench.pi05_optimized_cpu_replay.v1,row_02938__single_block__direct_dispatch__diagnostic_100ms,row_02938__single_block__direct_dispatch,11,2938,single_block,diagnostic_100ms,30d16912ce8098c60d419bf30ed1491235b796b186f2378fa0ebdef754cc31fd,d5c708014600a7920be64b6acc05dd2153f49c780015898b4d746c2bc4c494ab,100.0,111.67890899378108,220.67890899052145,107.87830000481335,108.99999999674037,3.219999998691492,33.942100002605,70.21550000354182,0.41120000241789967,hold,response_deadline_exceeded_during_supervision,hold,deadline,True,10,0,False,False,True,True,True,True,10,0,0,0,10,0,0,10,0,True,False,True,True,37910,36148,1762,0.9535214982854128,22,10,7
armbench.pi05_optimized_cpu_replay.v1,row_02938__narrow_gate__direct_dispatch__diagnostic_100ms,row_02938__narrow_gate__direct_dispatch,11,2938,narrow_gate,diagnostic_100ms,30d16912ce8098c60d419bf30ed1491235b796b186f2378fa0ebdef754cc31fd,d5c708014600a7920be64b6acc05dd2153f49c780015898b4d746c2bc4c494ab,100.0,111.79980899760267,236.79980899760267,108.49720000260277,109.00000000401633,5.887999999686144,40.287900003022514,61.48100000427803,0.643599996692501,hold,response_deadline_exceeded_during_supervision,hold,deadline,True,10,0,False,False,True,True,True,True,10,0,0,0,10,0,0,10,0,True,False,True,True,48168,46135,2033,0.9577935558877263,22,10,7
armbench.pi05_optimized_cpu_replay.v1,row_03122__free_space__direct_dispatch__diagnostic_100ms,row_03122__free_space__direct_dispatch,12,3122,free_space,diagnostic_100ms,4fd1a98f6e18bda6afca61b1213f09c92ed3fce35dcd8c4d53333ce515224354,fae786a4aad836002b16172491457936b523b19e2e002e95e4b9cb634083a717,100.0,81.44486000674078,206.44486000674078,107.29050000372808,109.00000000401633,5.0135999990743585,29.922599998826627,71.63679999939632,0.5611000015051104,hold,supervision_budget_exceeded,hold,supervision_budget,True,10,0,False,False,True,True,True,True,10,0,0,0,10,0,0,10,0,True,False,True,True,26901,25435,1466,0.9455038846139548,24,10,8
armbench.pi05_optimized_cpu_replay.v1,row_03122__single_block__direct_dispatch__diagnostic_100ms,row_03122__single_block__direct_dispatch,12,3122,single_block,diagnostic_100ms,4fd1a98f6e18bda6afca61b1213f09c92ed3fce35dcd8c4d53333ce515224354,fae786a4aad836002b16172491457936b523b19e2e002e95e4b9cb634083a717,100.0,81.17976000357885,190.17976000759518,105.58509999827947,109.00000000401633,5.635900000925176,33.80269999615848,65.07609999971464,0.9116000001085922,hold,supervision_budget_exceeded,hold,supervision_budget,True,10,0,False,False,True,True,True,True,10,0,0,0,10,0,0,10,0,True,False,True,False,31110,29626,1484,0.9522982963677274,24,10,8
armbench.pi05_optimized_cpu_replay.v1,row_03122__narrow_gate__direct_dispatch__diagnostic_100ms,row_03122__narrow_gate__direct_dispatch,12,3122,narrow_gate,diagnostic_100ms,4fd1a98f6e18bda6afca61b1213f09c92ed3fce35dcd8c4d53333ce515224354,fae786a4aad836002b16172491457936b523b19e2e002e95e4b9cb634083a717,100.0,81.26705999893602,191.2670599995181,106.61270000127843,110.00000000058208,4.8284000004059635,42.18589999800315,58.487299997068476,0.9613000001991168,hold,supervision_budget_exceeded,hold,supervision_budget,True,10,0,False,False,True,True,True,True,10,0,0,0,10,0,0,10,0,True,False,True,False,36072,34756,1316,0.963517409625194,22,10,7
armbench.pi05_optimized_cpu_replay.v1,row_03163__free_space__direct_dispatch__diagnostic_100ms,row_03163__free_space__direct_dispatch,13,3163,free_space,diagnostic_100ms,e3ad14c7d499ec5ce4892eb2bef290b5e056a2b62568859245b6356da12457fb,ffa917dcd4fa88b9be0656ad8c111499b9a6bfff234650d693827eb9d1d5f76c,100.0,80.90778300538659,205.9077830053866,115.84859999857144,108.99999999674037,4.925000001094304,32.797599997138605,77.32490000489634,0.6369999973685481,hold,supervision_budget_exceeded,hold,supervision_budget,True,10,0,False,False,True,True,True,True,10,0,0,0,10,0,0,10,0,True,False,True,True,25725,24425,1300,0.9494655004859086,26,10,9
armbench.pi05_optimized_cpu_replay.v1,row_03163__single_block__direct_dispatch__diagnostic_100ms,row_03163__single_block__direct_dispatch,13,3163,single_block,diagnostic_100ms,e3ad14c7d499ec5ce4892eb2bef290b5e056a2b62568859245b6356da12457fb,ffa917dcd4fa88b9be0656ad8c111499b9a6bfff234650d693827eb9d1d5f76c,100.0,80.80188299936708,205.80188299936708,107.66080000030342,108.99999999674037,5.736200000683311,26.43740000348771,74.27470000402536,1.0354000041843392,hold,supervision_budget_exceeded,hold,supervision_budget,True,10,0,False,False,True,True,True,True,10,0,0,0,10,0,0,10,0,True,False,True,True,29750,28446,1304,0.9561680672268907,26,10,9
armbench.pi05_optimized_cpu_replay.v1,row_03163__narrow_gate__direct_dispatch__diagnostic_100ms,row_03163__narrow_gate__direct_dispatch,13,3163,narrow_gate,diagnostic_100ms,e3ad14c7d499ec5ce4892eb2bef290b5e056a2b62568859245b6356da12457fb,ffa917dcd4fa88b9be0656ad8c111499b9a6bfff234650d693827eb9d1d5f76c,100.0,81.32088300044416,190.32088299718453,100.73120000015479,93.0000000007567,5.725600000005215,31.144599997787736,63.13140000565909,0.5340999996406026,hold,supervision_budget_exceeded,hold,supervision_budget,True,10,0,False,False,True,True,True,True,10,0,0,0,10,0,0,10,0,True,False,True,False,41256,39762,1494,0.9637870855148342,28,10,10
armbench.pi05_optimized_cpu_replay.v1,row_03741__free_space__direct_dispatch__diagnostic_100ms,row_03741__free_space__direct_dispatch,14,3741,free_space,diagnostic_100ms,4b7907e4aad9dc6e77f813e772c59d0c7169c40282363ff493a33e879b87cde7,919e5f396da973e2cf7f371f4f3431bd547e13a2c08ca1b5ae4da4003096c020,100.0,109.97415299789282,203.97415300249122,92.17379999608966,94.0000000045984,5.839099998411257,41.451800003414974,43.87300000234973,0.8717000018805265,hold,response_deadline_exceeded_during_supervision,hold,deadline,True,10,0,False,False,True,True,True,True,10,0,0,0,10,0,0,10,0,True,False,False,True,21021,19898,1123,0.946577232291518,20,10,6
armbench.pi05_optimized_cpu_replay.v1,row_03741__single_block__direct_dispatch__diagnostic_100ms,row_03741__single_block__direct_dispatch,14,3741,single_block,diagnostic_100ms,4b7907e4aad9dc6e77f813e772c59d0c7169c40282363ff493a33e879b87cde7,919e5f396da973e2cf7f371f4f3431bd547e13a2c08ca1b5ae4da4003096c020,100.0,110.02595299942186,204.0259529967443,99.05599999910919,93.99999999732245,5.805900000268593,29.71819999947911,62.433499995677266,0.927699999010656,hold,response_deadline_exceeded_during_supervision,hold,deadline,True,10,0,False,False,True,True,True,True,10,0,0,0,10,0,0,10,0,True,False,False,True,29750,28320,1430,0.9519327731092437,24,10,8
armbench.pi05_optimized_cpu_replay.v1,row_03741__narrow_gate__direct_dispatch__diagnostic_100ms,row_03741__narrow_gate__direct_dispatch,14,3741,narrow_gate,diagnostic_100ms,4b7907e4aad9dc6e77f813e772c59d0c7169c40282363ff493a33e879b87cde7,919e5f396da973e2cf7f371f4f3431bd547e13a2c08ca1b5ae4da4003096c020,100.0,109.7219529983704,203.72195299569285,94.45430000050692,93.99999999732245,4.869399999734014,27.871300000697374,60.930500003451016,0.6083000043872744,hold,response_deadline_exceeded_during_supervision,hold,deadline,True,10,0,False,False,True,True,True,True,10,0,0,0,10,0,0,10,0,True,False,False,True,51624,49501,2123,0.958875716720905,30,10,11
armbench.pi05_optimized_cpu_replay.v1,row_04298__free_space__direct_dispatch__diagnostic_100ms,row_04298__free_space__direct_dispatch,15,4298,free_space,diagnostic_100ms,2c585a1039cfc500fc7fe28c85a25ec32786fd8b15a0dad94b58ee736a663d79,94e313ab8d7786043893f7af3f613152522a820610d690acb2a3edc9ef4ba28e,100.0,80.53666400519433,189.5366640019347,108.95470000104979,93.0000000007567,4.162799996265676,58.16950000007637,45.850100003008265,0.5115000021760352,hold,supervision_budget_exceeded,hold,supervision_budget,True,10,0,False,False,True,True,True,True,10,0,0,0,10,0,0,10,0,True,False,True,False,28077,26497,1580,0.9437261815721053,18,10,5
armbench.pi05_optimized_cpu_replay.v1,row_04298__single_block__direct_dispatch__diagnostic_100ms,row_04298__single_block__direct_dispatch,15,4298,single_block,diagnostic_100ms,2c585a1039cfc500fc7fe28c85a25ec32786fd8b15a0dad94b58ee736a663d79,94e313ab8d7786043893f7af3f613152522a820610d690acb2a3edc9ef4ba28e,100.0,80.55936400342034,189.55936400743667,104.97860000032233,109.00000000401633,4.453499997907784,44.86650000035297,55.00149999716086,0.5143000016687438,hold,supervision_budget_exceeded,hold,supervision_budget,True,10,0,False,False,True,True,True,True,10,0,0,0,10,0,0,10,0,True,False,True,False,37910,35918,1992,0.9474544974940649,20,10,6
armbench.pi05_optimized_cpu_replay.v1,row_04298__narrow_gate__direct_dispatch__diagnostic_100ms,row_04298__narrow_gate__direct_dispatch,15,4298,narrow_gate,diagnostic_100ms,2c585a1039cfc500fc7fe28c85a25ec32786fd8b15a0dad94b58ee736a663d79,94e313ab8d7786043893f7af3f613152522a820610d690acb2a3edc9ef4ba28e,100.0,81.24266399681801,206.242663996818,114.36029999458697,125.0,4.998700002033729,39.32060000079218,68.96780000533909,0.9120999966398813,hold,supervision_budget_exceeded,hold,supervision_budget,True,10,0,False,False,True,True,True,True,10,0,0,0,10,0,0,10,0,True,False,True,True,61992,59400,2592,0.9581881533101045,24,10,8
armbench.pi05_optimized_cpu_replay.v1,row_03805__free_space__direct_dispatch__diagnostic_100ms,row_03805__free_space__direct_dispatch,16,3805,free_space,diagnostic_100ms,ed3ed2f05c450ceca326c550433117debafac7329c3cf9d83392e865de84d20b,091b2783ea65091b38cc9287d80dd29b0944a0b9ec326d95fda267eec534df0f,100.0,142.3698360013077,220.36983600264648,64.68309999763733,63.00000000192085,2.1408999964478426,29.9723999996786,31.80910000082804,0.6639999992330559,hold,response_deadline_exceeded_during_supervision,hold,deadline,True,10,0,False,False,True,True,True,True,10,0,0,0,10,0,0,10,0,True,False,False,True,18963,18085,878,0.9536993091810367,22,10,7
armbench.pi05_optimized_cpu_replay.v1,row_03805__single_block__direct_dispatch__diagnostic_100ms,row_03805__single_block__direct_dispatch,16,3805,single_block,diagnostic_100ms,ed3ed2f05c450ceca326c550433117debafac7329c3cf9d83392e865de84d20b,091b2783ea65091b38cc9287d80dd29b0944a0b9ec326d95fda267eec534df0f,100.0,142.41793600376695,174.41793600301025,28.938200004631653,31.9999999992433,5.9745000035036355,21.72380000411067,0.0,1.0707999972510152,hold,continuous_edge_rejected:collision:static:center_block:link6,hold,continuous_collision,True,10,0,False,False,True,True,True,True,10,0,0,0,10,3,0,10,4,False,False,False,False,6800,6467,326,0.9510294117647059,8,10,1
armbench.pi05_optimized_cpu_replay.v1,row_03805__narrow_gate__direct_dispatch__diagnostic_100ms,row_03805__narrow_gate__direct_dispatch,16,3805,narrow_gate,diagnostic_100ms,ed3ed2f05c450ceca326c550433117debafac7329c3cf9d83392e865de84d20b,091b2783ea65091b38cc9287d80dd29b0944a0b9ec326d95fda267eec534df0f,100.0,142.3951360047795,173.39513600018108,20.037899994349573,14.999999999417923,3.2576000012340955,16.25120000244351,0.0,0.41590000182623044,hold,continuous_edge_rejected:collision:static:gate_center:link6,hold,continuous_collision,True,10,0,False,False,True,True,True,True,10,0,0,0,10,1,0,10,3,False,False,False,False,14256,13680,570,0.9595959595959596,10,10,1
armbench.pi05_optimized_cpu_replay.v1,row_03853__free_space__direct_dispatch__diagnostic_100ms,row_03853__free_space__direct_dispatch,17,3853,free_space,diagnostic_100ms,fe36ac0713605fcc57897c367ab31e5b11dbf505ac76505ab7d16f946de13db9,f7709bd9d6a771cb40508d80a0dd423dd43ec32e003ed984a734551e880e8d3e,100.0,113.17077699641231,144.17077699908987,17.29380000324454,16.00000000325963,6.02680000156397,10.493800000404008,0.0,0.6018999993102625,hold,continuous_edge_rejected:collision:self:link5:geom_32:link7:geom_59,hold,continuous_collision,True,10,0,False,False,True,True,True,True,10,0,0,0,10,1,0,10,0,False,False,False,False,3822,3637,184,0.9515960230245945,3,10,1
armbench.pi05_optimized_cpu_replay.v1,row_03853__single_block__direct_dispatch__diagnostic_100ms,row_03853__single_block__direct_dispatch,17,3853,single_block,diagnostic_100ms,fe36ac0713605fcc57897c367ab31e5b11dbf505ac76505ab7d16f946de13db9,f7709bd9d6a771cb40508d80a0dd423dd43ec32e003ed984a734551e880e8d3e,100.0,113.29717699845787,129.2971770017175,7.577199998195283,16.00000000325963,2.481999996234663,4.4863000002806075,0.0,0.4428999964147806,hold,continuous_edge_rejected:collision:self:link5:geom_33:link7:geom_60,hold,continuous_collision,True,10,0,False,False,True,True,True,True,10,0,0,0,10,1,0,10,0,False,False,False,False,4420,4228,191,0.9565610859728507,3,10,1
armbench.pi05_optimized_cpu_replay.v1,row_03853__narrow_gate__direct_dispatch__diagnostic_100ms,row_03853__narrow_gate__direct_dispatch,17,3853,narrow_gate,diagnostic_100ms,fe36ac0713605fcc57897c367ab31e5b11dbf505ac76505ab7d16f946de13db9,f7709bd9d6a771cb40508d80a0dd423dd43ec32e003ed984a734551e880e8d3e,100.0,114.32727699866518,129.3272769980831,13.812000004691072,14.999999999417923,5.323899997165427,7.713999999396037,0.0,0.5740999986301176,hold,continuous_edge_rejected:collision:self:link5:geom_35:link7:geom_62,hold,continuous_collision,True,10,0,False,False,True,True,True,True,10,0,0,0,10,1,0,10,0,False,False,False,False,5616,5423,192,0.9656339031339032,3,10,1
armbench.pi05_optimized_cpu_replay.v1,row_04953__free_space__direct_dispatch__diagnostic_100ms,row_04953__free_space__direct_dispatch,18,4953,free_space,diagnostic_100ms,1d0a2989e76d920a59ac3a743781f15f16a583e4ded7a55d9122c2e8345072f1,af7c0afa97d566d0b6103c1987699272206fed545e580febec05c23d4443ae45,100.0,92.21125000476604,202.21125000534812,103.18869999900926,110.00000000058208,2.673399998457171,33.496700001705904,66.3630999988527,0.5439000015030615,hold,supervision_budget_exceeded,hold,supervision_budget,True,10,0,False,False,True,True,True,True,10,0,0,0,10,0,0,10,0,True,False,True,True,26901,25167,1734,0.9355414296866288,26,10,9
armbench.pi05_optimized_cpu_replay.v1,row_04953__single_block__direct_dispatch__diagnostic_100ms,row_04953__single_block__direct_dispatch,18,4953,single_block,diagnostic_100ms,1d0a2989e76d920a59ac3a743781f15f16a583e4ded7a55d9122c2e8345072f1,af7c0afa97d566d0b6103c1987699272206fed545e580febec05c23d4443ae45,100.0,92.31015000113985,217.31015000113985,108.50970000319649,108.99999999674037,3.384600000572391,25.322900000901427,78.63399999769172,1.0159000012208708,hold,supervision_budget_exceeded,hold,supervision_budget,True,10,0,False,False,True,True,True,True,10,0,0,0,10,0,0,10,0,True,False,True,True,31110,29341,1769,0.9431372549019608,26,10,9
armbench.pi05_optimized_cpu_replay.v1,row_04953__narrow_gate__direct_dispatch__diagnostic_100ms,row_04953__narrow_gate__direct_dispatch,18,4953,narrow_gate,diagnostic_100ms,1d0a2989e76d920a59ac3a743781f15f16a583e4ded7a55d9122c2e8345072f1,af7c0afa97d566d0b6103c1987699272206fed545e580febec05c23d4443ae45,100.0,92.36935000080848,201.36934999754885,104.95749999972759,108.99999999674037,4.1519000005791895,24.26759999798378,75.49570000264794,0.8985000022221357,hold,supervision_budget_exceeded,hold,supervision_budget,True,10,0,False,False,True,True,True,True,10,0,0,0,10,0,0,10,0,True,False,True,True,39528,37774,1754,0.9556263914187412,26,10,9
armbench.pi05_optimized_cpu_replay.v1,row_04773__free_space__direct_dispatch__diagnostic_100ms,row_04773__free_space__direct_dispatch,19,4773,free_space,diagnostic_100ms,0012494746ac6d95bef31165b95dad73d2233ce508b720c3e77a99bb8cb95b24,c523c8dc9161531afa6950372597ab78cbf73daa99043843e1df48ebd20b87dd,100.0,82.32979899912607,207.32979899912607,107.11869999795454,110.00000000058208,3.106099997239653,20.97209999919869,81.50010000099428,1.404200003889855,hold,supervision_budget_exceeded,hold,supervision_budget,True,10,0,False,False,True,True,True,True,10,0,0,0,10,0,0,10,0,True,False,True,True,21903,20847,1056,0.951787426379948,26,10,9
armbench.pi05_optimized_cpu_replay.v1,row_04773__single_block__direct_dispatch__diagnostic_100ms,row_04773__single_block__direct_dispatch,19,4773,single_block,diagnostic_100ms,0012494746ac6d95bef31165b95dad73d2233ce508b720c3e77a99bb8cb95b24,c523c8dc9161531afa6950372597ab78cbf73daa99043843e1df48ebd20b87dd,100.0,82.25449900055537,192.25449900113745,107.44800000247778,93.99999999732245,3.430000004300382,19.30749999883119,83.99640000425279,0.5732999998144805,hold,supervision_budget_exceeded,hold,supervision_budget,True,10,0,False,False,True,True,True,True,10,0,0,0,10,0,0,10,0,True,False,True,False,28050,26611,1439,0.948698752228164,28,10,10
armbench.pi05_optimized_cpu_replay.v1,row_04773__narrow_gate__direct_dispatch__diagnostic_100ms,row_04773__narrow_gate__direct_dispatch,19,4773,narrow_gate,diagnostic_100ms,0012494746ac6d95bef31165b95dad73d2233ce508b720c3e77a99bb8cb95b24,c523c8dc9161531afa6950372597ab78cbf73daa99043843e1df48ebd20b87dd,100.0,82.55759899475379,192.55759899533587,108.65850000118371,93.99999999732245,4.6061000030022115,28.664700002991594,74.47539999702713,0.7237999961944297,hold,supervision_budget_exceeded,hold,supervision_budget,True,10,0,False,False,True,True,True,True,10,0,0,0,10,0,0,10,0,True,False,True,False,35640,34005,1635,0.9541245791245792,28,10,10
armbench.pi05_optimized_cpu_replay.v1,row_04462__free_space__direct_dispatch__diagnostic_100ms,row_04462__free_space__direct_dispatch,20,4462,free_space,diagnostic_100ms,70b9224f98dd7ca753ca304e5409a01563f652e68827468e70fea86b3cbcc658,4abfdd49b70a0970fc43182fee4ecd8db8b3a1103b6106940ef4768751d612f5,100.0,111.02229199605063,220.022291992791,92.92270000150893,93.0000000007567,5.646600002364721,30.15160000359174,56.389600002148654,0.5701999980374239,hold,response_deadline_exceeded_during_supervision,hold,deadline,True,10,0,False,False,True,True,True,True,10,0,0,0,10,0,0,10,0,True,False,False,True,23667,22390,1277,0.9460430134786834,22,10,7
armbench.pi05_optimized_cpu_replay.v1,row_04462__single_block__direct_dispatch__diagnostic_100ms,row_04462__single_block__direct_dispatch,20,4462,single_block,diagnostic_100ms,70b9224f98dd7ca753ca304e5409a01563f652e68827468e70fea86b3cbcc658,4abfdd49b70a0970fc43182fee4ecd8db8b3a1103b6106940ef4768751d612f5,100.0,111.17109200131381,142.17109200399136,25.99020000343444,31.000000002677552,3.042999996978324,21.834099999978207,0.0,1.0020999980042689,hold,continuous_edge_rejected:collision:static:center_block:link6,hold,continuous_collision,True,10,0,False,False,True,True,True,True,10,0,0,0,10,4,0,10,6,False,False,False,False,9180,8660,513,0.9433551198257081,7,10,1
armbench.pi05_optimized_cpu_replay.v1,row_04462__narrow_gate__direct_dispatch__diagnostic_100ms,row_04462__narrow_gate__direct_dispatch,20,4462,narrow_gate,diagnostic_100ms,70b9224f98dd7ca753ca304e5409a01563f652e68827468e70fea86b3cbcc658,4abfdd49b70a0970fc43182fee4ecd8db8b3a1103b6106940ef4768751d612f5,100.0,111.15519199665869,142.15519199933624,22.761899999750312,31.000000002677552,5.20420000248123,16.685900001903065,0.0,0.6782999989809468,hold,continuous_edge_rejected:collision:static:gate_center:link6,hold,continuous_collision,True,10,0,False,False,True,True,True,True,10,0,0,0,10,4,0,10,6,False,False,False,False,11232,10713,512,0.9537927350427351,7,10,1
armbench.pi05_optimized_cpu_replay.v1,row_05082__free_space__direct_dispatch__diagnostic_100ms,row_05082__free_space__direct_dispatch,21,5082,free_space,diagnostic_100ms,577d2da6f2f31ec5d381f089ea57502db82b6bcd60b682984a7bf79c80ba6092,01dade6ca27dafa314483483e6e8cc87c661081fba638c5b15cddc8479ab1bc9,100.0,110.6104869977571,220.61048699833918,91.90079999825684,93.99999999732245,5.106899996462744,39.69409999990603,45.107899997674394,1.7836999977589585,hold,response_deadline_exceeded_during_supervision,hold,deadline,True,10,0,False,False,True,True,True,True,10,0,0,0,10,0,0,10,0,True,False,False,True,33075,31280,1795,0.94572940287226,20,10,6
armbench.pi05_optimized_cpu_replay.v1,row_05082__single_block__direct_dispatch__diagnostic_100ms,row_05082__single_block__direct_dispatch,21,5082,single_block,diagnostic_100ms,577d2da6f2f31ec5d381f089ea57502db82b6bcd60b682984a7bf79c80ba6092,01dade6ca27dafa314483483e6e8cc87c661081fba638c5b15cddc8479ab1bc9,100.0,110.89368699322222,125.89368699264014,14.420299994526431,14.999999999417923,5.473400000482798,8.047900002566166,0.0,0.7207000016933307,hold,continuous_edge_rejected:collision:static:center_block:link6,hold,continuous_collision,True,10,0,False,False,True,True,True,True,10,0,0,0,10,7,0,10,7,False,False,False,False,5100,4826,267,0.9462745098039216,4,10,1
armbench.pi05_optimized_cpu_replay.v1,row_05082__narrow_gate__direct_dispatch__diagnostic_100ms,row_05082__narrow_gate__direct_dispatch,21,5082,narrow_gate,diagnostic_100ms,577d2da6f2f31ec5d381f089ea57502db82b6bcd60b682984a7bf79c80ba6092,01dade6ca27dafa314483483e6e8cc87c661081fba638c5b15cddc8479ab1bc9,100.0,111.32948700105771,143.32948700030101,22.274499999184627,15.999999995983671,5.603899997367989,16.040399998018984,0.0,0.4751999949803576,hold,continuous_edge_rejected:collision:static:gate_center:link7,hold,continuous_collision,True,10,0,False,False,True,True,True,True,10,0,0,0,10,5,0,10,7,False,False,False,False,14688,13974,706,0.9513888888888888,6,10,1
armbench.pi05_optimized_cpu_replay.v1,row_05128__free_space__direct_dispatch__diagnostic_100ms,row_05128__free_space__direct_dispatch,22,5128,free_space,diagnostic_100ms,0e92838da6d4cdb706e0b8d31366212826fa86c5ce6ccd320378f7981599112c,1d370b9f51508df4beed68f031701f37a5f21f8c4c255ff7d807681da0595010,100.0,81.91675999842118,190.91675999516156,104.18010000284994,108.99999999674037,6.234300002688542,33.8287999984459,63.602100002754014,0.3571999986888841,hold,supervision_budget_exceeded,hold,supervision_budget,True,10,0,False,False,True,True,True,True,10,0,0,0,10,0,0,10,0,True,False,True,False,21903,20806,1097,0.9499155366844725,22,10,7
armbench.pi05_optimized_cpu_replay.v1,row_05128__single_block__direct_dispatch__diagnostic_100ms,row_05128__single_block__direct_dispatch,22,5128,single_block,diagnostic_100ms,0e92838da6d4cdb706e0b8d31366212826fa86c5ce6ccd320378f7981599112c,1d370b9f51508df4beed68f031701f37a5f21f8c4c255ff7d807681da0595010,100.0,82.06626000173856,129.06626000039978,31.182500002614688,31.000000002677552,6.426300002203789,23.296100000152364,0.0,1.1216999992029741,hold,continuous_edge_rejected:collision:static:center_block:hand,hold,continuous_collision,True,10,0,False,False,True,True,True,True,10,0,0,0,10,3,0,10,5,False,False,False,False,9860,9347,508,0.9479716024340771,8,10,1
armbench.pi05_optimized_cpu_replay.v1,row_05128__narrow_gate__direct_dispatch__diagnostic_100ms,row_05128__narrow_gate__direct_dispatch,22,5128,narrow_gate,diagnostic_100ms,0e92838da6d4cdb706e0b8d31366212826fa86c5ce6ccd320378f7981599112c,1d370b9f51508df4beed68f031701f37a5f21f8c4c255ff7d807681da0595010,100.0,81.9978599975002,143.9978600028553,45.63570000027539,47.00000000593718,5.021999997552484,39.80759999831207,0.0,0.6530999962706119,hold,continuous_edge_rejected:collision:static:gate_center:link7,hold,continuous_collision,True,10,0,False,False,True,True,True,True,10,0,0,0,10,1,0,10,3,False,False,False,False,19872,18926,940,0.9523953301127214,10,10,1
armbench.pi05_optimized_cpu_replay.v1,row_05011__free_space__direct_dispatch__diagnostic_100ms,row_05011__free_space__direct_dispatch,23,5011,free_space,diagnostic_100ms,24f71f3f30cc2312cc0339c738754d5367bbccc0f419fe35bd17438d01f7e5b0,5ccd6d1a2328ecc0a38473974ed081f411090ae36654167fb6a57fadcc5d3931,100.0,125.8769419946475,219.87694199196994,76.90240000374615,78.99999999790452,5.019800002628472,47.452200000407174,23.922599997604266,0.34749999758787453,hold,response_deadline_exceeded_during_supervision,hold,deadline,True,10,0,False,False,True,True,True,True,10,0,0,0,10,0,0,10,1,False,False,False,True,25137,23749,1388,0.9447825913991328,18,10,5
armbench.pi05_optimized_cpu_replay.v1,row_05011__single_block__direct_dispatch__diagnostic_100ms,row_05011__single_block__direct_dispatch,23,5011,single_block,diagnostic_100ms,24f71f3f30cc2312cc0339c738754d5367bbccc0f419fe35bd17438d01f7e5b0,5ccd6d1a2328ecc0a38473974ed081f411090ae36654167fb6a57fadcc5d3931,100.0,125.52454199612839,203.52454199746717,76.6587999969488,78.00000000133878,5.438000000140164,49.007300003722776,21.334400000341702,0.7027000028756447,hold,response_deadline_exceeded_during_supervision,hold,deadline,True,10,0,False,False,True,True,True,True,10,0,0,0,10,0,0,10,1,False,False,False,True,23970,22734,1236,0.9484355444305381,16,10,4
armbench.pi05_optimized_cpu_replay.v1,row_05011__narrow_gate__direct_dispatch__diagnostic_100ms,row_05011__narrow_gate__direct_dispatch,23,5011,narrow_gate,diagnostic_100ms,24f71f3f30cc2312cc0339c738754d5367bbccc0f419fe35bd17438d01f7e5b0,5ccd6d1a2328ecc0a38473974ed081f411090ae36654167fb6a57fadcc5d3931,100.0,125.34244199923705,203.34244200057583,86.96169999893755,78.00000000133878,3.263799997512251,31.744799998705275,51.27639999409439,0.5211000025155954,hold,response_deadline_exceeded_during_supervision,hold,deadline,True,10,0,False,False,True,True,True,True,10,0,0,0,10,0,0,10,1,False,False,False,True,43416,41681,1735,0.9600377740925005,20,10,6
armbench.pi05_optimized_cpu_replay.v1,row_06407__free_space__direct_dispatch__diagnostic_100ms,row_06407__free_space__direct_dispatch,24,6407,free_space,diagnostic_100ms,7b5e04770f18653120842172231465c3df16a76a94e8a11104babba987988de8,163c4b568398a13e54290749468fb7e5ed31079b00f2ea8a45847de2f701b494,100.0,79.93548199738143,173.93548200197984,103.47650000039721,94.0000000045984,5.278999997244682,36.01749999506865,61.39289999555331,0.6305999995674938,hold,supervision_budget_exceeded,hold,supervision_budget,True,10,0,False,False,True,True,True,True,10,0,0,0,10,0,0,10,0,True,False,True,False,36309,34454,1855,0.9489107383844226,22,10,7
armbench.pi05_optimized_cpu_replay.v1,row_06407__single_block__direct_dispatch__diagnostic_100ms,row_06407__single_block__direct_dispatch,24,6407,single_block,diagnostic_100ms,7b5e04770f18653120842172231465c3df16a76a94e8a11104babba987988de8,163c4b568398a13e54290749468fb7e5ed31079b00f2ea8a45847de2f701b494,100.0,79.68128198990598,110.68128198530758,24.6638000025996,30.999999995401595,5.32750000274973,18.74320000206353,0.0,0.4603000052156858,hold,continuous_edge_rejected:collision:static:center_block:hand,hold,continuous_collision,True,10,0,False,False,True,True,True,True,10,0,0,0,10,5,0,10,7,False,False,False,False,8500,8041,454,0.946,6,10,1
armbench.pi05_optimized_cpu_replay.v1,row_06407__narrow_gate__direct_dispatch__diagnostic_100ms,row_06407__narrow_gate__direct_dispatch,24,6407,narrow_gate,diagnostic_100ms,7b5e04770f18653120842172231465c3df16a76a94e8a11104babba987988de8,163c4b568398a13e54290749468fb7e5ed31079b00f2ea8a45847de2f701b494,100.0,79.81598198966822,110.81598199234577,27.796100002888124,31.000000002677552,5.787400004919618,21.408599997812416,0.0,0.4467999970074743,hold,continuous_edge_rejected:collision:static:gate_lower:link6,hold,continuous_collision,True,10,0,False,False,True,True,True,True,10,0,0,0,10,3,0,10,5,False,False,False,False,18144,17251,883,0.9507826278659612,8,10,1
armbench.pi05_optimized_cpu_replay.v1,row_06364__free_space__direct_dispatch__diagnostic_100ms,row_06364__free_space__direct_dispatch,25,6364,free_space,diagnostic_100ms,099bef15a0770071b640eb04fb9e343f82702d9e681553817b0e1967bc447ca8,ad141d2432b6f05d03249225fd1c40933676be458ff6debfc024bc3605ae5e44,100.0,82.34263800113695,192.34263800171902,101.15189999487484,110.00000000058208,5.440600005385932,20.172399999864865,74.46799999888754,0.9123999989242293,hold,supervision_budget_exceeded,hold,supervision_budget,True,10,0,False,False,True,True,True,True,10,0,0,0,10,0,0,10,0,True,False,True,False,22785,21751,1034,0.9546192670616633,30,10,11
armbench.pi05_optimized_cpu_replay.v1,row_06364__single_block__direct_dispatch__diagnostic_100ms,row_06364__single_block__direct_dispatch,25,6364,single_block,diagnostic_100ms,099bef15a0770071b640eb04fb9e343f82702d9e681553817b0e1967bc447ca8,ad141d2432b6f05d03249225fd1c40933676be458ff6debfc024bc3605ae5e44,100.0,82.07083799061365,113.07083798601525,17.544700000144076,14.999999999417923,4.477599999518134,11.980799994489644,0.0,0.9263999963877723,hold,continuous_edge_rejected:collision:static:center_block:hand,hold,continuous_collision,True,10,0,False,False,True,True,True,True,10,0,0,0,10,1,0,10,3,False,False,False,False,9180,8802,373,0.9588235294117647,10,10,1
armbench.pi05_optimized_cpu_replay.v1,row_06364__narrow_gate__direct_dispatch__diagnostic_100ms,row_06364__narrow_gate__direct_dispatch,25,6364,narrow_gate,diagnostic_100ms,099bef15a0770071b640eb04fb9e343f82702d9e681553817b0e1967bc447ca8,ad141d2432b6f05d03249225fd1c40933676be458ff6debfc024bc3605ae5e44,100.0,82.32073799445061,191.32073799846694,92.26339999440825,94.0000000045984,2.2892999986652285,10.312500002328306,79.55390000279294,0.0,execute,qp_continuous_collision_and_braking_invariant_passed,accepted,,True,10,10,True,False,True,True,True,True,10,0,0,0,10,0,0,10,0,True,False,False,False,33480,31875,1605,0.9520609318996416,29,10,10
armbench.pi05_optimized_cpu_replay.v1,row_06056__free_space__direct_dispatch__diagnostic_100ms,row_06056__free_space__direct_dispatch,26,6056,free_space,diagnostic_100ms,d0b5162cd61b5df39a5caf842d2257e7f6d300cbbf1f21fa30dcf183810e85e2,c9a378e3af3f286959ccc6ce0aab8e5df4db1d375fa82cf308f21e70bfb38b4e,100.0,119.53662599989912,229.5366260004812,94.33310000167694,93.99999999732245,3.460200001427438,17.59930000116583,72.17690000106813,0.9577000018907711,hold,response_deadline_exceeded_during_supervision,hold,deadline,True,10,0,False,False,True,True,True,True,10,0,0,0,10,0,0,10,0,True,False,False,True,23961,22824,1137,0.9525478903217729,26,10,9
armbench.pi05_optimized_cpu_replay.v1,row_06056__single_block__direct_dispatch__diagnostic_100ms,row_06056__single_block__direct_dispatch,26,6056,single_block,diagnostic_100ms,d0b5162cd61b5df39a5caf842d2257e7f6d300cbbf1f21fa30dcf183810e85e2,c9a378e3af3f286959ccc6ce0aab8e5df4db1d375fa82cf308f21e70bfb38b4e,100.0,119.18442600290291,212.1844260036596,86.73939999425784,93.0000000007567,5.104100004245993,29.94639999815263,51.158700000087265,0.3350999977556057,hold,response_deadline_exceeded_during_supervision,hold,deadline,True,10,0,False,False,True,True,True,True,10,0,0,0,10,0,0,10,0,True,False,False,True,22610,21698,912,0.9596638655462185,22,10,7
armbench.pi05_optimized_cpu_replay.v1,row_06056__narrow_gate__direct_dispatch__diagnostic_100ms,row_06056__narrow_gate__direct_dispatch,26,6056,narrow_gate,diagnostic_100ms,d0b5162cd61b5df39a5caf842d2257e7f6d300cbbf1f21fa30dcf183810e85e2,c9a378e3af3f286959ccc6ce0aab8e5df4db1d375fa82cf308f21e70bfb38b4e,100.0,119.34112600283697,213.34112600015942,92.45519999967655,93.99999999732245,3.799099999014288,18.20690000022296,69.42390000040177,0.8707000015419908,hold,response_deadline_exceeded_during_supervision,hold,deadline,True,10,0,False,False,True,True,True,True,10,0,0,0,10,0,0,10,0,True,False,False,True,35208,33878,1330,0.9622244944330834,26,10,9
armbench.pi05_optimized_cpu_replay.v1,row_07683__free_space__direct_dispatch__diagnostic_100ms,row_07683__free_space__direct_dispatch,27,7683,free_space,diagnostic_100ms,a00422d34079c464db8df8c5409bf2828aea05bbf77b08b587c170edb57e57c7,61b0433210982b6803e6e79c30ad66cf82384038c635fbc9cec97f43c2d5f63a,100.0,80.2862310083583,190.28623100894038,107.04390000319108,110.00000000058208,5.010899993067142,44.31240000121761,56.84040000051027,0.709100000676699,hold,supervision_budget_exceeded,hold,supervision_budget,True,10,0,False,False,True,True,True,True,10,0,0,0,10,0,0,10,0,True,False,True,False,36309,34209,2100,0.9421631000578369,22,10,7
armbench.pi05_optimized_cpu_replay.v1,row_07683__single_block__direct_dispatch__diagnostic_100ms,row_07683__single_block__direct_dispatch,27,7683,single_block,diagnostic_100ms,a00422d34079c464db8df8c5409bf2828aea05bbf77b08b587c170edb57e57c7,61b0433210982b6803e6e79c30ad66cf82384038c635fbc9cec97f43c2d5f63a,100.0,80.42503100296017,220.4250310023781,121.96449999464676,125.0,5.71529999433551,54.31319999479456,60.39050000254065,1.3585999986389652,hold,response_deadline_exceeded_during_supervision,hold,deadline,True,10,0,False,False,True,True,True,True,10,0,0,0,10,0,0,10,0,True,False,True,True,41990,39852,2138,0.9490831150273875,22,10,7
armbench.pi05_optimized_cpu_replay.v1,row_07683__narrow_gate__direct_dispatch__diagnostic_100ms,row_07683__narrow_gate__direct_dispatch,27,7683,narrow_gate,diagnostic_100ms,a00422d34079c464db8df8c5409bf2828aea05bbf77b08b587c170edb57e57c7,61b0433210982b6803e6e79c30ad66cf82384038c635fbc9cec97f43c2d5f63a,100.0,80.37813100963831,205.3781310096383,114.26419999770587,110.00000000058208,5.410699995991308,51.894299998821225,56.4340999990236,0.3630999999586493,hold,supervision_budget_exceeded,hold,supervision_budget,True,10,0,False,False,True,True,True,True,10,0,0,0,10,0,0,10,0,True,False,True,True,53352,51223,2129,0.9600952166741641,22,10,7
armbench.pi05_optimized_cpu_replay.v1,row_07373__free_space__direct_dispatch__diagnostic_100ms,row_07373__free_space__direct_dispatch,28,7373,free_space,diagnostic_100ms,e342e284a6b9329bf43b6560e5358b71495f40177533837036afecf930c2b4c0,3dbd650490cea64352a1dbaccb6f541b5a9d1998528a622fd0fd896330c63f5e,100.0,95.29193700291216,189.2919370002346,75.76749999861931,78.00000000133878,5.023400000936817,15.65169999958016,54.95819999487139,0.0,execute,qp_continuous_collision_and_braking_invariant_passed,accepted,,True,10,10,True,False,True,True,True,True,10,0,0,0,10,0,0,10,0,True,False,False,False,18081,17261,820,0.9546485260770975,29,10,10
armbench.pi05_optimized_cpu_replay.v1,row_07373__single_block__direct_dispatch__diagnostic_100ms,row_07373__single_block__direct_dispatch,28,7373,single_block,diagnostic_100ms,e342e284a6b9329bf43b6560e5358b71495f40177533837036afecf930c2b4c0,3dbd650490cea64352a1dbaccb6f541b5a9d1998528a622fd0fd896330c63f5e,100.0,94.81193700048607,188.81193700508447,78.69840000057593,78.00000000133878,4.127300002437551,24.503999993612524,48.85420000209706,1.0360000014770776,hold,braking_invariant_failed:inter_sample_collision,hold,dynamics_braking,True,10,0,False,False,True,True,True,True,10,0,0,0,10,0,0,10,1,False,False,False,False,19720,18760,954,0.9513184584178499,30,10,11
armbench.pi05_optimized_cpu_replay.v1,row_07373__narrow_gate__direct_dispatch__diagnostic_100ms,row_07373__narrow_gate__direct_dispatch,28,7373,narrow_gate,diagnostic_100ms,e342e284a6b9329bf43b6560e5358b71495f40177533837036afecf930c2b4c0,3dbd650490cea64352a1dbaccb6f541b5a9d1998528a622fd0fd896330c63f5e,100.0,94.97553700202843,187.97553700278513,100.94340000068769,93.0000000007567,5.403800001658965,27.275599997665267,67.58540000009816,0.512699996761512,hold,supervision_budget_exceeded,hold,supervision_budget,True,10,0,False,False,True,True,True,True,10,0,0,0,10,0,0,10,0,True,False,True,False,26568,25648,920,0.9653718759409816,30,10,11
armbench.pi05_optimized_cpu_replay.v1,row_07772__free_space__direct_dispatch__diagnostic_100ms,row_07772__free_space__direct_dispatch,29,7772,free_space,diagnostic_100ms,c3533edfda4b0016620bef05041c1b2e100c114929dc01b6c006379c8f39062d,f9efe20bb0146929d0da2aab6cb2d34cae1c034a2e8891af5c57bfffe379dbff,100.0,109.84383399772923,218.84383400174556,102.14260000066133,94.0000000045984,6.24460000108229,51.72870000387775,42.9225999978371,1.036900001054164,hold,response_deadline_exceeded_during_supervision,hold,deadline,True,10,0,False,False,True,True,True,True,10,0,0,0,10,0,0,10,0,True,False,True,True,27783,26366,1417,0.9489975884533708,18,10,5
armbench.pi05_optimized_cpu_replay.v1,row_07772__single_block__direct_dispatch__diagnostic_100ms,row_07772__single_block__direct_dispatch,29,7772,single_block,diagnostic_100ms,c3533edfda4b0016620bef05041c1b2e100c114929dc01b6c006379c8f39062d,f9efe20bb0146929d0da2aab6cb2d34cae1c034a2e8891af5c57bfffe379dbff,100.0,109.91603399452288,203.91603399184532,96.72670000145445,93.99999999732245,4.712800000561401,41.2131999983103,50.261000003956724,0.38640000275336206,hold,response_deadline_exceeded_during_supervision,hold,deadline,True,10,0,False,False,True,True,True,True,10,0,0,0,10,0,0,10,0,True,False,False,True,37570,35701,1869,0.9502528613255257,20,10,6
armbench.pi05_optimized_cpu_replay.v1,row_07772__narrow_gate__direct_dispatch__diagnostic_100ms,row_07772__narrow_gate__direct_dispatch,29,7772,narrow_gate,diagnostic_100ms,c3533edfda4b0016620bef05041c1b2e100c114929dc01b6c006379c8f39062d,f9efe20bb0146929d0da2aab6cb2d34cae1c034a2e8891af5c57bfffe379dbff,100.0,109.8769340023864,156.87693400104763,34.54710000369232,46.999999998661224,5.473700002767146,28.435300002456643,0.0,0.4665000014938414,hold,continuous_edge_rejected:collision:static:gate_lower:link6,hold,continuous_collision,True,10,0,False,False,True,True,True,True,10,0,0,0,10,4,0,10,5,False,False,False,False,14688,14101,582,0.9600354030501089,7,10,1
