schema_version,case_id,source_case_id,selection_index,source_row_index,scenario,profile,source_chunk_horizon,certification_horizon,response_action_sha256,input_window_sha256,supervision_budget_ms,base_response_age_ms,activation_response_age_ms,supervisor_latency_ms,assurance_worker_latency_ms,qp_latency_ms,continuous_collision_latency_ms,dynamics_braking_latency_ms,fallback_brake_latency_ms,status,reason,supervisor_status,failure_stage,candidate_complete,candidate_action_count,published_action_count,policy_actions_executable,partial_window_exposed,all_or_none_window_publication,source_chunk_prefix_published,assurance_worker_thread_separate,fallback_validated,qp_feasible,qp_intervention_steps,joint_position_violation_steps,joint_velocity_violation_steps,joint_acceleration_violation_steps,continuous_edges_checked,continuous_unsafe_edges,continuous_indeterminate_edges,braking_boundaries_checked,braking_invalid_boundaries,all_registered_constraints_satisfied,unsafe_window_published,software_budget_exceeded,response_deadline_exceeded,broad_phase_pair_tests,broad_phase_pruned_pairs,broad_phase_exact_pair_evaluations,broad_phase_prune_rate,safe_configuration_cache_hits,persistent_qp_solve_calls,persistent_brake_validation_calls
armbench.pi05_windowed_cpu_replay.v1,row_00763__free_space__direct_dispatch__full_chunk_h10,row_00763__free_space__direct_dispatch,0,763,free_space,full_chunk_h10,10,10,2ba514276e139d381b7b19bf859e964ad7e1b157ca9f234909fb87328f08ec28,e4ddff608fdc24bbe79f4f345b6ad772cc7e47679fd0522db9fe5c0e6a4512b3,20.0,103.75407699757488,134.75407699763764,21.691999999916334,15.000000000100044,1.8645999999762353,10.393099999987498,9.08429999992677,0.2566000000570057,hold,supervision_budget_exceeded,hold,supervision_budget,True,10,0,False,False,True,False,True,True,True,10,0,0,0,10,0,0,10,0,True,False,True,False,14553,13894,659,0.9547172404315262,18,10,5
armbench.pi05_windowed_cpu_replay.v1,row_00763__single_block__direct_dispatch__full_chunk_h10,row_00763__single_block__direct_dispatch,0,763,single_block,full_chunk_h10,10,10,2ba514276e139d381b7b19bf859e964ad7e1b157ca9f234909fb87328f08ec28,e4ddff608fdc24bbe79f4f345b6ad772cc7e47679fd0522db9fe5c0e6a4512b3,20.0,102.52607700385852,133.5260770038076,21.185599999967053,15.99999999996271,1.6123999999990701,9.56830000006903,9.590400000092814,0.3241000000571148,hold,supervision_budget_exceeded,hold,supervision_budget,True,10,0,False,False,True,False,True,True,True,10,0,0,0,10,0,0,10,0,True,False,True,False,16830,16153,677,0.9597742127153892,18,10,5
armbench.pi05_windowed_cpu_replay.v1,row_00763__narrow_gate__direct_dispatch__full_chunk_h10,row_00763__narrow_gate__direct_dispatch,0,763,narrow_gate,full_chunk_h10,10,10,2ba514276e139d381b7b19bf859e964ad7e1b157ca9f234909fb87328f08ec28,e4ddff608fdc24bbe79f4f345b6ad772cc7e47679fd0522db9fe5c0e6a4512b3,20.0,103.48747699754313,150.4874769975686,26.58530000007886,30.99999999994907,1.880099999993945,10.730500000022403,13.595099999974991,0.31869999997979903,hold,supervision_budget_exceeded,hold,supervision_budget,True,10,0,False,False,True,False,True,True,True,10,0,0,0,10,0,0,10,0,True,False,True,False,21384,20715,669,0.9687149270482603,18,10,5
armbench.pi05_windowed_cpu_replay.v1,row_00458__free_space__direct_dispatch__full_chunk_h10,row_00458__free_space__direct_dispatch,1,458,free_space,full_chunk_h10,10,10,539d85427650fb89affee25f827ab92f2803af4f4686cdda7625ebbcfc4e125f,c20bfe121e217568858d6301db3e88f8bbabf1604fdaa8e909eae454747800b5,20.0,82.58776900765952,129.58776900768498,24.370500000031825,31.000000000062755,1.9422000000304251,11.349599999903148,10.61200000003737,0.2748000000565298,hold,supervision_budget_exceeded,hold,supervision_budget,True,10,0,False,False,True,False,True,True,True,10,0,0,0,10,0,0,10,0,True,False,True,False,15141,14401,740,0.9511260815005614,18,10,5
armbench.pi05_windowed_cpu_replay.v1,row_00458__single_block__direct_dispatch__full_chunk_h10,row_00458__single_block__direct_dispatch,1,458,single_block,full_chunk_h10,10,10,539d85427650fb89affee25f827ab92f2803af4f4686cdda7625ebbcfc4e125f,c20bfe121e217568858d6301db3e88f8bbabf1604fdaa8e909eae454747800b5,20.0,82.50796900392743,113.5079690038765,23.098000000004504,14.999999999986358,1.8421999999418404,10.335399999917172,10.56719999996858,0.27499999998781277,hold,supervision_budget_exceeded,hold,supervision_budget,True,10,0,False,False,True,False,True,True,True,10,0,0,0,10,0,0,10,0,True,False,True,False,17510,16643,867,0.9504854368932039,18,10,5
armbench.pi05_windowed_cpu_replay.v1,row_00458__narrow_gate__direct_dispatch__full_chunk_h10,row_00458__narrow_gate__direct_dispatch,1,458,narrow_gate,full_chunk_h10,10,10,539d85427650fb89affee25f827ab92f2803af4f4686cdda7625ebbcfc4e125f,c20bfe121e217568858d6301db3e88f8bbabf1604fdaa8e909eae454747800b5,20.0,83.1604690029053,98.16046900289166,22.496499999988373,14.999999999986358,3.966900000023088,17.653900000027534,0.0,0.7465000001047883,hold,supervision_budget_exceeded,hold,supervision_budget,True,10,0,False,False,True,False,True,True,True,10,0,0,0,10,0,0,10,0,True,False,True,False,15768,15242,526,0.9666412988330797,10,10,1
armbench.pi05_windowed_cpu_replay.v1,row_00222__free_space__direct_dispatch__full_chunk_h10,row_00222__free_space__direct_dispatch,2,222,free_space,full_chunk_h10,10,10,7ed64e746df909ff0c71898c554048b30bb88de50d94a6f43787c50679b174e2,21da2b9970d3e9644b5f044a5dcc016b6b5053a5b4e9c17bce52d4303d2b3600,20.0,171.54230199957965,202.5423019996424,21.79409999996551,15.000000000100044,2.7518999999074367,18.301399999927526,0.0,0.646599999981845,hold,supervision_budget_exceeded,hold,supervision_budget,True,10,0,False,False,True,False,True,True,True,10,0,0,0,10,0,0,10,0,True,False,True,True,9555,9098,457,0.9521716378859236,8,10,1
armbench.pi05_windowed_cpu_replay.v1,row_00222__single_block__direct_dispatch__full_chunk_h10,row_00222__single_block__direct_dispatch,2,222,single_block,full_chunk_h10,10,10,7ed64e746df909ff0c71898c554048b30bb88de50d94a6f43787c50679b174e2,21da2b9970d3e9644b5f044a5dcc016b6b5053a5b4e9c17bce52d4303d2b3600,20.0,171.895202001906,218.89520200193147,28.573700000038116,31.000000000062755,4.14299999999912,23.4662999999955,0.0,0.8040999999820997,hold,supervision_budget_exceeded,hold,supervision_budget,True,10,0,False,False,True,False,True,True,True,10,0,0,0,10,0,0,10,0,True,False,True,True,16830,15947,883,0.947534165181224,7,10,1
armbench.pi05_windowed_cpu_replay.v1,row_00222__narrow_gate__direct_dispatch__full_chunk_h10,row_00222__narrow_gate__direct_dispatch,2,222,narrow_gate,full_chunk_h10,10,10,7ed64e746df909ff0c71898c554048b30bb88de50d94a6f43787c50679b174e2,21da2b9970d3e9644b5f044a5dcc016b6b5053a5b4e9c17bce52d4303d2b3600,20.0,171.71460199460853,202.7146019945576,13.071299999978692,15.99999999996271,1.5918999999939842,11.050500000010288,0.0,0.35960000002432935,hold,continuous_edge_rejected:collision:static:gate_upper:link6,hold,continuous_collision,True,10,0,False,False,True,False,True,True,True,10,0,0,0,10,3,0,10,5,False,False,False,True,10800,10310,485,0.9546296296296296,8,10,1
armbench.pi05_windowed_cpu_replay.v1,row_01467__free_space__direct_dispatch__full_chunk_h10,row_01467__free_space__direct_dispatch,3,1467,free_space,full_chunk_h10,10,10,0d05a20d8a90b30eac6e6dfc2e65c5d447cb062d06863c48db1367dbdc8d27af,4f17f5dfea4ea95c98fd42f459cd72d84c6d64fa6c129fbeb17b753364002cf1,20.0,92.3235240043141,138.3235240043632,20.681899999999587,30.99999999994907,3.009600000041246,13.753600000086408,3.599300000018957,0.2426999999443069,hold,supervision_budget_exceeded,hold,supervision_budget,True,10,0,False,False,True,False,True,True,True,10,0,0,0,10,0,0,10,0,True,False,True,False,10437,10000,437,0.9581297307655456,14,10,3
armbench.pi05_windowed_cpu_replay.v1,row_01467__single_block__direct_dispatch__full_chunk_h10,row_01467__single_block__direct_dispatch,3,1467,single_block,full_chunk_h10,10,10,0d05a20d8a90b30eac6e6dfc2e65c5d447cb062d06863c48db1367dbdc8d27af,4f17f5dfea4ea95c98fd42f459cd72d84c6d64fa6c129fbeb17b753364002cf1,20.0,92.74982400529552,108.74982400525823,22.86380000009558,15.99999999996271,2.9296999999814943,19.081000000028325,0.0,0.7428999999774533,hold,supervision_budget_exceeded,hold,supervision_budget,True,10,0,False,False,True,False,True,True,True,10,0,0,0,10,0,0,10,0,True,False,True,False,11730,11190,540,0.9539641943734015,10,10,1
armbench.pi05_windowed_cpu_replay.v1,row_01467__narrow_gate__direct_dispatch__full_chunk_h10,row_01467__narrow_gate__direct_dispatch,3,1467,narrow_gate,full_chunk_h10,10,10,0d05a20d8a90b30eac6e6dfc2e65c5d447cb062d06863c48db1367dbdc8d27af,4f17f5dfea4ea95c98fd42f459cd72d84c6d64fa6c129fbeb17b753364002cf1,20.0,92.48282400221797,108.48282400218068,21.916299999929834,15.99999999996271,1.545599999985825,14.798699999914788,4.758599999945545,0.7379999999557185,hold,supervision_budget_exceeded,hold,supervision_budget,True,10,0,False,False,True,False,True,True,True,10,0,0,0,10,0,0,10,0,True,False,True,False,16200,15532,668,0.9587654320987654,16,10,4
armbench.pi05_windowed_cpu_replay.v1,row_00954__free_space__direct_dispatch__full_chunk_h10,row_00954__free_space__direct_dispatch,4,954,free_space,full_chunk_h10,10,10,8c426cf29f252a7c103234ca72eff693daec4272e1eff735e0f325be6c8368bb,541ef1c389b4780c1bc25075e466ca00805d06391dbce79e67b43e6b6a02ff42,20.0,84.07754999643657,115.07754999638564,22.33560000001944,30.99999999994907,1.5320999999630658,19.961699999953453,0.0,0.743800000009287,hold,supervision_budget_exceeded,hold,supervision_budget,True,10,0,False,False,True,False,True,True,True,10,0,0,0,10,0,0,10,0,True,False,True,False,8967,8524,443,0.9505966320954611,5,10,1
armbench.pi05_windowed_cpu_replay.v1,row_00954__single_block__direct_dispatch__full_chunk_h10,row_00954__single_block__direct_dispatch,4,954,single_block,full_chunk_h10,10,10,8c426cf29f252a7c103234ca72eff693daec4272e1eff735e0f325be6c8368bb,541ef1c389b4780c1bc25075e466ca00805d06391dbce79e67b43e6b6a02ff42,20.0,83.76884999597678,114.76884999603953,20.80840000007811,31.000000000062755,1.835499999970125,18.207500000016807,0.0,0.6841000000576969,hold,supervision_budget_exceeded,hold,supervision_budget,True,10,0,False,False,True,False,True,True,True,10,0,0,0,10,0,0,10,0,True,False,True,False,10370,9906,464,0.9552555448408871,5,10,1
armbench.pi05_windowed_cpu_replay.v1,row_00954__narrow_gate__direct_dispatch__full_chunk_h10,row_00954__narrow_gate__direct_dispatch,4,954,narrow_gate,full_chunk_h10,10,10,8c426cf29f252a7c103234ca72eff693daec4272e1eff735e0f325be6c8368bb,541ef1c389b4780c1bc25075e466ca00805d06391dbce79e67b43e6b6a02ff42,20.0,83.80704999581212,130.8070499958376,30.85349999992104,32.00000000003911,10.112000000049193,19.6002000000135,0.0,0.9946999999783657,hold,supervision_budget_exceeded,hold,supervision_budget,True,10,0,False,False,True,False,True,True,True,10,0,0,0,10,0,0,10,0,True,False,True,False,6264,6027,237,0.9621647509578544,3,10,1
armbench.pi05_windowed_cpu_replay.v1,row_01576__free_space__direct_dispatch__full_chunk_h10,row_01576__free_space__direct_dispatch,5,1576,free_space,full_chunk_h10,10,10,a51612a00a37d0ea3749eb912a6f60afe1d9cd2ca5587f61e5ab60e8a19f447a,ceffaae899c86b7cad94d1a21bba4a80279a12dae6dc59022e88ec0d8034bbec,20.0,109.7861300004297,156.78613000045516,24.37499999996362,30.99999999994907,1.549599999975726,15.042200000038974,7.366399999909845,0.29000000006362825,hold,supervision_budget_exceeded,hold,supervision_budget,True,10,0,False,False,True,False,True,True,True,10,0,0,0,10,0,0,10,0,True,False,True,False,10731,10273,458,0.9573199142670767,14,10,3
armbench.pi05_windowed_cpu_replay.v1,row_01576__single_block__direct_dispatch__full_chunk_h10,row_01576__single_block__direct_dispatch,5,1576,single_block,full_chunk_h10,10,10,a51612a00a37d0ea3749eb912a6f60afe1d9cd2ca5587f61e5ab60e8a19f447a,ceffaae899c86b7cad94d1a21bba4a80279a12dae6dc59022e88ec0d8034bbec,20.0,109.48412999277934,140.4841299928421,20.607200000085868,14.999999999986358,3.014400000097339,14.95009999996455,2.1957999999813183,0.37620000000515574,hold,supervision_budget_exceeded,hold,supervision_budget,True,10,0,False,False,True,False,True,True,True,10,0,0,0,10,0,0,10,0,True,False,True,False,11050,10633,417,0.962262443438914,12,10,2
armbench.pi05_windowed_cpu_replay.v1,row_01576__narrow_gate__direct_dispatch__full_chunk_h10,row_01576__narrow_gate__direct_dispatch,5,1576,narrow_gate,full_chunk_h10,10,10,a51612a00a37d0ea3749eb912a6f60afe1d9cd2ca5587f61e5ab60e8a19f447a,ceffaae899c86b7cad94d1a21bba4a80279a12dae6dc59022e88ec0d8034bbec,20.0,109.35532999428688,140.35532999423594,22.39190000000235,15.99999999996271,3.8050000000566797,17.073000000095817,0.0,1.3534999999365027,hold,supervision_budget_exceeded,hold,supervision_budget,True,10,0,False,False,True,False,True,True,True,10,0,0,0,10,0,0,10,0,True,False,True,False,7128,6907,221,0.9689955106621774,5,10,1
armbench.pi05_windowed_cpu_replay.v1,row_02114__free_space__direct_dispatch__full_chunk_h10,row_02114__free_space__direct_dispatch,6,2114,free_space,full_chunk_h10,10,10,3c8a04cfba03e28f556b668ecfc39ba1f3c6f600ae28115bb0d484f228805822,b450e7ad3d6478be6418531fda01e2f47bd1fa86a3054195fa3e89dd7bafae17,20.0,84.57347300281981,131.57347300284528,22.915500000067368,31.000000000062755,3.593900000055328,17.765800000006493,0.0,1.4443000000028405,hold,supervision_budget_exceeded,hold,supervision_budget,True,10,0,False,False,True,False,True,True,True,10,0,0,0,10,0,0,10,0,True,False,True,False,5439,5204,235,0.9567935282220996,4,10,1
armbench.pi05_windowed_cpu_replay.v1,row_02114__single_block__direct_dispatch__full_chunk_h10,row_02114__single_block__direct_dispatch,6,2114,single_block,full_chunk_h10,10,10,3c8a04cfba03e28f556b668ecfc39ba1f3c6f600ae28115bb0d484f228805822,b450e7ad3d6478be6418531fda01e2f47bd1fa86a3054195fa3e89dd7bafae17,20.0,85.05257299839286,116.05257299834193,23.078999999938787,30.99999999994907,2.522699999985889,19.911600000000362,0.0,0.5407999999533786,hold,supervision_budget_exceeded,hold,supervision_budget,True,10,0,False,False,True,False,True,True,True,10,0,0,0,10,0,0,10,0,True,False,True,False,19550,18697,853,0.9563682864450128,9,10,1
armbench.pi05_windowed_cpu_replay.v1,row_02114__narrow_gate__direct_dispatch__full_chunk_h10,row_02114__narrow_gate__direct_dispatch,6,2114,narrow_gate,full_chunk_h10,10,10,3c8a04cfba03e28f556b668ecfc39ba1f3c6f600ae28115bb0d484f228805822,b450e7ad3d6478be6418531fda01e2f47bd1fa86a3054195fa3e89dd7bafae17,20.0,85.04487299796892,101.04487299793163,12.04490000009173,15.99999999996271,1.8718000000035317,9.59720000003017,0.0,0.5084999999098727,hold,continuous_edge_rejected:collision:static:gate_lower:link6,hold,continuous_collision,True,10,0,False,False,True,False,True,True,True,10,0,0,0,10,5,0,10,7,False,False,False,False,11664,11186,471,0.9590192043895748,6,10,1
armbench.pi05_windowed_cpu_replay.v1,row_02316__free_space__direct_dispatch__full_chunk_h10,row_02316__free_space__direct_dispatch,7,2316,free_space,full_chunk_h10,10,10,307d796186bec85694ad45ec5f0f36b6c2d4136025b8788f52b21f8ce81cefc3,4eb6f0c33cfea87817ea47ba3691beea6689e4326d4b265a74641f01503e5d46,20.0,81.15441800327972,97.15441800324243,24.0160000000742,15.99999999996271,2.2799999999278953,12.792799999942872,8.485500000006141,0.3246999999646505,hold,supervision_budget_exceeded,hold,supervision_budget,True,10,0,False,False,True,False,True,True,True,10,0,0,0,10,0,0,10,0,True,False,True,False,15141,14436,705,0.9534376857539132,16,10,4
armbench.pi05_windowed_cpu_replay.v1,row_02316__single_block__direct_dispatch__full_chunk_h10,row_02316__single_block__direct_dispatch,7,2316,single_block,full_chunk_h10,10,10,307d796186bec85694ad45ec5f0f36b6c2d4136025b8788f52b21f8ce81cefc3,4eb6f0c33cfea87817ea47ba3691beea6689e4326d4b265a74641f01503e5d46,20.0,81.35241799755022,112.35241799749929,22.55280000008497,30.99999999994907,1.321699999948578,8.848299999954179,11.966700000016317,0.35200000002078013,hold,supervision_budget_exceeded,hold,supervision_budget,True,10,0,False,False,True,False,True,True,True,10,0,0,0,10,0,0,10,0,True,False,True,False,20230,19181,1049,0.9481463173504696,18,10,5
armbench.pi05_windowed_cpu_replay.v1,row_02316__narrow_gate__direct_dispatch__full_chunk_h10,row_02316__narrow_gate__direct_dispatch,7,2316,narrow_gate,full_chunk_h10,10,10,307d796186bec85694ad45ec5f0f36b6c2d4136025b8788f52b21f8ce81cefc3,4eb6f0c33cfea87817ea47ba3691beea6689e4326d4b265a74641f01503e5d46,20.0,81.5732180053601,112.57321800530917,22.115800000051422,30.99999999994907,5.317799999943418,15.682700000070326,0.0,0.9740000000419968,hold,supervision_budget_exceeded,hold,supervision_budget,True,10,0,False,False,True,False,True,True,True,10,0,0,0,10,3,0,10,5,False,False,True,False,7992,7669,323,0.9595845845845846,5,10,1
armbench.pi05_windowed_cpu_replay.v1,row_02045__free_space__direct_dispatch__full_chunk_h10,row_02045__free_space__direct_dispatch,8,2045,free_space,full_chunk_h10,10,10,35bb006359368f4079d94be18fc9d2261932ba0be13c6387627761460fdfd649,21bb222523a68d85dbd4f6c83a8c1b450d40a364adf8ee4e45280df78bc18027,20.0,107.79295300744707,138.79295300750982,21.50019999999131,15.99999999996271,4.2626000000609565,13.991499999974621,2.12310000006255,0.9982000000263724,hold,supervision_budget_exceeded,hold,supervision_budget,True,10,0,False,False,True,False,True,True,True,10,0,0,0,10,0,0,10,0,True,False,True,False,4851,4674,177,0.9635126777983921,12,10,2
armbench.pi05_windowed_cpu_replay.v1,row_02045__single_block__direct_dispatch__full_chunk_h10,row_02045__single_block__direct_dispatch,8,2045,single_block,full_chunk_h10,10,10,35bb006359368f4079d94be18fc9d2261932ba0be13c6387627761460fdfd649,21bb222523a68d85dbd4f6c83a8c1b450d40a364adf8ee4e45280df78bc18027,20.0,107.84735299966997,138.84735299973272,20.652799999993476,31.000000000062755,2.1136000000296917,8.256200000005265,9.814000000005763,0.370599999996557,hold,supervision_budget_exceeded,hold,supervision_budget,True,10,0,False,False,True,False,True,True,True,10,0,0,0,10,0,0,10,0,True,False,True,False,7650,7323,327,0.9572549019607843,24,10,8
armbench.pi05_windowed_cpu_replay.v1,row_02045__narrow_gate__direct_dispatch__full_chunk_h10,row_02045__narrow_gate__direct_dispatch,8,2045,narrow_gate,full_chunk_h10,10,10,35bb006359368f4079d94be18fc9d2261932ba0be13c6387627761460fdfd649,21bb222523a68d85dbd4f6c83a8c1b450d40a364adf8ee4e45280df78bc18027,20.0,108.03035300341435,139.0303530034771,23.87069999997493,15.000000000100044,1.7040000000179134,5.144699999959812,16.383899999937057,0.569700000028206,hold,supervision_budget_exceeded,hold,supervision_budget,True,10,0,False,False,True,False,True,True,True,10,0,0,0,10,0,0,10,0,True,False,True,False,8856,8591,265,0.9700767841011744,20,10,6
armbench.pi05_windowed_cpu_replay.v1,row_02736__free_space__direct_dispatch__full_chunk_h10,row_02736__free_space__direct_dispatch,9,2736,free_space,full_chunk_h10,10,10,62b013ffb3379eba43666abbd0be0848858bc836836b094e25ea8d74cfde9e2c,0b565a6938d9bb0b57977d079796fcc4c108d1841f47a0f986253144c3870174,20.0,79.95957398816245,126.95957398818791,25.745800000095187,32.00000000003911,1.4155000000073414,23.926100000039696,0.0,0.31919999992169323,hold,supervision_budget_exceeded,hold,supervision_budget,True,10,0,False,False,True,False,True,True,True,10,0,0,0,10,0,0,10,0,True,False,True,False,10143,9672,471,0.953564034309376,6,10,1
armbench.pi05_windowed_cpu_replay.v1,row_02736__single_block__direct_dispatch__full_chunk_h10,row_02736__single_block__direct_dispatch,9,2736,single_block,full_chunk_h10,10,10,62b013ffb3379eba43666abbd0be0848858bc836836b094e25ea8d74cfde9e2c,0b565a6938d9bb0b57977d079796fcc4c108d1841f47a0f986253144c3870174,20.0,80.01317399612162,112.01317399616073,27.387399999952322,32.00000000003911,6.085500000040156,19.54220000004625,0.0,1.6383000000814718,hold,supervision_budget_exceeded,hold,supervision_budget,True,10,0,False,False,True,False,True,True,True,10,0,0,0,10,0,0,10,0,True,False,True,False,11730,11108,622,0.9469735720375106,6,10,1
armbench.pi05_windowed_cpu_replay.v1,row_02736__narrow_gate__direct_dispatch__full_chunk_h10,row_02736__narrow_gate__direct_dispatch,9,2736,narrow_gate,full_chunk_h10,10,10,62b013ffb3379eba43666abbd0be0848858bc836836b094e25ea8d74cfde9e2c,0b565a6938d9bb0b57977d079796fcc4c108d1841f47a0f986253144c3870174,20.0,80.14397399529116,127.14397399531663,33.549299999890536,30.99999999994907,3.858299999933479,27.453199999968092,0.0,2.087399999936679,hold,supervision_budget_exceeded,hold,supervision_budget,True,10,0,False,False,True,False,True,True,True,10,0,0,0,10,5,0,10,7,False,False,True,False,7992,7661,331,0.9585835835835835,4,10,1
armbench.pi05_windowed_cpu_replay.v1,row_02456__free_space__direct_dispatch__full_chunk_h10,row_02456__free_space__direct_dispatch,10,2456,free_space,full_chunk_h10,10,10,a805df171f5b2a0bb37e82ee33c913be28ab363a08c40943c47745c4be5f166b,606d95c489296b5f4e2fde5d9b28e0f52167c7824e5ba4cee1b52a1be5d798c3,20.0,160.5769509988022,207.57695099871398,22.487800000021707,31.99999999992542,4.142900000033478,17.33600000000024,0.0,0.7322999999814783,hold,supervision_budget_exceeded,hold,supervision_budget,True,10,0,False,False,True,False,True,True,True,10,0,0,0,10,0,0,10,0,True,False,True,True,5145,4909,236,0.9541302235179786,4,10,1
armbench.pi05_windowed_cpu_replay.v1,row_02456__single_block__direct_dispatch__full_chunk_h10,row_02456__single_block__direct_dispatch,10,2456,single_block,full_chunk_h10,10,10,a805df171f5b2a0bb37e82ee33c913be28ab363a08c40943c47745c4be5f166b,606d95c489296b5f4e2fde5d9b28e0f52167c7824e5ba4cee1b52a1be5d798c3,20.0,160.99725099775242,191.99725099781517,23.029000000065025,31.000000000062755,3.1986999999844556,18.93340000003718,0.0,0.6084999999984575,hold,supervision_budget_exceeded,hold,supervision_budget,True,10,0,False,False,True,False,True,True,True,10,0,0,0,10,0,0,10,0,True,False,True,False,14110,13363,747,0.9470588235294117,7,10,1
armbench.pi05_windowed_cpu_replay.v1,row_02456__narrow_gate__direct_dispatch__full_chunk_h10,row_02456__narrow_gate__direct_dispatch,10,2456,narrow_gate,full_chunk_h10,10,10,a805df171f5b2a0bb37e82ee33c913be28ab363a08c40943c47745c4be5f166b,606d95c489296b5f4e2fde5d9b28e0f52167c7824e5ba4cee1b52a1be5d798c3,20.0,160.55815100116888,191.55815100111795,28.853400000002694,30.99999999994907,1.6648000000714092,26.272099999914644,0.0,0.8192000000235566,hold,supervision_budget_exceeded,hold,supervision_budget,True,10,0,False,False,True,False,True,True,True,10,0,0,0,10,5,0,10,7,False,False,True,False,11016,10518,498,0.9547930283224401,5,10,1
armbench.pi05_windowed_cpu_replay.v1,row_02938__free_space__direct_dispatch__full_chunk_h10,row_02938__free_space__direct_dispatch,11,2938,free_space,full_chunk_h10,10,10,30d16912ce8098c60d419bf30ed1491235b796b186f2378fa0ebdef754cc31fd,d5c708014600a7920be64b6acc05dd2153f49c780015898b4d746c2bc4c494ab,20.0,111.70350899919868,143.70350899923778,22.740200000043842,16.000000000076398,7.009000000039123,14.994000000001506,0.0,0.6349999999883948,hold,supervision_budget_exceeded,hold,supervision_budget,True,10,0,False,False,True,False,True,True,True,10,0,0,0,10,0,0,10,0,True,False,True,False,3087,2945,142,0.9540006478781989,3,10,1
armbench.pi05_windowed_cpu_replay.v1,row_02938__single_block__direct_dispatch__full_chunk_h10,row_02938__single_block__direct_dispatch,11,2938,single_block,full_chunk_h10,10,10,30d16912ce8098c60d419bf30ed1491235b796b186f2378fa0ebdef754cc31fd,d5c708014600a7920be64b6acc05dd2153f49c780015898b4d746c2bc4c494ab,20.0,111.67890899378108,142.67890899384383,22.189599999933307,15.99999999996271,2.2521000000779168,18.836899999996604,0.0,1.0082000000011249,hold,supervision_budget_exceeded,hold,supervision_budget,True,10,0,False,False,True,False,True,True,True,10,0,0,0,10,0,0,10,0,True,False,True,False,9010,8619,391,0.9566037735849057,5,10,1
armbench.pi05_windowed_cpu_replay.v1,row_02938__narrow_gate__direct_dispatch__full_chunk_h10,row_02938__narrow_gate__direct_dispatch,11,2938,narrow_gate,full_chunk_h10,10,10,30d16912ce8098c60d419bf30ed1491235b796b186f2378fa0ebdef754cc31fd,d5c708014600a7920be64b6acc05dd2153f49c780015898b4d746c2bc4c494ab,20.0,111.79980899760267,143.79980899764178,22.83260000001519,16.000000000076398,3.054399999996349,18.92859999998109,0.0,0.7123000000319735,hold,supervision_budget_exceeded,hold,supervision_budget,True,10,0,False,False,True,False,True,True,True,10,0,0,0,10,0,0,10,0,True,False,True,False,16632,15995,637,0.9617003367003367,7,10,1
armbench.pi05_windowed_cpu_replay.v1,row_03122__free_space__direct_dispatch__full_chunk_h10,row_03122__free_space__direct_dispatch,12,3122,free_space,full_chunk_h10,10,10,4fd1a98f6e18bda6afca61b1213f09c92ed3fce35dcd8c4d53333ce515224354,fae786a4aad836002b16172491457936b523b19e2e002e95e4b9cb634083a717,20.0,81.44486000674078,128.44486000665256,23.98229999994328,30.99999999994907,6.892899999911606,15.527399999996305,0.0,1.264399999968191,hold,supervision_budget_exceeded,hold,supervision_budget,True,10,0,False,False,True,False,True,True,True,10,0,0,0,10,0,0,10,0,True,False,True,False,5439,5203,236,0.9566096708953852,5,10,1
armbench.pi05_windowed_cpu_replay.v1,row_03122__single_block__direct_dispatch__full_chunk_h10,row_03122__single_block__direct_dispatch,12,3122,single_block,full_chunk_h10,10,10,4fd1a98f6e18bda6afca61b1213f09c92ed3fce35dcd8c4d53333ce515224354,fae786a4aad836002b16172491457936b523b19e2e002e95e4b9cb634083a717,20.0,81.17976000357885,127.17976000362796,21.145499999988715,30.99999999994907,1.8876999999974942,18.564999999966858,0.0,0.611899999967136,hold,supervision_budget_exceeded,hold,supervision_budget,True,10,0,False,False,True,False,True,True,True,10,0,0,0,10,0,0,10,0,True,False,True,False,15810,15116,694,0.9561037318153067,10,10,1
armbench.pi05_windowed_cpu_replay.v1,row_03122__narrow_gate__direct_dispatch__full_chunk_h10,row_03122__narrow_gate__direct_dispatch,12,3122,narrow_gate,full_chunk_h10,10,10,4fd1a98f6e18bda6afca61b1213f09c92ed3fce35dcd8c4d53333ce515224354,fae786a4aad836002b16172491457936b523b19e2e002e95e4b9cb634083a717,20.0,81.26705999893602,97.26705999889873,25.00359999999091,15.99999999996271,3.8164999999708016,19.794000000047163,0.0,1.2682999999924505,hold,supervision_budget_exceeded,hold,supervision_budget,True,10,0,False,False,True,False,True,True,True,10,0,0,0,10,0,0,10,0,True,False,True,False,11448,11079,369,0.9677672955974843,7,10,1
armbench.pi05_windowed_cpu_replay.v1,row_03163__free_space__direct_dispatch__full_chunk_h10,row_03163__free_space__direct_dispatch,13,3163,free_space,full_chunk_h10,10,10,e3ad14c7d499ec5ce4892eb2bef290b5e056a2b62568859245b6356da12457fb,ffa917dcd4fa88b9be0656ad8c111499b9a6bfff234650d693827eb9d1d5f76c,20.0,80.90778300538659,95.90778300537295,22.503600000050028,14.999999999986358,3.485899999986941,18.16669999993792,0.0,0.7074999999758802,hold,supervision_budget_exceeded,hold,supervision_budget,True,10,0,False,False,True,False,True,True,True,10,0,0,0,10,0,0,10,0,True,False,True,False,10143,9698,445,0.956127378487627,9,10,1
armbench.pi05_windowed_cpu_replay.v1,row_03163__single_block__direct_dispatch__full_chunk_h10,row_03163__single_block__direct_dispatch,13,3163,single_block,full_chunk_h10,10,10,e3ad14c7d499ec5ce4892eb2bef290b5e056a2b62568859245b6356da12457fb,ffa917dcd4fa88b9be0656ad8c111499b9a6bfff234650d693827eb9d1d5f76c,20.0,80.80188299936708,111.80188299931615,22.16780000003382,30.99999999994907,3.28249999995478,15.41819999999916,3.0676999999741383,0.21980000008170464,hold,supervision_budget_exceeded,hold,supervision_budget,True,10,0,False,False,True,False,True,True,True,10,0,0,0,10,0,0,10,0,True,False,True,False,14790,14229,561,0.9620689655172414,14,10,3
armbench.pi05_windowed_cpu_replay.v1,row_03163__narrow_gate__direct_dispatch__full_chunk_h10,row_03163__narrow_gate__direct_dispatch,13,3163,narrow_gate,full_chunk_h10,10,10,e3ad14c7d499ec5ce4892eb2bef290b5e056a2b62568859245b6356da12457fb,ffa917dcd4fa88b9be0656ad8c111499b9a6bfff234650d693827eb9d1d5f76c,20.0,81.32088300044416,112.32088300039322,22.288500000058775,30.99999999994907,3.7724000000025626,17.441299999973126,0.0,0.95540000006622,hold,supervision_budget_exceeded,hold,supervision_budget,True,10,0,False,False,True,False,True,True,True,10,0,0,0,10,0,0,10,0,True,False,True,False,9720,9431,289,0.9702674897119341,6,10,1
armbench.pi05_windowed_cpu_replay.v1,row_03741__free_space__direct_dispatch__full_chunk_h10,row_03741__free_space__direct_dispatch,14,3741,free_space,full_chunk_h10,10,10,4b7907e4aad9dc6e77f813e772c59d0c7169c40282363ff493a33e879b87cde7,919e5f396da973e2cf7f371f4f3431bd547e13a2c08ca1b5ae4da4003096c020,20.0,109.97415299789282,140.97415299784188,23.4335000000101,30.99999999994907,6.09210000004623,15.647899999976289,0.0,1.4003999999658845,hold,supervision_budget_exceeded,hold,supervision_budget,True,10,0,False,False,True,False,True,True,True,10,0,0,0,10,0,0,10,0,True,False,True,False,3087,2946,141,0.9543245869776482,3,10,1
armbench.pi05_windowed_cpu_replay.v1,row_03741__single_block__direct_dispatch__full_chunk_h10,row_03741__single_block__direct_dispatch,14,3741,single_block,full_chunk_h10,10,10,4b7907e4aad9dc6e77f813e772c59d0c7169c40282363ff493a33e879b87cde7,919e5f396da973e2cf7f371f4f3431bd547e13a2c08ca1b5ae4da4003096c020,20.0,110.02595299942186,157.02595299944733,27.599800000075447,31.000000000062755,1.5555999999605774,25.584399999956986,0.0,0.38460000007489725,hold,supervision_budget_exceeded,hold,supervision_budget,True,10,0,False,False,True,False,True,True,True,10,0,0,0,10,0,0,10,0,True,False,True,False,14450,13805,645,0.9553633217993079,10,10,1
armbench.pi05_windowed_cpu_replay.v1,row_03741__narrow_gate__direct_dispatch__full_chunk_h10,row_03741__narrow_gate__direct_dispatch,14,3741,narrow_gate,full_chunk_h10,10,10,4b7907e4aad9dc6e77f813e772c59d0c7169c40282363ff493a33e879b87cde7,919e5f396da973e2cf7f371f4f3431bd547e13a2c08ca1b5ae4da4003096c020,20.0,109.7219529983704,141.7219529984095,22.24869999997736,16.000000000076398,3.3879000000069937,18.045099999994818,0.0,0.6852000000208136,hold,supervision_budget_exceeded,hold,supervision_budget,True,10,0,False,False,True,False,True,True,True,10,0,0,0,10,0,0,10,0,True,False,True,False,13176,12729,447,0.9660746812386156,8,10,1
armbench.pi05_windowed_cpu_replay.v1,row_04298__free_space__direct_dispatch__full_chunk_h10,row_04298__free_space__direct_dispatch,15,4298,free_space,full_chunk_h10,10,10,2c585a1039cfc500fc7fe28c85a25ec32786fd8b15a0dad94b58ee736a663d79,94e313ab8d7786043893f7af3f613152522a820610d690acb2a3edc9ef4ba28e,20.0,80.53666400519433,111.5366640051434,22.507100000098035,30.99999999994907,2.6922000000695334,18.73580000005859,0.0,0.9546999999656691,hold,supervision_budget_exceeded,hold,supervision_budget,True,10,0,False,False,True,False,True,True,True,10,0,0,0,10,0,0,10,0,True,False,True,False,12495,11842,653,0.9477390956382553,7,10,1
armbench.pi05_windowed_cpu_replay.v1,row_04298__single_block__direct_dispatch__full_chunk_h10,row_04298__single_block__direct_dispatch,15,4298,single_block,full_chunk_h10,10,10,2c585a1039cfc500fc7fe28c85a25ec32786fd8b15a0dad94b58ee736a663d79,94e313ab8d7786043893f7af3f613152522a820610d690acb2a3edc9ef4ba28e,20.0,80.55936400342034,111.5593640034831,28.62840000000233,31.000000000062755,5.443300000024465,22.173000000066168,0.0,0.8207999999285676,hold,supervision_budget_exceeded,hold,supervision_budget,True,10,0,False,False,True,False,True,True,True,10,0,0,0,10,0,0,10,0,True,False,True,False,11730,11171,559,0.9523444160272805,6,10,1
armbench.pi05_windowed_cpu_replay.v1,row_04298__narrow_gate__direct_dispatch__full_chunk_h10,row_04298__narrow_gate__direct_dispatch,15,4298,narrow_gate,full_chunk_h10,10,10,2c585a1039cfc500fc7fe28c85a25ec32786fd8b15a0dad94b58ee736a663d79,94e313ab8d7786043893f7af3f613152522a820610d690acb2a3edc9ef4ba28e,20.0,81.24266399681801,128.24266399684348,29.493699999989076,31.000000000062755,5.451300000004267,23.216499999989537,0.0,0.7112999999208114,hold,supervision_budget_exceeded,hold,supervision_budget,True,10,0,False,False,True,False,True,True,True,10,0,0,0,10,0,0,10,0,True,False,True,False,7992,7715,277,0.9653403403403403,4,10,1
armbench.pi05_windowed_cpu_replay.v1,row_03805__free_space__direct_dispatch__full_chunk_h10,row_03805__free_space__direct_dispatch,16,3805,free_space,full_chunk_h10,10,10,ed3ed2f05c450ceca326c550433117debafac7329c3cf9d83392e865de84d20b,091b2783ea65091b38cc9287d80dd29b0944a0b9ec326d95fda267eec534df0f,20.0,142.3698360013077,173.36983600137046,20.853299999998853,14.999999999986358,3.7413000000015018,16.316099999926337,0.0,0.6743000000142274,hold,supervision_budget_exceeded,hold,supervision_budget,True,10,0,False,False,True,False,True,True,True,10,0,0,0,10,0,0,10,0,True,False,True,False,6909,6607,302,0.9562888985381387,8,10,1
armbench.pi05_windowed_cpu_replay.v1,row_03805__single_block__direct_dispatch__full_chunk_h10,row_03805__single_block__direct_dispatch,16,3805,single_block,full_chunk_h10,10,10,ed3ed2f05c450ceca326c550433117debafac7329c3cf9d83392e865de84d20b,091b2783ea65091b38cc9287d80dd29b0944a0b9ec326d95fda267eec534df0f,20.0,142.41793600376695,173.41793600371602,22.06079999996291,15.99999999996271,4.1969999999764696,16.964199999961238,0.0,0.7014999999910287,hold,supervision_budget_exceeded,hold,supervision_budget,True,10,0,False,False,True,False,True,True,True,10,0,0,0,10,3,0,10,4,False,False,True,False,6630,6305,325,0.9509803921568627,7,10,1
armbench.pi05_windowed_cpu_replay.v1,row_03805__narrow_gate__direct_dispatch__full_chunk_h10,row_03805__narrow_gate__direct_dispatch,16,3805,narrow_gate,full_chunk_h10,10,10,ed3ed2f05c450ceca326c550433117debafac7329c3cf9d83392e865de84d20b,091b2783ea65091b38cc9287d80dd29b0944a0b9ec326d95fda267eec534df0f,20.0,142.3951360047795,174.3951360048186,23.517599999991035,32.00000000003911,10.774400000059359,11.741700000015953,0.0,0.6898999999975786,hold,supervision_budget_exceeded,hold,supervision_budget,True,10,0,False,False,True,False,True,True,True,10,0,0,0,10,1,0,10,3,False,False,True,False,2808,2728,80,0.9715099715099715,3,10,1
armbench.pi05_windowed_cpu_replay.v1,row_03853__free_space__direct_dispatch__full_chunk_h10,row_03853__free_space__direct_dispatch,17,3853,free_space,full_chunk_h10,10,10,fe36ac0713605fcc57897c367ab31e5b11dbf505ac76505ab7d16f946de13db9,f7709bd9d6a771cb40508d80a0dd423dd43ec32e003ed984a734551e880e8d3e,20.0,113.17077699641231,128.17077699639867,10.900999999989835,0.0,3.160299999990457,6.950800000026902,0.0,0.653199999987919,hold,continuous_edge_rejected:collision:self:link5:geom_32:link7:geom_59,hold,continuous_collision,True,10,0,False,False,True,False,True,True,True,10,0,0,0,10,1,0,10,0,False,False,False,False,3822,3637,184,0.9515960230245945,3,10,1
armbench.pi05_windowed_cpu_replay.v1,row_03853__single_block__direct_dispatch__full_chunk_h10,row_03853__single_block__direct_dispatch,17,3853,single_block,full_chunk_h10,10,10,fe36ac0713605fcc57897c367ab31e5b11dbf505ac76505ab7d16f946de13db9,f7709bd9d6a771cb40508d80a0dd423dd43ec32e003ed984a734551e880e8d3e,20.0,113.29717699845787,129.29717699853427,8.634499999971013,16.000000000076398,3.075200000012046,4.771099999970829,0.0,0.6788000000597094,hold,continuous_edge_rejected:collision:self:link5:geom_33:link7:geom_60,hold,continuous_collision,True,10,0,False,False,True,False,True,True,True,10,0,0,0,10,1,0,10,0,False,False,False,False,4420,4228,191,0.9565610859728507,3,10,1
armbench.pi05_windowed_cpu_replay.v1,row_03853__narrow_gate__direct_dispatch__full_chunk_h10,row_03853__narrow_gate__direct_dispatch,17,3853,narrow_gate,full_chunk_h10,10,10,fe36ac0713605fcc57897c367ab31e5b11dbf505ac76505ab7d16f946de13db9,f7709bd9d6a771cb40508d80a0dd423dd43ec32e003ed984a734551e880e8d3e,20.0,114.32727699866518,130.3272769986279,14.312299999915012,0.0,4.640300000005482,8.740499999930762,0.0,0.7474000000229353,hold,continuous_edge_rejected:collision:self:link5:geom_35:link7:geom_62,hold,continuous_collision,True,10,0,False,False,True,False,True,True,True,10,0,0,0,10,1,0,10,0,False,False,False,False,5616,5423,192,0.9656339031339032,3,10,1
armbench.pi05_windowed_cpu_replay.v1,row_04953__free_space__direct_dispatch__full_chunk_h10,row_04953__free_space__direct_dispatch,18,4953,free_space,full_chunk_h10,10,10,1d0a2989e76d920a59ac3a743781f15f16a583e4ded7a55d9122c2e8345072f1,af7c0afa97d566d0b6103c1987699272206fed545e580febec05c23d4443ae45,20.0,92.21125000476604,124.21125000480515,22.43050000004132,32.00000000003911,3.78709999995408,17.577100000039536,0.0,0.9095000000343134,hold,supervision_budget_exceeded,hold,supervision_budget,True,10,0,False,False,True,False,True,True,True,10,0,0,0,10,0,0,10,0,True,False,True,False,11319,10682,637,0.9437229437229437,10,10,1
armbench.pi05_windowed_cpu_replay.v1,row_04953__single_block__direct_dispatch__full_chunk_h10,row_04953__single_block__direct_dispatch,18,4953,single_block,full_chunk_h10,10,10,1d0a2989e76d920a59ac3a743781f15f16a583e4ded7a55d9122c2e8345072f1,af7c0afa97d566d0b6103c1987699272206fed545e580febec05c23d4443ae45,20.0,92.31015000113985,123.31015000108891,22.41109999999935,30.99999999994907,1.5892999999778112,19.329999999968095,0.0,1.414199999999255,hold,supervision_budget_exceeded,hold,supervision_budget,True,10,0,False,False,True,False,True,True,True,10,0,0,0,10,0,0,10,0,True,False,True,False,9010,8592,418,0.953607103218646,7,10,1
armbench.pi05_windowed_cpu_replay.v1,row_04953__narrow_gate__direct_dispatch__full_chunk_h10,row_04953__narrow_gate__direct_dispatch,18,4953,narrow_gate,full_chunk_h10,10,10,1d0a2989e76d920a59ac3a743781f15f16a583e4ded7a55d9122c2e8345072f1,af7c0afa97d566d0b6103c1987699272206fed545e580febec05c23d4443ae45,20.0,92.36935000080848,123.36935000075755,22.64470000000074,15.99999999996271,3.6744999999882566,15.796099999988655,2.67580000001999,0.38380000000870496,hold,supervision_budget_exceeded,hold,supervision_budget,True,10,0,False,False,True,False,True,True,True,10,0,0,0,10,0,0,10,0,True,False,True,False,17064,16413,651,0.9618495077355836,12,10,2
armbench.pi05_windowed_cpu_replay.v1,row_04773__free_space__direct_dispatch__full_chunk_h10,row_04773__free_space__direct_dispatch,19,4773,free_space,full_chunk_h10,10,10,0012494746ac6d95bef31165b95dad73d2233ce508b720c3e77a99bb8cb95b24,c523c8dc9161531afa6950372597ab78cbf73daa99043843e1df48ebd20b87dd,20.0,82.32979899912607,113.32979899907514,23.829500000033477,15.99999999996271,3.8029999999480424,17.97959999998966,0.0,1.802499999939755,hold,supervision_budget_exceeded,hold,supervision_budget,True,10,0,False,False,True,False,True,True,True,10,0,0,0,10,0,0,10,0,True,False,True,False,6909,6620,289,0.9581705022434506,8,10,1
armbench.pi05_windowed_cpu_replay.v1,row_04773__single_block__direct_dispatch__full_chunk_h10,row_04773__single_block__direct_dispatch,19,4773,single_block,full_chunk_h10,10,10,0012494746ac6d95bef31165b95dad73d2233ce508b720c3e77a99bb8cb95b24,c523c8dc9161531afa6950372597ab78cbf73daa99043843e1df48ebd20b87dd,20.0,82.25449900055537,129.25449900058084,22.031400000059875,32.00000000003911,3.6895999999160267,17.52940000005765,0.0,0.7008999999698062,hold,supervision_budget_exceeded,hold,supervision_budget,True,10,0,False,False,True,False,True,True,True,10,0,0,0,10,0,0,10,0,True,False,True,False,10710,10228,482,0.9549953314659198,10,10,1
armbench.pi05_windowed_cpu_replay.v1,row_04773__narrow_gate__direct_dispatch__full_chunk_h10,row_04773__narrow_gate__direct_dispatch,19,4773,narrow_gate,full_chunk_h10,10,10,0012494746ac6d95bef31165b95dad73d2233ce508b720c3e77a99bb8cb95b24,c523c8dc9161531afa6950372597ab78cbf73daa99043843e1df48ebd20b87dd,20.0,82.55759899475379,128.5575989948029,20.937099999969178,30.99999999994907,4.1969999999764696,15.821400000049834,0.0,0.760300000024472,hold,supervision_budget_exceeded,hold,supervision_budget,True,10,0,False,False,True,False,True,True,True,10,0,0,0,10,0,0,10,0,True,False,True,False,6696,6474,222,0.9668458781362007,6,10,1
armbench.pi05_windowed_cpu_replay.v1,row_04462__free_space__direct_dispatch__full_chunk_h10,row_04462__free_space__direct_dispatch,20,4462,free_space,full_chunk_h10,10,10,70b9224f98dd7ca753ca304e5409a01563f652e68827468e70fea86b3cbcc658,4abfdd49b70a0970fc43182fee4ecd8db8b3a1103b6106940ef4768751d612f5,20.0,111.02229199605063,158.0222919960761,25.288299999942865,31.000000000062755,3.762800000004063,19.718399999987923,0.0,1.65130000004865,hold,supervision_budget_exceeded,hold,supervision_budget,True,10,0,False,False,True,False,True,True,True,10,0,0,0,10,0,0,10,0,True,False,True,False,11319,10758,561,0.9504373177842566,10,10,1
armbench.pi05_windowed_cpu_replay.v1,row_04462__single_block__direct_dispatch__full_chunk_h10,row_04462__single_block__direct_dispatch,20,4462,single_block,full_chunk_h10,10,10,70b9224f98dd7ca753ca304e5409a01563f652e68827468e70fea86b3cbcc658,4abfdd49b70a0970fc43182fee4ecd8db8b3a1103b6106940ef4768751d612f5,20.0,111.17109200131381,126.17109200141385,16.229000000066662,15.000000000100044,3.081500000007509,12.502000000040425,0.0,0.5154000000402448,hold,continuous_edge_rejected:collision:static:center_block:link6,hold,continuous_collision,True,10,0,False,False,True,False,True,True,True,10,0,0,0,10,4,0,10,6,False,False,False,False,9180,8660,513,0.9433551198257081,7,10,1
armbench.pi05_windowed_cpu_replay.v1,row_04462__narrow_gate__direct_dispatch__full_chunk_h10,row_04462__narrow_gate__direct_dispatch,20,4462,narrow_gate,full_chunk_h10,10,10,70b9224f98dd7ca753ca304e5409a01563f652e68827468e70fea86b3cbcc658,4abfdd49b70a0970fc43182fee4ecd8db8b3a1103b6106940ef4768751d612f5,20.0,111.15519199665869,127.15519199673508,25.52909999997155,16.000000000076398,3.923200000031102,20.090100000061284,0.0,1.3895000000729851,hold,supervision_budget_exceeded,hold,supervision_budget,True,10,0,False,False,True,False,True,True,True,10,0,0,0,10,4,0,10,6,False,False,True,False,11016,10506,510,0.9537037037037037,6,10,1
armbench.pi05_windowed_cpu_replay.v1,row_05082__free_space__direct_dispatch__full_chunk_h10,row_05082__free_space__direct_dispatch,21,5082,free_space,full_chunk_h10,10,10,577d2da6f2f31ec5d381f089ea57502db82b6bcd60b682984a7bf79c80ba6092,01dade6ca27dafa314483483e6e8cc87c661081fba638c5b15cddc8479ab1bc9,20.0,110.6104869977571,126.61048699771982,21.15820000005897,15.99999999996271,2.294099999971877,18.27760000003309,0.0,0.4609000000073138,hold,supervision_budget_exceeded,hold,supervision_budget,True,10,0,False,False,True,False,True,True,True,10,0,0,0,10,0,0,10,0,True,False,True,False,17787,16911,876,0.9507505481531455,9,10,1
armbench.pi05_windowed_cpu_replay.v1,row_05082__single_block__direct_dispatch__full_chunk_h10,row_05082__single_block__direct_dispatch,21,5082,single_block,full_chunk_h10,10,10,577d2da6f2f31ec5d381f089ea57502db82b6bcd60b682984a7bf79c80ba6092,01dade6ca27dafa314483483e6e8cc87c661081fba638c5b15cddc8479ab1bc9,20.0,110.89368699322222,126.89368699318493,16.163499999947817,15.99999999996271,2.6993000000175016,12.303299999985029,0.0,1.043600000002698,hold,continuous_edge_rejected:collision:static:center_block:link6,hold,continuous_collision,True,10,0,False,False,True,False,True,True,True,10,0,0,0,10,7,0,10,7,False,False,False,False,5100,4826,267,0.9462745098039216,4,10,1
armbench.pi05_windowed_cpu_replay.v1,row_05082__narrow_gate__direct_dispatch__full_chunk_h10,row_05082__narrow_gate__direct_dispatch,21,5082,narrow_gate,full_chunk_h10,10,10,577d2da6f2f31ec5d381f089ea57502db82b6bcd60b682984a7bf79c80ba6092,01dade6ca27dafa314483483e6e8cc87c661081fba638c5b15cddc8479ab1bc9,20.0,111.32948700105771,142.32948700112047,18.68369999999686,31.000000000062755,2.839300000005096,15.257799999972121,0.0,0.49910000007002964,hold,continuous_edge_rejected:collision:static:gate_center:link7,hold,continuous_collision,True,10,0,False,False,True,False,True,True,True,10,0,0,0,10,5,0,10,7,False,False,False,False,14688,13974,706,0.9513888888888888,6,10,1
armbench.pi05_windowed_cpu_replay.v1,row_05128__free_space__direct_dispatch__full_chunk_h10,row_05128__free_space__direct_dispatch,22,5128,free_space,full_chunk_h10,10,10,0e92838da6d4cdb706e0b8d31366212826fa86c5ce6ccd320378f7981599112c,1d370b9f51508df4beed68f031701f37a5f21f8c4c255ff7d807681da0595010,20.0,81.91675999842118,113.9167599984603,23.708899999974165,32.00000000003911,1.5063000000736793,12.037699999950746,9.851600000047256,0.2496999999266336,hold,supervision_budget_exceeded,hold,supervision_budget,True,10,0,False,False,True,False,True,True,True,10,0,0,0,10,0,0,10,0,True,False,True,False,17199,16388,811,0.9528460957032385,18,10,5
armbench.pi05_windowed_cpu_replay.v1,row_05128__single_block__direct_dispatch__full_chunk_h10,row_05128__single_block__direct_dispatch,22,5128,single_block,full_chunk_h10,10,10,0e92838da6d4cdb706e0b8d31366212826fa86c5ce6ccd320378f7981599112c,1d370b9f51508df4beed68f031701f37a5f21f8c4c255ff7d807681da0595010,20.0,82.06626000173856,98.06626000170127,10.874499999999898,0.0,1.5850999999429405,8.936400000038702,0.0,0.2939999999398424,hold,continuous_edge_rejected:collision:static:center_block:hand,hold,continuous_collision,True,10,0,False,False,True,False,True,True,True,10,0,0,0,10,3,0,10,5,False,False,False,False,9860,9347,508,0.9479716024340771,8,10,1
armbench.pi05_windowed_cpu_replay.v1,row_05128__narrow_gate__direct_dispatch__full_chunk_h10,row_05128__narrow_gate__direct_dispatch,22,5128,narrow_gate,full_chunk_h10,10,10,0e92838da6d4cdb706e0b8d31366212826fa86c5ce6ccd320378f7981599112c,1d370b9f51508df4beed68f031701f37a5f21f8c4c255ff7d807681da0595010,20.0,81.9978599975002,112.99785999744927,18.861299999912262,30.99999999994907,1.5700000000151704,16.75009999996746,0.0,0.47589999996944243,hold,continuous_edge_rejected:collision:static:gate_center:link7,hold,continuous_collision,True,10,0,False,False,True,False,True,True,True,10,0,0,0,10,1,0,10,3,False,False,False,False,19872,18926,940,0.9523953301127214,10,10,1
armbench.pi05_windowed_cpu_replay.v1,row_05011__free_space__direct_dispatch__full_chunk_h10,row_05011__free_space__direct_dispatch,23,5011,free_space,full_chunk_h10,10,10,24f71f3f30cc2312cc0339c738754d5367bbccc0f419fe35bd17438d01f7e5b0,5ccd6d1a2328ecc0a38473974ed081f411090ae36654167fb6a57fadcc5d3931,20.0,125.8769419946475,156.87694199471025,21.287500000084947,14.999999999986358,1.4164000000391752,15.013399999929788,4.4027000000141925,0.38059999997130944,hold,supervision_budget_exceeded,hold,supervision_budget,True,10,0,False,False,True,False,True,True,True,10,0,0,0,10,0,0,10,1,False,False,True,False,18375,17426,949,0.9483537414965987,14,10,3
armbench.pi05_windowed_cpu_replay.v1,row_05011__single_block__direct_dispatch__full_chunk_h10,row_05011__single_block__direct_dispatch,23,5011,single_block,full_chunk_h10,10,10,24f71f3f30cc2312cc0339c738754d5367bbccc0f419fe35bd17438d01f7e5b0,5ccd6d1a2328ecc0a38473974ed081f411090ae36654167fb6a57fadcc5d3931,20.0,125.52454199612839,157.5245419961675,20.68599999995513,16.000000000076398,3.9442999999437234,16.018599999938488,0.0,0.6238999999368389,hold,supervision_budget_exceeded,hold,supervision_budget,True,10,0,False,False,True,False,True,True,True,10,0,0,0,10,0,0,10,1,False,False,True,False,4930,4682,248,0.9496957403651115,3,10,1
armbench.pi05_windowed_cpu_replay.v1,row_05011__narrow_gate__direct_dispatch__full_chunk_h10,row_05011__narrow_gate__direct_dispatch,23,5011,narrow_gate,full_chunk_h10,10,10,24f71f3f30cc2312cc0339c738754d5367bbccc0f419fe35bd17438d01f7e5b0,5ccd6d1a2328ecc0a38473974ed081f411090ae36654167fb6a57fadcc5d3931,20.0,125.34244199923705,157.34244199927616,20.70149999997284,32.00000000003911,2.044100000034632,18.20190000000821,0.0,0.2987000000302942,hold,supervision_budget_exceeded,hold,supervision_budget,True,10,0,False,False,True,False,True,True,True,10,0,0,0,10,0,0,10,1,False,False,True,False,19656,18951,705,0.9641330891330891,7,10,1
armbench.pi05_windowed_cpu_replay.v1,row_06407__free_space__direct_dispatch__full_chunk_h10,row_06407__free_space__direct_dispatch,24,6407,free_space,full_chunk_h10,10,10,7b5e04770f18653120842172231465c3df16a76a94e8a11104babba987988de8,163c4b568398a13e54290749468fb7e5ed31079b00f2ea8a45847de2f701b494,20.0,79.93548199738143,110.93548199744419,21.62080000005062,14.999999999986358,1.6435999999657724,19.547500000044238,0.0,0.36689999990358046,hold,supervision_budget_exceeded,hold,supervision_budget,True,10,0,False,False,True,False,True,True,True,10,0,0,0,10,0,0,10,0,True,False,True,False,18669,17796,873,0.9532379881086293,10,10,1
armbench.pi05_windowed_cpu_replay.v1,row_06407__single_block__direct_dispatch__full_chunk_h10,row_06407__single_block__direct_dispatch,24,6407,single_block,full_chunk_h10,10,10,7b5e04770f18653120842172231465c3df16a76a94e8a11104babba987988de8,163c4b568398a13e54290749468fb7e5ed31079b00f2ea8a45847de2f701b494,20.0,79.68128198990598,126.68128198993145,19.818100000065897,32.00000000003911,3.8263999999799125,15.287199999988843,0.0,0.6540999999060659,hold,continuous_edge_rejected:collision:static:center_block:hand,hold,continuous_collision,True,10,0,False,False,True,False,True,True,True,10,0,0,0,10,5,0,10,7,False,False,False,False,8500,8041,454,0.946,6,10,1
armbench.pi05_windowed_cpu_replay.v1,row_06407__narrow_gate__direct_dispatch__full_chunk_h10,row_06407__narrow_gate__direct_dispatch,24,6407,narrow_gate,full_chunk_h10,10,10,7b5e04770f18653120842172231465c3df16a76a94e8a11104babba987988de8,163c4b568398a13e54290749468fb7e5ed31079b00f2ea8a45847de2f701b494,20.0,79.81598198966822,111.81598198959364,22.79040000007626,31.99999999992542,6.157400000006419,15.782199999989643,0.0,0.6740000000036162,hold,supervision_budget_exceeded,hold,supervision_budget,True,10,0,False,False,True,False,True,True,True,10,0,0,0,10,3,0,10,5,False,False,True,False,7128,6826,302,0.957631874298541,4,10,1
armbench.pi05_windowed_cpu_replay.v1,row_06364__free_space__direct_dispatch__full_chunk_h10,row_06364__free_space__direct_dispatch,25,6364,free_space,full_chunk_h10,10,10,099bef15a0770071b640eb04fb9e343f82702d9e681553817b0e1967bc447ca8,ad141d2432b6f05d03249225fd1c40933676be458ff6debfc024bc3605ae5e44,20.0,82.34263800113695,129.3426380011624,21.972899999923357,31.000000000062755,3.0570999999781634,18.42419999991307,0.0,0.39270000002034067,hold,supervision_budget_exceeded,hold,supervision_budget,True,10,0,False,False,True,False,True,True,True,10,0,0,0,10,0,0,10,0,True,False,True,False,8379,8045,334,0.9601384413414489,10,10,1
armbench.pi05_windowed_cpu_replay.v1,row_06364__single_block__direct_dispatch__full_chunk_h10,row_06364__single_block__direct_dispatch,25,6364,single_block,full_chunk_h10,10,10,099bef15a0770071b640eb04fb9e343f82702d9e681553817b0e1967bc447ca8,ad141d2432b6f05d03249225fd1c40933676be458ff6debfc024bc3605ae5e44,20.0,82.07083799061365,98.07083799057636,10.4190000000699,15.99999999996271,2.411299999948824,7.186700000033852,0.0,0.697800000011739,hold,continuous_edge_rejected:collision:static:center_block:hand,hold,continuous_collision,True,10,0,False,False,True,False,True,True,True,10,0,0,0,10,1,0,10,3,False,False,False,False,9180,8802,373,0.9588235294117647,10,10,1
armbench.pi05_windowed_cpu_replay.v1,row_06364__narrow_gate__direct_dispatch__full_chunk_h10,row_06364__narrow_gate__direct_dispatch,25,6364,narrow_gate,full_chunk_h10,10,10,099bef15a0770071b640eb04fb9e343f82702d9e681553817b0e1967bc447ca8,ad141d2432b6f05d03249225fd1c40933676be458ff6debfc024bc3605ae5e44,20.0,82.32073799445061,113.32073799451337,21.73019999997905,15.000000000100044,1.3396000000511776,10.370699999953104,9.583899999938694,0.34060000007229974,hold,supervision_budget_exceeded,hold,supervision_budget,True,10,0,False,False,True,False,True,True,True,10,0,0,0,10,0,0,10,0,True,False,True,False,16200,15602,598,0.9630864197530864,20,10,6
armbench.pi05_windowed_cpu_replay.v1,row_06056__free_space__direct_dispatch__full_chunk_h10,row_06056__free_space__direct_dispatch,26,6056,free_space,full_chunk_h10,10,10,d0b5162cd61b5df39a5caf842d2257e7f6d300cbbf1f21fa30dcf183810e85e2,c9a378e3af3f286959ccc6ce0aab8e5df4db1d375fa82cf308f21e70bfb38b4e,20.0,119.53662599989912,150.53662599996187,20.626400000082867,15.99999999996271,2.2456000000374843,13.718899999958012,4.3574000000035085,0.21470000001500011,hold,supervision_budget_exceeded,hold,supervision_budget,True,10,0,False,False,True,False,True,True,True,10,0,0,0,10,0,0,10,0,True,False,True,False,12495,11968,527,0.9578231292517007,16,10,4
armbench.pi05_windowed_cpu_replay.v1,row_06056__single_block__direct_dispatch__full_chunk_h10,row_06056__single_block__direct_dispatch,26,6056,single_block,full_chunk_h10,10,10,d0b5162cd61b5df39a5caf842d2257e7f6d300cbbf1f21fa30dcf183810e85e2,c9a378e3af3f286959ccc6ce0aab8e5df4db1d375fa82cf308f21e70bfb38b4e,20.0,119.18442600290291,150.18442600285198,22.269100000016806,15.99999999996271,1.6616999999996551,12.482500000032815,7.78780000007373,0.275999999985288,hold,supervision_budget_exceeded,hold,supervision_budget,True,10,0,False,False,True,False,True,True,True,10,0,0,0,10,0,0,10,0,True,False,True,False,14450,13912,538,0.9627681660899654,16,10,4
armbench.pi05_windowed_cpu_replay.v1,row_06056__narrow_gate__direct_dispatch__full_chunk_h10,row_06056__narrow_gate__direct_dispatch,26,6056,narrow_gate,full_chunk_h10,10,10,d0b5162cd61b5df39a5caf842d2257e7f6d300cbbf1f21fa30dcf183810e85e2,c9a378e3af3f286959ccc6ce0aab8e5df4db1d375fa82cf308f21e70bfb38b4e,20.0,119.34112600283697,134.34112600282333,21.463000000039756,14.999999999986358,1.910100000031889,17.15620000004492,2.1327000000610496,0.19740000004730973,hold,supervision_budget_exceeded,hold,supervision_budget,True,10,0,False,False,True,False,True,True,True,10,0,0,0,10,0,0,10,0,True,False,True,False,16632,16087,545,0.9672318422318422,14,10,3
armbench.pi05_windowed_cpu_replay.v1,row_07683__free_space__direct_dispatch__full_chunk_h10,row_07683__free_space__direct_dispatch,27,7683,free_space,full_chunk_h10,10,10,a00422d34079c464db8df8c5409bf2828aea05bbf77b08b587c170edb57e57c7,61b0433210982b6803e6e79c30ad66cf82384038c635fbc9cec97f43c2d5f63a,20.0,80.2862310083583,111.28623100842105,21.596900000076857,15.000000000100044,1.4029999999820575,19.75649999997131,0.0,0.370599999996557,hold,supervision_budget_exceeded,hold,supervision_budget,True,10,0,False,False,True,False,True,True,True,10,0,0,0,10,0,0,10,0,True,False,True,False,18375,17390,985,0.9463945578231292,10,10,1
armbench.pi05_windowed_cpu_replay.v1,row_07683__single_block__direct_dispatch__full_chunk_h10,row_07683__single_block__direct_dispatch,27,7683,single_block,full_chunk_h10,10,10,a00422d34079c464db8df8c5409bf2828aea05bbf77b08b587c170edb57e57c7,61b0433210982b6803e6e79c30ad66cf82384038c635fbc9cec97f43c2d5f63a,20.0,80.42503100296017,111.42503100302292,23.26400000004014,14.999999999986358,3.3803000000034444,18.4338999999909,0.0,1.3169000000061715,hold,supervision_budget_exceeded,hold,supervision_budget,True,10,0,False,False,True,False,True,True,True,10,0,0,0,10,0,0,10,0,True,False,True,False,6290,6023,267,0.9575516693163753,4,10,1
armbench.pi05_windowed_cpu_replay.v1,row_07683__narrow_gate__direct_dispatch__full_chunk_h10,row_07683__narrow_gate__direct_dispatch,27,7683,narrow_gate,full_chunk_h10,10,10,a00422d34079c464db8df8c5409bf2828aea05bbf77b08b587c170edb57e57c7,61b0433210982b6803e6e79c30ad66cf82384038c635fbc9cec97f43c2d5f63a,20.0,80.37813100963831,112.37813100967742,22.41089999995438,32.00000000003911,1.4259000000720334,20.486699999992197,0.0,0.39860000003955065,hold,supervision_budget_exceeded,hold,supervision_budget,True,10,0,False,False,True,False,True,True,True,10,0,0,0,10,0,0,10,0,True,False,True,False,27000,26005,995,0.9631481481481482,10,10,1
armbench.pi05_windowed_cpu_replay.v1,row_07373__free_space__direct_dispatch__full_chunk_h10,row_07373__free_space__direct_dispatch,28,7373,free_space,full_chunk_h10,10,10,e342e284a6b9329bf43b6560e5358b71495f40177533837036afecf930c2b4c0,3dbd650490cea64352a1dbaccb6f541b5a9d1998528a622fd0fd896330c63f5e,20.0,95.29193700291216,126.29193700286123,20.832500000096843,14.999999999986358,1.460199999996803,8.105999999997948,10.979299999917203,0.22329999990233773,hold,supervision_budget_exceeded,hold,supervision_budget,True,10,0,False,False,True,False,True,True,True,10,0,0,0,10,0,0,10,0,True,False,True,False,12201,11661,540,0.9557413326776494,16,10,4
armbench.pi05_windowed_cpu_replay.v1,row_07373__single_block__direct_dispatch__full_chunk_h10,row_07373__single_block__direct_dispatch,28,7373,single_block,full_chunk_h10,10,10,e342e284a6b9329bf43b6560e5358b71495f40177533837036afecf930c2b4c0,3dbd650490cea64352a1dbaccb6f541b5a9d1998528a622fd0fd896330c63f5e,20.0,94.81193700048607,109.81193700047243,23.35490000007212,14.999999999986358,1.389700000004268,10.229900000013004,11.210300000016105,0.4357999999911044,hold,supervision_budget_exceeded,hold,supervision_budget,True,10,0,False,False,True,False,True,True,True,10,0,0,0,10,0,0,10,1,False,False,True,False,14110,13418,692,0.9509567682494685,16,10,4
armbench.pi05_windowed_cpu_replay.v1,row_07373__narrow_gate__direct_dispatch__full_chunk_h10,row_07373__narrow_gate__direct_dispatch,28,7373,narrow_gate,full_chunk_h10,10,10,e342e284a6b9329bf43b6560e5358b71495f40177533837036afecf930c2b4c0,3dbd650490cea64352a1dbaccb6f541b5a9d1998528a622fd0fd896330c63f5e,20.0,94.97553700202843,125.97553700209119,23.69639999994888,15.000000000100044,2.075200000035693,20.414700000060293,0.0,1.0687999999845488,hold,supervision_budget_exceeded,hold,supervision_budget,True,10,0,False,False,True,False,True,True,True,10,0,0,0,10,0,0,10,0,True,False,True,False,10584,10248,336,0.9682539682539683,9,10,1
armbench.pi05_windowed_cpu_replay.v1,row_07772__free_space__direct_dispatch__full_chunk_h10,row_07772__free_space__direct_dispatch,29,7772,free_space,full_chunk_h10,10,10,c3533edfda4b0016620bef05041c1b2e100c114929dc01b6c006379c8f39062d,f9efe20bb0146929d0da2aab6cb2d34cae1c034a2e8891af5c57bfffe379dbff,20.0,109.84383399772923,140.843833997792,23.229499999956715,15.99999999996271,1.8857000000025437,20.64180000002125,0.0,0.6213000000343527,hold,supervision_budget_exceeded,hold,supervision_budget,True,10,0,False,False,True,False,True,True,True,10,0,0,0,10,0,0,10,0,True,False,True,False,12201,11620,581,0.9523809523809523,7,10,1
armbench.pi05_windowed_cpu_replay.v1,row_07772__single_block__direct_dispatch__full_chunk_h10,row_07772__single_block__direct_dispatch,29,7772,single_block,full_chunk_h10,10,10,c3533edfda4b0016620bef05041c1b2e100c114929dc01b6c006379c8f39062d,f9efe20bb0146929d0da2aab6cb2d34cae1c034a2e8891af5c57bfffe379dbff,20.0,109.91603399452288,140.91603399458563,20.96510000001217,31.000000000062755,2.238899999952082,18.233699999996134,0.0,0.4285000001118533,hold,supervision_budget_exceeded,hold,supervision_budget,True,10,0,False,False,True,False,True,True,True,10,0,0,0,10,0,0,10,0,True,False,True,False,22270,21225,1045,0.9530758868432869,10,10,1
armbench.pi05_windowed_cpu_replay.v1,row_07772__narrow_gate__direct_dispatch__full_chunk_h10,row_07772__narrow_gate__direct_dispatch,29,7772,narrow_gate,full_chunk_h10,10,10,c3533edfda4b0016620bef05041c1b2e100c114929dc01b6c006379c8f39062d,f9efe20bb0146929d0da2aab6cb2d34cae1c034a2e8891af5c57bfffe379dbff,20.0,109.8769340023864,140.87693400244916,17.384400000082678,15.000000000100044,1.357099999950151,15.550299999972594,0.0,0.4116999999723703,hold,continuous_edge_rejected:collision:static:gate_lower:link6,hold,continuous_collision,True,10,0,False,False,True,False,True,True,True,10,0,0,0,10,4,0,10,5,False,False,False,False,14688,14101,582,0.9600354030501089,7,10,1
armbench.pi05_windowed_cpu_replay.v1,row_00763__free_space__direct_dispatch__certified_window_h1,row_00763__free_space__direct_dispatch,0,763,free_space,certified_window_h1,10,1,2ba514276e139d381b7b19bf859e964ad7e1b157ca9f234909fb87328f08ec28,b56fd1812b3fb3885c3ac175b614bb6edab1f9d4c62563c2f5feacb164001b0e,20.0,103.75407699757488,119.7540769975376,1.9042999999783206,0.0,0.43120000009366777,0.6316999999853579,0.7426999999324835,0.0,execute,qp_continuous_collision_and_braking_invariant_passed,accepted,,True,1,1,True,False,True,True,True,True,True,1,0,0,0,1,0,0,1,0,True,False,False,False,1029,992,37,0.9640427599611273,2,1,1
armbench.pi05_windowed_cpu_replay.v1,row_00763__single_block__direct_dispatch__certified_window_h1,row_00763__single_block__direct_dispatch,0,763,single_block,certified_window_h1,10,1,2ba514276e139d381b7b19bf859e964ad7e1b157ca9f234909fb87328f08ec28,b56fd1812b3fb3885c3ac175b614bb6edab1f9d4c62563c2f5feacb164001b0e,20.0,102.52607700385852,117.52607700384488,2.0021999999926265,0.0,0.27670000008583884,0.5835999999135311,1.0995000000093569,0.0,execute,qp_continuous_collision_and_braking_invariant_passed,accepted,,True,1,1,True,False,True,True,True,True,True,1,0,0,0,1,0,0,1,0,True,False,False,False,1190,1151,39,0.9672268907563025,2,1,1
armbench.pi05_windowed_cpu_replay.v1,row_00763__narrow_gate__direct_dispatch__certified_window_h1,row_00763__narrow_gate__direct_dispatch,0,763,narrow_gate,certified_window_h1,10,1,2ba514276e139d381b7b19bf859e964ad7e1b157ca9f234909fb87328f08ec28,b56fd1812b3fb3885c3ac175b614bb6edab1f9d4c62563c2f5feacb164001b0e,20.0,103.48747699754313,119.48747699750584,5.823000000077627,15.99999999996271,0.7346999999526815,2.0587999999861495,2.924500000062835,0.0,execute,qp_continuous_collision_and_braking_invariant_passed,accepted,,True,1,1,True,False,True,True,True,True,True,1,0,0,0,1,0,0,1,0,True,False,False,False,1512,1475,37,0.9755291005291006,2,1,1
armbench.pi05_windowed_cpu_replay.v1,row_00458__free_space__direct_dispatch__certified_window_h1,row_00458__free_space__direct_dispatch,1,458,free_space,certified_window_h1,10,1,539d85427650fb89affee25f827ab92f2803af4f4686cdda7625ebbcfc4e125f,705a038ef6ff4b2658b46e5472bc8df1e9ca7f96b422012a15a6784136d45969,20.0,82.58776900765952,97.58776900775956,2.3881000000756103,0.0,0.3649999999879583,0.7862999999588283,1.1974000000236629,0.0,execute,qp_continuous_collision_and_braking_invariant_passed,accepted,,True,1,1,True,False,True,True,True,True,True,1,0,0,0,1,0,0,1,0,True,False,False,False,1029,992,37,0.9640427599611273,2,1,1
armbench.pi05_windowed_cpu_replay.v1,row_00458__single_block__direct_dispatch__certified_window_h1,row_00458__single_block__direct_dispatch,1,458,single_block,certified_window_h1,10,1,539d85427650fb89affee25f827ab92f2803af4f4686cdda7625ebbcfc4e125f,705a038ef6ff4b2658b46e5472bc8df1e9ca7f96b422012a15a6784136d45969,20.0,82.50796900392743,98.50796900389014,2.0537999999987733,0.0,0.2562999999327076,0.6286000000272907,1.139599999987695,0.0,execute,qp_continuous_collision_and_braking_invariant_passed,accepted,,True,1,1,True,False,True,True,True,True,True,1,0,0,0,1,0,0,1,0,True,False,False,False,1190,1147,43,0.9638655462184874,2,1,1
armbench.pi05_windowed_cpu_replay.v1,row_00458__narrow_gate__direct_dispatch__certified_window_h1,row_00458__narrow_gate__direct_dispatch,1,458,narrow_gate,certified_window_h1,10,1,539d85427650fb89affee25f827ab92f2803af4f4686cdda7625ebbcfc4e125f,705a038ef6ff4b2658b46e5472bc8df1e9ca7f96b422012a15a6784136d45969,20.0,83.1604690029053,99.16046900286801,1.560700000027282,0.0,0.2590000000282089,0.5381000000852509,0.7374000000481828,0.0,execute,qp_continuous_collision_and_braking_invariant_passed,accepted,,True,1,1,True,False,True,True,True,True,True,1,0,0,0,1,0,0,1,0,True,False,False,False,1512,1474,38,0.9748677248677249,2,1,1
armbench.pi05_windowed_cpu_replay.v1,row_00222__free_space__direct_dispatch__certified_window_h1,row_00222__free_space__direct_dispatch,2,222,free_space,certified_window_h1,10,1,7ed64e746df909ff0c71898c554048b30bb88de50d94a6f43787c50679b174e2,b69a7d362fb7e47b2a50382eadf348a29e8f0b78e7b1256782b263799aa9e2dd,20.0,171.54230199957965,186.542301999566,1.6859999999496722,0.0,0.2755000000433938,0.607899999977235,0.7537999999840395,0.0,execute,qp_continuous_collision_and_braking_invariant_passed,accepted,,True,1,1,True,False,True,True,True,True,True,1,0,0,0,1,0,0,1,0,True,False,False,False,1029,992,37,0.9640427599611273,2,1,1
armbench.pi05_windowed_cpu_replay.v1,row_00222__single_block__direct_dispatch__certified_window_h1,row_00222__single_block__direct_dispatch,2,222,single_block,certified_window_h1,10,1,7ed64e746df909ff0c71898c554048b30bb88de50d94a6f43787c50679b174e2,b69a7d362fb7e47b2a50382eadf348a29e8f0b78e7b1256782b263799aa9e2dd,20.0,171.895202001906,187.8952020019824,2.257600000007187,0.0,0.33199999995758844,0.9125000000267391,0.9337999999843305,0.0,execute,qp_continuous_collision_and_braking_invariant_passed,accepted,,True,1,1,True,False,True,True,True,True,True,1,0,0,0,1,0,0,1,0,True,False,False,False,1190,1145,45,0.9621848739495799,2,1,1
armbench.pi05_windowed_cpu_replay.v1,row_00222__narrow_gate__direct_dispatch__certified_window_h1,row_00222__narrow_gate__direct_dispatch,2,222,narrow_gate,certified_window_h1,10,1,7ed64e746df909ff0c71898c554048b30bb88de50d94a6f43787c50679b174e2,b69a7d362fb7e47b2a50382eadf348a29e8f0b78e7b1256782b263799aa9e2dd,20.0,171.71460199460853,187.71460199457124,2.8234000000111337,0.0,0.43110000001433946,1.0012999999844396,1.307799999949566,0.0,execute,qp_continuous_collision_and_braking_invariant_passed,accepted,,True,1,1,True,False,True,True,True,True,True,1,0,0,0,1,0,0,1,0,True,False,False,False,1512,1474,38,0.9748677248677249,2,1,1
armbench.pi05_windowed_cpu_replay.v1,row_01467__free_space__direct_dispatch__certified_window_h1,row_01467__free_space__direct_dispatch,3,1467,free_space,certified_window_h1,10,1,0d05a20d8a90b30eac6e6dfc2e65c5d447cb062d06863c48db1367dbdc8d27af,3bc3e32134d462e96ed688fff9c17004cfdec98478434029cc7881deebbd9761,20.0,92.3235240043141,107.32352400430045,2.72019999999884,0.0,0.2856999999494292,0.34800000003087916,2.0567000000255575,0.0,execute,qp_continuous_collision_and_braking_invariant_passed,accepted,,True,1,1,True,False,True,True,True,True,True,1,0,0,0,1,0,0,1,0,True,False,False,False,735,710,25,0.9659863945578231,2,1,1
armbench.pi05_windowed_cpu_replay.v1,row_01467__single_block__direct_dispatch__certified_window_h1,row_01467__single_block__direct_dispatch,3,1467,single_block,certified_window_h1,10,1,0d05a20d8a90b30eac6e6dfc2e65c5d447cb062d06863c48db1367dbdc8d27af,3bc3e32134d462e96ed688fff9c17004cfdec98478434029cc7881deebbd9761,20.0,92.74982400529552,108.74982400525823,1.53499999998985,0.0,0.281200000017634,0.3504000000020824,0.8745999999746346,0.0,execute,qp_continuous_collision_and_braking_invariant_passed,accepted,,True,1,1,True,False,True,True,True,True,True,1,0,0,0,1,0,0,1,0,True,False,False,False,850,825,25,0.9705882352941176,2,1,1
armbench.pi05_windowed_cpu_replay.v1,row_01467__narrow_gate__direct_dispatch__certified_window_h1,row_01467__narrow_gate__direct_dispatch,3,1467,narrow_gate,certified_window_h1,10,1,0d05a20d8a90b30eac6e6dfc2e65c5d447cb062d06863c48db1367dbdc8d27af,3bc3e32134d462e96ed688fff9c17004cfdec98478434029cc7881deebbd9761,20.0,92.48282400221797,107.48282400231801,3.0649000000266824,0.0,0.5492000000231201,1.167500000065047,1.2858000000051106,0.0,execute,qp_continuous_collision_and_braking_invariant_passed,accepted,,True,1,1,True,False,True,True,True,True,True,1,0,0,0,1,0,0,1,0,True,False,False,False,1080,1055,25,0.9768518518518519,2,1,1
armbench.pi05_windowed_cpu_replay.v1,row_00954__free_space__direct_dispatch__certified_window_h1,row_00954__free_space__direct_dispatch,4,954,free_space,certified_window_h1,10,1,8c426cf29f252a7c103234ca72eff693daec4272e1eff735e0f325be6c8368bb,dde903c4a55eb39fb902e048d3567de13b4e217915f5a9271a44c7b1dbf9b5ba,20.0,84.07754999643657,100.07754999639928,2.824199999963639,0.0,0.5164999998896747,1.370100000031016,0.8505000000695873,0.0,execute,qp_continuous_collision_and_braking_invariant_passed,accepted,,True,1,1,True,False,True,True,True,True,True,1,0,0,0,1,0,0,1,0,True,False,False,False,1029,991,38,0.9630709426627794,2,1,1
armbench.pi05_windowed_cpu_replay.v1,row_00954__single_block__direct_dispatch__certified_window_h1,row_00954__single_block__direct_dispatch,4,954,single_block,certified_window_h1,10,1,8c426cf29f252a7c103234ca72eff693daec4272e1eff735e0f325be6c8368bb,dde903c4a55eb39fb902e048d3567de13b4e217915f5a9271a44c7b1dbf9b5ba,20.0,83.76884999597678,99.76884999593949,2.4023000000852335,0.0,0.2658999999312073,0.7715000000416694,1.3346000000638014,0.0,execute,qp_continuous_collision_and_braking_invariant_passed,accepted,,True,1,1,True,False,True,True,True,True,True,1,0,0,0,1,0,0,1,0,True,False,False,False,1190,1149,41,0.965546218487395,2,1,1
armbench.pi05_windowed_cpu_replay.v1,row_00954__narrow_gate__direct_dispatch__certified_window_h1,row_00954__narrow_gate__direct_dispatch,4,954,narrow_gate,certified_window_h1,10,1,8c426cf29f252a7c103234ca72eff693daec4272e1eff735e0f325be6c8368bb,dde903c4a55eb39fb902e048d3567de13b4e217915f5a9271a44c7b1dbf9b5ba,20.0,83.80704999581212,98.80704999579848,7.130800000027193,14.999999999986358,0.9138000000348256,2.6942999999164385,3.3231999999543405,0.0,execute,qp_continuous_collision_and_braking_invariant_passed,accepted,,True,1,1,True,False,True,True,True,True,True,1,0,0,0,1,0,0,1,0,True,False,False,False,1512,1471,41,0.9728835978835979,2,1,1
armbench.pi05_windowed_cpu_replay.v1,row_01576__free_space__direct_dispatch__certified_window_h1,row_01576__free_space__direct_dispatch,5,1576,free_space,certified_window_h1,10,1,a51612a00a37d0ea3749eb912a6f60afe1d9cd2ca5587f61e5ab60e8a19f447a,5c12398760d8e458a272cc572b4685f495ff0deb4620a6e307896caf9fc95e22,20.0,109.7861300004297,125.78613000050609,1.7494999999598804,0.0,0.28469999995195394,0.6803999999647203,0.7588999999370571,0.0,execute,qp_continuous_collision_and_braking_invariant_passed,accepted,,True,1,1,True,False,True,True,True,True,True,1,0,0,0,1,0,0,1,0,True,False,False,False,1029,992,37,0.9640427599611273,2,1,1
armbench.pi05_windowed_cpu_replay.v1,row_01576__single_block__direct_dispatch__certified_window_h1,row_01576__single_block__direct_dispatch,5,1576,single_block,certified_window_h1,10,1,a51612a00a37d0ea3749eb912a6f60afe1d9cd2ca5587f61e5ab60e8a19f447a,5c12398760d8e458a272cc572b4685f495ff0deb4620a6e307896caf9fc95e22,20.0,109.48412999277934,125.48412999274206,1.695400000016889,0.0,0.32699999997021223,0.5320000000210712,0.7689999999911379,0.0,execute,qp_continuous_collision_and_braking_invariant_passed,accepted,,True,1,1,True,False,True,True,True,True,True,1,0,0,0,1,0,0,1,0,True,False,False,False,1190,1151,39,0.9672268907563025,2,1,1
armbench.pi05_windowed_cpu_replay.v1,row_01576__narrow_gate__direct_dispatch__certified_window_h1,row_01576__narrow_gate__direct_dispatch,5,1576,narrow_gate,certified_window_h1,10,1,a51612a00a37d0ea3749eb912a6f60afe1d9cd2ca5587f61e5ab60e8a19f447a,5c12398760d8e458a272cc572b4685f495ff0deb4620a6e307896caf9fc95e22,20.0,109.35532999428688,124.35532999427323,2.6264000000537635,0.0,0.419200000010278,0.9030999999595224,1.210200000059558,0.0,execute,qp_continuous_collision_and_braking_invariant_passed,accepted,,True,1,1,True,False,True,True,True,True,True,1,0,0,0,1,0,0,1,0,True,False,False,False,1512,1474,38,0.9748677248677249,2,1,1
armbench.pi05_windowed_cpu_replay.v1,row_02114__free_space__direct_dispatch__certified_window_h1,row_02114__free_space__direct_dispatch,6,2114,free_space,certified_window_h1,10,1,3c8a04cfba03e28f556b668ecfc39ba1f3c6f600ae28115bb0d484f228805822,1dcf19075fb93027cb2563753c06c7e29fc1d4183c36d3615f8b6c4c2e8c8249,20.0,84.57347300281981,100.57347300278252,2.6374999999916326,0.0,0.37929999996322294,1.0077000000592307,1.2100000000145883,0.0,execute,qp_continuous_collision_and_braking_invariant_passed,accepted,,True,1,1,True,False,True,True,True,True,True,1,0,0,0,1,0,0,1,0,True,False,False,False,1029,992,37,0.9640427599611273,2,1,1
armbench.pi05_windowed_cpu_replay.v1,row_02114__single_block__direct_dispatch__certified_window_h1,row_02114__single_block__direct_dispatch,6,2114,single_block,certified_window_h1,10,1,3c8a04cfba03e28f556b668ecfc39ba1f3c6f600ae28115bb0d484f228805822,1dcf19075fb93027cb2563753c06c7e29fc1d4183c36d3615f8b6c4c2e8c8249,20.0,85.05257299839286,100.0525729984929,2.6535000000649234,0.0,0.39149999997789564,0.9571999999025138,1.22169999997368,0.0,execute,qp_continuous_collision_and_braking_invariant_passed,accepted,,True,1,1,True,False,True,True,True,True,True,1,0,0,0,1,0,0,1,0,True,False,False,False,1190,1151,39,0.9672268907563025,2,1,1
armbench.pi05_windowed_cpu_replay.v1,row_02114__narrow_gate__direct_dispatch__certified_window_h1,row_02114__narrow_gate__direct_dispatch,6,2114,narrow_gate,certified_window_h1,10,1,3c8a04cfba03e28f556b668ecfc39ba1f3c6f600ae28115bb0d484f228805822,1dcf19075fb93027cb2563753c06c7e29fc1d4183c36d3615f8b6c4c2e8c8249,20.0,85.04487299796892,101.04487299793163,2.005800000006275,0.0,0.25470000002769666,0.6098999999721855,1.1138000000983084,0.0,execute,qp_continuous_collision_and_braking_invariant_passed,accepted,,True,1,1,True,False,True,True,True,True,True,1,0,0,0,1,0,0,1,0,True,False,False,False,1512,1473,39,0.9742063492063492,2,1,1
armbench.pi05_windowed_cpu_replay.v1,row_02316__free_space__direct_dispatch__certified_window_h1,row_02316__free_space__direct_dispatch,7,2316,free_space,certified_window_h1,10,1,307d796186bec85694ad45ec5f0f36b6c2d4136025b8788f52b21f8ce81cefc3,a1480c035cd6cd7359549977dc55d7bf5af5e0d46c823c9f58c37c6314ad5c92,20.0,81.15441800327972,97.15441800324243,1.5426999999590407,0.0,0.26630000002114684,0.4844000000048254,0.7383000000800166,0.0,execute,qp_continuous_collision_and_braking_invariant_passed,accepted,,True,1,1,True,False,True,True,True,True,True,1,0,0,0,1,0,0,1,0,True,False,False,False,1029,992,37,0.9640427599611273,2,1,1
armbench.pi05_windowed_cpu_replay.v1,row_02316__single_block__direct_dispatch__certified_window_h1,row_02316__single_block__direct_dispatch,7,2316,single_block,certified_window_h1,10,1,307d796186bec85694ad45ec5f0f36b6c2d4136025b8788f52b21f8ce81cefc3,a1480c035cd6cd7359549977dc55d7bf5af5e0d46c823c9f58c37c6314ad5c92,20.0,81.35241799755022,96.35241799753658,1.816899999994348,0.0,0.2561999999670661,0.48380000009728974,1.0493999999425796,0.0,execute,qp_continuous_collision_and_braking_invariant_passed,accepted,,True,1,1,True,False,True,True,True,True,True,1,0,0,0,1,0,0,1,0,True,False,False,False,1190,1151,39,0.9672268907563025,2,1,1
armbench.pi05_windowed_cpu_replay.v1,row_02316__narrow_gate__direct_dispatch__certified_window_h1,row_02316__narrow_gate__direct_dispatch,7,2316,narrow_gate,certified_window_h1,10,1,307d796186bec85694ad45ec5f0f36b6c2d4136025b8788f52b21f8ce81cefc3,a1480c035cd6cd7359549977dc55d7bf5af5e0d46c823c9f58c37c6314ad5c92,20.0,81.5732180053601,97.5732180054365,4.440100000010716,0.0,0.48370000001796143,1.2086000000408603,2.693000000022039,0.0,execute,qp_continuous_collision_and_braking_invariant_passed,accepted,,True,1,1,True,False,True,True,True,True,True,1,0,0,0,1,0,0,1,0,True,False,False,False,1512,1474,38,0.9748677248677249,2,1,1
armbench.pi05_windowed_cpu_replay.v1,row_02045__free_space__direct_dispatch__certified_window_h1,row_02045__free_space__direct_dispatch,8,2045,free_space,certified_window_h1,10,1,35bb006359368f4079d94be18fc9d2261932ba0be13c6387627761460fdfd649,e012458a272b90bd8b69d2ff2514fa0c5bc748fc148a788def5f33b26de90034,20.0,107.79295300744707,123.79295300740978,2.685699999915414,0.0,0.6586000000652348,0.6379000000151791,1.2752000000091357,0.0,execute,qp_continuous_collision_and_braking_invariant_passed,accepted,,True,1,1,True,False,True,True,True,True,True,1,0,0,0,1,0,0,1,0,True,False,False,False,735,710,25,0.9659863945578231,2,1,1
armbench.pi05_windowed_cpu_replay.v1,row_02045__single_block__direct_dispatch__certified_window_h1,row_02045__single_block__direct_dispatch,8,2045,single_block,certified_window_h1,10,1,35bb006359368f4079d94be18fc9d2261932ba0be13c6387627761460fdfd649,e012458a272b90bd8b69d2ff2514fa0c5bc748fc148a788def5f33b26de90034,20.0,107.84735299966997,122.84735299965632,1.5281999999388063,0.0,0.28940000004240574,0.424400000042624,0.7696000000123604,0.0,execute,qp_continuous_collision_and_braking_invariant_passed,accepted,,True,1,1,True,False,True,True,True,True,True,1,0,0,0,1,0,0,1,0,True,False,False,False,850,825,25,0.9705882352941176,2,1,1
armbench.pi05_windowed_cpu_replay.v1,row_02045__narrow_gate__direct_dispatch__certified_window_h1,row_02045__narrow_gate__direct_dispatch,8,2045,narrow_gate,certified_window_h1,10,1,35bb006359368f4079d94be18fc9d2261932ba0be13c6387627761460fdfd649,e012458a272b90bd8b69d2ff2514fa0c5bc748fc148a788def5f33b26de90034,20.0,108.03035300341435,124.03035300337706,1.4682000000902917,0.0,0.26970000010351214,0.4004999999551728,0.7726000000047861,0.0,execute,qp_continuous_collision_and_braking_invariant_passed,accepted,,True,1,1,True,False,True,True,True,True,True,1,0,0,0,1,0,0,1,0,True,False,False,False,1080,1055,25,0.9768518518518519,2,1,1
armbench.pi05_windowed_cpu_replay.v1,row_02736__free_space__direct_dispatch__certified_window_h1,row_02736__free_space__direct_dispatch,9,2736,free_space,certified_window_h1,10,1,62b013ffb3379eba43666abbd0be0848858bc836836b094e25ea8d74cfde9e2c,886ea36fa080335fe839d255d3dd46dc3c25eb0990bae3056fe877e5c6ac4a05,20.0,79.95957398816245,94.95957398826249,1.6770000000860819,0.0,0.3109000000449669,0.5531000000473796,0.7554999999683787,0.0,execute,qp_continuous_collision_and_braking_invariant_passed,accepted,,True,1,1,True,False,True,True,True,True,True,1,0,0,0,1,0,0,1,0,True,False,False,False,1029,992,37,0.9640427599611273,2,1,1
armbench.pi05_windowed_cpu_replay.v1,row_02736__single_block__direct_dispatch__certified_window_h1,row_02736__single_block__direct_dispatch,9,2736,single_block,certified_window_h1,10,1,62b013ffb3379eba43666abbd0be0848858bc836836b094e25ea8d74cfde9e2c,886ea36fa080335fe839d255d3dd46dc3c25eb0990bae3056fe877e5c6ac4a05,20.0,80.01317399612162,96.01317399608433,8.393800000021656,0.0,1.1665000000675718,3.645100000085222,3.4487000000353873,0.0,execute,qp_continuous_collision_and_braking_invariant_passed,accepted,,True,1,1,True,False,True,True,True,True,True,1,0,0,0,1,0,0,1,0,True,False,False,False,1190,1147,43,0.9638655462184874,2,1,1
armbench.pi05_windowed_cpu_replay.v1,row_02736__narrow_gate__direct_dispatch__certified_window_h1,row_02736__narrow_gate__direct_dispatch,9,2736,narrow_gate,certified_window_h1,10,1,62b013ffb3379eba43666abbd0be0848858bc836836b094e25ea8d74cfde9e2c,886ea36fa080335fe839d255d3dd46dc3c25eb0990bae3056fe877e5c6ac4a05,20.0,80.14397399529116,96.14397399525387,4.5952000000397675,0.0,0.31469999998989806,1.2947000000167463,2.9336999999713953,0.0,execute,qp_continuous_collision_and_braking_invariant_passed,accepted,,True,1,1,True,False,True,True,True,True,True,1,0,0,0,1,0,0,1,0,True,False,False,False,1512,1473,39,0.9742063492063492,2,1,1
armbench.pi05_windowed_cpu_replay.v1,row_02456__free_space__direct_dispatch__certified_window_h1,row_02456__free_space__direct_dispatch,10,2456,free_space,certified_window_h1,10,1,a805df171f5b2a0bb37e82ee33c913be28ab363a08c40943c47745c4be5f166b,ac77b27f0c28d96ed531a8a0e545c66224348fbe0352a279e8a0ce13b9a19ecb,20.0,160.5769509988022,175.57695099878856,4.043599999931757,0.0,0.5212999999457679,1.3297999998940213,2.134400000045389,0.0,execute,qp_continuous_collision_and_braking_invariant_passed,accepted,,True,1,1,True,False,True,True,True,True,True,1,0,0,0,1,0,0,1,0,True,False,False,False,1029,992,37,0.9640427599611273,2,1,1
armbench.pi05_windowed_cpu_replay.v1,row_02456__single_block__direct_dispatch__certified_window_h1,row_02456__single_block__direct_dispatch,10,2456,single_block,certified_window_h1,10,1,a805df171f5b2a0bb37e82ee33c913be28ab363a08c40943c47745c4be5f166b,ac77b27f0c28d96ed531a8a0e545c66224348fbe0352a279e8a0ce13b9a19ecb,20.0,160.99725099775242,176.99725099782881,4.451700000004166,0.0,0.5982999999787353,1.433099999985643,2.328300000044692,0.0,execute,qp_continuous_collision_and_braking_invariant_passed,accepted,,True,1,1,True,False,True,True,True,True,True,1,0,0,0,1,0,0,1,0,True,False,False,False,1190,1148,42,0.9647058823529412,2,1,1
armbench.pi05_windowed_cpu_replay.v1,row_02456__narrow_gate__direct_dispatch__certified_window_h1,row_02456__narrow_gate__direct_dispatch,10,2456,narrow_gate,certified_window_h1,10,1,a805df171f5b2a0bb37e82ee33c913be28ab363a08c40943c47745c4be5f166b,ac77b27f0c28d96ed531a8a0e545c66224348fbe0352a279e8a0ce13b9a19ecb,20.0,160.55815100116888,176.5581510011316,4.184499999951186,0.0,0.4876000000422209,1.4548999999988155,2.1470000000363143,0.0,execute,qp_continuous_collision_and_braking_invariant_passed,accepted,,True,1,1,True,False,True,True,True,True,True,1,0,0,0,1,0,0,1,0,True,False,False,False,1512,1473,39,0.9742063492063492,2,1,1
armbench.pi05_windowed_cpu_replay.v1,row_02938__free_space__direct_dispatch__certified_window_h1,row_02938__free_space__direct_dispatch,11,2938,free_space,certified_window_h1,10,1,30d16912ce8098c60d419bf30ed1491235b796b186f2378fa0ebdef754cc31fd,85efd4c742b211e919131046270ab2de57ef0b8b7cbb854914db2314329daf16,20.0,111.70350899919868,126.70350899918503,3.538699999921846,0.0,0.49190000004273315,0.8958999999322259,2.058699999906821,0.0,execute,qp_continuous_collision_and_braking_invariant_passed,accepted,,True,1,1,True,False,True,True,True,True,True,1,0,0,0,1,0,0,1,0,True,False,False,False,1029,992,37,0.9640427599611273,2,1,1
armbench.pi05_windowed_cpu_replay.v1,row_02938__single_block__direct_dispatch__certified_window_h1,row_02938__single_block__direct_dispatch,11,2938,single_block,certified_window_h1,10,1,30d16912ce8098c60d419bf30ed1491235b796b186f2378fa0ebdef754cc31fd,85efd4c742b211e919131046270ab2de57ef0b8b7cbb854914db2314329daf16,20.0,111.67890899378108,127.67890899374379,3.788099999951555,0.0,0.5120000000715663,1.28729999994448,1.9021999999040418,0.0,execute,qp_continuous_collision_and_braking_invariant_passed,accepted,,True,1,1,True,False,True,True,True,True,True,1,0,0,0,1,0,0,1,0,True,False,False,False,1190,1149,41,0.965546218487395,2,1,1
armbench.pi05_windowed_cpu_replay.v1,row_02938__narrow_gate__direct_dispatch__certified_window_h1,row_02938__narrow_gate__direct_dispatch,11,2938,narrow_gate,certified_window_h1,10,1,30d16912ce8098c60d419bf30ed1491235b796b186f2378fa0ebdef754cc31fd,85efd4c742b211e919131046270ab2de57ef0b8b7cbb854914db2314329daf16,20.0,111.79980899760267,126.79980899770271,6.265299999995477,0.0,0.5404999999427673,2.0858999999973094,3.5553000000163593,0.0,execute,qp_continuous_collision_and_braking_invariant_passed,accepted,,True,1,1,True,False,True,True,True,True,True,1,0,0,0,1,0,0,1,0,True,False,False,False,1512,1473,39,0.9742063492063492,2,1,1
armbench.pi05_windowed_cpu_replay.v1,row_03122__free_space__direct_dispatch__certified_window_h1,row_03122__free_space__direct_dispatch,12,3122,free_space,certified_window_h1,10,1,4fd1a98f6e18bda6afca61b1213f09c92ed3fce35dcd8c4d53333ce515224354,63a29b9188f366b09d7237c0916e385a1f844e7ef4ef37da54a278bf231d3791,20.0,81.44486000674078,97.4448600067035,2.075699999977587,0.0,0.2677999999605163,0.4996999999775653,1.272399999947993,0.0,execute,qp_continuous_collision_and_braking_invariant_passed,accepted,,True,1,1,True,False,True,True,True,True,True,1,0,0,0,1,0,0,1,0,True,False,False,False,1029,992,37,0.9640427599611273,2,1,1
armbench.pi05_windowed_cpu_replay.v1,row_03122__single_block__direct_dispatch__certified_window_h1,row_03122__single_block__direct_dispatch,12,3122,single_block,certified_window_h1,10,1,4fd1a98f6e18bda6afca61b1213f09c92ed3fce35dcd8c4d53333ce515224354,63a29b9188f366b09d7237c0916e385a1f844e7ef4ef37da54a278bf231d3791,20.0,81.17976000357885,97.17976000354156,3.6560999999437627,0.0,0.5774999999630381,1.2098000000833053,1.827699999921606,0.0,execute,qp_continuous_collision_and_braking_invariant_passed,accepted,,True,1,1,True,False,True,True,True,True,True,1,0,0,0,1,0,0,1,0,True,False,False,False,1190,1151,39,0.9672268907563025,2,1,1
armbench.pi05_windowed_cpu_replay.v1,row_03122__narrow_gate__direct_dispatch__certified_window_h1,row_03122__narrow_gate__direct_dispatch,12,3122,narrow_gate,certified_window_h1,10,1,4fd1a98f6e18bda6afca61b1213f09c92ed3fce35dcd8c4d53333ce515224354,63a29b9188f366b09d7237c0916e385a1f844e7ef4ef37da54a278bf231d3791,20.0,81.26705999893602,96.26705999892238,2.478599999903963,0.0,0.5521000000499043,1.0285999999268824,0.8395000000973596,0.0,execute,qp_continuous_collision_and_braking_invariant_passed,accepted,,True,1,1,True,False,True,True,True,True,True,1,0,0,0,1,0,0,1,0,True,False,False,False,1512,1474,38,0.9748677248677249,2,1,1
armbench.pi05_windowed_cpu_replay.v1,row_03163__free_space__direct_dispatch__certified_window_h1,row_03163__free_space__direct_dispatch,13,3163,free_space,certified_window_h1,10,1,e3ad14c7d499ec5ce4892eb2bef290b5e056a2b62568859245b6356da12457fb,536e49649958bbdeaca22538274d9d2d6a1da496029f87ab9394760706d00d55,20.0,80.90778300538659,96.90778300546299,1.810999999975138,0.0,0.25120000009337673,0.6184999999732099,0.9139000000004671,0.0,execute,qp_continuous_collision_and_braking_invariant_passed,accepted,,True,1,1,True,False,True,True,True,True,True,1,0,0,0,1,0,0,1,0,True,False,False,False,1029,992,37,0.9640427599611273,2,1,1
armbench.pi05_windowed_cpu_replay.v1,row_03163__single_block__direct_dispatch__certified_window_h1,row_03163__single_block__direct_dispatch,13,3163,single_block,certified_window_h1,10,1,e3ad14c7d499ec5ce4892eb2bef290b5e056a2b62568859245b6356da12457fb,536e49649958bbdeaca22538274d9d2d6a1da496029f87ab9394760706d00d55,20.0,80.80188299936708,96.80188299932979,1.8205999999736378,0.0,0.25849999997262785,0.5720999999994092,0.9618999999929656,0.0,execute,qp_continuous_collision_and_braking_invariant_passed,accepted,,True,1,1,True,False,True,True,True,True,True,1,0,0,0,1,0,0,1,0,True,False,False,False,1190,1151,39,0.9672268907563025,2,1,1
armbench.pi05_windowed_cpu_replay.v1,row_03163__narrow_gate__direct_dispatch__certified_window_h1,row_03163__narrow_gate__direct_dispatch,13,3163,narrow_gate,certified_window_h1,10,1,e3ad14c7d499ec5ce4892eb2bef290b5e056a2b62568859245b6356da12457fb,536e49649958bbdeaca22538274d9d2d6a1da496029f87ab9394760706d00d55,20.0,81.32088300044416,81.32088300044416,2.687599999944723,0.0,0.40169999999761785,0.950700000089455,1.2634999999363572,0.0,execute,qp_continuous_collision_and_braking_invariant_passed,accepted,,True,1,1,True,False,True,True,True,True,True,1,0,0,0,1,0,0,1,0,True,False,False,False,1512,1474,38,0.9748677248677249,2,1,1
armbench.pi05_windowed_cpu_replay.v1,row_03741__free_space__direct_dispatch__certified_window_h1,row_03741__free_space__direct_dispatch,14,3741,free_space,certified_window_h1,10,1,4b7907e4aad9dc6e77f813e772c59d0c7169c40282363ff493a33e879b87cde7,92681e9be2e50751e3b6e9004e28efe129264b0b5521d51460305d3b86215d23,20.0,109.97415299789282,109.97415299789282,1.8184000000474043,0.0,0.2684999999473803,0.563800000008996,0.9593999999424341,0.0,execute,qp_continuous_collision_and_braking_invariant_passed,accepted,,True,1,1,True,False,True,True,True,True,True,1,0,0,0,1,0,0,1,0,True,False,False,False,1029,991,38,0.9630709426627794,2,1,1
armbench.pi05_windowed_cpu_replay.v1,row_03741__single_block__direct_dispatch__certified_window_h1,row_03741__single_block__direct_dispatch,14,3741,single_block,certified_window_h1,10,1,4b7907e4aad9dc6e77f813e772c59d0c7169c40282363ff493a33e879b87cde7,92681e9be2e50751e3b6e9004e28efe129264b0b5521d51460305d3b86215d23,20.0,110.02595299942186,110.02595299942186,1.578900000026806,0.0,0.2592999999251333,0.5404999999427673,0.7526000000552813,0.0,execute,qp_continuous_collision_and_braking_invariant_passed,accepted,,True,1,1,True,False,True,True,True,True,True,1,0,0,0,1,0,0,1,0,True,False,False,False,1190,1149,41,0.965546218487395,2,1,1
armbench.pi05_windowed_cpu_replay.v1,row_03741__narrow_gate__direct_dispatch__certified_window_h1,row_03741__narrow_gate__direct_dispatch,14,3741,narrow_gate,certified_window_h1,10,1,4b7907e4aad9dc6e77f813e772c59d0c7169c40282363ff493a33e879b87cde7,92681e9be2e50751e3b6e9004e28efe129264b0b5521d51460305d3b86215d23,20.0,109.7219529983704,109.7219529983704,2.6457000000164044,0.0,0.4861999999548061,1.2719999999717402,0.83319999998821,0.0,execute,qp_continuous_collision_and_braking_invariant_passed,accepted,,True,1,1,True,False,True,True,True,True,True,1,0,0,0,1,0,0,1,0,True,False,False,False,1512,1472,40,0.9735449735449735,2,1,1
armbench.pi05_windowed_cpu_replay.v1,row_04298__free_space__direct_dispatch__certified_window_h1,row_04298__free_space__direct_dispatch,15,4298,free_space,certified_window_h1,10,1,2c585a1039cfc500fc7fe28c85a25ec32786fd8b15a0dad94b58ee736a663d79,24dccf6189ab8d10661b97cbf0c9951bdc68c20fcba2603c7fc3222d4fb47062,20.0,80.53666400519433,80.53666400519433,1.8689000000904343,0.0,0.320799999940391,0.6700000000137152,0.8265999999821361,0.0,execute,qp_continuous_collision_and_braking_invariant_passed,accepted,,True,1,1,True,False,True,True,True,True,True,1,0,0,0,1,0,0,1,0,True,False,False,False,1029,992,37,0.9640427599611273,2,1,1
armbench.pi05_windowed_cpu_replay.v1,row_04298__single_block__direct_dispatch__certified_window_h1,row_04298__single_block__direct_dispatch,15,4298,single_block,certified_window_h1,10,1,2c585a1039cfc500fc7fe28c85a25ec32786fd8b15a0dad94b58ee736a663d79,24dccf6189ab8d10661b97cbf0c9951bdc68c20fcba2603c7fc3222d4fb47062,20.0,80.55936400342034,80.55936400342034,2.6579999999967185,0.0,0.2762000000302578,0.8820000000469008,1.4668999999685184,0.0,execute,qp_continuous_collision_and_braking_invariant_passed,accepted,,True,1,1,True,False,True,True,True,True,True,1,0,0,0,1,0,0,1,0,True,False,False,False,1190,1148,42,0.9647058823529412,2,1,1
armbench.pi05_windowed_cpu_replay.v1,row_04298__narrow_gate__direct_dispatch__certified_window_h1,row_04298__narrow_gate__direct_dispatch,15,4298,narrow_gate,certified_window_h1,10,1,2c585a1039cfc500fc7fe28c85a25ec32786fd8b15a0dad94b58ee736a663d79,24dccf6189ab8d10661b97cbf0c9951bdc68c20fcba2603c7fc3222d4fb47062,20.0,81.24266399681801,97.24266399689441,7.603399999993599,0.0,0.9019999999964057,2.626300000088122,3.973699999960445,0.0,execute,qp_continuous_collision_and_braking_invariant_passed,accepted,,True,1,1,True,False,True,True,True,True,True,1,0,0,0,1,0,0,1,0,True,False,False,False,1512,1474,38,0.9748677248677249,2,1,1
armbench.pi05_windowed_cpu_replay.v1,row_03805__free_space__direct_dispatch__certified_window_h1,row_03805__free_space__direct_dispatch,16,3805,free_space,certified_window_h1,10,1,ed3ed2f05c450ceca326c550433117debafac7329c3cf9d83392e865de84d20b,0360d255242437c751079da58af6bce3566ef84a2f4ec2f7be86e7fe16148c33,20.0,142.3698360013077,158.36983600127041,3.8401000000476415,0.0,0.5195999999614287,1.2338999999883526,2.025699999990138,0.0,execute,qp_continuous_collision_and_braking_invariant_passed,accepted,,True,1,1,True,False,True,True,True,True,True,1,0,0,0,1,0,0,1,0,True,False,False,False,1029,992,37,0.9640427599611273,2,1,1
armbench.pi05_windowed_cpu_replay.v1,row_03805__single_block__direct_dispatch__certified_window_h1,row_03805__single_block__direct_dispatch,16,3805,single_block,certified_window_h1,10,1,ed3ed2f05c450ceca326c550433117debafac7329c3cf9d83392e865de84d20b,0360d255242437c751079da58af6bce3566ef84a2f4ec2f7be86e7fe16148c33,20.0,142.41793600376695,157.4179360037533,3.10300000001007,0.0,0.5076999999573673,0.9890000000041255,1.4717999999902531,0.0,execute,qp_continuous_collision_and_braking_invariant_passed,accepted,,True,1,1,True,False,True,True,True,True,True,1,0,0,0,1,0,0,1,0,True,False,False,False,1190,1149,41,0.965546218487395,2,1,1
armbench.pi05_windowed_cpu_replay.v1,row_03805__narrow_gate__direct_dispatch__certified_window_h1,row_03805__narrow_gate__direct_dispatch,16,3805,narrow_gate,certified_window_h1,10,1,ed3ed2f05c450ceca326c550433117debafac7329c3cf9d83392e865de84d20b,0360d255242437c751079da58af6bce3566ef84a2f4ec2f7be86e7fe16148c33,20.0,142.3951360047795,142.3951360047795,3.702900000007503,0.0,0.29359999996358965,1.3652000000092812,1.9888999999011503,0.0,execute,qp_continuous_collision_and_braking_invariant_passed,accepted,,True,1,1,True,False,True,True,True,True,True,1,0,0,0,1,0,0,1,0,True,False,False,False,1512,1474,38,0.9748677248677249,2,1,1
armbench.pi05_windowed_cpu_replay.v1,row_03853__free_space__direct_dispatch__certified_window_h1,row_03853__free_space__direct_dispatch,17,3853,free_space,certified_window_h1,10,1,fe36ac0713605fcc57897c367ab31e5b11dbf505ac76505ab7d16f946de13db9,263ec7cbc3f518e1b076c8870095f4c27a074d29a7cec8ac83dddb7dd169d570,20.0,113.17077699641231,113.17077699641231,2.5432999999566164,0.0,0.3475999999409396,0.8986999999933687,1.2374000000363594,0.0,execute,qp_continuous_collision_and_braking_invariant_passed,accepted,,True,1,1,True,False,True,True,True,True,True,1,0,0,0,1,0,0,1,0,True,False,False,False,1911,1840,71,0.9628466771323915,2,1,1
armbench.pi05_windowed_cpu_replay.v1,row_03853__single_block__direct_dispatch__certified_window_h1,row_03853__single_block__direct_dispatch,17,3853,single_block,certified_window_h1,10,1,fe36ac0713605fcc57897c367ab31e5b11dbf505ac76505ab7d16f946de13db9,263ec7cbc3f518e1b076c8870095f4c27a074d29a7cec8ac83dddb7dd169d570,20.0,113.29717699845787,129.29717699842058,10.137900000017908,15.99999999996271,0.9285999999519845,4.093000000011671,4.976000000056047,0.0,execute,qp_continuous_collision_and_braking_invariant_passed,accepted,,True,1,1,True,False,True,True,True,True,True,1,0,0,0,1,0,0,1,0,True,False,False,False,2210,2136,74,0.9665158371040724,2,1,1
armbench.pi05_windowed_cpu_replay.v1,row_03853__narrow_gate__direct_dispatch__certified_window_h1,row_03853__narrow_gate__direct_dispatch,17,3853,narrow_gate,certified_window_h1,10,1,fe36ac0713605fcc57897c367ab31e5b11dbf505ac76505ab7d16f946de13db9,263ec7cbc3f518e1b076c8870095f4c27a074d29a7cec8ac83dddb7dd169d570,20.0,114.32727699866518,114.32727699866518,4.119800000012219,0.0,0.45599999998557905,1.6861000000290005,1.930799999968258,0.0,execute,qp_continuous_collision_and_braking_invariant_passed,accepted,,True,1,1,True,False,True,True,True,True,True,1,0,0,0,1,0,0,1,0,True,False,False,False,2808,2735,73,0.9740028490028491,2,1,1
armbench.pi05_windowed_cpu_replay.v1,row_04953__free_space__direct_dispatch__certified_window_h1,row_04953__free_space__direct_dispatch,18,4953,free_space,certified_window_h1,10,1,1d0a2989e76d920a59ac3a743781f15f16a583e4ded7a55d9122c2e8345072f1,bcfac441de540f295f43c146ccda825056f0c0288bc215a70821069b3d14dbc7,20.0,92.21125000476604,92.21125000476604,2.815899999973226,0.0,0.26749999994990503,0.9668999999803418,1.5547000000424305,0.0,execute,qp_continuous_collision_and_braking_invariant_passed,accepted,,True,1,1,True,False,True,True,True,True,True,1,0,0,0,1,0,0,1,0,True,False,False,False,1029,992,37,0.9640427599611273,2,1,1
armbench.pi05_windowed_cpu_replay.v1,row_04953__single_block__direct_dispatch__certified_window_h1,row_04953__single_block__direct_dispatch,18,4953,single_block,certified_window_h1,10,1,1d0a2989e76d920a59ac3a743781f15f16a583e4ded7a55d9122c2e8345072f1,bcfac441de540f295f43c146ccda825056f0c0288bc215a70821069b3d14dbc7,20.0,92.31015000113985,92.31015000113985,1.9052000000101543,0.0,0.31649999993987876,0.6561999999803447,0.878499999998894,0.0,execute,qp_continuous_collision_and_braking_invariant_passed,accepted,,True,1,1,True,False,True,True,True,True,True,1,0,0,0,1,0,0,1,0,True,False,False,False,1190,1151,39,0.9672268907563025,2,1,1
armbench.pi05_windowed_cpu_replay.v1,row_04953__narrow_gate__direct_dispatch__certified_window_h1,row_04953__narrow_gate__direct_dispatch,18,4953,narrow_gate,certified_window_h1,10,1,1d0a2989e76d920a59ac3a743781f15f16a583e4ded7a55d9122c2e8345072f1,bcfac441de540f295f43c146ccda825056f0c0288bc215a70821069b3d14dbc7,20.0,92.36935000080848,92.36935000080848,2.8627000000369662,0.0,0.25329999994028185,1.0515000000168584,1.5303999999787266,0.0,execute,qp_continuous_collision_and_braking_invariant_passed,accepted,,True,1,1,True,False,True,True,True,True,True,1,0,0,0,1,0,0,1,0,True,False,False,False,1512,1475,37,0.9755291005291006,2,1,1
armbench.pi05_windowed_cpu_replay.v1,row_04773__free_space__direct_dispatch__certified_window_h1,row_04773__free_space__direct_dispatch,19,4773,free_space,certified_window_h1,10,1,0012494746ac6d95bef31165b95dad73d2233ce508b720c3e77a99bb8cb95b24,93817783d21c108416756357648e6c606e74b986b191948a8d0fb0b539866775,20.0,82.32979899912607,82.32979899912607,2.085099999931117,0.0,0.25529999993523234,0.49809999995886756,1.3040999999702763,0.0,execute,qp_continuous_collision_and_braking_invariant_passed,accepted,,True,1,1,True,False,True,True,True,True,True,1,0,0,0,1,0,0,1,0,True,False,False,False,735,710,25,0.9659863945578231,2,1,1
armbench.pi05_windowed_cpu_replay.v1,row_04773__single_block__direct_dispatch__certified_window_h1,row_04773__single_block__direct_dispatch,19,4773,single_block,certified_window_h1,10,1,0012494746ac6d95bef31165b95dad73d2233ce508b720c3e77a99bb8cb95b24,93817783d21c108416756357648e6c606e74b986b191948a8d0fb0b539866775,20.0,82.25449900055537,82.25449900055537,1.6741000000592976,0.0,0.34029999994800164,0.4532000000381231,0.8423000000448155,0.0,execute,qp_continuous_collision_and_braking_invariant_passed,accepted,,True,1,1,True,False,True,True,True,True,True,1,0,0,0,1,0,0,1,0,True,False,False,False,850,823,27,0.9682352941176471,2,1,1
armbench.pi05_windowed_cpu_replay.v1,row_04773__narrow_gate__direct_dispatch__certified_window_h1,row_04773__narrow_gate__direct_dispatch,19,4773,narrow_gate,certified_window_h1,10,1,0012494746ac6d95bef31165b95dad73d2233ce508b720c3e77a99bb8cb95b24,93817783d21c108416756357648e6c606e74b986b191948a8d0fb0b539866775,20.0,82.55759899475379,82.55759899475379,5.403600000022379,0.0,0.7658999999193838,1.220299999999952,3.3292000000528787,0.0,execute,qp_continuous_collision_and_braking_invariant_passed,accepted,,True,1,1,True,False,True,True,True,True,True,1,0,0,0,1,0,0,1,0,True,False,False,False,1080,1055,25,0.9768518518518519,2,1,1
armbench.pi05_windowed_cpu_replay.v1,row_04462__free_space__direct_dispatch__certified_window_h1,row_04462__free_space__direct_dispatch,20,4462,free_space,certified_window_h1,10,1,70b9224f98dd7ca753ca304e5409a01563f652e68827468e70fea86b3cbcc658,d87bea5cda713815cc702fcf0cb689543dcb4aec4193e13e71f4a201b17e17b2,20.0,111.02229199605063,127.02229199601334,2.820400000018708,0.0,0.4402999999228996,0.9992999999894892,1.3385999999400156,0.0,execute,qp_continuous_collision_and_braking_invariant_passed,accepted,,True,1,1,True,False,True,True,True,True,True,1,0,0,0,1,0,0,1,0,True,False,False,False,1029,992,37,0.9640427599611273,2,1,1
armbench.pi05_windowed_cpu_replay.v1,row_04462__single_block__direct_dispatch__certified_window_h1,row_04462__single_block__direct_dispatch,20,4462,single_block,certified_window_h1,10,1,70b9224f98dd7ca753ca304e5409a01563f652e68827468e70fea86b3cbcc658,d87bea5cda713815cc702fcf0cb689543dcb4aec4193e13e71f4a201b17e17b2,20.0,111.17109200131381,126.17109200130017,1.7365999999583437,0.0,0.30460000004950416,0.6342000000358894,0.748499999986052,0.0,execute,qp_continuous_collision_and_braking_invariant_passed,accepted,,True,1,1,True,False,True,True,True,True,True,1,0,0,0,1,0,0,1,0,True,False,False,False,1190,1146,44,0.9630252100840336,2,1,1
armbench.pi05_windowed_cpu_replay.v1,row_04462__narrow_gate__direct_dispatch__certified_window_h1,row_04462__narrow_gate__direct_dispatch,20,4462,narrow_gate,certified_window_h1,10,1,70b9224f98dd7ca753ca304e5409a01563f652e68827468e70fea86b3cbcc658,d87bea5cda713815cc702fcf0cb689543dcb4aec4193e13e71f4a201b17e17b2,20.0,111.15519199665869,127.15519199673508,2.1989000000530723,0.0,0.2921999999898617,0.6776999999829059,1.201000000037311,0.0,execute,qp_continuous_collision_and_braking_invariant_passed,accepted,,True,1,1,True,False,True,True,True,True,True,1,0,0,0,1,0,0,1,0,True,False,False,False,1512,1474,38,0.9748677248677249,2,1,1
armbench.pi05_windowed_cpu_replay.v1,row_05082__free_space__direct_dispatch__certified_window_h1,row_05082__free_space__direct_dispatch,21,5082,free_space,certified_window_h1,10,1,577d2da6f2f31ec5d381f089ea57502db82b6bcd60b682984a7bf79c80ba6092,81a36083747d024a7b69af70f835fd989280c36af204f4a729c51a6f1058e6b8,20.0,110.6104869977571,126.61048699771982,2.272599999969316,0.0,0.2842999999757012,0.6883999999445223,1.2735000000247965,0.0,execute,qp_continuous_collision_and_braking_invariant_passed,accepted,,True,1,1,True,False,True,True,True,True,True,1,0,0,0,1,0,0,1,0,True,False,False,False,1029,992,37,0.9640427599611273,2,1,1
armbench.pi05_windowed_cpu_replay.v1,row_05082__single_block__direct_dispatch__certified_window_h1,row_05082__single_block__direct_dispatch,21,5082,single_block,certified_window_h1,10,1,577d2da6f2f31ec5d381f089ea57502db82b6bcd60b682984a7bf79c80ba6092,81a36083747d024a7b69af70f835fd989280c36af204f4a729c51a6f1058e6b8,20.0,110.89368699322222,125.89368699320858,1.676800000041112,0.0,0.28670000006059126,0.5042000000230473,0.8579999999938082,0.0,execute,qp_continuous_collision_and_braking_invariant_passed,accepted,,True,1,1,True,False,True,True,True,True,True,1,0,0,0,1,0,0,1,0,True,False,False,False,1190,1143,47,0.9605042016806723,2,1,1
armbench.pi05_windowed_cpu_replay.v1,row_05082__narrow_gate__direct_dispatch__certified_window_h1,row_05082__narrow_gate__direct_dispatch,21,5082,narrow_gate,certified_window_h1,10,1,577d2da6f2f31ec5d381f089ea57502db82b6bcd60b682984a7bf79c80ba6092,81a36083747d024a7b69af70f835fd989280c36af204f4a729c51a6f1058e6b8,20.0,111.32948700105771,127.32948700102042,1.8020999999635023,0.0,0.29680000000098516,0.5336999998917236,0.9177000000590851,0.0,execute,qp_continuous_collision_and_braking_invariant_passed,accepted,,True,1,1,True,False,True,True,True,True,True,1,0,0,0,1,0,0,1,0,True,False,False,False,1512,1470,42,0.9722222222222222,2,1,1
armbench.pi05_windowed_cpu_replay.v1,row_05128__free_space__direct_dispatch__certified_window_h1,row_05128__free_space__direct_dispatch,22,5128,free_space,certified_window_h1,10,1,0e92838da6d4cdb706e0b8d31366212826fa86c5ce6ccd320378f7981599112c,eba9161044f3f67b8dae9dc84e957dbd88de7172618847162156be25d428b23c,20.0,81.91675999842118,96.91675999852123,2.5110000000267974,0.0,0.4371999999648324,0.7342999999764288,1.2993999999935113,0.0,execute,qp_continuous_collision_and_braking_invariant_passed,accepted,,True,1,1,True,False,True,True,True,True,True,1,0,0,0,1,0,0,1,0,True,False,False,False,1029,992,37,0.9640427599611273,2,1,1
armbench.pi05_windowed_cpu_replay.v1,row_05128__single_block__direct_dispatch__certified_window_h1,row_05128__single_block__direct_dispatch,22,5128,single_block,certified_window_h1,10,1,0e92838da6d4cdb706e0b8d31366212826fa86c5ce6ccd320378f7981599112c,eba9161044f3f67b8dae9dc84e957dbd88de7172618847162156be25d428b23c,20.0,82.06626000173856,98.06626000170127,2.270499999895037,0.0,0.30259999994086684,0.7419999999456195,1.1172999999189415,0.0,execute,qp_continuous_collision_and_braking_invariant_passed,accepted,,True,1,1,True,False,True,True,True,True,True,1,0,0,0,1,0,0,1,0,True,False,False,False,1190,1150,40,0.9663865546218487,2,1,1
armbench.pi05_windowed_cpu_replay.v1,row_05128__narrow_gate__direct_dispatch__certified_window_h1,row_05128__narrow_gate__direct_dispatch,22,5128,narrow_gate,certified_window_h1,10,1,0e92838da6d4cdb706e0b8d31366212826fa86c5ce6ccd320378f7981599112c,eba9161044f3f67b8dae9dc84e957dbd88de7172618847162156be25d428b23c,20.0,81.9978599975002,97.99785999746291,4.06410000005053,0.0,0.6037999999080057,1.3204000000541782,2.0810000000892614,0.0,execute,qp_continuous_collision_and_braking_invariant_passed,accepted,,True,1,1,True,False,True,True,True,True,True,1,0,0,0,1,0,0,1,0,True,False,False,False,1512,1474,38,0.9748677248677249,2,1,1
armbench.pi05_windowed_cpu_replay.v1,row_05011__free_space__direct_dispatch__certified_window_h1,row_05011__free_space__direct_dispatch,23,5011,free_space,certified_window_h1,10,1,24f71f3f30cc2312cc0339c738754d5367bbccc0f419fe35bd17438d01f7e5b0,2c0b20136542e8990b28f2781c655c566293a4a9a31ede664393f56653744b5e,20.0,125.8769419946475,140.87694199463385,4.386799999906543,0.0,0.5379000000402812,1.30150000006779,2.461599999946884,0.0,execute,qp_continuous_collision_and_braking_invariant_passed,accepted,,True,1,1,True,False,True,True,True,True,True,1,0,0,0,1,0,0,1,0,True,False,False,False,1029,991,38,0.9630709426627794,2,1,1
armbench.pi05_windowed_cpu_replay.v1,row_05011__single_block__direct_dispatch__certified_window_h1,row_05011__single_block__direct_dispatch,23,5011,single_block,certified_window_h1,10,1,24f71f3f30cc2312cc0339c738754d5367bbccc0f419fe35bd17438d01f7e5b0,2c0b20136542e8990b28f2781c655c566293a4a9a31ede664393f56653744b5e,20.0,125.52454199612839,141.5245419962048,5.385099999898557,0.0,0.5545000000211076,2.3286999999072577,2.433300000006966,0.0,execute,qp_continuous_collision_and_braking_invariant_passed,accepted,,True,1,1,True,False,True,True,True,True,True,1,0,0,0,1,0,0,1,0,True,False,False,False,1190,1144,46,0.9613445378151261,2,1,1
armbench.pi05_windowed_cpu_replay.v1,row_05011__narrow_gate__direct_dispatch__certified_window_h1,row_05011__narrow_gate__direct_dispatch,23,5011,narrow_gate,certified_window_h1,10,1,24f71f3f30cc2312cc0339c738754d5367bbccc0f419fe35bd17438d01f7e5b0,2c0b20136542e8990b28f2781c655c566293a4a9a31ede664393f56653744b5e,20.0,125.34244199923705,141.34244199919976,5.6958999999778825,0.0,0.5200000000513683,1.286100000015722,3.8078000000041357,0.0,execute,qp_continuous_collision_and_braking_invariant_passed,accepted,,True,1,1,True,False,True,True,True,True,True,1,0,0,0,1,0,0,1,0,True,False,False,False,1512,1473,39,0.9742063492063492,2,1,1
armbench.pi05_windowed_cpu_replay.v1,row_06407__free_space__direct_dispatch__certified_window_h1,row_06407__free_space__direct_dispatch,24,6407,free_space,certified_window_h1,10,1,7b5e04770f18653120842172231465c3df16a76a94e8a11104babba987988de8,64f51553745e39a315470ab9f1cc5a5c69faa22a991e9e8b9d209eb7ca4fd089,20.0,79.93548199738143,79.93548199738143,7.139199999983248,0.0,0.5984000000580636,2.542699999935394,3.8931999999931577,0.0,execute,qp_continuous_collision_and_braking_invariant_passed,accepted,,True,1,1,True,False,True,True,True,True,True,1,0,0,0,1,0,0,1,0,True,False,False,False,1029,992,37,0.9640427599611273,2,1,1
armbench.pi05_windowed_cpu_replay.v1,row_06407__single_block__direct_dispatch__certified_window_h1,row_06407__single_block__direct_dispatch,24,6407,single_block,certified_window_h1,10,1,7b5e04770f18653120842172231465c3df16a76a94e8a11104babba987988de8,64f51553745e39a315470ab9f1cc5a5c69faa22a991e9e8b9d209eb7ca4fd089,20.0,79.68128198990598,79.68128198990598,6.3589999999749125,0.0,0.5697999999938475,2.0825999999942724,3.613999999970474,0.0,execute,qp_continuous_collision_and_braking_invariant_passed,accepted,,True,1,1,True,False,True,True,True,True,True,1,0,0,0,1,0,0,1,0,True,False,False,False,1190,1146,44,0.9630252100840336,2,1,1
armbench.pi05_windowed_cpu_replay.v1,row_06407__narrow_gate__direct_dispatch__certified_window_h1,row_06407__narrow_gate__direct_dispatch,24,6407,narrow_gate,certified_window_h1,10,1,7b5e04770f18653120842172231465c3df16a76a94e8a11104babba987988de8,64f51553745e39a315470ab9f1cc5a5c69faa22a991e9e8b9d209eb7ca4fd089,20.0,79.81598198966822,79.81598198966822,6.373000000053253,0.0,0.7987999999841122,2.178999999955522,3.2730000000356085,0.0,execute,qp_continuous_collision_and_braking_invariant_passed,accepted,,True,1,1,True,False,True,True,True,True,True,1,0,0,0,1,0,0,1,0,True,False,False,False,1512,1473,39,0.9742063492063492,2,1,1
armbench.pi05_windowed_cpu_replay.v1,row_06364__free_space__direct_dispatch__certified_window_h1,row_06364__free_space__direct_dispatch,25,6364,free_space,certified_window_h1,10,1,099bef15a0770071b640eb04fb9e343f82702d9e681553817b0e1967bc447ca8,f46ae38dd3dba77659395a4938cdb8a443ef4e2289db13a2b642448ea9a26a4a,20.0,82.34263800113695,82.34263800113695,4.907199999934164,0.0,0.4820999999992637,1.4255999999477353,2.8866000000107306,0.0,execute,qp_continuous_collision_and_braking_invariant_passed,accepted,,True,1,1,True,False,True,True,True,True,True,1,0,0,0,1,0,0,1,0,True,False,False,False,1029,993,36,0.9650145772594753,2,1,1
armbench.pi05_windowed_cpu_replay.v1,row_06364__single_block__direct_dispatch__certified_window_h1,row_06364__single_block__direct_dispatch,25,6364,single_block,certified_window_h1,10,1,099bef15a0770071b640eb04fb9e343f82702d9e681553817b0e1967bc447ca8,f46ae38dd3dba77659395a4938cdb8a443ef4e2289db13a2b642448ea9a26a4a,20.0,82.07083799061365,82.07083799061365,7.157199999937802,0.0,0.8900000000267028,2.597199999968325,3.540100000009261,0.0,execute,qp_continuous_collision_and_braking_invariant_passed,accepted,,True,1,1,True,False,True,True,True,True,True,1,0,0,0,1,0,0,1,0,True,False,False,False,1190,1152,38,0.9680672268907563,2,1,1
armbench.pi05_windowed_cpu_replay.v1,row_06364__narrow_gate__direct_dispatch__certified_window_h1,row_06364__narrow_gate__direct_dispatch,25,6364,narrow_gate,certified_window_h1,10,1,099bef15a0770071b640eb04fb9e343f82702d9e681553817b0e1967bc447ca8,f46ae38dd3dba77659395a4938cdb8a443ef4e2289db13a2b642448ea9a26a4a,20.0,82.32073799445061,82.32073799445061,3.673700000035751,0.0,0.4623000000947286,1.3048999999227817,1.8283000000565153,0.0,execute,qp_continuous_collision_and_braking_invariant_passed,accepted,,True,1,1,True,False,True,True,True,True,True,1,0,0,0,1,0,0,1,0,True,False,False,False,1512,1476,36,0.9761904761904762,2,1,1
armbench.pi05_windowed_cpu_replay.v1,row_06056__free_space__direct_dispatch__certified_window_h1,row_06056__free_space__direct_dispatch,26,6056,free_space,certified_window_h1,10,1,d0b5162cd61b5df39a5caf842d2257e7f6d300cbbf1f21fa30dcf183810e85e2,b481ebb784317358da9714bb652ef191b38cb46e946efa92e451561fb73c5023,20.0,119.53662599989912,119.53662599989912,2.9832999999825915,0.0,0.418699999954697,1.260599999909573,1.2007999999923413,0.0,execute,qp_continuous_collision_and_braking_invariant_passed,accepted,,True,1,1,True,False,True,True,True,True,True,1,0,0,0,1,0,0,1,0,True,False,False,False,1029,992,37,0.9640427599611273,2,1,1
armbench.pi05_windowed_cpu_replay.v1,row_06056__single_block__direct_dispatch__certified_window_h1,row_06056__single_block__direct_dispatch,26,6056,single_block,certified_window_h1,10,1,d0b5162cd61b5df39a5caf842d2257e7f6d300cbbf1f21fa30dcf183810e85e2,b481ebb784317358da9714bb652ef191b38cb46e946efa92e451561fb73c5023,20.0,119.18442600290291,135.1844260029793,1.9041000000470376,16.000000000076398,0.28220000001510925,0.6579000000783708,0.9334000000080778,0.0,execute,qp_continuous_collision_and_braking_invariant_passed,accepted,,True,1,1,True,False,True,True,True,True,True,1,0,0,0,1,0,0,1,0,True,False,False,False,1190,1151,39,0.9672268907563025,2,1,1
armbench.pi05_windowed_cpu_replay.v1,row_06056__narrow_gate__direct_dispatch__certified_window_h1,row_06056__narrow_gate__direct_dispatch,26,6056,narrow_gate,certified_window_h1,10,1,d0b5162cd61b5df39a5caf842d2257e7f6d300cbbf1f21fa30dcf183810e85e2,b481ebb784317358da9714bb652ef191b38cb46e946efa92e451561fb73c5023,20.0,119.34112600283697,119.34112600283697,6.942299999991519,0.0,0.5770999999867854,2.5509000000738524,3.7492000000156622,0.0,execute,qp_continuous_collision_and_braking_invariant_passed,accepted,,True,1,1,True,False,True,True,True,True,True,1,0,0,0,1,0,0,1,0,True,False,False,False,1512,1473,39,0.9742063492063492,2,1,1
armbench.pi05_windowed_cpu_replay.v1,row_07683__free_space__direct_dispatch__certified_window_h1,row_07683__free_space__direct_dispatch,27,7683,free_space,certified_window_h1,10,1,a00422d34079c464db8df8c5409bf2828aea05bbf77b08b587c170edb57e57c7,edba285177931ffd37a97eea8190dea45287e21513bb609216344a9e1005d024,20.0,80.2862310083583,95.28623100834466,2.9614000000037777,14.999999999986358,0.47719999997752893,1.0518000000274697,1.3466000000335043,0.0,execute,qp_continuous_collision_and_braking_invariant_passed,accepted,,True,1,1,True,False,True,True,True,True,True,1,0,0,0,1,0,0,1,0,True,False,False,False,1029,992,37,0.9640427599611273,2,1,1
armbench.pi05_windowed_cpu_replay.v1,row_07683__single_block__direct_dispatch__certified_window_h1,row_07683__single_block__direct_dispatch,27,7683,single_block,certified_window_h1,10,1,a00422d34079c464db8df8c5409bf2828aea05bbf77b08b587c170edb57e57c7,edba285177931ffd37a97eea8190dea45287e21513bb609216344a9e1005d024,20.0,80.42503100296017,80.42503100296017,3.062900000031732,0.0,0.4035000000612854,1.2460000000373839,1.3703999999279404,0.0,execute,qp_continuous_collision_and_braking_invariant_passed,accepted,,True,1,1,True,False,True,True,True,True,True,1,0,0,0,1,0,0,1,0,True,False,False,False,1190,1151,39,0.9672268907563025,2,1,1
armbench.pi05_windowed_cpu_replay.v1,row_07683__narrow_gate__direct_dispatch__certified_window_h1,row_07683__narrow_gate__direct_dispatch,27,7683,narrow_gate,certified_window_h1,10,1,a00422d34079c464db8df8c5409bf2828aea05bbf77b08b587c170edb57e57c7,edba285177931ffd37a97eea8190dea45287e21513bb609216344a9e1005d024,20.0,80.37813100963831,80.37813100963831,7.094199999983175,0.0,0.8532000000514017,2.49630000007528,3.58640000001742,0.0,execute,qp_continuous_collision_and_braking_invariant_passed,accepted,,True,1,1,True,False,True,True,True,True,True,1,0,0,0,1,0,0,1,0,True,False,False,False,1512,1474,38,0.9748677248677249,2,1,1
armbench.pi05_windowed_cpu_replay.v1,row_07373__free_space__direct_dispatch__certified_window_h1,row_07373__free_space__direct_dispatch,28,7373,free_space,certified_window_h1,10,1,e342e284a6b9329bf43b6560e5358b71495f40177533837036afecf930c2b4c0,48a4735334003de534a7da73d8a4d4f04e8fa7adf2829a853283d3947a316f41,20.0,95.29193700291216,95.29193700291216,6.597399999918707,0.0,0.7524000000103115,2.1168000000670872,3.5455999999385313,0.0,execute,qp_continuous_collision_and_braking_invariant_passed,accepted,,True,1,1,True,False,True,True,True,True,True,1,0,0,0,1,0,0,1,0,True,False,False,False,1029,992,37,0.9640427599611273,2,1,1
armbench.pi05_windowed_cpu_replay.v1,row_07373__single_block__direct_dispatch__certified_window_h1,row_07373__single_block__direct_dispatch,28,7373,single_block,certified_window_h1,10,1,e342e284a6b9329bf43b6560e5358b71495f40177533837036afecf930c2b4c0,48a4735334003de534a7da73d8a4d4f04e8fa7adf2829a853283d3947a316f41,20.0,94.81193700048607,94.81193700048607,2.533099999936894,0.0,0.379800000018804,0.8291000000326676,1.2820000000601794,0.0,execute,qp_continuous_collision_and_braking_invariant_passed,accepted,,True,1,1,True,False,True,True,True,True,True,1,0,0,0,1,0,0,1,0,True,False,False,False,1190,1146,44,0.9630252100840336,2,1,1
armbench.pi05_windowed_cpu_replay.v1,row_07373__narrow_gate__direct_dispatch__certified_window_h1,row_07373__narrow_gate__direct_dispatch,28,7373,narrow_gate,certified_window_h1,10,1,e342e284a6b9329bf43b6560e5358b71495f40177533837036afecf930c2b4c0,48a4735334003de534a7da73d8a4d4f04e8fa7adf2829a853283d3947a316f41,20.0,94.97553700202843,94.97553700202843,1.7970999999761261,0.0,0.3093000000262691,0.6208999999444131,0.8133999999699881,0.0,execute,qp_continuous_collision_and_braking_invariant_passed,accepted,,True,1,1,True,False,True,True,True,True,True,1,0,0,0,1,0,0,1,0,True,False,False,False,1512,1474,38,0.9748677248677249,2,1,1
armbench.pi05_windowed_cpu_replay.v1,row_07772__free_space__direct_dispatch__certified_window_h1,row_07772__free_space__direct_dispatch,29,7772,free_space,certified_window_h1,10,1,c3533edfda4b0016620bef05041c1b2e100c114929dc01b6c006379c8f39062d,ea68999022578c052b3a24c77884d4980cb78ee50ec5b92e526a2b04dab89659,20.0,109.84383399772923,109.84383399772923,2.20400000000609,0.0,0.43479999999362917,0.8533000000170432,0.8309999999482898,0.0,execute,qp_continuous_collision_and_braking_invariant_passed,accepted,,True,1,1,True,False,True,True,True,True,True,1,0,0,0,1,0,0,1,0,True,False,False,False,1029,992,37,0.9640427599611273,2,1,1
armbench.pi05_windowed_cpu_replay.v1,row_07772__single_block__direct_dispatch__certified_window_h1,row_07772__single_block__direct_dispatch,29,7772,single_block,certified_window_h1,10,1,c3533edfda4b0016620bef05041c1b2e100c114929dc01b6c006379c8f39062d,ea68999022578c052b3a24c77884d4980cb78ee50ec5b92e526a2b04dab89659,20.0,109.91603399452288,125.91603399448559,1.9624999999905413,15.99999999996271,0.3490999999939959,0.6858999998939908,0.8611000000655622,0.0,execute,qp_continuous_collision_and_braking_invariant_passed,accepted,,True,1,1,True,False,True,True,True,True,True,1,0,0,0,1,0,0,1,0,True,False,False,False,1190,1146,44,0.9630252100840336,2,1,1
armbench.pi05_windowed_cpu_replay.v1,row_07772__narrow_gate__direct_dispatch__certified_window_h1,row_07772__narrow_gate__direct_dispatch,29,7772,narrow_gate,certified_window_h1,10,1,c3533edfda4b0016620bef05041c1b2e100c114929dc01b6c006379c8f39062d,ea68999022578c052b3a24c77884d4980cb78ee50ec5b92e526a2b04dab89659,20.0,109.8769340023864,109.8769340023864,3.8279999999986103,0.0,0.5039999999780775,1.338499999974374,1.9017000000758344,0.0,execute,qp_continuous_collision_and_braking_invariant_passed,accepted,,True,1,1,True,False,True,True,True,True,True,1,0,0,0,1,0,0,1,0,True,False,False,False,1512,1473,39,0.9742063492063492,2,1,1
