schema_version,case_id,source_case_id,selection_index,source_row_index,scenario,profile,source_chunk_horizon,certification_horizon,response_action_sha256,input_window_sha256,supervision_budget_ms,base_response_age_ms,activation_response_age_ms,supervisor_latency_ms,assurance_worker_latency_ms,qp_latency_ms,continuous_collision_latency_ms,dynamics_braking_latency_ms,fallback_brake_latency_ms,status,reason,supervisor_status,failure_stage,candidate_complete,candidate_action_count,published_action_count,policy_actions_executable,partial_window_exposed,all_or_none_window_publication,source_chunk_prefix_published,assurance_worker_thread_separate,fallback_validated,qp_feasible,qp_intervention_steps,joint_position_violation_steps,joint_velocity_violation_steps,joint_acceleration_violation_steps,continuous_edges_checked,continuous_unsafe_edges,continuous_indeterminate_edges,braking_boundaries_checked,braking_invalid_boundaries,all_registered_constraints_satisfied,unsafe_window_published,software_budget_exceeded,response_deadline_exceeded,broad_phase_pair_tests,broad_phase_pruned_pairs,broad_phase_exact_pair_evaluations,broad_phase_prune_rate,safe_configuration_cache_hits,persistent_qp_solve_calls,persistent_brake_validation_calls
armbench.pi05_windowed_cpu_replay.v1,row_00763__free_space__direct_dispatch__full_chunk_h10,row_00763__free_space__direct_dispatch,0,763,free_space,full_chunk_h10,10,10,2ba514276e139d381b7b19bf859e964ad7e1b157ca9f234909fb87328f08ec28,e4ddff608fdc24bbe79f4f345b6ad772cc7e47679fd0522db9fe5c0e6a4512b3,20.0,103.75407699757488,134.75407699752395,22.840900000005604,15.99999999996271,3.3278999999311054,18.62370000003466,0.0,0.7462999999461317,hold,supervision_budget_exceeded,hold,supervision_budget,True,10,0,False,False,True,False,True,True,True,10,0,0,0,10,0,0,10,0,True,False,True,False,7791,7454,337,0.9567449621357977,8,10,1
armbench.pi05_windowed_cpu_replay.v1,row_00763__single_block__direct_dispatch__full_chunk_h10,row_00763__single_block__direct_dispatch,0,763,single_block,full_chunk_h10,10,10,2ba514276e139d381b7b19bf859e964ad7e1b157ca9f234909fb87328f08ec28,e4ddff608fdc24bbe79f4f345b6ad772cc7e47679fd0522db9fe5c0e6a4512b3,20.0,102.52607700385852,133.52607700392127,27.511399999980313,15.000000000100044,1.554299999952491,24.177200000053745,0.0,1.6997000000174012,hold,supervision_budget_exceeded,hold,supervision_budget,True,10,0,False,False,True,False,True,True,True,10,0,0,0,10,0,0,10,0,True,False,True,False,7650,7357,293,0.9616993464052288,7,10,1
armbench.pi05_windowed_cpu_replay.v1,row_00763__narrow_gate__direct_dispatch__full_chunk_h10,row_00763__narrow_gate__direct_dispatch,0,763,narrow_gate,full_chunk_h10,10,10,2ba514276e139d381b7b19bf859e964ad7e1b157ca9f234909fb87328f08ec28,e4ddff608fdc24bbe79f4f345b6ad772cc7e47679fd0522db9fe5c0e6a4512b3,20.0,103.48747699754313,135.48747699758223,22.932700000069417,16.000000000076398,6.118000000014945,15.348100000096565,0.0,1.3514999999415522,hold,supervision_budget_exceeded,hold,supervision_budget,True,10,0,False,False,True,False,True,True,True,10,0,0,0,10,0,0,10,0,True,False,True,False,6264,6086,178,0.9715836526181354,5,10,1
armbench.pi05_windowed_cpu_replay.v1,row_00458__free_space__direct_dispatch__full_chunk_h10,row_00458__free_space__direct_dispatch,1,458,free_space,full_chunk_h10,10,10,539d85427650fb89affee25f827ab92f2803af4f4686cdda7625ebbcfc4e125f,c20bfe121e217568858d6301db3e88f8bbabf1604fdaa8e909eae454747800b5,20.0,82.58776900765952,113.58776900760859,21.170900000015536,14.999999999986358,4.690799999934825,15.583100000071681,0.0,0.6402000000207408,hold,supervision_budget_exceeded,hold,supervision_budget,True,10,0,False,False,True,False,True,True,True,10,0,0,0,10,0,0,10,0,True,False,True,False,4851,4646,205,0.9577406720263864,5,10,1
armbench.pi05_windowed_cpu_replay.v1,row_00458__single_block__direct_dispatch__full_chunk_h10,row_00458__single_block__direct_dispatch,1,458,single_block,full_chunk_h10,10,10,539d85427650fb89affee25f827ab92f2803af4f4686cdda7625ebbcfc4e125f,c20bfe121e217568858d6301db3e88f8bbabf1604fdaa8e909eae454747800b5,20.0,82.50796900392743,113.50796900399018,22.86160000005566,15.99999999996271,3.4408999999868684,16.378600000052757,2.3181000000249696,0.6075000000009823,hold,supervision_budget_exceeded,hold,supervision_budget,True,10,0,False,False,True,False,True,True,True,10,0,0,0,10,0,0,10,0,True,False,True,False,12750,12148,602,0.9527843137254902,12,10,2
armbench.pi05_windowed_cpu_replay.v1,row_00458__narrow_gate__direct_dispatch__full_chunk_h10,row_00458__narrow_gate__direct_dispatch,1,458,narrow_gate,full_chunk_h10,10,10,539d85427650fb89affee25f827ab92f2803af4f4686cdda7625ebbcfc4e125f,c20bfe121e217568858d6301db3e88f8bbabf1604fdaa8e909eae454747800b5,20.0,83.1604690029053,130.16046900293077,24.231399999962377,30.99999999994907,5.463500000018939,17.892100000040045,0.0,0.6915000000162763,hold,supervision_budget_exceeded,hold,supervision_budget,True,10,0,False,False,True,False,True,True,True,10,0,0,0,10,0,0,10,0,True,False,True,False,7128,6912,216,0.9696969696969697,5,10,1
armbench.pi05_windowed_cpu_replay.v1,row_00222__free_space__direct_dispatch__full_chunk_h10,row_00222__free_space__direct_dispatch,2,222,free_space,full_chunk_h10,10,10,7ed64e746df909ff0c71898c554048b30bb88de50d94a6f43787c50679b174e2,21da2b9970d3e9644b5f044a5dcc016b6b5053a5b4e9c17bce52d4303d2b3600,20.0,171.54230199957965,203.54230199961876,26.524600000016108,32.00000000003911,1.5340999999580163,23.84010000002945,0.0,1.0545000000092841,hold,supervision_budget_exceeded,hold,supervision_budget,True,10,0,False,False,True,False,True,True,True,10,0,0,0,10,0,0,10,0,True,False,True,True,9555,9098,457,0.9521716378859236,8,10,1
armbench.pi05_windowed_cpu_replay.v1,row_00222__single_block__direct_dispatch__full_chunk_h10,row_00222__single_block__direct_dispatch,2,222,single_block,full_chunk_h10,10,10,7ed64e746df909ff0c71898c554048b30bb88de50d94a6f43787c50679b174e2,21da2b9970d3e9644b5f044a5dcc016b6b5053a5b4e9c17bce52d4303d2b3600,20.0,171.895202001906,186.89520200189236,21.9237000000021,14.999999999986358,7.426800000075673,13.861900000051719,0.0,0.3847000000405387,hold,supervision_budget_exceeded,hold,supervision_budget,True,10,0,False,False,True,False,True,True,True,10,0,0,0,10,0,0,10,0,True,False,True,False,2890,2753,137,0.9525951557093426,3,10,1
armbench.pi05_windowed_cpu_replay.v1,row_00222__narrow_gate__direct_dispatch__full_chunk_h10,row_00222__narrow_gate__direct_dispatch,2,222,narrow_gate,full_chunk_h10,10,10,7ed64e746df909ff0c71898c554048b30bb88de50d94a6f43787c50679b174e2,21da2b9970d3e9644b5f044a5dcc016b6b5053a5b4e9c17bce52d4303d2b3600,20.0,171.71460199460853,202.7146019945576,18.33160000001044,30.99999999994907,1.7223999999487205,16.08889999999974,0.0,0.3403000000616885,hold,continuous_edge_rejected:collision:static:gate_upper:link6,hold,continuous_collision,True,10,0,False,False,True,False,True,True,True,10,0,0,0,10,3,0,10,5,False,False,False,True,10800,10310,485,0.9546296296296296,8,10,1
armbench.pi05_windowed_cpu_replay.v1,row_01467__free_space__direct_dispatch__full_chunk_h10,row_01467__free_space__direct_dispatch,3,1467,free_space,full_chunk_h10,10,10,0d05a20d8a90b30eac6e6dfc2e65c5d447cb062d06863c48db1367dbdc8d27af,4f17f5dfea4ea95c98fd42f459cd72d84c6d64fa6c129fbeb17b753364002cf1,20.0,92.3235240043141,124.32352400423952,25.688099999911174,31.99999999992542,5.978299999924275,17.103600000041297,0.0,2.349800000047253,hold,supervision_budget_exceeded,hold,supervision_budget,True,10,0,False,False,True,False,True,True,True,10,0,0,0,10,0,0,10,0,True,False,True,False,2793,2684,109,0.9609738632295023,4,10,1
armbench.pi05_windowed_cpu_replay.v1,row_01467__single_block__direct_dispatch__full_chunk_h10,row_01467__single_block__direct_dispatch,3,1467,single_block,full_chunk_h10,10,10,0d05a20d8a90b30eac6e6dfc2e65c5d447cb062d06863c48db1367dbdc8d27af,4f17f5dfea4ea95c98fd42f459cd72d84c6d64fa6c129fbeb17b753364002cf1,20.0,92.74982400529552,123.74982400535828,22.628100000019913,31.000000000062755,11.03950000003806,10.584199999925659,0.0,0.6516999999348627,hold,supervision_budget_exceeded,hold,supervision_budget,True,10,0,False,False,True,False,True,True,True,10,0,0,0,10,0,0,10,0,True,False,True,False,3230,3102,128,0.9603715170278638,4,10,1
armbench.pi05_windowed_cpu_replay.v1,row_01467__narrow_gate__direct_dispatch__full_chunk_h10,row_01467__narrow_gate__direct_dispatch,3,1467,narrow_gate,full_chunk_h10,10,10,0d05a20d8a90b30eac6e6dfc2e65c5d447cb062d06863c48db1367dbdc8d27af,4f17f5dfea4ea95c98fd42f459cd72d84c6d64fa6c129fbeb17b753364002cf1,20.0,92.48282400221797,139.48282400224343,29.55670000005739,31.000000000062755,4.290700000069592,24.739800000020296,0.0,0.41390000001229055,hold,supervision_budget_exceeded,hold,supervision_budget,True,10,0,False,False,True,False,True,True,True,10,0,0,0,10,0,0,10,0,True,False,True,False,5832,5629,203,0.9651920438957476,5,10,1
armbench.pi05_windowed_cpu_replay.v1,row_00954__free_space__direct_dispatch__full_chunk_h10,row_00954__free_space__direct_dispatch,4,954,free_space,full_chunk_h10,10,10,8c426cf29f252a7c103234ca72eff693daec4272e1eff735e0f325be6c8368bb,541ef1c389b4780c1bc25075e466ca00805d06391dbce79e67b43e6b6a02ff42,20.0,84.07754999643657,100.07754999639928,24.001399999974637,15.99999999996271,6.6994000000022425,14.852899999937108,0.0,2.1601999999347754,hold,supervision_budget_exceeded,hold,supervision_budget,True,10,0,False,False,True,False,True,True,True,10,0,0,0,10,0,0,10,0,True,False,True,False,4263,4064,199,0.953319258737978,3,10,1
armbench.pi05_windowed_cpu_replay.v1,row_00954__single_block__direct_dispatch__full_chunk_h10,row_00954__single_block__direct_dispatch,4,954,single_block,full_chunk_h10,10,10,8c426cf29f252a7c103234ca72eff693daec4272e1eff735e0f325be6c8368bb,541ef1c389b4780c1bc25075e466ca00805d06391dbce79e67b43e6b6a02ff42,20.0,83.76884999597678,114.76884999603953,24.02340000003278,15.000000000100044,5.810600000017985,16.84499999998934,0.0,0.9833000000298853,hold,supervision_budget_exceeded,hold,supervision_budget,True,10,0,False,False,True,False,True,True,True,10,0,0,0,10,0,0,10,0,True,False,True,False,4930,4716,214,0.9565922920892495,3,10,1
armbench.pi05_windowed_cpu_replay.v1,row_00954__narrow_gate__direct_dispatch__full_chunk_h10,row_00954__narrow_gate__direct_dispatch,4,954,narrow_gate,full_chunk_h10,10,10,8c426cf29f252a7c103234ca72eff693daec4272e1eff735e0f325be6c8368bb,541ef1c389b4780c1bc25075e466ca00805d06391dbce79e67b43e6b6a02ff42,20.0,83.80704999581212,115.80704999585123,32.80969999991612,32.00000000003911,12.605999999891537,16.56789999992725,0.0,3.451400000017202,hold,supervision_budget_exceeded,hold,supervision_budget,True,10,0,False,False,True,False,True,True,True,10,0,0,0,10,0,0,10,0,True,False,True,False,6264,6027,237,0.9621647509578544,3,10,1
armbench.pi05_windowed_cpu_replay.v1,row_01576__free_space__direct_dispatch__full_chunk_h10,row_01576__free_space__direct_dispatch,5,1576,free_space,full_chunk_h10,10,10,a51612a00a37d0ea3749eb912a6f60afe1d9cd2ca5587f61e5ab60e8a19f447a,ceffaae899c86b7cad94d1a21bba4a80279a12dae6dc59022e88ec0d8034bbec,20.0,109.7861300004297,156.78613000045516,29.123000000026877,30.99999999994907,6.471599999940736,19.718299999908595,0.0,2.772999999933745,hold,supervision_budget_exceeded,hold,supervision_budget,True,10,0,False,False,True,False,True,True,True,10,0,0,0,10,0,0,10,0,True,False,True,False,8085,7740,345,0.9573283858998145,9,10,1
armbench.pi05_windowed_cpu_replay.v1,row_01576__single_block__direct_dispatch__full_chunk_h10,row_01576__single_block__direct_dispatch,5,1576,single_block,full_chunk_h10,10,10,a51612a00a37d0ea3749eb912a6f60afe1d9cd2ca5587f61e5ab60e8a19f447a,ceffaae899c86b7cad94d1a21bba4a80279a12dae6dc59022e88ec0d8034bbec,20.0,109.48412999277934,125.48412999274206,25.75119999994513,15.99999999996271,9.215599999947699,13.919399999963389,0.0,2.444900000000416,hold,supervision_budget_exceeded,hold,supervision_budget,True,10,0,False,False,True,False,True,True,True,10,0,0,0,10,0,0,10,0,True,False,True,False,2210,2127,83,0.9624434389140272,2,10,1
armbench.pi05_windowed_cpu_replay.v1,row_01576__narrow_gate__direct_dispatch__full_chunk_h10,row_01576__narrow_gate__direct_dispatch,5,1576,narrow_gate,full_chunk_h10,10,10,a51612a00a37d0ea3749eb912a6f60afe1d9cd2ca5587f61e5ab60e8a19f447a,ceffaae899c86b7cad94d1a21bba4a80279a12dae6dc59022e88ec0d8034bbec,20.0,109.35532999428688,141.3553299942123,23.1024999999363,31.99999999992542,10.945100000071761,11.291899999946509,0.0,0.5867999999509266,hold,supervision_budget_exceeded,hold,supervision_budget,True,10,0,False,False,True,False,True,True,True,10,0,0,0,10,0,0,10,0,True,False,True,False,2808,2727,81,0.9711538461538461,2,10,1
armbench.pi05_windowed_cpu_replay.v1,row_02114__free_space__direct_dispatch__full_chunk_h10,row_02114__free_space__direct_dispatch,6,2114,free_space,full_chunk_h10,10,10,3c8a04cfba03e28f556b668ecfc39ba1f3c6f600ae28115bb0d484f228805822,b450e7ad3d6478be6418531fda01e2f47bd1fa86a3054195fa3e89dd7bafae17,20.0,84.57347300281981,115.57347300288257,27.37749999994321,31.000000000062755,2.8409999999894353,22.59639999999763,0.0,1.8101000000569911,hold,supervision_budget_exceeded,hold,supervision_budget,True,10,0,False,False,True,False,True,True,True,10,0,0,0,10,0,0,10,0,True,False,True,False,5439,5204,235,0.9567935282220996,4,10,1
armbench.pi05_windowed_cpu_replay.v1,row_02114__single_block__direct_dispatch__full_chunk_h10,row_02114__single_block__direct_dispatch,6,2114,single_block,full_chunk_h10,10,10,3c8a04cfba03e28f556b668ecfc39ba1f3c6f600ae28115bb0d484f228805822,b450e7ad3d6478be6418531fda01e2f47bd1fa86a3054195fa3e89dd7bafae17,20.0,85.05257299839286,132.05257299841833,29.528800000093725,31.000000000062755,2.9930000000604196,24.103399999944486,0.0,2.0558999999593652,hold,supervision_budget_exceeded,hold,supervision_budget,True,10,0,False,False,True,False,True,True,True,10,0,0,0,10,0,0,10,0,True,False,True,False,6290,6029,261,0.9585055643879173,4,10,1
armbench.pi05_windowed_cpu_replay.v1,row_02114__narrow_gate__direct_dispatch__full_chunk_h10,row_02114__narrow_gate__direct_dispatch,6,2114,narrow_gate,full_chunk_h10,10,10,3c8a04cfba03e28f556b668ecfc39ba1f3c6f600ae28115bb0d484f228805822,b450e7ad3d6478be6418531fda01e2f47bd1fa86a3054195fa3e89dd7bafae17,20.0,85.04487299796892,132.0448729978807,30.692400000020825,31.99999999992542,3.343399999948815,26.355700000067372,0.0,0.8725999999796841,hold,supervision_budget_exceeded,hold,supervision_budget,True,10,0,False,False,True,False,True,True,True,10,0,0,0,10,5,0,10,7,False,False,True,False,11448,10978,470,0.9589447938504543,5,10,1
armbench.pi05_windowed_cpu_replay.v1,row_02316__free_space__direct_dispatch__full_chunk_h10,row_02316__free_space__direct_dispatch,7,2316,free_space,full_chunk_h10,10,10,307d796186bec85694ad45ec5f0f36b6c2d4136025b8788f52b21f8ce81cefc3,4eb6f0c33cfea87817ea47ba3691beea6689e4326d4b265a74641f01503e5d46,20.0,81.15441800327972,112.15441800334247,21.866599999952996,15.000000000100044,1.6164999999546126,18.71120000009796,0.0,1.4426999999841428,hold,supervision_budget_exceeded,hold,supervision_budget,True,10,0,False,False,True,False,True,True,True,10,0,0,0,10,0,0,10,0,True,False,True,False,7791,7433,358,0.9540495443460403,7,10,1
armbench.pi05_windowed_cpu_replay.v1,row_02316__single_block__direct_dispatch__full_chunk_h10,row_02316__single_block__direct_dispatch,7,2316,single_block,full_chunk_h10,10,10,307d796186bec85694ad45ec5f0f36b6c2d4136025b8788f52b21f8ce81cefc3,4eb6f0c33cfea87817ea47ba3691beea6689e4326d4b265a74641f01503e5d46,20.0,81.35241799755022,112.35241799761297,23.343700000054923,14.999999999986358,6.635799999912706,15.604800000005525,0.0,0.8715999999822088,hold,supervision_budget_exceeded,hold,supervision_budget,True,10,0,False,False,True,False,True,True,True,10,0,0,0,10,0,0,10,0,True,False,True,False,3570,3421,149,0.9582633053221289,3,10,1
armbench.pi05_windowed_cpu_replay.v1,row_02316__narrow_gate__direct_dispatch__full_chunk_h10,row_02316__narrow_gate__direct_dispatch,7,2316,narrow_gate,full_chunk_h10,10,10,307d796186bec85694ad45ec5f0f36b6c2d4136025b8788f52b21f8ce81cefc3,4eb6f0c33cfea87817ea47ba3691beea6689e4326d4b265a74641f01503e5d46,20.0,81.5732180053601,112.57321800530917,24.902600000018538,15.99999999996271,16.352699999970355,5.122900000060326,0.0,2.984299999980067,hold,supervision_budget_exceeded,hold,supervision_budget,True,10,0,False,False,True,False,True,True,True,10,0,0,0,10,3,0,10,5,False,False,True,False,2808,2724,84,0.9700854700854701,2,10,1
armbench.pi05_windowed_cpu_replay.v1,row_02045__free_space__direct_dispatch__full_chunk_h10,row_02045__free_space__direct_dispatch,8,2045,free_space,full_chunk_h10,10,10,35bb006359368f4079d94be18fc9d2261932ba0be13c6387627761460fdfd649,21bb222523a68d85dbd4f6c83a8c1b450d40a364adf8ee4e45280df78bc18027,20.0,107.79295300744707,138.79295300739614,22.51539999997476,15.99999999996271,4.996900000037385,16.04269999995722,0.0,1.2709000000086235,hold,supervision_budget_exceeded,hold,supervision_budget,True,10,0,False,False,True,False,True,True,True,10,0,0,0,10,0,0,10,0,True,False,True,False,4557,4390,167,0.9633530831687513,10,10,1
armbench.pi05_windowed_cpu_replay.v1,row_02045__single_block__direct_dispatch__full_chunk_h10,row_02045__single_block__direct_dispatch,8,2045,single_block,full_chunk_h10,10,10,35bb006359368f4079d94be18fc9d2261932ba0be13c6387627761460fdfd649,21bb222523a68d85dbd4f6c83a8c1b450d40a364adf8ee4e45280df78bc18027,20.0,107.84735299966997,139.84735299970907,22.49800000004143,32.00000000003911,4.940899999951398,16.464699999914956,0.0,0.9533999999575826,hold,supervision_budget_exceeded,hold,supervision_budget,True,10,0,False,False,True,False,True,True,True,10,0,0,0,10,0,0,10,0,True,False,True,False,3910,3747,163,0.958312020460358,9,10,1
armbench.pi05_windowed_cpu_replay.v1,row_02045__narrow_gate__direct_dispatch__full_chunk_h10,row_02045__narrow_gate__direct_dispatch,8,2045,narrow_gate,full_chunk_h10,10,10,35bb006359368f4079d94be18fc9d2261932ba0be13c6387627761460fdfd649,21bb222523a68d85dbd4f6c83a8c1b450d40a364adf8ee4e45280df78bc18027,20.0,108.03035300341435,155.0303530034398,26.411499999994703,31.000000000062755,4.234199999928023,16.957900000079462,0.0,4.934100000014041,hold,supervision_budget_exceeded,hold,supervision_budget,True,10,0,False,False,True,False,True,True,True,10,0,0,0,10,0,0,10,0,True,False,True,False,2376,2320,56,0.9764309764309764,5,10,1
armbench.pi05_windowed_cpu_replay.v1,row_02736__free_space__direct_dispatch__full_chunk_h10,row_02736__free_space__direct_dispatch,9,2736,free_space,full_chunk_h10,10,10,62b013ffb3379eba43666abbd0be0848858bc836836b094e25ea8d74cfde9e2c,0b565a6938d9bb0b57977d079796fcc4c108d1841f47a0f986253144c3870174,20.0,79.95957398816245,110.9595739882252,21.163300000011986,31.000000000062755,6.335999999919295,13.917500000047767,0.0,0.7131999999501204,hold,supervision_budget_exceeded,hold,supervision_budget,True,10,0,False,False,True,False,True,True,True,10,0,0,0,10,0,0,10,0,True,False,True,False,3087,2949,138,0.9552964042759962,3,10,1
armbench.pi05_windowed_cpu_replay.v1,row_02736__single_block__direct_dispatch__full_chunk_h10,row_02736__single_block__direct_dispatch,9,2736,single_block,full_chunk_h10,10,10,62b013ffb3379eba43666abbd0be0848858bc836836b094e25ea8d74cfde9e2c,0b565a6938d9bb0b57977d079796fcc4c108d1841f47a0f986253144c3870174,20.0,80.01317399612162,111.01317399607069,27.247700000089026,15.99999999996271,2.5533000000450556,22.784399999977722,0.0,1.7940999999837004,hold,supervision_budget_exceeded,hold,supervision_budget,True,10,0,False,False,True,False,True,True,True,10,0,0,0,10,0,0,10,0,True,False,True,False,6290,5978,312,0.9503974562798092,4,10,1
armbench.pi05_windowed_cpu_replay.v1,row_02736__narrow_gate__direct_dispatch__full_chunk_h10,row_02736__narrow_gate__direct_dispatch,9,2736,narrow_gate,full_chunk_h10,10,10,62b013ffb3379eba43666abbd0be0848858bc836836b094e25ea8d74cfde9e2c,0b565a6938d9bb0b57977d079796fcc4c108d1841f47a0f986253144c3870174,20.0,80.14397399529116,111.14397399535392,27.36589999994976,31.000000000062755,3.737800000067182,22.951700000021447,0.0,0.562599999966551,hold,supervision_budget_exceeded,hold,supervision_budget,True,10,0,False,False,True,False,True,True,True,10,0,0,0,10,5,0,10,7,False,False,True,False,11448,10946,502,0.9561495457721872,5,10,1
armbench.pi05_windowed_cpu_replay.v1,row_02456__free_space__direct_dispatch__full_chunk_h10,row_02456__free_space__direct_dispatch,10,2456,free_space,full_chunk_h10,10,10,a805df171f5b2a0bb37e82ee33c913be28ab363a08c40943c47745c4be5f166b,606d95c489296b5f4e2fde5d9b28e0f52167c7824e5ba4cee1b52a1be5d798c3,20.0,160.5769509988022,191.57695099886496,27.908400000001166,15.99999999996271,15.917999999942367,9.61229999995794,0.0,2.227999999945496,hold,supervision_budget_exceeded,hold,supervision_budget,True,10,0,False,False,True,False,True,True,True,10,0,0,0,10,0,0,10,0,True,False,True,False,735,708,27,0.963265306122449,1,10,1
armbench.pi05_windowed_cpu_replay.v1,row_02456__single_block__direct_dispatch__full_chunk_h10,row_02456__single_block__direct_dispatch,10,2456,single_block,full_chunk_h10,10,10,a805df171f5b2a0bb37e82ee33c913be28ab363a08c40943c47745c4be5f166b,606d95c489296b5f4e2fde5d9b28e0f52167c7824e5ba4cee1b52a1be5d798c3,20.0,160.99725099775242,191.99725099770149,23.07490000009693,30.99999999994907,4.045000000019172,18.110599999999977,0.0,0.7822999999689273,hold,supervision_budget_exceeded,hold,supervision_budget,True,10,0,False,False,True,False,True,True,True,10,0,0,0,10,0,0,10,0,True,False,True,False,5950,5658,292,0.9509243697478992,4,10,1
armbench.pi05_windowed_cpu_replay.v1,row_02456__narrow_gate__direct_dispatch__full_chunk_h10,row_02456__narrow_gate__direct_dispatch,10,2456,narrow_gate,full_chunk_h10,10,10,a805df171f5b2a0bb37e82ee33c913be28ab363a08c40943c47745c4be5f166b,606d95c489296b5f4e2fde5d9b28e0f52167c7824e5ba4cee1b52a1be5d798c3,20.0,160.55815100116888,192.558151001208,20.995200000015757,32.00000000003911,4.188900000031026,15.848100000084742,0.0,0.8295999999745618,hold,continuous_edge_rejected:collision:static:gate_lower:link6,hold,continuous_collision,True,10,0,False,False,True,False,True,True,True,10,0,0,0,10,5,0,10,7,False,False,True,False,11232,10725,499,0.9548611111111112,6,10,1
armbench.pi05_windowed_cpu_replay.v1,row_02938__free_space__direct_dispatch__full_chunk_h10,row_02938__free_space__direct_dispatch,11,2938,free_space,full_chunk_h10,10,10,30d16912ce8098c60d419bf30ed1491235b796b186f2378fa0ebdef754cc31fd,d5c708014600a7920be64b6acc05dd2153f49c780015898b4d746c2bc4c494ab,20.0,111.70350899919868,127.70350899916139,23.832800000036514,15.99999999996271,4.867800000056377,17.656200000033095,0.0,1.0197000000289336,hold,supervision_budget_exceeded,hold,supervision_budget,True,10,0,False,False,True,False,True,True,True,10,0,0,0,10,0,0,10,0,True,False,True,False,10143,9668,475,0.9531696736665681,6,10,1
armbench.pi05_windowed_cpu_replay.v1,row_02938__single_block__direct_dispatch__full_chunk_h10,row_02938__single_block__direct_dispatch,11,2938,single_block,full_chunk_h10,10,10,30d16912ce8098c60d419bf30ed1491235b796b186f2378fa0ebdef754cc31fd,d5c708014600a7920be64b6acc05dd2153f49c780015898b4d746c2bc4c494ab,20.0,111.67890899378108,143.6789089937065,21.656300000017836,31.99999999992542,6.4062000000149055,14.050200000042423,0.0,1.0669000000689266,hold,supervision_budget_exceeded,hold,supervision_budget,True,10,0,False,False,True,False,True,True,True,10,0,0,0,10,0,0,10,0,True,False,True,False,6290,6014,276,0.956120826709062,4,10,1
armbench.pi05_windowed_cpu_replay.v1,row_02938__narrow_gate__direct_dispatch__full_chunk_h10,row_02938__narrow_gate__direct_dispatch,11,2938,narrow_gate,full_chunk_h10,10,10,30d16912ce8098c60d419bf30ed1491235b796b186f2378fa0ebdef754cc31fd,d5c708014600a7920be64b6acc05dd2153f49c780015898b4d746c2bc4c494ab,20.0,111.79980899760267,127.79980899756538,21.13910000002761,15.99999999996271,3.5510999999814885,16.56449999995857,0.0,0.8251000000427666,hold,supervision_budget_exceeded,hold,supervision_budget,True,10,0,False,False,True,False,True,True,True,10,0,0,0,10,0,0,10,0,True,False,True,False,7992,7684,308,0.9614614614614615,4,10,1
armbench.pi05_windowed_cpu_replay.v1,row_03122__free_space__direct_dispatch__full_chunk_h10,row_03122__free_space__direct_dispatch,12,3122,free_space,full_chunk_h10,10,10,4fd1a98f6e18bda6afca61b1213f09c92ed3fce35dcd8c4d53333ce515224354,fae786a4aad836002b16172491457936b523b19e2e002e95e4b9cb634083a717,20.0,81.44486000674078,112.44486000680354,23.132199999963632,15.99999999996271,4.1720000000395885,17.770199999972647,0.0,1.0704000000032465,hold,supervision_budget_exceeded,hold,supervision_budget,True,10,0,False,False,True,False,True,True,True,10,0,0,0,10,0,0,10,0,True,False,True,False,7791,7429,362,0.9535361314337055,7,10,1
armbench.pi05_windowed_cpu_replay.v1,row_03122__single_block__direct_dispatch__full_chunk_h10,row_03122__single_block__direct_dispatch,12,3122,single_block,full_chunk_h10,10,10,4fd1a98f6e18bda6afca61b1213f09c92ed3fce35dcd8c4d53333ce515224354,fae786a4aad836002b16172491457936b523b19e2e002e95e4b9cb634083a717,20.0,81.17976000357885,113.17976000361796,21.818500000108543,16.000000000076398,5.447300000014366,15.335400000026311,0.0,0.840499999981148,hold,supervision_budget_exceeded,hold,supervision_budget,True,10,0,False,False,True,False,True,True,True,10,0,0,0,10,0,0,10,0,True,False,True,False,4930,4743,187,0.9620689655172414,4,10,1
armbench.pi05_windowed_cpu_replay.v1,row_03122__narrow_gate__direct_dispatch__full_chunk_h10,row_03122__narrow_gate__direct_dispatch,12,3122,narrow_gate,full_chunk_h10,10,10,4fd1a98f6e18bda6afca61b1213f09c92ed3fce35dcd8c4d53333ce515224354,fae786a4aad836002b16172491457936b523b19e2e002e95e4b9cb634083a717,20.0,81.26705999893602,112.26705999888509,20.62829999999849,30.99999999994907,5.628500000057102,14.144500000043081,0.0,0.5313999999998487,hold,supervision_budget_exceeded,hold,supervision_budget,True,10,0,False,False,True,False,True,True,True,10,0,0,0,10,0,0,10,0,True,False,True,False,6264,6077,187,0.9701468710089399,4,10,1
armbench.pi05_windowed_cpu_replay.v1,row_03163__free_space__direct_dispatch__full_chunk_h10,row_03163__free_space__direct_dispatch,13,3163,free_space,full_chunk_h10,10,10,e3ad14c7d499ec5ce4892eb2bef290b5e056a2b62568859245b6356da12457fb,ffa917dcd4fa88b9be0656ad8c111499b9a6bfff234650d693827eb9d1d5f76c,20.0,80.90778300538659,111.90778300533566,22.109999999997854,30.99999999994907,4.334699999958502,16.764899999998306,0.0,0.844300000039766,hold,supervision_budget_exceeded,hold,supervision_budget,True,10,0,False,False,True,False,True,True,True,10,0,0,0,10,0,0,10,0,True,False,True,False,6615,6341,274,0.9585789871504157,6,10,1
armbench.pi05_windowed_cpu_replay.v1,row_03163__single_block__direct_dispatch__full_chunk_h10,row_03163__single_block__direct_dispatch,13,3163,single_block,full_chunk_h10,10,10,e3ad14c7d499ec5ce4892eb2bef290b5e056a2b62568859245b6356da12457fb,ffa917dcd4fa88b9be0656ad8c111499b9a6bfff234650d693827eb9d1d5f76c,20.0,80.80188299936708,127.80188299939255,22.46089999994183,15.99999999996271,7.943400000044676,13.926499999911357,0.0,0.35830000001624285,hold,supervision_budget_exceeded,hold,supervision_budget,True,10,0,False,False,True,False,True,True,True,10,0,0,0,10,0,0,10,0,True,False,True,False,3570,3445,125,0.9649859943977591,3,10,1
armbench.pi05_windowed_cpu_replay.v1,row_03163__narrow_gate__direct_dispatch__full_chunk_h10,row_03163__narrow_gate__direct_dispatch,13,3163,narrow_gate,full_chunk_h10,10,10,e3ad14c7d499ec5ce4892eb2bef290b5e056a2b62568859245b6356da12457fb,ffa917dcd4fa88b9be0656ad8c111499b9a6bfff234650d693827eb9d1d5f76c,20.0,81.32088300044416,112.32088300050691,21.083699999962846,15.000000000100044,4.535699999905773,15.41599999995924,0.0,0.986100000091028,hold,supervision_budget_exceeded,hold,supervision_budget,True,10,0,False,False,True,False,True,True,True,10,0,0,0,10,0,0,10,0,True,False,True,False,6264,6083,181,0.9711047254150702,4,10,1
armbench.pi05_windowed_cpu_replay.v1,row_03741__free_space__direct_dispatch__full_chunk_h10,row_03741__free_space__direct_dispatch,14,3741,free_space,full_chunk_h10,10,10,4b7907e4aad9dc6e77f813e772c59d0c7169c40282363ff493a33e879b87cde7,919e5f396da973e2cf7f371f4f3431bd547e13a2c08ca1b5ae4da4003096c020,20.0,109.97415299789282,140.97415299795557,27.556499999946027,31.000000000062755,15.517399999907866,11.174900000014532,0.0,0.44740000009824143,hold,supervision_budget_exceeded,hold,supervision_budget,True,10,0,False,False,True,False,True,True,True,10,0,0,0,10,0,0,10,0,True,False,True,False,1911,1831,80,0.9581371009942439,2,10,1
armbench.pi05_windowed_cpu_replay.v1,row_03741__single_block__direct_dispatch__full_chunk_h10,row_03741__single_block__direct_dispatch,14,3741,single_block,full_chunk_h10,10,10,4b7907e4aad9dc6e77f813e772c59d0c7169c40282363ff493a33e879b87cde7,919e5f396da973e2cf7f371f4f3431bd547e13a2c08ca1b5ae4da4003096c020,20.0,110.02595299942186,141.02595299937093,21.238199999970675,15.99999999996271,3.2567000000653934,16.41019999999571,0.0,0.8344000000306551,hold,supervision_budget_exceeded,hold,supervision_budget,True,10,0,False,False,True,False,True,True,True,10,0,0,0,10,0,0,10,0,True,False,True,False,2210,2124,86,0.9610859728506788,2,10,1
armbench.pi05_windowed_cpu_replay.v1,row_03741__narrow_gate__direct_dispatch__full_chunk_h10,row_03741__narrow_gate__direct_dispatch,14,3741,narrow_gate,full_chunk_h10,10,10,4b7907e4aad9dc6e77f813e772c59d0c7169c40282363ff493a33e879b87cde7,919e5f396da973e2cf7f371f4f3431bd547e13a2c08ca1b5ae4da4003096c020,20.0,109.7219529983704,156.72195299839586,30.395799999951123,31.000000000062755,12.541899999973793,14.43810000000667,0.0,3.2393000000183747,hold,supervision_budget_exceeded,hold,supervision_budget,True,10,0,False,False,True,False,True,True,True,10,0,0,0,10,0,0,10,0,True,False,True,False,6264,6057,207,0.9669540229885057,4,10,1
armbench.pi05_windowed_cpu_replay.v1,row_04298__free_space__direct_dispatch__full_chunk_h10,row_04298__free_space__direct_dispatch,15,4298,free_space,full_chunk_h10,10,10,2c585a1039cfc500fc7fe28c85a25ec32786fd8b15a0dad94b58ee736a663d79,94e313ab8d7786043893f7af3f613152522a820610d690acb2a3edc9ef4ba28e,20.0,80.53666400519433,111.5366640051434,28.826900000012756,30.99999999994907,2.115300000014031,24.533300000030067,0.0,2.0381000000497806,hold,supervision_budget_exceeded,hold,supervision_budget,True,10,0,False,False,True,False,True,True,True,10,0,0,0,10,0,0,10,0,True,False,True,False,7791,7405,386,0.9504556539596971,5,10,1
armbench.pi05_windowed_cpu_replay.v1,row_04298__single_block__direct_dispatch__full_chunk_h10,row_04298__single_block__direct_dispatch,15,4298,single_block,full_chunk_h10,10,10,2c585a1039cfc500fc7fe28c85a25ec32786fd8b15a0dad94b58ee736a663d79,94e313ab8d7786043893f7af3f613152522a820610d690acb2a3edc9ef4ba28e,20.0,80.55936400342034,127.55936400344581,33.375599999999395,32.00000000003911,4.159100000038052,28.475100000036946,0.0,0.6118000000014945,hold,supervision_budget_exceeded,hold,supervision_budget,True,10,0,False,False,True,False,True,True,True,10,0,0,0,10,0,0,10,0,True,False,True,False,6290,5995,295,0.9531001589825119,4,10,1
armbench.pi05_windowed_cpu_replay.v1,row_04298__narrow_gate__direct_dispatch__full_chunk_h10,row_04298__narrow_gate__direct_dispatch,15,4298,narrow_gate,full_chunk_h10,10,10,2c585a1039cfc500fc7fe28c85a25ec32786fd8b15a0dad94b58ee736a663d79,94e313ab8d7786043893f7af3f613152522a820610d690acb2a3edc9ef4ba28e,20.0,81.24266399681801,112.24266399676708,25.144199999999728,14.999999999986358,3.9266999999654217,18.95840000008775,0.0,2.087500000016007,hold,supervision_budget_exceeded,hold,supervision_budget,True,10,0,False,False,True,False,True,True,True,10,0,0,0,10,0,0,10,0,True,False,True,False,4536,4381,155,0.9658289241622575,3,10,1
armbench.pi05_windowed_cpu_replay.v1,row_03805__free_space__direct_dispatch__full_chunk_h10,row_03805__free_space__direct_dispatch,16,3805,free_space,full_chunk_h10,10,10,ed3ed2f05c450ceca326c550433117debafac7329c3cf9d83392e865de84d20b,091b2783ea65091b38cc9287d80dd29b0944a0b9ec326d95fda267eec534df0f,20.0,142.3698360013077,189.36983600133317,26.92139999999199,31.000000000062755,4.135700000006182,21.561500000075284,0.0,1.0581999999885738,hold,supervision_budget_exceeded,hold,supervision_budget,True,10,0,False,False,True,False,True,True,True,10,0,0,0,10,0,0,10,0,True,False,True,False,5733,5499,234,0.9591836734693877,7,10,1
armbench.pi05_windowed_cpu_replay.v1,row_03805__single_block__direct_dispatch__full_chunk_h10,row_03805__single_block__direct_dispatch,16,3805,single_block,full_chunk_h10,10,10,ed3ed2f05c450ceca326c550433117debafac7329c3cf9d83392e865de84d20b,091b2783ea65091b38cc9287d80dd29b0944a0b9ec326d95fda267eec534df0f,20.0,142.41793600376695,173.4179360038297,21.678799999904186,31.000000000062755,4.895499999975073,15.715200000045115,0.0,0.9446999999909167,hold,supervision_budget_exceeded,hold,supervision_budget,True,10,0,False,False,True,False,True,True,True,10,0,0,0,10,3,0,10,4,False,False,True,False,3910,3735,175,0.9552429667519181,5,10,1
armbench.pi05_windowed_cpu_replay.v1,row_03805__narrow_gate__direct_dispatch__full_chunk_h10,row_03805__narrow_gate__direct_dispatch,16,3805,narrow_gate,full_chunk_h10,10,10,ed3ed2f05c450ceca326c550433117debafac7329c3cf9d83392e865de84d20b,091b2783ea65091b38cc9287d80dd29b0944a0b9ec326d95fda267eec534df0f,20.0,142.3951360047795,157.39513600476585,23.700000000076216,14.999999999986358,4.851299999927505,17.031699999961347,0.0,1.671799999940049,hold,supervision_budget_exceeded,hold,supervision_budget,True,10,0,False,False,True,False,True,True,True,10,0,0,0,10,1,0,10,3,False,False,True,False,4968,4809,159,0.9679951690821256,5,10,1
armbench.pi05_windowed_cpu_replay.v1,row_03853__free_space__direct_dispatch__full_chunk_h10,row_03853__free_space__direct_dispatch,17,3853,free_space,full_chunk_h10,10,10,fe36ac0713605fcc57897c367ab31e5b11dbf505ac76505ab7d16f946de13db9,f7709bd9d6a771cb40508d80a0dd423dd43ec32e003ed984a734551e880e8d3e,20.0,113.17077699641231,145.17077699645142,23.91130000000885,32.00000000003911,10.673400000086986,12.4566000000641,0.0,0.5261000000018612,hold,continuous_edge_rejected:collision:self:link5:geom_32:link7:geom_59,hold,continuous_collision,True,10,0,False,False,True,False,True,True,True,10,0,0,0,10,1,0,10,0,False,False,True,False,3822,3637,184,0.9515960230245945,3,10,1
armbench.pi05_windowed_cpu_replay.v1,row_03853__single_block__direct_dispatch__full_chunk_h10,row_03853__single_block__direct_dispatch,17,3853,single_block,full_chunk_h10,10,10,fe36ac0713605fcc57897c367ab31e5b11dbf505ac76505ab7d16f946de13db9,f7709bd9d6a771cb40508d80a0dd423dd43ec32e003ed984a734551e880e8d3e,20.0,113.29717699845787,129.29717699842058,11.883699999998498,15.99999999996271,3.736399999979767,7.2703000000728935,0.0,0.7338000000345346,hold,continuous_edge_rejected:collision:self:link5:geom_33:link7:geom_60,hold,continuous_collision,True,10,0,False,False,True,False,True,True,True,10,0,0,0,10,1,0,10,0,False,False,False,False,4420,4228,191,0.9565610859728507,3,10,1
armbench.pi05_windowed_cpu_replay.v1,row_03853__narrow_gate__direct_dispatch__full_chunk_h10,row_03853__narrow_gate__direct_dispatch,17,3853,narrow_gate,full_chunk_h10,10,10,fe36ac0713605fcc57897c367ab31e5b11dbf505ac76505ab7d16f946de13db9,f7709bd9d6a771cb40508d80a0dd423dd43ec32e003ed984a734551e880e8d3e,20.0,114.32727699866518,145.32727699872794,20.6766000000016,31.000000000062755,7.389500000044791,12.782700000002478,0.0,0.30730000003131863,hold,continuous_edge_rejected:collision:self:link5:geom_35:link7:geom_62,hold,continuous_collision,True,10,0,False,False,True,False,True,True,True,10,0,0,0,10,1,0,10,0,False,False,True,False,5616,5423,192,0.9656339031339032,3,10,1
armbench.pi05_windowed_cpu_replay.v1,row_04953__free_space__direct_dispatch__full_chunk_h10,row_04953__free_space__direct_dispatch,18,4953,free_space,full_chunk_h10,10,10,1d0a2989e76d920a59ac3a743781f15f16a583e4ded7a55d9122c2e8345072f1,af7c0afa97d566d0b6103c1987699272206fed545e580febec05c23d4443ae45,20.0,92.21125000476604,123.2112500048288,22.193099999981314,31.000000000062755,3.389900000001944,17.91200000002391,0.0,0.7620000000088112,hold,supervision_budget_exceeded,hold,supervision_budget,True,10,0,False,False,True,False,True,True,True,10,0,0,0,10,0,0,10,0,True,False,True,False,5439,5182,257,0.9527486670343813,5,10,1
armbench.pi05_windowed_cpu_replay.v1,row_04953__single_block__direct_dispatch__full_chunk_h10,row_04953__single_block__direct_dispatch,18,4953,single_block,full_chunk_h10,10,10,1d0a2989e76d920a59ac3a743781f15f16a583e4ded7a55d9122c2e8345072f1,af7c0afa97d566d0b6103c1987699272206fed545e580febec05c23d4443ae45,20.0,92.31015000113985,123.31015000108891,22.57279999992079,15.99999999996271,1.7745000000104483,19.58779999995386,0.0,1.121699999998782,hold,supervision_budget_exceeded,hold,supervision_budget,True,10,0,False,False,True,False,True,True,True,10,0,0,0,10,0,0,10,0,True,False,True,False,7650,7307,343,0.9551633986928104,6,10,1
armbench.pi05_windowed_cpu_replay.v1,row_04953__narrow_gate__direct_dispatch__full_chunk_h10,row_04953__narrow_gate__direct_dispatch,18,4953,narrow_gate,full_chunk_h10,10,10,1d0a2989e76d920a59ac3a743781f15f16a583e4ded7a55d9122c2e8345072f1,af7c0afa97d566d0b6103c1987699272206fed545e580febec05c23d4443ae45,20.0,92.36935000080848,124.36935000084759,23.229799999967327,32.00000000003911,4.188099999964834,16.53780000003735,0.0,2.3834999999508,hold,supervision_budget_exceeded,hold,supervision_budget,True,10,0,False,False,True,False,True,True,True,10,0,0,0,10,0,0,10,0,True,False,True,False,6264,6073,191,0.9695083014048531,4,10,1
armbench.pi05_windowed_cpu_replay.v1,row_04773__free_space__direct_dispatch__full_chunk_h10,row_04773__free_space__direct_dispatch,19,4773,free_space,full_chunk_h10,10,10,0012494746ac6d95bef31165b95dad73d2233ce508b720c3e77a99bb8cb95b24,c523c8dc9161531afa6950372597ab78cbf73daa99043843e1df48ebd20b87dd,20.0,82.32979899912607,113.32979899907514,22.982100000035643,30.99999999994907,9.207500000002256,12.473100000079285,0.0,0.9620000000722939,hold,supervision_budget_exceeded,hold,supervision_budget,True,10,0,False,False,True,False,True,True,True,10,0,0,0,10,0,0,10,0,True,False,True,False,3381,3251,130,0.9615498373262349,5,10,1
armbench.pi05_windowed_cpu_replay.v1,row_04773__single_block__direct_dispatch__full_chunk_h10,row_04773__single_block__direct_dispatch,19,4773,single_block,full_chunk_h10,10,10,0012494746ac6d95bef31165b95dad73d2233ce508b720c3e77a99bb8cb95b24,c523c8dc9161531afa6950372597ab78cbf73daa99043843e1df48ebd20b87dd,20.0,82.25449900055537,129.25449900058084,26.872400000002017,32.00000000003911,5.250400000022637,19.667899999944893,0.0,1.8331999999645632,hold,supervision_budget_exceeded,hold,supervision_budget,True,10,0,False,False,True,False,True,True,True,10,0,0,0,10,0,0,10,0,True,False,True,False,3910,3754,156,0.9601023017902813,5,10,1
armbench.pi05_windowed_cpu_replay.v1,row_04773__narrow_gate__direct_dispatch__full_chunk_h10,row_04773__narrow_gate__direct_dispatch,19,4773,narrow_gate,full_chunk_h10,10,10,0012494746ac6d95bef31165b95dad73d2233ce508b720c3e77a99bb8cb95b24,c523c8dc9161531afa6950372597ab78cbf73daa99043843e1df48ebd20b87dd,20.0,82.55759899475379,98.5575989947165,22.580299999958697,15.99999999996271,5.84789999993518,15.680399999951078,0.0,0.8043000000270695,hold,supervision_budget_exceeded,hold,supervision_budget,True,10,0,False,False,True,False,True,True,True,10,0,0,0,10,0,0,10,0,True,False,True,False,13608,13064,544,0.9600235155790712,10,10,1
armbench.pi05_windowed_cpu_replay.v1,row_04462__free_space__direct_dispatch__full_chunk_h10,row_04462__free_space__direct_dispatch,20,4462,free_space,full_chunk_h10,10,10,70b9224f98dd7ca753ca304e5409a01563f652e68827468e70fea86b3cbcc658,4abfdd49b70a0970fc43182fee4ecd8db8b3a1103b6106940ef4768751d612f5,20.0,111.02229199605063,157.02229199609974,27.77409999998781,30.99999999994907,3.8667000000032203,22.360500000104366,0.0,1.4331999999512846,hold,supervision_budget_exceeded,hold,supervision_budget,True,10,0,False,False,True,False,True,True,True,10,0,0,0,10,0,0,10,0,True,False,True,False,5439,5187,252,0.9536679536679536,5,10,1
armbench.pi05_windowed_cpu_replay.v1,row_04462__single_block__direct_dispatch__full_chunk_h10,row_04462__single_block__direct_dispatch,20,4462,single_block,full_chunk_h10,10,10,70b9224f98dd7ca753ca304e5409a01563f652e68827468e70fea86b3cbcc658,4abfdd49b70a0970fc43182fee4ecd8db8b3a1103b6106940ef4768751d612f5,20.0,111.17109200131381,127.1710920013902,19.8765000000094,16.000000000076398,3.494799999998577,14.38139999993382,0.0,1.8561000000545391,hold,continuous_edge_rejected:collision:static:center_block:link6,hold,continuous_collision,True,10,0,False,False,True,False,True,True,True,10,0,0,0,10,4,0,10,6,False,False,False,False,9180,8660,513,0.9433551198257081,7,10,1
armbench.pi05_windowed_cpu_replay.v1,row_04462__narrow_gate__direct_dispatch__full_chunk_h10,row_04462__narrow_gate__direct_dispatch,20,4462,narrow_gate,full_chunk_h10,10,10,70b9224f98dd7ca753ca304e5409a01563f652e68827468e70fea86b3cbcc658,4abfdd49b70a0970fc43182fee4ecd8db8b3a1103b6106940ef4768751d612f5,20.0,111.15519199665869,142.15519199660775,23.253500000009808,15.99999999996271,7.022699999993165,15.39479999996729,0.0,0.5850999999665873,hold,supervision_budget_exceeded,hold,supervision_budget,True,10,0,False,False,True,False,True,True,True,10,0,0,0,10,4,0,10,6,False,False,True,False,7992,7636,356,0.9554554554554554,5,10,1
armbench.pi05_windowed_cpu_replay.v1,row_05082__free_space__direct_dispatch__full_chunk_h10,row_05082__free_space__direct_dispatch,21,5082,free_space,full_chunk_h10,10,10,577d2da6f2f31ec5d381f089ea57502db82b6bcd60b682984a7bf79c80ba6092,01dade6ca27dafa314483483e6e8cc87c661081fba638c5b15cddc8479ab1bc9,20.0,110.6104869977571,141.61048699781986,23.349599999960446,31.000000000062755,11.056199999984528,11.189099999910468,0.0,0.9696999999277978,hold,supervision_budget_exceeded,hold,supervision_budget,True,10,0,False,False,True,False,True,True,True,10,0,0,0,10,0,0,10,0,True,False,True,False,6615,6299,316,0.9522297808012093,4,10,1
armbench.pi05_windowed_cpu_replay.v1,row_05082__single_block__direct_dispatch__full_chunk_h10,row_05082__single_block__direct_dispatch,21,5082,single_block,full_chunk_h10,10,10,577d2da6f2f31ec5d381f089ea57502db82b6bcd60b682984a7bf79c80ba6092,01dade6ca27dafa314483483e6e8cc87c661081fba638c5b15cddc8479ab1bc9,20.0,110.89368699322222,141.8936869931713,19.952800000055504,30.99999999994907,7.528699999966193,11.515799999983756,0.0,0.6607999999914682,hold,continuous_edge_rejected:collision:static:center_block:link6,hold,continuous_collision,True,10,0,False,False,True,False,True,True,True,10,0,0,0,10,7,0,10,7,False,False,False,False,5100,4826,267,0.9462745098039216,4,10,1
armbench.pi05_windowed_cpu_replay.v1,row_05082__narrow_gate__direct_dispatch__full_chunk_h10,row_05082__narrow_gate__direct_dispatch,21,5082,narrow_gate,full_chunk_h10,10,10,577d2da6f2f31ec5d381f089ea57502db82b6bcd60b682984a7bf79c80ba6092,01dade6ca27dafa314483483e6e8cc87c661081fba638c5b15cddc8479ab1bc9,20.0,111.32948700105771,143.32948700098314,24.21059999994668,31.99999999992542,9.847400000012385,12.2323000000506,0.0,1.84589999992113,hold,supervision_budget_exceeded,hold,supervision_budget,True,10,0,False,False,True,False,True,True,True,10,0,0,0,10,5,0,10,7,False,False,True,False,2808,2707,101,0.9640313390313391,2,10,1
armbench.pi05_windowed_cpu_replay.v1,row_05128__free_space__direct_dispatch__full_chunk_h10,row_05128__free_space__direct_dispatch,22,5128,free_space,full_chunk_h10,10,10,0e92838da6d4cdb706e0b8d31366212826fa86c5ce6ccd320378f7981599112c,1d370b9f51508df4beed68f031701f37a5f21f8c4c255ff7d807681da0595010,20.0,81.91675999842118,112.91675999848394,22.962900000038644,31.000000000062755,9.594300000003386,12.323900000069443,0.0,0.7830999999214328,hold,supervision_budget_exceeded,hold,supervision_budget,True,10,0,False,False,True,False,True,True,True,10,0,0,0,10,0,0,10,0,True,False,True,False,5439,5206,233,0.9571612428755286,5,10,1
armbench.pi05_windowed_cpu_replay.v1,row_05128__single_block__direct_dispatch__full_chunk_h10,row_05128__single_block__direct_dispatch,22,5128,single_block,full_chunk_h10,10,10,0e92838da6d4cdb706e0b8d31366212826fa86c5ce6ccd320378f7981599112c,1d370b9f51508df4beed68f031701f37a5f21f8c4c255ff7d807681da0595010,20.0,82.06626000173856,114.06626000166398,26.031299999999646,31.99999999992542,5.369500000028893,18.622399999912886,0.0,1.863400000047477,hold,supervision_budget_exceeded,hold,supervision_budget,True,10,0,False,False,True,False,True,True,True,10,0,0,0,10,3,0,10,5,False,False,True,False,3570,3417,153,0.9571428571428572,3,10,1
armbench.pi05_windowed_cpu_replay.v1,row_05128__narrow_gate__direct_dispatch__full_chunk_h10,row_05128__narrow_gate__direct_dispatch,22,5128,narrow_gate,full_chunk_h10,10,10,0e92838da6d4cdb706e0b8d31366212826fa86c5ce6ccd320378f7981599112c,1d370b9f51508df4beed68f031701f37a5f21f8c4c255ff7d807681da0595010,20.0,81.9978599975002,112.99785999756295,23.669200000085766,15.99999999996271,3.3616999999139807,19.468300000085037,0.0,0.7464999999911015,hold,supervision_budget_exceeded,hold,supervision_budget,True,10,0,False,False,True,False,True,True,True,10,0,0,0,10,1,0,10,3,False,False,True,False,19656,18721,935,0.9524318274318274,9,10,1
armbench.pi05_windowed_cpu_replay.v1,row_05011__free_space__direct_dispatch__full_chunk_h10,row_05011__free_space__direct_dispatch,23,5011,free_space,full_chunk_h10,10,10,24f71f3f30cc2312cc0339c738754d5367bbccc0f419fe35bd17438d01f7e5b0,5ccd6d1a2328ecc0a38473974ed081f411090ae36654167fb6a57fadcc5d3931,20.0,125.8769419946475,172.87694199467296,28.00030000003062,31.000000000062755,9.796199999982491,17.37239999999929,0.0,0.6883999999445223,hold,supervision_budget_exceeded,hold,supervision_budget,True,10,0,False,False,True,False,True,True,True,10,0,0,0,10,0,0,10,1,False,False,True,False,4263,4067,196,0.9540229885057471,3,10,1
armbench.pi05_windowed_cpu_replay.v1,row_05011__single_block__direct_dispatch__full_chunk_h10,row_05011__single_block__direct_dispatch,23,5011,single_block,full_chunk_h10,10,10,24f71f3f30cc2312cc0339c738754d5367bbccc0f419fe35bd17438d01f7e5b0,5ccd6d1a2328ecc0a38473974ed081f411090ae36654167fb6a57fadcc5d3931,20.0,125.52454199612839,157.5245419960538,21.239799999989373,15.99999999996271,5.608800000004521,14.63330000001406,0.0,0.7594999999582797,hold,supervision_budget_exceeded,hold,supervision_budget,True,10,0,False,False,True,False,True,True,True,10,0,0,0,10,0,0,10,1,False,False,True,False,4930,4682,248,0.9496957403651115,3,10,1
armbench.pi05_windowed_cpu_replay.v1,row_05011__narrow_gate__direct_dispatch__full_chunk_h10,row_05011__narrow_gate__direct_dispatch,23,5011,narrow_gate,full_chunk_h10,10,10,24f71f3f30cc2312cc0339c738754d5367bbccc0f419fe35bd17438d01f7e5b0,5ccd6d1a2328ecc0a38473974ed081f411090ae36654167fb6a57fadcc5d3931,20.0,125.34244199923705,156.3424419992998,22.922099999959755,15.99999999996271,4.462600000010752,17.976999999973486,0.0,0.3543000000263419,hold,supervision_budget_exceeded,hold,supervision_budget,True,10,0,False,False,True,False,True,True,True,10,0,0,0,10,0,0,10,1,False,False,True,False,12744,12296,448,0.9648462021343377,5,10,1
armbench.pi05_windowed_cpu_replay.v1,row_06407__free_space__direct_dispatch__full_chunk_h10,row_06407__free_space__direct_dispatch,24,6407,free_space,full_chunk_h10,10,10,7b5e04770f18653120842172231465c3df16a76a94e8a11104babba987988de8,163c4b568398a13e54290749468fb7e5ed31079b00f2ea8a45847de2f701b494,20.0,79.93548199738143,110.9354819973305,27.065499999935128,15.99999999996271,3.5414000000173473,21.226200000000972,0.0,2.1550000000161162,hold,supervision_budget_exceeded,hold,supervision_budget,True,10,0,False,False,True,False,True,True,True,10,0,0,0,10,0,0,10,0,True,False,True,False,6909,6586,323,0.9532493848603271,5,10,1
armbench.pi05_windowed_cpu_replay.v1,row_06407__single_block__direct_dispatch__full_chunk_h10,row_06407__single_block__direct_dispatch,24,6407,single_block,full_chunk_h10,10,10,7b5e04770f18653120842172231465c3df16a76a94e8a11104babba987988de8,163c4b568398a13e54290749468fb7e5ed31079b00f2ea8a45847de2f701b494,20.0,79.68128198990598,111.6812819898314,21.675500000014836,31.99999999992542,4.831200000012359,15.393799999969815,0.0,1.2085999999271735,hold,supervision_budget_exceeded,hold,supervision_budget,True,10,0,False,False,True,False,True,True,True,10,0,0,0,10,5,0,10,7,False,False,True,False,5610,5319,291,0.9481283422459893,4,10,1
armbench.pi05_windowed_cpu_replay.v1,row_06407__narrow_gate__direct_dispatch__full_chunk_h10,row_06407__narrow_gate__direct_dispatch,24,6407,narrow_gate,full_chunk_h10,10,10,7b5e04770f18653120842172231465c3df16a76a94e8a11104babba987988de8,163c4b568398a13e54290749468fb7e5ed31079b00f2ea8a45847de2f701b494,20.0,79.81598198966822,126.81598198958,28.685999999993328,30.99999999994907,3.361600000062026,24.286699999947814,0.0,0.7668000000649045,hold,supervision_budget_exceeded,hold,supervision_budget,True,10,0,False,False,True,False,True,True,True,10,0,0,0,10,3,0,10,5,False,False,True,False,17928,17046,882,0.9508032128514057,7,10,1
armbench.pi05_windowed_cpu_replay.v1,row_06364__free_space__direct_dispatch__full_chunk_h10,row_06364__free_space__direct_dispatch,25,6364,free_space,full_chunk_h10,10,10,099bef15a0770071b640eb04fb9e343f82702d9e681553817b0e1967bc447ca8,ad141d2432b6f05d03249225fd1c40933676be458ff6debfc024bc3605ae5e44,20.0,82.34263800113695,129.34263800104873,21.57739999995556,15.99999999996271,4.131899999947564,16.69989999993504,0.0,0.44610000009015494,hold,supervision_budget_exceeded,hold,supervision_budget,True,10,0,False,False,True,False,True,True,True,10,0,0,0,10,0,0,10,0,True,False,True,False,6027,5791,236,0.9608428737348598,8,10,1
armbench.pi05_windowed_cpu_replay.v1,row_06364__single_block__direct_dispatch__full_chunk_h10,row_06364__single_block__direct_dispatch,25,6364,single_block,full_chunk_h10,10,10,099bef15a0770071b640eb04fb9e343f82702d9e681553817b0e1967bc447ca8,ad141d2432b6f05d03249225fd1c40933676be458ff6debfc024bc3605ae5e44,20.0,82.07083799061365,113.07083799067641,22.326700000007804,15.99999999996271,4.561099999932594,16.34460000002491,0.0,1.1908999999832304,hold,supervision_budget_exceeded,hold,supervision_budget,True,10,0,False,False,True,False,True,True,True,10,0,0,0,10,1,0,10,3,False,False,True,False,9010,8638,372,0.9587125416204217,9,10,1
armbench.pi05_windowed_cpu_replay.v1,row_06364__narrow_gate__direct_dispatch__full_chunk_h10,row_06364__narrow_gate__direct_dispatch,25,6364,narrow_gate,full_chunk_h10,10,10,099bef15a0770071b640eb04fb9e343f82702d9e681553817b0e1967bc447ca8,ad141d2432b6f05d03249225fd1c40933676be458ff6debfc024bc3605ae5e44,20.0,82.32073799445061,113.32073799451337,20.865599999979167,15.99999999996271,9.10790000000361,10.738500000002205,0.0,0.7176000000299609,hold,supervision_budget_exceeded,hold,supervision_budget,True,10,0,False,False,True,False,True,True,True,10,0,0,0,10,0,0,10,0,True,False,True,False,7128,6899,229,0.9678731762065096,7,10,1
armbench.pi05_windowed_cpu_replay.v1,row_06056__free_space__direct_dispatch__full_chunk_h10,row_06056__free_space__direct_dispatch,26,6056,free_space,full_chunk_h10,10,10,d0b5162cd61b5df39a5caf842d2257e7f6d300cbbf1f21fa30dcf183810e85e2,c9a378e3af3f286959ccc6ce0aab8e5df4db1d375fa82cf308f21e70bfb38b4e,20.0,119.53662599989912,150.53662599996187,24.499999999989086,15.000000000100044,8.920600000010381,12.883400000077927,0.0,2.347199999917393,hold,supervision_budget_exceeded,hold,supervision_budget,True,10,0,False,False,True,False,True,True,True,10,0,0,0,10,0,0,10,0,True,False,True,False,2499,2400,99,0.9603841536614646,3,10,1
armbench.pi05_windowed_cpu_replay.v1,row_06056__single_block__direct_dispatch__full_chunk_h10,row_06056__single_block__direct_dispatch,26,6056,single_block,full_chunk_h10,10,10,d0b5162cd61b5df39a5caf842d2257e7f6d300cbbf1f21fa30dcf183810e85e2,c9a378e3af3f286959ccc6ce0aab8e5df4db1d375fa82cf308f21e70bfb38b4e,20.0,119.18442600290291,135.18442600286562,21.40369999995073,15.99999999996271,7.381199999940691,13.152000000104636,0.0,0.743299999953706,hold,supervision_budget_exceeded,hold,supervision_budget,True,10,0,False,False,True,False,True,True,True,10,0,0,0,10,0,0,10,0,True,False,True,False,6970,6715,255,0.9634146341463414,6,10,1
armbench.pi05_windowed_cpu_replay.v1,row_06056__narrow_gate__direct_dispatch__full_chunk_h10,row_06056__narrow_gate__direct_dispatch,26,6056,narrow_gate,full_chunk_h10,10,10,d0b5162cd61b5df39a5caf842d2257e7f6d300cbbf1f21fa30dcf183810e85e2,c9a378e3af3f286959ccc6ce0aab8e5df4db1d375fa82cf308f21e70bfb38b4e,20.0,119.34112600283697,151.3411260027624,22.772000000031767,31.99999999992542,3.5037000000102125,18.442499999991924,0.0,0.702499999988504,hold,supervision_budget_exceeded,hold,supervision_budget,True,10,0,False,False,True,False,True,True,True,10,0,0,0,10,0,0,10,0,True,False,True,False,14040,13576,464,0.9669515669515669,9,10,1
armbench.pi05_windowed_cpu_replay.v1,row_07683__free_space__direct_dispatch__full_chunk_h10,row_07683__free_space__direct_dispatch,27,7683,free_space,full_chunk_h10,10,10,a00422d34079c464db8df8c5409bf2828aea05bbf77b08b587c170edb57e57c7,61b0433210982b6803e6e79c30ad66cf82384038c635fbc9cec97f43c2d5f63a,20.0,80.2862310083583,96.2862310084347,24.132900000040536,16.000000000076398,3.6528000000544125,19.55520000001343,0.0,0.8081999999376421,hold,supervision_budget_exceeded,hold,supervision_budget,True,10,0,False,False,True,False,True,True,True,10,0,0,0,10,0,0,10,0,True,False,True,False,12495,11860,635,0.9491796718687475,7,10,1
armbench.pi05_windowed_cpu_replay.v1,row_07683__single_block__direct_dispatch__full_chunk_h10,row_07683__single_block__direct_dispatch,27,7683,single_block,full_chunk_h10,10,10,a00422d34079c464db8df8c5409bf2828aea05bbf77b08b587c170edb57e57c7,61b0433210982b6803e6e79c30ad66cf82384038c635fbc9cec97f43c2d5f63a,20.0,80.42503100296017,111.42503100302292,21.309000000087508,31.000000000062755,7.151099999987309,13.039399999911438,0.0,0.7487000000310218,hold,supervision_budget_exceeded,hold,supervision_budget,True,10,0,False,False,True,False,True,True,True,10,0,0,0,10,0,0,10,0,True,False,True,False,3570,3419,151,0.957703081232493,3,10,1
armbench.pi05_windowed_cpu_replay.v1,row_07683__narrow_gate__direct_dispatch__full_chunk_h10,row_07683__narrow_gate__direct_dispatch,27,7683,narrow_gate,full_chunk_h10,10,10,a00422d34079c464db8df8c5409bf2828aea05bbf77b08b587c170edb57e57c7,61b0433210982b6803e6e79c30ad66cf82384038c635fbc9cec97f43c2d5f63a,20.0,80.37813100963831,111.37813100958738,21.981299999993098,30.99999999994907,4.6661999999741965,16.17409999994379,0.0,0.8672999999816966,hold,supervision_budget_exceeded,hold,supervision_budget,True,10,0,False,False,True,False,True,True,True,10,0,0,0,10,0,0,10,0,True,False,True,False,4536,4390,146,0.9678130511463845,3,10,1
armbench.pi05_windowed_cpu_replay.v1,row_07373__free_space__direct_dispatch__full_chunk_h10,row_07373__free_space__direct_dispatch,28,7373,free_space,full_chunk_h10,10,10,e342e284a6b9329bf43b6560e5358b71495f40177533837036afecf930c2b4c0,3dbd650490cea64352a1dbaccb6f541b5a9d1998528a622fd0fd896330c63f5e,20.0,95.29193700291216,126.29193700286123,22.58069999993495,30.99999999994907,8.621799999900759,12.652399999979025,0.0,0.9109000000080414,hold,supervision_budget_exceeded,hold,supervision_budget,True,10,0,False,False,True,False,True,True,True,10,0,0,0,10,0,0,10,0,True,False,True,False,4263,4084,179,0.9580107905231058,5,10,1
armbench.pi05_windowed_cpu_replay.v1,row_07373__single_block__direct_dispatch__full_chunk_h10,row_07373__single_block__direct_dispatch,28,7373,single_block,full_chunk_h10,10,10,e342e284a6b9329bf43b6560e5358b71495f40177533837036afecf930c2b4c0,3dbd650490cea64352a1dbaccb6f541b5a9d1998528a622fd0fd896330c63f5e,20.0,94.81193700048607,126.81193700052518,22.42839999996704,15.99999999996271,3.5530000000107975,16.47760000003018,0.0,2.1816999999373365,hold,supervision_budget_exceeded,hold,supervision_budget,True,10,0,False,False,True,False,True,True,True,10,0,0,0,10,0,0,10,1,False,False,True,False,6970,6645,325,0.9533715925394548,8,10,1
armbench.pi05_windowed_cpu_replay.v1,row_07373__narrow_gate__direct_dispatch__full_chunk_h10,row_07373__narrow_gate__direct_dispatch,28,7373,narrow_gate,full_chunk_h10,10,10,e342e284a6b9329bf43b6560e5358b71495f40177533837036afecf930c2b4c0,3dbd650490cea64352a1dbaccb6f541b5a9d1998528a622fd0fd896330c63f5e,20.0,94.97553700202843,125.9755370019775,22.66389999999774,30.99999999994907,2.74509999997008,16.554700000028788,2.532599999995,0.6627000000207772,hold,supervision_budget_exceeded,hold,supervision_budget,True,10,0,False,False,True,False,True,True,True,10,0,0,0,10,0,0,10,0,True,False,True,False,12744,12333,411,0.9677495291902072,12,10,2
armbench.pi05_windowed_cpu_replay.v1,row_07772__free_space__direct_dispatch__full_chunk_h10,row_07772__free_space__direct_dispatch,29,7772,free_space,full_chunk_h10,10,10,c3533edfda4b0016620bef05041c1b2e100c114929dc01b6c006379c8f39062d,f9efe20bb0146929d0da2aab6cb2d34cae1c034a2e8891af5c57bfffe379dbff,20.0,109.84383399772923,125.84383399769195,26.806800000031217,15.99999999996271,9.813699999995151,14.758199999960198,0.0,1.9817999999531821,hold,supervision_budget_exceeded,hold,supervision_budget,True,10,0,False,False,True,False,True,True,True,10,0,0,0,10,0,0,10,0,True,False,True,False,2793,2678,115,0.9588256355173649,3,10,1
armbench.pi05_windowed_cpu_replay.v1,row_07772__single_block__direct_dispatch__full_chunk_h10,row_07772__single_block__direct_dispatch,29,7772,single_block,full_chunk_h10,10,10,c3533edfda4b0016620bef05041c1b2e100c114929dc01b6c006379c8f39062d,f9efe20bb0146929d0da2aab6cb2d34cae1c034a2e8891af5c57bfffe379dbff,20.0,109.91603399452288,140.91603399458563,21.23099999994338,31.000000000062755,4.371999999989384,16.287700000020777,0.0,0.3957000000127664,hold,supervision_budget_exceeded,hold,supervision_budget,True,10,0,False,False,True,False,True,True,True,10,0,0,0,10,0,0,10,0,True,False,True,False,8670,8271,399,0.9539792387543252,5,10,1
armbench.pi05_windowed_cpu_replay.v1,row_07772__narrow_gate__direct_dispatch__full_chunk_h10,row_07772__narrow_gate__direct_dispatch,29,7772,narrow_gate,full_chunk_h10,10,10,c3533edfda4b0016620bef05041c1b2e100c114929dc01b6c006379c8f39062d,f9efe20bb0146929d0da2aab6cb2d34cae1c034a2e8891af5c57bfffe379dbff,20.0,109.8769340023864,140.87693400233547,24.24780000001192,30.99999999994907,4.240199999912875,17.89730000007239,0.0,1.9922000000178741,hold,supervision_budget_exceeded,hold,supervision_budget,True,10,0,False,False,True,False,True,True,True,10,0,0,0,10,4,0,10,5,False,False,True,False,7560,7279,281,0.9628306878306878,4,10,1
armbench.pi05_windowed_cpu_replay.v1,row_00763__free_space__direct_dispatch__certified_window_h1,row_00763__free_space__direct_dispatch,0,763,free_space,certified_window_h1,10,1,2ba514276e139d381b7b19bf859e964ad7e1b157ca9f234909fb87328f08ec28,b56fd1812b3fb3885c3ac175b614bb6edab1f9d4c62563c2f5feacb164001b0e,20.0,103.75407699757488,118.75407699767493,5.436099999997168,0.0,0.6687999999712702,1.231400000051508,3.3815000000458895,0.0,execute,qp_continuous_collision_and_braking_invariant_passed,accepted,,True,1,1,True,False,True,True,True,True,True,1,0,0,0,1,0,0,1,0,True,False,False,False,1029,992,37,0.9640427599611273,2,1,1
armbench.pi05_windowed_cpu_replay.v1,row_00763__single_block__direct_dispatch__certified_window_h1,row_00763__single_block__direct_dispatch,0,763,single_block,certified_window_h1,10,1,2ba514276e139d381b7b19bf859e964ad7e1b157ca9f234909fb87328f08ec28,b56fd1812b3fb3885c3ac175b614bb6edab1f9d4c62563c2f5feacb164001b0e,20.0,102.52607700385852,134.52607700378394,13.106999999990876,15.99999999996271,1.1507000000392509,5.92180000001008,5.8989999999994325,0.0,execute,qp_continuous_collision_and_braking_invariant_passed,accepted,,True,1,1,True,False,True,True,True,True,True,1,0,0,0,1,0,0,1,0,True,False,False,False,1190,1151,39,0.9672268907563025,2,1,1
armbench.pi05_windowed_cpu_replay.v1,row_00763__narrow_gate__direct_dispatch__certified_window_h1,row_00763__narrow_gate__direct_dispatch,0,763,narrow_gate,certified_window_h1,10,1,2ba514276e139d381b7b19bf859e964ad7e1b157ca9f234909fb87328f08ec28,b56fd1812b3fb3885c3ac175b614bb6edab1f9d4c62563c2f5feacb164001b0e,20.0,103.48747699754313,134.48747699760588,11.050500000010288,14.999999999986358,1.67820000001484,4.000600000040322,5.048100000067279,0.0,execute,qp_continuous_collision_and_braking_invariant_passed,accepted,,True,1,1,True,False,True,True,True,True,True,1,0,0,0,1,0,0,1,0,True,False,False,False,1512,1475,37,0.9755291005291006,2,1,1
armbench.pi05_windowed_cpu_replay.v1,row_00458__free_space__direct_dispatch__certified_window_h1,row_00458__free_space__direct_dispatch,1,458,free_space,certified_window_h1,10,1,539d85427650fb89affee25f827ab92f2803af4f4686cdda7625ebbcfc4e125f,705a038ef6ff4b2658b46e5472bc8df1e9ca7f96b422012a15a6784136d45969,20.0,82.58776900765952,97.58776900764587,6.413400000042202,0.0,0.7467000000360713,1.930600000036975,3.5961999999472027,0.0,execute,qp_continuous_collision_and_braking_invariant_passed,accepted,,True,1,1,True,False,True,True,True,True,True,1,0,0,0,1,0,0,1,0,True,False,False,False,1029,992,37,0.9640427599611273,2,1,1
armbench.pi05_windowed_cpu_replay.v1,row_00458__single_block__direct_dispatch__certified_window_h1,row_00458__single_block__direct_dispatch,1,458,single_block,certified_window_h1,10,1,539d85427650fb89affee25f827ab92f2803af4f4686cdda7625ebbcfc4e125f,705a038ef6ff4b2658b46e5472bc8df1e9ca7f96b422012a15a6784136d45969,20.0,82.50796900392743,98.50796900389014,6.558400000017173,15.99999999996271,0.6213999999999942,1.5219000000570304,4.314900000053967,0.0,execute,qp_continuous_collision_and_braking_invariant_passed,accepted,,True,1,1,True,False,True,True,True,True,True,1,0,0,0,1,0,0,1,0,True,False,False,False,1190,1147,43,0.9638655462184874,2,1,1
armbench.pi05_windowed_cpu_replay.v1,row_00458__narrow_gate__direct_dispatch__certified_window_h1,row_00458__narrow_gate__direct_dispatch,1,458,narrow_gate,certified_window_h1,10,1,539d85427650fb89affee25f827ab92f2803af4f4686cdda7625ebbcfc4e125f,705a038ef6ff4b2658b46e5472bc8df1e9ca7f96b422012a15a6784136d45969,20.0,83.1604690029053,98.16046900300535,5.058599999983926,0.0,0.3435999999510386,1.6259000000218293,3.0380000000604923,0.0,execute,qp_continuous_collision_and_braking_invariant_passed,accepted,,True,1,1,True,False,True,True,True,True,True,1,0,0,0,1,0,0,1,0,True,False,False,False,1512,1474,38,0.9748677248677249,2,1,1
armbench.pi05_windowed_cpu_replay.v1,row_00222__free_space__direct_dispatch__certified_window_h1,row_00222__free_space__direct_dispatch,2,222,free_space,certified_window_h1,10,1,7ed64e746df909ff0c71898c554048b30bb88de50d94a6f43787c50679b174e2,b69a7d362fb7e47b2a50382eadf348a29e8f0b78e7b1256782b263799aa9e2dd,20.0,171.54230199957965,187.54230199954236,9.16380000001027,15.99999999996271,1.2583999999833395,3.1535000000531,4.6327000000019325,0.0,execute,qp_continuous_collision_and_braking_invariant_passed,accepted,,True,1,1,True,False,True,True,True,True,True,1,0,0,0,1,0,0,1,0,True,False,False,False,1029,992,37,0.9640427599611273,2,1,1
armbench.pi05_windowed_cpu_replay.v1,row_00222__single_block__direct_dispatch__certified_window_h1,row_00222__single_block__direct_dispatch,2,222,single_block,certified_window_h1,10,1,7ed64e746df909ff0c71898c554048b30bb88de50d94a6f43787c50679b174e2,b69a7d362fb7e47b2a50382eadf348a29e8f0b78e7b1256782b263799aa9e2dd,20.0,171.895202001906,186.89520200189236,8.514499999932923,0.0,1.3073000000076718,3.1607000000803964,3.802699999937431,0.0,execute,qp_continuous_collision_and_braking_invariant_passed,accepted,,True,1,1,True,False,True,True,True,True,True,1,0,0,0,1,0,0,1,0,True,False,False,False,1190,1145,45,0.9621848739495799,2,1,1
armbench.pi05_windowed_cpu_replay.v1,row_00222__narrow_gate__direct_dispatch__certified_window_h1,row_00222__narrow_gate__direct_dispatch,2,222,narrow_gate,certified_window_h1,10,1,7ed64e746df909ff0c71898c554048b30bb88de50d94a6f43787c50679b174e2,b69a7d362fb7e47b2a50382eadf348a29e8f0b78e7b1256782b263799aa9e2dd,20.0,171.71460199460853,187.71460199457124,3.035099999920021,0.0,0.6495999999742708,0.8455999999341657,1.3525000000527143,0.0,execute,qp_continuous_collision_and_braking_invariant_passed,accepted,,True,1,1,True,False,True,True,True,True,True,1,0,0,0,1,0,0,1,0,True,False,False,False,1512,1474,38,0.9748677248677249,2,1,1
armbench.pi05_windowed_cpu_replay.v1,row_01467__free_space__direct_dispatch__certified_window_h1,row_01467__free_space__direct_dispatch,3,1467,free_space,certified_window_h1,10,1,0d05a20d8a90b30eac6e6dfc2e65c5d447cb062d06863c48db1367dbdc8d27af,3bc3e32134d462e96ed688fff9c17004cfdec98478434029cc7881deebbd9761,20.0,92.3235240043141,123.32352400426316,11.121500000058404,14.999999999986358,1.7153999999663938,2.831700000001547,6.29629999991721,0.0,execute,qp_continuous_collision_and_braking_invariant_passed,accepted,,True,1,1,True,False,True,True,True,True,True,1,0,0,0,1,0,0,1,0,True,False,False,False,735,710,25,0.9659863945578231,2,1,1
armbench.pi05_windowed_cpu_replay.v1,row_01467__single_block__direct_dispatch__certified_window_h1,row_01467__single_block__direct_dispatch,3,1467,single_block,certified_window_h1,10,1,0d05a20d8a90b30eac6e6dfc2e65c5d447cb062d06863c48db1367dbdc8d27af,3bc3e32134d462e96ed688fff9c17004cfdec98478434029cc7881deebbd9761,20.0,92.74982400529552,107.74982400539557,11.97940000008657,15.000000000100044,1.4725999999427586,2.691799999979594,7.483600000000479,0.0,execute,qp_continuous_collision_and_braking_invariant_passed,accepted,,True,1,1,True,False,True,True,True,True,True,1,0,0,0,1,0,0,1,0,True,False,False,False,850,825,25,0.9705882352941176,2,1,1
armbench.pi05_windowed_cpu_replay.v1,row_01467__narrow_gate__direct_dispatch__certified_window_h1,row_01467__narrow_gate__direct_dispatch,3,1467,narrow_gate,certified_window_h1,10,1,0d05a20d8a90b30eac6e6dfc2e65c5d447cb062d06863c48db1367dbdc8d27af,3bc3e32134d462e96ed688fff9c17004cfdec98478434029cc7881deebbd9761,20.0,92.48282400221797,108.48282400218068,4.92460000009487,15.99999999996271,0.8142000000361804,1.1104999999815846,2.9196000000411004,0.0,execute,qp_continuous_collision_and_braking_invariant_passed,accepted,,True,1,1,True,False,True,True,True,True,True,1,0,0,0,1,0,0,1,0,True,False,False,False,1080,1055,25,0.9768518518518519,2,1,1
armbench.pi05_windowed_cpu_replay.v1,row_00954__free_space__direct_dispatch__certified_window_h1,row_00954__free_space__direct_dispatch,4,954,free_space,certified_window_h1,10,1,8c426cf29f252a7c103234ca72eff693daec4272e1eff735e0f325be6c8368bb,dde903c4a55eb39fb902e048d3567de13b4e217915f5a9271a44c7b1dbf9b5ba,20.0,84.07754999643657,100.07754999639928,4.825499999924432,15.99999999996271,0.6167000000232292,1.7470999999886772,2.3469000000204687,0.0,execute,qp_continuous_collision_and_braking_invariant_passed,accepted,,True,1,1,True,False,True,True,True,True,True,1,0,0,0,1,0,0,1,0,True,False,False,False,1029,991,38,0.9630709426627794,2,1,1
armbench.pi05_windowed_cpu_replay.v1,row_00954__single_block__direct_dispatch__certified_window_h1,row_00954__single_block__direct_dispatch,4,954,single_block,certified_window_h1,10,1,8c426cf29f252a7c103234ca72eff693daec4272e1eff735e0f325be6c8368bb,dde903c4a55eb39fb902e048d3567de13b4e217915f5a9271a44c7b1dbf9b5ba,20.0,83.76884999597678,98.76884999596314,7.672200000001794,14.999999999986358,1.0951000000432032,2.743300000020099,3.657200000020566,0.0,execute,qp_continuous_collision_and_braking_invariant_passed,accepted,,True,1,1,True,False,True,True,True,True,True,1,0,0,0,1,0,0,1,0,True,False,False,False,1190,1149,41,0.965546218487395,2,1,1
armbench.pi05_windowed_cpu_replay.v1,row_00954__narrow_gate__direct_dispatch__certified_window_h1,row_00954__narrow_gate__direct_dispatch,4,954,narrow_gate,certified_window_h1,10,1,8c426cf29f252a7c103234ca72eff693daec4272e1eff735e0f325be6c8368bb,dde903c4a55eb39fb902e048d3567de13b4e217915f5a9271a44c7b1dbf9b5ba,20.0,83.80704999581212,115.80704999585123,11.05890000008003,16.000000000076398,1.449799999932111,4.666900000074747,4.6780000000126165,0.0,execute,qp_continuous_collision_and_braking_invariant_passed,accepted,,True,1,1,True,False,True,True,True,True,True,1,0,0,0,1,0,0,1,0,True,False,False,False,1512,1471,41,0.9728835978835979,2,1,1
armbench.pi05_windowed_cpu_replay.v1,row_01576__free_space__direct_dispatch__certified_window_h1,row_01576__free_space__direct_dispatch,5,1576,free_space,certified_window_h1,10,1,a51612a00a37d0ea3749eb912a6f60afe1d9cd2ca5587f61e5ab60e8a19f447a,5c12398760d8e458a272cc572b4685f495ff0deb4620a6e307896caf9fc95e22,20.0,109.7861300004297,124.78613000041605,4.509699999971417,14.999999999986358,0.6407000000763219,1.484300000015537,2.270699999940007,0.0,execute,qp_continuous_collision_and_braking_invariant_passed,accepted,,True,1,1,True,False,True,True,True,True,True,1,0,0,0,1,0,0,1,0,True,False,False,False,1029,992,37,0.9640427599611273,2,1,1
armbench.pi05_windowed_cpu_replay.v1,row_01576__single_block__direct_dispatch__certified_window_h1,row_01576__single_block__direct_dispatch,5,1576,single_block,certified_window_h1,10,1,a51612a00a37d0ea3749eb912a6f60afe1d9cd2ca5587f61e5ab60e8a19f447a,5c12398760d8e458a272cc572b4685f495ff0deb4620a6e307896caf9fc95e22,20.0,109.48412999277934,125.48412999274206,7.474399999978232,15.99999999996271,0.6075999999666237,2.305900000010297,4.463500000042586,0.0,execute,qp_continuous_collision_and_braking_invariant_passed,accepted,,True,1,1,True,False,True,True,True,True,True,1,0,0,0,1,0,0,1,0,True,False,False,False,1190,1151,39,0.9672268907563025,2,1,1
armbench.pi05_windowed_cpu_replay.v1,row_01576__narrow_gate__direct_dispatch__certified_window_h1,row_01576__narrow_gate__direct_dispatch,5,1576,narrow_gate,certified_window_h1,10,1,a51612a00a37d0ea3749eb912a6f60afe1d9cd2ca5587f61e5ab60e8a19f447a,5c12398760d8e458a272cc572b4685f495ff0deb4620a6e307896caf9fc95e22,20.0,109.35532999428688,124.35532999438692,7.988400000044749,15.000000000100044,0.6018999999923835,1.3400000000274304,5.868599999985236,0.0,execute,qp_continuous_collision_and_braking_invariant_passed,accepted,,True,1,1,True,False,True,True,True,True,True,1,0,0,0,1,0,0,1,0,True,False,False,False,1512,1474,38,0.9748677248677249,2,1,1
armbench.pi05_windowed_cpu_replay.v1,row_02114__free_space__direct_dispatch__certified_window_h1,row_02114__free_space__direct_dispatch,6,2114,free_space,certified_window_h1,10,1,3c8a04cfba03e28f556b668ecfc39ba1f3c6f600ae28115bb0d484f228805822,1dcf19075fb93027cb2563753c06c7e29fc1d4183c36d3615f8b6c4c2e8c8249,20.0,84.57347300281981,116.57347300274523,7.564200000047094,15.99999999996271,0.6128999999646112,1.5512999999600652,5.275600000004488,0.0,execute,qp_continuous_collision_and_braking_invariant_passed,accepted,,True,1,1,True,False,True,True,True,True,True,1,0,0,0,1,0,0,1,0,True,False,False,False,1029,992,37,0.9640427599611273,2,1,1
armbench.pi05_windowed_cpu_replay.v1,row_02114__single_block__direct_dispatch__certified_window_h1,row_02114__single_block__direct_dispatch,6,2114,single_block,certified_window_h1,10,1,3c8a04cfba03e28f556b668ecfc39ba1f3c6f600ae28115bb0d484f228805822,1dcf19075fb93027cb2563753c06c7e29fc1d4183c36d3615f8b6c4c2e8c8249,20.0,85.05257299839286,101.05257299846926,12.720299999955387,16.000000000076398,1.7828000000008615,5.35139999999501,5.164800000102332,0.0,execute,qp_continuous_collision_and_braking_invariant_passed,accepted,,True,1,1,True,False,True,True,True,True,True,1,0,0,0,1,0,0,1,0,True,False,False,False,1190,1151,39,0.9672268907563025,2,1,1
armbench.pi05_windowed_cpu_replay.v1,row_02114__narrow_gate__direct_dispatch__certified_window_h1,row_02114__narrow_gate__direct_dispatch,6,2114,narrow_gate,certified_window_h1,10,1,3c8a04cfba03e28f556b668ecfc39ba1f3c6f600ae28115bb0d484f228805822,1dcf19075fb93027cb2563753c06c7e29fc1d4183c36d3615f8b6c4c2e8c8249,20.0,85.04487299796892,100.04487299795528,2.46089999996002,0.0,0.3868000000011307,0.8096999999906984,1.1824000000615342,0.0,execute,qp_continuous_collision_and_braking_invariant_passed,accepted,,True,1,1,True,False,True,True,True,True,True,1,0,0,0,1,0,0,1,0,True,False,False,False,1512,1473,39,0.9742063492063492,2,1,1
armbench.pi05_windowed_cpu_replay.v1,row_02316__free_space__direct_dispatch__certified_window_h1,row_02316__free_space__direct_dispatch,7,2316,free_space,certified_window_h1,10,1,307d796186bec85694ad45ec5f0f36b6c2d4136025b8788f52b21f8ce81cefc3,a1480c035cd6cd7359549977dc55d7bf5af5e0d46c823c9f58c37c6314ad5c92,20.0,81.15441800327972,81.15441800327972,4.6493999999484,0.0,0.5919999999832726,1.5879999999697247,2.356400000053327,0.0,execute,qp_continuous_collision_and_braking_invariant_passed,accepted,,True,1,1,True,False,True,True,True,True,True,1,0,0,0,1,0,0,1,0,True,False,False,False,1029,992,37,0.9640427599611273,2,1,1
armbench.pi05_windowed_cpu_replay.v1,row_02316__single_block__direct_dispatch__certified_window_h1,row_02316__single_block__direct_dispatch,7,2316,single_block,certified_window_h1,10,1,307d796186bec85694ad45ec5f0f36b6c2d4136025b8788f52b21f8ce81cefc3,a1480c035cd6cd7359549977dc55d7bf5af5e0d46c823c9f58c37c6314ad5c92,20.0,81.35241799755022,96.35241799765026,5.726299999992079,15.000000000100044,0.8745999999746346,1.922600000057173,2.7674000000388332,0.0,execute,qp_continuous_collision_and_braking_invariant_passed,accepted,,True,1,1,True,False,True,True,True,True,True,1,0,0,0,1,0,0,1,0,True,False,False,False,1190,1151,39,0.9672268907563025,2,1,1
armbench.pi05_windowed_cpu_replay.v1,row_02316__narrow_gate__direct_dispatch__certified_window_h1,row_02316__narrow_gate__direct_dispatch,7,2316,narrow_gate,certified_window_h1,10,1,307d796186bec85694ad45ec5f0f36b6c2d4136025b8788f52b21f8ce81cefc3,a1480c035cd6cd7359549977dc55d7bf5af5e0d46c823c9f58c37c6314ad5c92,20.0,81.5732180053601,97.57321800532281,9.78239999994912,15.99999999996271,0.6845000000339496,2.231900000083442,6.753599999910875,0.0,execute,qp_continuous_collision_and_braking_invariant_passed,accepted,,True,1,1,True,False,True,True,True,True,True,1,0,0,0,1,0,0,1,0,True,False,False,False,1512,1474,38,0.9748677248677249,2,1,1
armbench.pi05_windowed_cpu_replay.v1,row_02045__free_space__direct_dispatch__certified_window_h1,row_02045__free_space__direct_dispatch,8,2045,free_space,certified_window_h1,10,1,35bb006359368f4079d94be18fc9d2261932ba0be13c6387627761460fdfd649,e012458a272b90bd8b69d2ff2514fa0c5bc748fc148a788def5f33b26de90034,20.0,107.79295300744707,123.79295300740978,8.114999999975225,15.99999999996271,1.5496999999413674,3.016399999978603,3.3602999999402527,0.0,execute,qp_continuous_collision_and_braking_invariant_passed,accepted,,True,1,1,True,False,True,True,True,True,True,1,0,0,0,1,0,0,1,0,True,False,False,False,735,710,25,0.9659863945578231,2,1,1
armbench.pi05_windowed_cpu_replay.v1,row_02045__single_block__direct_dispatch__certified_window_h1,row_02045__single_block__direct_dispatch,8,2045,single_block,certified_window_h1,10,1,35bb006359368f4079d94be18fc9d2261932ba0be13c6387627761460fdfd649,e012458a272b90bd8b69d2ff2514fa0c5bc748fc148a788def5f33b26de90034,20.0,107.84735299966997,107.84735299966997,6.901799999923242,0.0,1.6326999999591862,2.2434999999632055,2.6606000000128915,0.0,execute,qp_continuous_collision_and_braking_invariant_passed,accepted,,True,1,1,True,False,True,True,True,True,True,1,0,0,0,1,0,0,1,0,True,False,False,False,850,825,25,0.9705882352941176,2,1,1
armbench.pi05_windowed_cpu_replay.v1,row_02045__narrow_gate__direct_dispatch__certified_window_h1,row_02045__narrow_gate__direct_dispatch,8,2045,narrow_gate,certified_window_h1,10,1,35bb006359368f4079d94be18fc9d2261932ba0be13c6387627761460fdfd649,e012458a272b90bd8b69d2ff2514fa0c5bc748fc148a788def5f33b26de90034,20.0,108.03035300341435,108.03035300341435,4.496900000049209,0.0,0.6941999999980908,1.2552000000596308,2.3889999999937572,0.0,execute,qp_continuous_collision_and_braking_invariant_passed,accepted,,True,1,1,True,False,True,True,True,True,True,1,0,0,0,1,0,0,1,0,True,False,False,False,1080,1055,25,0.9768518518518519,2,1,1
armbench.pi05_windowed_cpu_replay.v1,row_02736__free_space__direct_dispatch__certified_window_h1,row_02736__free_space__direct_dispatch,9,2736,free_space,certified_window_h1,10,1,62b013ffb3379eba43666abbd0be0848858bc836836b094e25ea8d74cfde9e2c,886ea36fa080335fe839d255d3dd46dc3c25eb0990bae3056fe877e5c6ac4a05,20.0,79.95957398816245,95.95957398812516,7.38309999997,15.99999999996271,1.5675000000783257,3.2661000000189233,2.2156999999651816,0.0,execute,qp_continuous_collision_and_braking_invariant_passed,accepted,,True,1,1,True,False,True,True,True,True,True,1,0,0,0,1,0,0,1,0,True,False,False,False,1029,992,37,0.9640427599611273,2,1,1
armbench.pi05_windowed_cpu_replay.v1,row_02736__single_block__direct_dispatch__certified_window_h1,row_02736__single_block__direct_dispatch,9,2736,single_block,certified_window_h1,10,1,62b013ffb3379eba43666abbd0be0848858bc836836b094e25ea8d74cfde9e2c,886ea36fa080335fe839d255d3dd46dc3c25eb0990bae3056fe877e5c6ac4a05,20.0,80.01317399612162,96.01317399608433,13.33440000007613,15.99999999996271,1.6141999999490508,4.492000000027474,6.991299999981493,0.0,execute,qp_continuous_collision_and_braking_invariant_passed,accepted,,True,1,1,True,False,True,True,True,True,True,1,0,0,0,1,0,0,1,0,True,False,False,False,1190,1147,43,0.9638655462184874,2,1,1
armbench.pi05_windowed_cpu_replay.v1,row_02736__narrow_gate__direct_dispatch__certified_window_h1,row_02736__narrow_gate__direct_dispatch,9,2736,narrow_gate,certified_window_h1,10,1,62b013ffb3379eba43666abbd0be0848858bc836836b094e25ea8d74cfde9e2c,886ea36fa080335fe839d255d3dd46dc3c25eb0990bae3056fe877e5c6ac4a05,20.0,80.14397399529116,95.1439739953912,4.589099999975588,15.000000000100044,0.908700000081808,2.297700000099212,1.220299999999952,0.0,execute,qp_continuous_collision_and_braking_invariant_passed,accepted,,True,1,1,True,False,True,True,True,True,True,1,0,0,0,1,0,0,1,0,True,False,False,False,1512,1473,39,0.9742063492063492,2,1,1
armbench.pi05_windowed_cpu_replay.v1,row_02456__free_space__direct_dispatch__certified_window_h1,row_02456__free_space__direct_dispatch,10,2456,free_space,certified_window_h1,10,1,a805df171f5b2a0bb37e82ee33c913be28ab363a08c40943c47745c4be5f166b,ac77b27f0c28d96ed531a8a0e545c66224348fbe0352a279e8a0ce13b9a19ecb,20.0,160.5769509988022,176.57695099876491,10.362099999952079,0.0,1.5906999999515392,4.087799999979325,4.449199999953635,0.0,execute,qp_continuous_collision_and_braking_invariant_passed,accepted,,True,1,1,True,False,True,True,True,True,True,1,0,0,0,1,0,0,1,0,True,False,False,False,1029,992,37,0.9640427599611273,2,1,1
armbench.pi05_windowed_cpu_replay.v1,row_02456__single_block__direct_dispatch__certified_window_h1,row_02456__single_block__direct_dispatch,10,2456,single_block,certified_window_h1,10,1,a805df171f5b2a0bb37e82ee33c913be28ab363a08c40943c47745c4be5f166b,ac77b27f0c28d96ed531a8a0e545c66224348fbe0352a279e8a0ce13b9a19ecb,20.0,160.99725099775242,160.99725099775242,5.489000000011401,0.0,0.5420999999614651,1.2940000000298824,3.561099999956241,0.0,execute,qp_continuous_collision_and_braking_invariant_passed,accepted,,True,1,1,True,False,True,True,True,True,True,1,0,0,0,1,0,0,1,0,True,False,False,False,1190,1148,42,0.9647058823529412,2,1,1
armbench.pi05_windowed_cpu_replay.v1,row_02456__narrow_gate__direct_dispatch__certified_window_h1,row_02456__narrow_gate__direct_dispatch,10,2456,narrow_gate,certified_window_h1,10,1,a805df171f5b2a0bb37e82ee33c913be28ab363a08c40943c47745c4be5f166b,ac77b27f0c28d96ed531a8a0e545c66224348fbe0352a279e8a0ce13b9a19ecb,20.0,160.55815100116888,176.55815100124528,8.446699999922203,16.000000000076398,1.5078999999786902,3.0505000000857763,3.5606000000143467,0.0,execute,qp_continuous_collision_and_braking_invariant_passed,accepted,,True,1,1,True,False,True,True,True,True,True,1,0,0,0,1,0,0,1,0,True,False,False,False,1512,1473,39,0.9742063492063492,2,1,1
armbench.pi05_windowed_cpu_replay.v1,row_02938__free_space__direct_dispatch__certified_window_h1,row_02938__free_space__direct_dispatch,11,2938,free_space,certified_window_h1,10,1,30d16912ce8098c60d419bf30ed1491235b796b186f2378fa0ebdef754cc31fd,85efd4c742b211e919131046270ab2de57ef0b8b7cbb854914db2314329daf16,20.0,111.70350899919868,127.70350899916139,10.370599999987462,15.99999999996271,1.928000000020802,3.4983999998985382,4.668400000014117,0.0,execute,qp_continuous_collision_and_braking_invariant_passed,accepted,,True,1,1,True,False,True,True,True,True,True,1,0,0,0,1,0,0,1,0,True,False,False,False,1029,992,37,0.9640427599611273,2,1,1
armbench.pi05_windowed_cpu_replay.v1,row_02938__single_block__direct_dispatch__certified_window_h1,row_02938__single_block__direct_dispatch,11,2938,single_block,certified_window_h1,10,1,30d16912ce8098c60d419bf30ed1491235b796b186f2378fa0ebdef754cc31fd,85efd4c742b211e919131046270ab2de57ef0b8b7cbb854914db2314329daf16,20.0,111.67890899378108,127.67890899374379,14.543600000024526,15.99999999996271,1.6528999999536609,4.705000000058135,7.85730000006879,0.0,execute,qp_continuous_collision_and_braking_invariant_passed,accepted,,True,1,1,True,False,True,True,True,True,True,1,0,0,0,1,0,0,1,0,True,False,False,False,1190,1149,41,0.965546218487395,2,1,1
armbench.pi05_windowed_cpu_replay.v1,row_02938__narrow_gate__direct_dispatch__certified_window_h1,row_02938__narrow_gate__direct_dispatch,11,2938,narrow_gate,certified_window_h1,10,1,30d16912ce8098c60d419bf30ed1491235b796b186f2378fa0ebdef754cc31fd,85efd4c742b211e919131046270ab2de57ef0b8b7cbb854914db2314329daf16,20.0,111.79980899760267,127.79980899756538,7.921399999986534,15.99999999996271,1.7406000000619315,2.049300000066978,3.841899999997622,0.0,execute,qp_continuous_collision_and_braking_invariant_passed,accepted,,True,1,1,True,False,True,True,True,True,True,1,0,0,0,1,0,0,1,0,True,False,False,False,1512,1473,39,0.9742063492063492,2,1,1
armbench.pi05_windowed_cpu_replay.v1,row_03122__free_space__direct_dispatch__certified_window_h1,row_03122__free_space__direct_dispatch,12,3122,free_space,certified_window_h1,10,1,4fd1a98f6e18bda6afca61b1213f09c92ed3fce35dcd8c4d53333ce515224354,63a29b9188f366b09d7237c0916e385a1f844e7ef4ef37da54a278bf231d3791,20.0,81.44486000674078,97.4448600067035,4.098699999985911,0.0,0.33569999993687816,1.31680000004053,2.3955000000341897,0.0,execute,qp_continuous_collision_and_braking_invariant_passed,accepted,,True,1,1,True,False,True,True,True,True,True,1,0,0,0,1,0,0,1,0,True,False,False,False,1029,992,37,0.9640427599611273,2,1,1
armbench.pi05_windowed_cpu_replay.v1,row_03122__single_block__direct_dispatch__certified_window_h1,row_03122__single_block__direct_dispatch,12,3122,single_block,certified_window_h1,10,1,4fd1a98f6e18bda6afca61b1213f09c92ed3fce35dcd8c4d53333ce515224354,63a29b9188f366b09d7237c0916e385a1f844e7ef4ef37da54a278bf231d3791,20.0,81.17976000357885,112.1797600036416,12.121500000034757,14.999999999986358,1.724000000081105,4.750500000000102,5.387000000041553,0.0,execute,qp_continuous_collision_and_braking_invariant_passed,accepted,,True,1,1,True,False,True,True,True,True,True,1,0,0,0,1,0,0,1,0,True,False,False,False,1190,1151,39,0.9672268907563025,2,1,1
armbench.pi05_windowed_cpu_replay.v1,row_03122__narrow_gate__direct_dispatch__certified_window_h1,row_03122__narrow_gate__direct_dispatch,12,3122,narrow_gate,certified_window_h1,10,1,4fd1a98f6e18bda6afca61b1213f09c92ed3fce35dcd8c4d53333ce515224354,63a29b9188f366b09d7237c0916e385a1f844e7ef4ef37da54a278bf231d3791,20.0,81.26705999893602,96.26705999892238,10.1671999999553,0.0,1.4446000000134518,4.01929999998174,4.526499999997213,0.0,execute,qp_continuous_collision_and_braking_invariant_passed,accepted,,True,1,1,True,False,True,True,True,True,True,1,0,0,0,1,0,0,1,0,True,False,False,False,1512,1474,38,0.9748677248677249,2,1,1
armbench.pi05_windowed_cpu_replay.v1,row_03163__free_space__direct_dispatch__certified_window_h1,row_03163__free_space__direct_dispatch,13,3163,free_space,certified_window_h1,10,1,e3ad14c7d499ec5ce4892eb2bef290b5e056a2b62568859245b6356da12457fb,536e49649958bbdeaca22538274d9d2d6a1da496029f87ab9394760706d00d55,20.0,80.90778300538659,96.9077830053493,8.92989999999827,15.99999999996271,0.592099999948914,1.6905999999607957,6.535799999937808,0.0,execute,qp_continuous_collision_and_braking_invariant_passed,accepted,,True,1,1,True,False,True,True,True,True,True,1,0,0,0,1,0,0,1,0,True,False,False,False,1029,992,37,0.9640427599611273,2,1,1
armbench.pi05_windowed_cpu_replay.v1,row_03163__single_block__direct_dispatch__certified_window_h1,row_03163__single_block__direct_dispatch,13,3163,single_block,certified_window_h1,10,1,e3ad14c7d499ec5ce4892eb2bef290b5e056a2b62568859245b6356da12457fb,536e49649958bbdeaca22538274d9d2d6a1da496029f87ab9394760706d00d55,20.0,80.80188299936708,95.80188299946713,6.751099999974031,15.000000000100044,0.37050000003091554,0.7058999999571824,5.608899999970163,0.0,execute,qp_continuous_collision_and_braking_invariant_passed,accepted,,True,1,1,True,False,True,True,True,True,True,1,0,0,0,1,0,0,1,0,True,False,False,False,1190,1151,39,0.9672268907563025,2,1,1
armbench.pi05_windowed_cpu_replay.v1,row_03163__narrow_gate__direct_dispatch__certified_window_h1,row_03163__narrow_gate__direct_dispatch,13,3163,narrow_gate,certified_window_h1,10,1,e3ad14c7d499ec5ce4892eb2bef290b5e056a2b62568859245b6356da12457fb,536e49649958bbdeaca22538274d9d2d6a1da496029f87ab9394760706d00d55,20.0,81.32088300044416,97.32088300040687,8.494499999983418,0.0,0.60320000000047,3.6354999999730353,4.168399999912253,0.0,execute,qp_continuous_collision_and_braking_invariant_passed,accepted,,True,1,1,True,False,True,True,True,True,True,1,0,0,0,1,0,0,1,0,True,False,False,False,1512,1474,38,0.9748677248677249,2,1,1
armbench.pi05_windowed_cpu_replay.v1,row_03741__free_space__direct_dispatch__certified_window_h1,row_03741__free_space__direct_dispatch,14,3741,free_space,certified_window_h1,10,1,4b7907e4aad9dc6e77f813e772c59d0c7169c40282363ff493a33e879b87cde7,92681e9be2e50751e3b6e9004e28efe129264b0b5521d51460305d3b86215d23,20.0,109.97415299789282,124.97415299787917,4.531100000008337,14.999999999986358,0.711000000023887,1.5630000000328437,2.1007999999937965,0.0,execute,qp_continuous_collision_and_braking_invariant_passed,accepted,,True,1,1,True,False,True,True,True,True,True,1,0,0,0,1,0,0,1,0,True,False,False,False,1029,991,38,0.9630709426627794,2,1,1
armbench.pi05_windowed_cpu_replay.v1,row_03741__single_block__direct_dispatch__certified_window_h1,row_03741__single_block__direct_dispatch,14,3741,single_block,certified_window_h1,10,1,4b7907e4aad9dc6e77f813e772c59d0c7169c40282363ff493a33e879b87cde7,92681e9be2e50751e3b6e9004e28efe129264b0b5521d51460305d3b86215d23,20.0,110.02595299942186,142.02595299946097,10.576499999956468,0.0,0.8986999999933687,1.7822999999452804,7.530299999984891,0.0,execute,qp_continuous_collision_and_braking_invariant_passed,accepted,,True,1,1,True,False,True,True,True,True,True,1,0,0,0,1,0,0,1,0,True,False,False,False,1190,1149,41,0.965546218487395,2,1,1
armbench.pi05_windowed_cpu_replay.v1,row_03741__narrow_gate__direct_dispatch__certified_window_h1,row_03741__narrow_gate__direct_dispatch,14,3741,narrow_gate,certified_window_h1,10,1,4b7907e4aad9dc6e77f813e772c59d0c7169c40282363ff493a33e879b87cde7,92681e9be2e50751e3b6e9004e28efe129264b0b5521d51460305d3b86215d23,20.0,109.7219529983704,140.72195299831947,10.784800000010364,0.0,1.7977999999629901,4.924800000026153,3.7886000000071363,0.0,execute,qp_continuous_collision_and_braking_invariant_passed,accepted,,True,1,1,True,False,True,True,True,True,True,1,0,0,0,1,0,0,1,0,True,False,False,False,1512,1472,40,0.9735449735449735,2,1,1
armbench.pi05_windowed_cpu_replay.v1,row_04298__free_space__direct_dispatch__certified_window_h1,row_04298__free_space__direct_dispatch,15,4298,free_space,certified_window_h1,10,1,2c585a1039cfc500fc7fe28c85a25ec32786fd8b15a0dad94b58ee736a663d79,24dccf6189ab8d10661b97cbf0c9951bdc68c20fcba2603c7fc3222d4fb47062,20.0,80.53666400519433,80.53666400519433,5.16400000003614,0.0,1.3059999999995853,2.1305000000211294,1.6028000000005704,0.0,execute,qp_continuous_collision_and_braking_invariant_passed,accepted,,True,1,1,True,False,True,True,True,True,True,1,0,0,0,1,0,0,1,0,True,False,False,False,1029,992,37,0.9640427599611273,2,1,1
armbench.pi05_windowed_cpu_replay.v1,row_04298__single_block__direct_dispatch__certified_window_h1,row_04298__single_block__direct_dispatch,15,4298,single_block,certified_window_h1,10,1,2c585a1039cfc500fc7fe28c85a25ec32786fd8b15a0dad94b58ee736a663d79,24dccf6189ab8d10661b97cbf0c9951bdc68c20fcba2603c7fc3222d4fb47062,20.0,80.55936400342034,80.55936400342034,6.0875000000351065,0.0,0.7375000000138243,2.214600000002065,3.074900000001435,0.0,execute,qp_continuous_collision_and_braking_invariant_passed,accepted,,True,1,1,True,False,True,True,True,True,True,1,0,0,0,1,0,0,1,0,True,False,False,False,1190,1148,42,0.9647058823529412,2,1,1
armbench.pi05_windowed_cpu_replay.v1,row_04298__narrow_gate__direct_dispatch__certified_window_h1,row_04298__narrow_gate__direct_dispatch,15,4298,narrow_gate,certified_window_h1,10,1,2c585a1039cfc500fc7fe28c85a25ec32786fd8b15a0dad94b58ee736a663d79,24dccf6189ab8d10661b97cbf0c9951bdc68c20fcba2603c7fc3222d4fb47062,20.0,81.24266399681801,81.24266399681801,5.391300000042065,0.0,0.5473999999594525,1.3355999999475898,3.4107999999832828,0.0,execute,qp_continuous_collision_and_braking_invariant_passed,accepted,,True,1,1,True,False,True,True,True,True,True,1,0,0,0,1,0,0,1,0,True,False,False,False,1512,1474,38,0.9748677248677249,2,1,1
armbench.pi05_windowed_cpu_replay.v1,row_03805__free_space__direct_dispatch__certified_window_h1,row_03805__free_space__direct_dispatch,16,3805,free_space,certified_window_h1,10,1,ed3ed2f05c450ceca326c550433117debafac7329c3cf9d83392e865de84d20b,0360d255242437c751079da58af6bce3566ef84a2f4ec2f7be86e7fe16148c33,20.0,142.3698360013077,157.36983600129406,5.144699999959812,14.999999999986358,0.456899999903726,1.70269999989614,2.8876999999738473,0.0,execute,qp_continuous_collision_and_braking_invariant_passed,accepted,,True,1,1,True,False,True,True,True,True,True,1,0,0,0,1,0,0,1,0,True,False,False,False,1029,992,37,0.9640427599611273,2,1,1
armbench.pi05_windowed_cpu_replay.v1,row_03805__single_block__direct_dispatch__certified_window_h1,row_03805__single_block__direct_dispatch,16,3805,single_block,certified_window_h1,10,1,ed3ed2f05c450ceca326c550433117debafac7329c3cf9d83392e865de84d20b,0360d255242437c751079da58af6bce3566ef84a2f4ec2f7be86e7fe16148c33,20.0,142.41793600376695,142.41793600376695,5.153700000050776,0.0,0.6617999999889435,1.168200000051911,3.2151999999996406,0.0,execute,qp_continuous_collision_and_braking_invariant_passed,accepted,,True,1,1,True,False,True,True,True,True,True,1,0,0,0,1,0,0,1,0,True,False,False,False,1190,1149,41,0.965546218487395,2,1,1
armbench.pi05_windowed_cpu_replay.v1,row_03805__narrow_gate__direct_dispatch__certified_window_h1,row_03805__narrow_gate__direct_dispatch,16,3805,narrow_gate,certified_window_h1,10,1,ed3ed2f05c450ceca326c550433117debafac7329c3cf9d83392e865de84d20b,0360d255242437c751079da58af6bce3566ef84a2f4ec2f7be86e7fe16148c33,20.0,142.3951360047795,157.39513600476585,10.960600000089471,0.0,0.7573999999976877,1.9717999999784297,8.143000000018219,0.0,execute,qp_continuous_collision_and_braking_invariant_passed,accepted,,True,1,1,True,False,True,True,True,True,True,1,0,0,0,1,0,0,1,0,True,False,False,False,1512,1474,38,0.9748677248677249,2,1,1
armbench.pi05_windowed_cpu_replay.v1,row_03853__free_space__direct_dispatch__certified_window_h1,row_03853__free_space__direct_dispatch,17,3853,free_space,certified_window_h1,10,1,fe36ac0713605fcc57897c367ab31e5b11dbf505ac76505ab7d16f946de13db9,263ec7cbc3f518e1b076c8870095f4c27a074d29a7cec8ac83dddb7dd169d570,20.0,113.17077699641231,129.17077699637503,6.726500000013402,15.99999999996271,0.6218999999418884,2.305500000034044,3.704100000049948,0.0,execute,qp_continuous_collision_and_braking_invariant_passed,accepted,,True,1,1,True,False,True,True,True,True,True,1,0,0,0,1,0,0,1,0,True,False,False,False,1911,1840,71,0.9628466771323915,2,1,1
armbench.pi05_windowed_cpu_replay.v1,row_03853__single_block__direct_dispatch__certified_window_h1,row_03853__single_block__direct_dispatch,17,3853,single_block,certified_window_h1,10,1,fe36ac0713605fcc57897c367ab31e5b11dbf505ac76505ab7d16f946de13db9,263ec7cbc3f518e1b076c8870095f4c27a074d29a7cec8ac83dddb7dd169d570,20.0,113.29717699845787,128.29717699855792,7.749099999955433,15.000000000100044,0.8880000000317523,3.610200000025543,3.1153999999560256,0.0,execute,qp_continuous_collision_and_braking_invariant_passed,accepted,,True,1,1,True,False,True,True,True,True,True,1,0,0,0,1,0,0,1,0,True,False,False,False,2210,2136,74,0.9665158371040724,2,1,1
armbench.pi05_windowed_cpu_replay.v1,row_03853__narrow_gate__direct_dispatch__certified_window_h1,row_03853__narrow_gate__direct_dispatch,17,3853,narrow_gate,certified_window_h1,10,1,fe36ac0713605fcc57897c367ab31e5b11dbf505ac76505ab7d16f946de13db9,263ec7cbc3f518e1b076c8870095f4c27a074d29a7cec8ac83dddb7dd169d570,20.0,114.32727699866518,130.3272769986279,7.644700000014382,0.0,0.6550000000515865,2.64300000003459,4.216300000052797,0.0,execute,qp_continuous_collision_and_braking_invariant_passed,accepted,,True,1,1,True,False,True,True,True,True,True,1,0,0,0,1,0,0,1,0,True,False,False,False,2808,2735,73,0.9740028490028491,2,1,1
armbench.pi05_windowed_cpu_replay.v1,row_04953__free_space__direct_dispatch__certified_window_h1,row_04953__free_space__direct_dispatch,18,4953,free_space,certified_window_h1,10,1,1d0a2989e76d920a59ac3a743781f15f16a583e4ded7a55d9122c2e8345072f1,bcfac441de540f295f43c146ccda825056f0c0288bc215a70821069b3d14dbc7,20.0,92.21125000476604,107.2112500047524,4.973199999994904,14.999999999986358,0.7806999999502295,1.6345999999884953,2.407800000014504,0.0,execute,qp_continuous_collision_and_braking_invariant_passed,accepted,,True,1,1,True,False,True,True,True,True,True,1,0,0,0,1,0,0,1,0,True,False,False,False,1029,992,37,0.9640427599611273,2,1,1
armbench.pi05_windowed_cpu_replay.v1,row_04953__single_block__direct_dispatch__certified_window_h1,row_04953__single_block__direct_dispatch,18,4953,single_block,certified_window_h1,10,1,1d0a2989e76d920a59ac3a743781f15f16a583e4ded7a55d9122c2e8345072f1,bcfac441de540f295f43c146ccda825056f0c0288bc215a70821069b3d14dbc7,20.0,92.31015000113985,108.31015000121624,9.288699999956407,16.000000000076398,0.7844999998951607,2.17360000010558,6.194399999913003,0.0,execute,qp_continuous_collision_and_braking_invariant_passed,accepted,,True,1,1,True,False,True,True,True,True,True,1,0,0,0,1,0,0,1,0,True,False,False,False,1190,1151,39,0.9672268907563025,2,1,1
armbench.pi05_windowed_cpu_replay.v1,row_04953__narrow_gate__direct_dispatch__certified_window_h1,row_04953__narrow_gate__direct_dispatch,18,4953,narrow_gate,certified_window_h1,10,1,1d0a2989e76d920a59ac3a743781f15f16a583e4ded7a55d9122c2e8345072f1,bcfac441de540f295f43c146ccda825056f0c0288bc215a70821069b3d14dbc7,20.0,92.36935000080848,123.36935000075755,5.881199999976161,15.99999999996271,0.7745999999997366,2.052800000001298,2.9342000000269763,0.0,execute,qp_continuous_collision_and_braking_invariant_passed,accepted,,True,1,1,True,False,True,True,True,True,True,1,0,0,0,1,0,0,1,0,True,False,False,False,1512,1475,37,0.9755291005291006,2,1,1
armbench.pi05_windowed_cpu_replay.v1,row_04773__free_space__direct_dispatch__certified_window_h1,row_04773__free_space__direct_dispatch,19,4773,free_space,certified_window_h1,10,1,0012494746ac6d95bef31165b95dad73d2233ce508b720c3e77a99bb8cb95b24,93817783d21c108416756357648e6c606e74b986b191948a8d0fb0b539866775,20.0,82.32979899912607,98.32979899908878,6.334900000069865,15.99999999996271,0.6366000000070926,1.2259999999741922,4.364099999975224,0.0,execute,qp_continuous_collision_and_braking_invariant_passed,accepted,,True,1,1,True,False,True,True,True,True,True,1,0,0,0,1,0,0,1,0,True,False,False,False,735,710,25,0.9659863945578231,2,1,1
armbench.pi05_windowed_cpu_replay.v1,row_04773__single_block__direct_dispatch__certified_window_h1,row_04773__single_block__direct_dispatch,19,4773,single_block,certified_window_h1,10,1,0012494746ac6d95bef31165b95dad73d2233ce508b720c3e77a99bb8cb95b24,93817783d21c108416756357648e6c606e74b986b191948a8d0fb0b539866775,20.0,82.25449900055537,113.25449900061813,16.618099999959668,15.000000000100044,4.445600000053673,3.9690999999493215,7.539699999938421,0.0,execute,qp_continuous_collision_and_braking_invariant_passed,accepted,,True,1,1,True,False,True,True,True,True,True,1,0,0,0,1,0,0,1,0,True,False,False,False,850,823,27,0.9682352941176471,2,1,1
armbench.pi05_windowed_cpu_replay.v1,row_04773__narrow_gate__direct_dispatch__certified_window_h1,row_04773__narrow_gate__direct_dispatch,19,4773,narrow_gate,certified_window_h1,10,1,0012494746ac6d95bef31165b95dad73d2233ce508b720c3e77a99bb8cb95b24,93817783d21c108416756357648e6c606e74b986b191948a8d0fb0b539866775,20.0,82.55759899475379,97.55759899474015,15.92629999993278,14.999999999986358,3.394100000036815,1.4864000000898159,10.369300000093062,0.0,execute,qp_continuous_collision_and_braking_invariant_passed,accepted,,True,1,1,True,False,True,True,True,True,True,1,0,0,0,1,0,0,1,0,True,False,False,False,1080,1055,25,0.9768518518518519,2,1,1
armbench.pi05_windowed_cpu_replay.v1,row_04462__free_space__direct_dispatch__certified_window_h1,row_04462__free_space__direct_dispatch,20,4462,free_space,certified_window_h1,10,1,70b9224f98dd7ca753ca304e5409a01563f652e68827468e70fea86b3cbcc658,d87bea5cda713815cc702fcf0cb689543dcb4aec4193e13e71f4a201b17e17b2,20.0,111.02229199605063,127.02229199612702,12.502600000061648,16.000000000076398,2.3423000000093452,1.0402000000340195,8.998200000064571,0.0,execute,qp_continuous_collision_and_braking_invariant_passed,accepted,,True,1,1,True,False,True,True,True,True,True,1,0,0,0,1,0,0,1,0,True,False,False,False,1029,992,37,0.9640427599611273,2,1,1
armbench.pi05_windowed_cpu_replay.v1,row_04462__single_block__direct_dispatch__certified_window_h1,row_04462__single_block__direct_dispatch,20,4462,single_block,certified_window_h1,10,1,70b9224f98dd7ca753ca304e5409a01563f652e68827468e70fea86b3cbcc658,d87bea5cda713815cc702fcf0cb689543dcb4aec4193e13e71f4a201b17e17b2,20.0,111.17109200131381,142.17109200126288,11.163299999907395,15.99999999996271,0.5143000000771281,5.916500000012093,4.595400000084737,0.0,execute,qp_continuous_collision_and_braking_invariant_passed,accepted,,True,1,1,True,False,True,True,True,True,True,1,0,0,0,1,0,0,1,0,True,False,False,False,1190,1146,44,0.9630252100840336,2,1,1
armbench.pi05_windowed_cpu_replay.v1,row_04462__narrow_gate__direct_dispatch__certified_window_h1,row_04462__narrow_gate__direct_dispatch,20,4462,narrow_gate,certified_window_h1,10,1,70b9224f98dd7ca753ca304e5409a01563f652e68827468e70fea86b3cbcc658,d87bea5cda713815cc702fcf0cb689543dcb4aec4193e13e71f4a201b17e17b2,20.0,111.15519199665869,142.15519199672144,10.1387000000841,15.99999999996271,0.8758999999827211,5.097499999919819,3.5681000000522545,0.0,execute,qp_continuous_collision_and_braking_invariant_passed,accepted,,True,1,1,True,False,True,True,True,True,True,1,0,0,0,1,0,0,1,0,True,False,False,False,1512,1474,38,0.9748677248677249,2,1,1
armbench.pi05_windowed_cpu_replay.v1,row_05082__free_space__direct_dispatch__certified_window_h1,row_05082__free_space__direct_dispatch,21,5082,free_space,certified_window_h1,10,1,577d2da6f2f31ec5d381f089ea57502db82b6bcd60b682984a7bf79c80ba6092,81a36083747d024a7b69af70f835fd989280c36af204f4a729c51a6f1058e6b8,20.0,110.6104869977571,142.61048699768253,19.77360000000772,31.99999999992542,0.4194000000552478,1.0985000000118816,18.138899999939895,0.0,execute,qp_continuous_collision_and_braking_invariant_passed,accepted,,True,1,1,True,False,True,True,True,True,True,1,0,0,0,1,0,0,1,0,True,False,False,False,1029,992,37,0.9640427599611273,2,1,1
armbench.pi05_windowed_cpu_replay.v1,row_05082__single_block__direct_dispatch__certified_window_h1,row_05082__single_block__direct_dispatch,21,5082,single_block,certified_window_h1,10,1,577d2da6f2f31ec5d381f089ea57502db82b6bcd60b682984a7bf79c80ba6092,81a36083747d024a7b69af70f835fd989280c36af204f4a729c51a6f1058e6b8,20.0,110.89368699322222,125.89368699320858,6.139500000017506,14.999999999986358,0.701299999946059,2.0203999999921507,3.314399999908346,0.0,execute,qp_continuous_collision_and_braking_invariant_passed,accepted,,True,1,1,True,False,True,True,True,True,True,1,0,0,0,1,0,0,1,0,True,False,False,False,1190,1143,47,0.9605042016806723,2,1,1
armbench.pi05_windowed_cpu_replay.v1,row_05082__narrow_gate__direct_dispatch__certified_window_h1,row_05082__narrow_gate__direct_dispatch,21,5082,narrow_gate,certified_window_h1,10,1,577d2da6f2f31ec5d381f089ea57502db82b6bcd60b682984a7bf79c80ba6092,81a36083747d024a7b69af70f835fd989280c36af204f4a729c51a6f1058e6b8,20.0,111.32948700105771,127.32948700113411,12.131000000067615,16.000000000076398,0.46809999992092344,7.94759999996586,3.5969000000477536,0.0,execute,qp_continuous_collision_and_braking_invariant_passed,accepted,,True,1,1,True,False,True,True,True,True,True,1,0,0,0,1,0,0,1,0,True,False,False,False,1512,1470,42,0.9722222222222222,2,1,1
armbench.pi05_windowed_cpu_replay.v1,row_05128__free_space__direct_dispatch__certified_window_h1,row_05128__free_space__direct_dispatch,22,5128,free_space,certified_window_h1,10,1,0e92838da6d4cdb706e0b8d31366212826fa86c5ce6ccd320378f7981599112c,eba9161044f3f67b8dae9dc84e957dbd88de7172618847162156be25d428b23c,20.0,81.91675999842118,112.91675999837025,28.807199999960176,30.99999999994907,3.7244999999757056,8.459700000003068,12.104999999905885,3.9004999999860956,hold,supervision_budget_exceeded,hold,supervision_budget,True,1,0,False,False,True,False,True,True,True,1,0,0,0,1,0,0,1,0,True,False,True,False,1029,992,37,0.9640427599611273,3,1,2
armbench.pi05_windowed_cpu_replay.v1,row_05128__single_block__direct_dispatch__certified_window_h1,row_05128__single_block__direct_dispatch,22,5128,single_block,certified_window_h1,10,1,0e92838da6d4cdb706e0b8d31366212826fa86c5ce6ccd320378f7981599112c,eba9161044f3f67b8dae9dc84e957dbd88de7172618847162156be25d428b23c,20.0,82.06626000173856,114.06626000166398,15.979700000002595,15.99999999996271,0.7683000000042739,1.8651000000318163,13.182600000050115,0.0,execute,qp_continuous_collision_and_braking_invariant_passed,accepted,,True,1,1,True,False,True,True,True,True,True,1,0,0,0,1,0,0,1,0,True,False,False,False,1190,1150,40,0.9663865546218487,2,1,1
armbench.pi05_windowed_cpu_replay.v1,row_05128__narrow_gate__direct_dispatch__certified_window_h1,row_05128__narrow_gate__direct_dispatch,22,5128,narrow_gate,certified_window_h1,10,1,0e92838da6d4cdb706e0b8d31366212826fa86c5ce6ccd320378f7981599112c,eba9161044f3f67b8dae9dc84e957dbd88de7172618847162156be25d428b23c,20.0,81.9978599975002,112.99785999756295,12.880900000027395,14.999999999986358,0.7086000000526838,7.61529999999766,4.4480000000248765,0.0,execute,qp_continuous_collision_and_braking_invariant_passed,accepted,,True,1,1,True,False,True,True,True,True,True,1,0,0,0,1,0,0,1,0,True,False,False,False,1512,1474,38,0.9748677248677249,2,1,1
armbench.pi05_windowed_cpu_replay.v1,row_05011__free_space__direct_dispatch__certified_window_h1,row_05011__free_space__direct_dispatch,23,5011,free_space,certified_window_h1,10,1,24f71f3f30cc2312cc0339c738754d5367bbccc0f419fe35bd17438d01f7e5b0,2c0b20136542e8990b28f2781c655c566293a4a9a31ede664393f56653744b5e,20.0,125.8769419946475,156.87694199459656,12.13200000006509,15.99999999996271,2.2632999999814274,5.176099999971484,4.238099999952283,0.0,execute,qp_continuous_collision_and_braking_invariant_passed,accepted,,True,1,1,True,False,True,True,True,True,True,1,0,0,0,1,0,0,1,0,True,False,False,False,1029,991,38,0.9630709426627794,2,1,1
armbench.pi05_windowed_cpu_replay.v1,row_05011__single_block__direct_dispatch__certified_window_h1,row_05011__single_block__direct_dispatch,23,5011,single_block,certified_window_h1,10,1,24f71f3f30cc2312cc0339c738754d5367bbccc0f419fe35bd17438d01f7e5b0,2c0b20136542e8990b28f2781c655c566293a4a9a31ede664393f56653744b5e,20.0,125.52454199612839,156.52454199619115,13.319600000045284,15.99999999996271,0.5485999998882107,1.8545000000358414,10.763999999994667,0.0,execute,qp_continuous_collision_and_braking_invariant_passed,accepted,,True,1,1,True,False,True,True,True,True,True,1,0,0,0,1,0,0,1,0,True,False,False,False,1190,1144,46,0.9613445378151261,2,1,1
armbench.pi05_windowed_cpu_replay.v1,row_05011__narrow_gate__direct_dispatch__certified_window_h1,row_05011__narrow_gate__direct_dispatch,23,5011,narrow_gate,certified_window_h1,10,1,24f71f3f30cc2312cc0339c738754d5367bbccc0f419fe35bd17438d01f7e5b0,2c0b20136542e8990b28f2781c655c566293a4a9a31ede664393f56653744b5e,20.0,125.34244199923705,141.34244199919976,6.079999999997199,0.0,2.3924000000761225,1.083899999912319,2.304999999978463,0.0,execute,qp_continuous_collision_and_braking_invariant_passed,accepted,,True,1,1,True,False,True,True,True,True,True,1,0,0,0,1,0,0,1,0,True,False,False,False,1512,1473,39,0.9742063492063492,2,1,1
armbench.pi05_windowed_cpu_replay.v1,row_06407__free_space__direct_dispatch__certified_window_h1,row_06407__free_space__direct_dispatch,24,6407,free_space,certified_window_h1,10,1,7b5e04770f18653120842172231465c3df16a76a94e8a11104babba987988de8,64f51553745e39a315470ab9f1cc5a5c69faa22a991e9e8b9d209eb7ca4fd089,20.0,79.93548199738143,94.93548199736779,3.5563000000138345,0.0,0.46589999999469,1.2960000000248328,1.7081999999390973,0.0,execute,qp_continuous_collision_and_braking_invariant_passed,accepted,,True,1,1,True,False,True,True,True,True,True,1,0,0,0,1,0,0,1,0,True,False,False,False,1029,992,37,0.9640427599611273,2,1,1
armbench.pi05_windowed_cpu_replay.v1,row_06407__single_block__direct_dispatch__certified_window_h1,row_06407__single_block__direct_dispatch,24,6407,single_block,certified_window_h1,10,1,7b5e04770f18653120842172231465c3df16a76a94e8a11104babba987988de8,64f51553745e39a315470ab9f1cc5a5c69faa22a991e9e8b9d209eb7ca4fd089,20.0,79.68128198990598,111.68128198994509,9.323300000005474,16.000000000076398,4.1720000000395885,2.629099999921891,1.9215000000940563,0.0,execute,qp_continuous_collision_and_braking_invariant_passed,accepted,,True,1,1,True,False,True,True,True,True,True,1,0,0,0,1,0,0,1,0,True,False,False,False,1190,1146,44,0.9630252100840336,2,1,1
armbench.pi05_windowed_cpu_replay.v1,row_06407__narrow_gate__direct_dispatch__certified_window_h1,row_06407__narrow_gate__direct_dispatch,24,6407,narrow_gate,certified_window_h1,10,1,7b5e04770f18653120842172231465c3df16a76a94e8a11104babba987988de8,64f51553745e39a315470ab9f1cc5a5c69faa22a991e9e8b9d209eb7ca4fd089,20.0,79.81598198966822,94.81598198965457,7.657100000074024,14.999999999986358,0.7636000000275089,2.267500000016298,4.463699999973869,0.0,execute,qp_continuous_collision_and_braking_invariant_passed,accepted,,True,1,1,True,False,True,True,True,True,True,1,0,0,0,1,0,0,1,0,True,False,False,False,1512,1473,39,0.9742063492063492,2,1,1
armbench.pi05_windowed_cpu_replay.v1,row_06364__free_space__direct_dispatch__certified_window_h1,row_06364__free_space__direct_dispatch,25,6364,free_space,certified_window_h1,10,1,099bef15a0770071b640eb04fb9e343f82702d9e681553817b0e1967bc447ca8,f46ae38dd3dba77659395a4938cdb8a443ef4e2289db13a2b642448ea9a26a4a,20.0,82.34263800113695,82.34263800113695,12.489399999935813,0.0,0.5474000000731394,1.2394999999969514,10.138399999959802,0.0,execute,qp_continuous_collision_and_braking_invariant_passed,accepted,,True,1,1,True,False,True,True,True,True,True,1,0,0,0,1,0,0,1,0,True,False,False,False,1029,993,36,0.9650145772594753,2,1,1
armbench.pi05_windowed_cpu_replay.v1,row_06364__single_block__direct_dispatch__certified_window_h1,row_06364__single_block__direct_dispatch,25,6364,single_block,certified_window_h1,10,1,099bef15a0770071b640eb04fb9e343f82702d9e681553817b0e1967bc447ca8,f46ae38dd3dba77659395a4938cdb8a443ef4e2289db13a2b642448ea9a26a4a,20.0,82.07083799061365,113.07083799056272,28.953799999953844,30.99999999994907,0.735299999973904,7.603399999993599,19.629499999950895,0.8583000000044194,hold,supervision_budget_exceeded,hold,supervision_budget,True,1,0,False,False,True,False,True,True,True,1,0,0,0,1,0,0,1,0,True,False,True,False,1190,1152,38,0.9680672268907563,3,1,2
armbench.pi05_windowed_cpu_replay.v1,row_06364__narrow_gate__direct_dispatch__certified_window_h1,row_06364__narrow_gate__direct_dispatch,25,6364,narrow_gate,certified_window_h1,10,1,099bef15a0770071b640eb04fb9e343f82702d9e681553817b0e1967bc447ca8,f46ae38dd3dba77659395a4938cdb8a443ef4e2289db13a2b642448ea9a26a4a,20.0,82.32073799445061,98.32073799441332,12.169100000051003,15.99999999996271,2.3247000000310436,6.242999999926724,3.1850000000304135,0.0,execute,qp_continuous_collision_and_braking_invariant_passed,accepted,,True,1,1,True,False,True,True,True,True,True,1,0,0,0,1,0,0,1,0,True,False,False,False,1512,1476,36,0.9761904761904762,2,1,1
armbench.pi05_windowed_cpu_replay.v1,row_06056__free_space__direct_dispatch__certified_window_h1,row_06056__free_space__direct_dispatch,26,6056,free_space,certified_window_h1,10,1,d0b5162cd61b5df39a5caf842d2257e7f6d300cbbf1f21fa30dcf183810e85e2,b481ebb784317358da9714bb652ef191b38cb46e946efa92e451561fb73c5023,20.0,119.53662599989912,119.53662599989912,6.012000000055195,0.0,0.6621999999651962,2.038000000084139,3.1002999999145686,0.0,execute,qp_continuous_collision_and_braking_invariant_passed,accepted,,True,1,1,True,False,True,True,True,True,True,1,0,0,0,1,0,0,1,0,True,False,False,False,1029,992,37,0.9640427599611273,2,1,1
armbench.pi05_windowed_cpu_replay.v1,row_06056__single_block__direct_dispatch__certified_window_h1,row_06056__single_block__direct_dispatch,26,6056,single_block,certified_window_h1,10,1,d0b5162cd61b5df39a5caf842d2257e7f6d300cbbf1f21fa30dcf183810e85e2,b481ebb784317358da9714bb652ef191b38cb46e946efa92e451561fb73c5023,20.0,119.18442600290291,119.18442600290291,6.280299999957606,0.0,0.5994000000555388,1.7093999999815424,3.8600999999971464,0.0,execute,qp_continuous_collision_and_braking_invariant_passed,accepted,,True,1,1,True,False,True,True,True,True,True,1,0,0,0,1,0,0,1,0,True,False,False,False,1190,1151,39,0.9672268907563025,2,1,1
armbench.pi05_windowed_cpu_replay.v1,row_06056__narrow_gate__direct_dispatch__certified_window_h1,row_06056__narrow_gate__direct_dispatch,26,6056,narrow_gate,certified_window_h1,10,1,d0b5162cd61b5df39a5caf842d2257e7f6d300cbbf1f21fa30dcf183810e85e2,b481ebb784317358da9714bb652ef191b38cb46e946efa92e451561fb73c5023,20.0,119.34112600283697,135.34112600279968,16.932900000028894,15.99999999996271,4.716799999982868,2.8293000000303437,8.832200000028934,0.0,execute,qp_continuous_collision_and_braking_invariant_passed,accepted,,True,1,1,True,False,True,True,True,True,True,1,0,0,0,1,0,0,1,0,True,False,False,False,1512,1473,39,0.9742063492063492,2,1,1
armbench.pi05_windowed_cpu_replay.v1,row_07683__free_space__direct_dispatch__certified_window_h1,row_07683__free_space__direct_dispatch,27,7683,free_space,certified_window_h1,10,1,a00422d34079c464db8df8c5409bf2828aea05bbf77b08b587c170edb57e57c7,edba285177931ffd37a97eea8190dea45287e21513bb609216344a9e1005d024,20.0,80.2862310083583,96.2862310084347,3.8005000000111977,16.000000000076398,0.39589999994404934,1.234199999998964,1.9577000000481348,0.0,execute,qp_continuous_collision_and_braking_invariant_passed,accepted,,True,1,1,True,False,True,True,True,True,True,1,0,0,0,1,0,0,1,0,True,False,False,False,1029,992,37,0.9640427599611273,2,1,1
armbench.pi05_windowed_cpu_replay.v1,row_07683__single_block__direct_dispatch__certified_window_h1,row_07683__single_block__direct_dispatch,27,7683,single_block,certified_window_h1,10,1,a00422d34079c464db8df8c5409bf2828aea05bbf77b08b587c170edb57e57c7,edba285177931ffd37a97eea8190dea45287e21513bb609216344a9e1005d024,20.0,80.42503100296017,95.42503100294653,13.031399999931637,14.999999999986358,0.36009999996622355,4.758100000003651,7.853500000010172,0.0,execute,qp_continuous_collision_and_braking_invariant_passed,accepted,,True,1,1,True,False,True,True,True,True,True,1,0,0,0,1,0,0,1,0,True,False,False,False,1190,1151,39,0.9672268907563025,2,1,1
armbench.pi05_windowed_cpu_replay.v1,row_07683__narrow_gate__direct_dispatch__certified_window_h1,row_07683__narrow_gate__direct_dispatch,27,7683,narrow_gate,certified_window_h1,10,1,a00422d34079c464db8df8c5409bf2828aea05bbf77b08b587c170edb57e57c7,edba285177931ffd37a97eea8190dea45287e21513bb609216344a9e1005d024,20.0,80.37813100963831,95.37813100973835,10.510899999985668,15.000000000100044,4.898400000001857,2.0541000000093845,2.69920000005186,0.0,execute,qp_continuous_collision_and_braking_invariant_passed,accepted,,True,1,1,True,False,True,True,True,True,True,1,0,0,0,1,0,0,1,0,True,False,False,False,1512,1474,38,0.9748677248677249,2,1,1
armbench.pi05_windowed_cpu_replay.v1,row_07373__free_space__direct_dispatch__certified_window_h1,row_07373__free_space__direct_dispatch,28,7373,free_space,certified_window_h1,10,1,e342e284a6b9329bf43b6560e5358b71495f40177533837036afecf930c2b4c0,48a4735334003de534a7da73d8a4d4f04e8fa7adf2829a853283d3947a316f41,20.0,95.29193700291216,95.29193700291216,4.881799999907344,0.0,0.5292999999255699,1.3395999999374908,2.906499999994594,0.0,execute,qp_continuous_collision_and_braking_invariant_passed,accepted,,True,1,1,True,False,True,True,True,True,True,1,0,0,0,1,0,0,1,0,True,False,False,False,1029,992,37,0.9640427599611273,2,1,1
armbench.pi05_windowed_cpu_replay.v1,row_07373__single_block__direct_dispatch__certified_window_h1,row_07373__single_block__direct_dispatch,28,7373,single_block,certified_window_h1,10,1,e342e284a6b9329bf43b6560e5358b71495f40177533837036afecf930c2b4c0,48a4735334003de534a7da73d8a4d4f04e8fa7adf2829a853283d3947a316f41,20.0,94.81193700048607,109.81193700047243,11.061499999982516,14.999999999986358,0.6396999999651598,1.9884999999248976,8.318300000041745,0.0,execute,qp_continuous_collision_and_braking_invariant_passed,accepted,,True,1,1,True,False,True,True,True,True,True,1,0,0,0,1,0,0,1,0,True,False,False,False,1190,1146,44,0.9630252100840336,2,1,1
armbench.pi05_windowed_cpu_replay.v1,row_07373__narrow_gate__direct_dispatch__certified_window_h1,row_07373__narrow_gate__direct_dispatch,28,7373,narrow_gate,certified_window_h1,10,1,e342e284a6b9329bf43b6560e5358b71495f40177533837036afecf930c2b4c0,48a4735334003de534a7da73d8a4d4f04e8fa7adf2829a853283d3947a316f41,20.0,94.97553700202843,94.97553700202843,5.409400000075948,0.0,0.6796999999778564,1.8300000000408545,2.754800000047908,0.0,execute,qp_continuous_collision_and_braking_invariant_passed,accepted,,True,1,1,True,False,True,True,True,True,True,1,0,0,0,1,0,0,1,0,True,False,False,False,1512,1474,38,0.9748677248677249,2,1,1
armbench.pi05_windowed_cpu_replay.v1,row_07772__free_space__direct_dispatch__certified_window_h1,row_07772__free_space__direct_dispatch,29,7772,free_space,certified_window_h1,10,1,c3533edfda4b0016620bef05041c1b2e100c114929dc01b6c006379c8f39062d,ea68999022578c052b3a24c77884d4980cb78ee50ec5b92e526a2b04dab89659,20.0,109.84383399772923,124.84383399771559,3.7446000000045387,14.999999999986358,0.5370000000084474,1.0184999999864885,1.7981999999392428,0.0,execute,qp_continuous_collision_and_braking_invariant_passed,accepted,,True,1,1,True,False,True,True,True,True,True,1,0,0,0,1,0,0,1,0,True,False,False,False,1029,992,37,0.9640427599611273,2,1,1
armbench.pi05_windowed_cpu_replay.v1,row_07772__single_block__direct_dispatch__certified_window_h1,row_07772__single_block__direct_dispatch,29,7772,single_block,certified_window_h1,10,1,c3533edfda4b0016620bef05041c1b2e100c114929dc01b6c006379c8f39062d,ea68999022578c052b3a24c77884d4980cb78ee50ec5b92e526a2b04dab89659,20.0,109.91603399452288,140.91603399458563,25.50589999998465,15.000000000100044,0.7042999999384847,3.2206000000769563,18.86950000005072,2.5604999999586653,hold,supervision_budget_exceeded,hold,supervision_budget,True,1,0,False,False,True,False,True,True,True,1,0,0,0,1,0,0,1,0,True,False,True,False,1190,1146,44,0.9630252100840336,3,1,2
armbench.pi05_windowed_cpu_replay.v1,row_07772__narrow_gate__direct_dispatch__certified_window_h1,row_07772__narrow_gate__direct_dispatch,29,7772,narrow_gate,certified_window_h1,10,1,c3533edfda4b0016620bef05041c1b2e100c114929dc01b6c006379c8f39062d,ea68999022578c052b3a24c77884d4980cb78ee50ec5b92e526a2b04dab89659,20.0,109.8769340023864,140.87693400244916,24.162100000012288,14.999999999986358,3.4252000000378757,5.701000000044587,11.570300000016687,2.8939000000036685,hold,supervision_budget_exceeded,hold,supervision_budget,True,1,0,False,False,True,False,True,True,True,1,0,0,0,1,0,0,1,0,True,False,True,False,1512,1473,39,0.9742063492063492,3,1,2
