scenario,payload_mass,execution_horizon,query_index,sequence_id,action_offset,action_index,executed,decision_status,policy_source,reason,intervened,scale,raw_action,guarded_action,q_before,q_after
single_block,0.0,15,0,0,0,0,True,guarded,scripted_non_learned_reference,accepted,False,1.0,"[-0.041088638565048, 0.10602430311095368, -0.034191399087225585, 0.1825242270099614, -0.04941966733793654, 0.09622664291576766, -0.26099999999681045, 0.9999999260599012]","[-0.041088638565048, 0.10602430311095368, -0.034191399087225585, 0.1825242270099614, -0.04941966733793654, 0.09622664291576766, -0.26099999999681045, 0.9999999260599012]","[-6.645505167103729e-12, -0.7499999999998178, -8.430052443761439e-12, -2.2499999999996256, -1.5328964921158848e-11, 1.5500000000003826, 0.7499999999997874]","[-0.002739242577648705, -0.7429317131257542, -0.002279426614245091, -2.2378317181989615, -0.0032946445045247343, 1.5564151095281005, 0.7326]"
single_block,0.0,15,0,0,0,1,True,guarded,scripted_non_learned_reference,accepted,False,1.0,"[-0.04108863866473058, 0.10602430311368816, -0.034191399213676366, 0.1825242270155769, -0.049419667567871015, 0.0962266429215064, -0.26099999999999957, 0.9999999260599012]","[-0.04108863866473058, 0.10602430311368816, -0.034191399213676366, 0.1825242270155769, -0.049419667567871015, 0.0962266429215064, -0.26099999999999957, 0.9999999260599012]","[-0.002739242577648705, -0.7429317131257542, -0.002279426614245091, -2.2378317181989615, -0.0032946445045247343, 1.5564151095281005, 0.7326]","[-0.00547848515529741, -0.7358634262515084, -0.004558853228490182, -2.225663436397923, -0.0065892890090494685, 1.562830219056201, 0.7152000000000001]"
single_block,0.0,15,0,0,0,2,True,guarded,scripted_non_learned_reference,accepted,False,1.0,"[-0.041088638664730594, 0.10602430311368649, -0.03419139921367637, 0.1825242270155769, -0.04941966756787102, 0.0962266429215064, -0.26100000000000123, 0.9999999260599012]","[-0.041088638664730594, 0.10602430311368649, -0.03419139921367637, 0.1825242270155769, -0.04941966756787102, 0.0962266429215064, -0.26100000000000123, 0.9999999260599012]","[-0.00547848515529741, -0.7358634262515084, -0.004558853228490182, -2.225663436397923, -0.0065892890090494685, 1.562830219056201, 0.7152000000000001]","[-0.008217727732946116, -0.7287951393772626, -0.006838279842735274, -2.2134951545968846, -0.009883933513574203, 1.5692453285843013, 0.6978]"
single_block,0.0,15,0,0,0,3,True,guarded,scripted_non_learned_reference,accepted,False,1.0,"[-0.041088638664730566, 0.10602430311368649, -0.03419139921367636, 0.1825242270155769, -0.04941966756787101, 0.09622664292150307, -0.26099999999999957, 0.9999999260599012]","[-0.041088638664730566, 0.10602430311368649, -0.03419139921367636, 0.1825242270155769, -0.04941966756787101, 0.09622664292150307, -0.26099999999999957, 0.9999999260599012]","[-0.008217727732946116, -0.7287951393772626, -0.006838279842735274, -2.2134951545968846, -0.009883933513574203, 1.5692453285843013, 0.6978]","[-0.01095697031059482, -0.7217268525030168, -0.009117706456980365, -2.201326872795846, -0.013178578018098937, 1.5756604381124015, 0.6804]"
single_block,0.0,15,0,0,0,4,True,guarded,scripted_non_learned_reference,accepted,False,1.0,"[-0.041088638664730594, 0.10602430311368816, -0.03419139921367637, 0.1825242270155769, -0.049419667567871035, 0.0962266429215064, -0.26099999999999957, 0.9999999260599012]","[-0.041088638664730594, 0.10602430311368816, -0.03419139921367637, 0.1825242270155769, -0.049419667567871035, 0.0962266429215064, -0.26099999999999957, 0.9999999260599012]","[-0.01095697031059482, -0.7217268525030168, -0.009117706456980365, -2.201326872795846, -0.013178578018098937, 1.5756604381124015, 0.6804]","[-0.013696212888243527, -0.714658565628771, -0.011397133071225456, -2.1891585909948077, -0.016473222522623673, 1.582075547640502, 0.663]"
single_block,0.0,15,0,0,0,5,True,guarded,scripted_non_learned_reference,accepted,False,1.0,"[-0.041088638664730594, 0.10602430311368649, -0.03419139921367637, 0.1825242270155769, -0.04941966756787101, 0.0962266429215064, -0.26100000000000123, 0.9999999260599012]","[-0.041088638664730594, 0.10602430311368649, -0.03419139921367637, 0.1825242270155769, -0.04941966756787101, 0.0962266429215064, -0.26100000000000123, 0.9999999260599012]","[-0.013696212888243527, -0.714658565628771, -0.011397133071225456, -2.1891585909948077, -0.016473222522623673, 1.582075547640502, 0.663]","[-0.016435455465892233, -0.7075902787545252, -0.013676559685470548, -2.1769903091937692, -0.019767867027148407, 1.5884906571686024, 0.6456]"
single_block,0.0,15,0,0,0,6,True,guarded,scripted_non_learned_reference,accepted,False,1.0,"[-0.04108863866473054, 0.10602430311368649, -0.034191399213676324, 0.18252422701557025, -0.04941966756787096, 0.0962266429215064, -0.26099999999999957, 0.9999999260599012]","[-0.04108863866473054, 0.10602430311368649, -0.034191399213676324, 0.18252422701557025, -0.04941966756787096, 0.0962266429215064, -0.26099999999999957, 0.9999999260599012]","[-0.016435455465892233, -0.7075902787545252, -0.013676559685470548, -2.1769903091937692, -0.019767867027148407, 1.5884906571686024, 0.6456]","[-0.019174698043540935, -0.7005219918802794, -0.015955986299715636, -2.164822027392731, -0.023062511531673137, 1.5949057666967028, 0.6282]"
single_block,0.0,15,0,0,0,7,True,guarded,scripted_non_learned_reference,accepted,False,1.0,"[-0.041088638664730594, 0.10602430311368816, -0.0341913992136764, 0.1825242270155769, -0.04941966756787106, 0.0962266429215064, -0.26099999999999957, 0.9999999260599012]","[-0.041088638664730594, 0.10602430311368816, -0.0341913992136764, 0.1825242270155769, -0.04941966756787106, 0.0962266429215064, -0.26099999999999957, 0.9999999260599012]","[-0.019174698043540935, -0.7005219918802794, -0.015955986299715636, -2.164822027392731, -0.023062511531673137, 1.5949057666967028, 0.6282]","[-0.02191394062118964, -0.6934537050060335, -0.01823541291396073, -2.1526537455916928, -0.026357156036197874, 1.6013208762248032, 0.6108]"
single_block,0.0,15,0,0,0,8,True,guarded,scripted_non_learned_reference,accepted,False,1.0,"[-0.041088638664730594, 0.10602430311368649, -0.03419139921367635, 0.1825242270155769, -0.04941966756787101, 0.0962266429215064, -0.26099999999999957, 0.9999999260599012]","[-0.041088638664730594, 0.10602430311368649, -0.03419139921367635, 0.1825242270155769, -0.04941966756787101, 0.0962266429215064, -0.26099999999999957, 0.9999999260599012]","[-0.02191394062118964, -0.6934537050060335, -0.01823541291396073, -2.1526537455916928, -0.026357156036197874, 1.6013208762248032, 0.6108]","[-0.024653183198838347, -0.6863854181317878, -0.02051483952820582, -2.1404854637906543, -0.029651800540722608, 1.6077359857529037, 0.5934]"
single_block,0.0,15,0,0,0,9,True,guarded,scripted_non_learned_reference,accepted,False,1.0,"[-0.041088638664730594, 0.10602430311368649, -0.0341913992136764, 0.1825242270155769, -0.04941966756787106, 0.09622664292150307, -0.26100000000000123, 0.9999999260599012]","[-0.041088638664730594, 0.10602430311368649, -0.0341913992136764, 0.1825242270155769, -0.04941966756787106, 0.09622664292150307, -0.26100000000000123, 0.9999999260599012]","[-0.024653183198838347, -0.6863854181317878, -0.02051483952820582, -2.1404854637906543, -0.029651800540722608, 1.6077359857529037, 0.5934]","[-0.027392425776487053, -0.679317131257542, -0.022794266142450913, -2.128317181989616, -0.032946445045247345, 1.6141510952810039, 0.576]"
single_block,0.0,15,0,0,0,10,True,guarded,scripted_non_learned_reference,accepted,False,1.0,"[-0.04108863866473054, 0.10602430311368816, -0.03419139921367635, 0.1825242270155769, -0.049419667567870904, 0.0962266429215064, -0.26099999999999957, 0.9999999260599012]","[-0.04108863866473054, 0.10602430311368816, -0.03419139921367635, 0.1825242270155769, -0.049419667567870904, 0.0962266429215064, -0.26099999999999957, 0.9999999260599012]","[-0.027392425776487053, -0.679317131257542, -0.022794266142450913, -2.128317181989616, -0.032946445045247345, 1.6141510952810039, 0.576]","[-0.030131668354135756, -0.6722488443832961, -0.025073692756696003, -2.1161489001885774, -0.03624108954977207, 1.6205662048091043, 0.5586]"
single_block,0.0,15,0,0,0,11,True,guarded,scripted_non_learned_reference,accepted,False,1.0,"[-0.04108863866473064, 0.10602430311368649, -0.0341913992136764, 0.1825242270155769, -0.04941966756787111, 0.0962266429215064, -0.26099999999999957, 0.9999999260599012]","[-0.04108863866473064, 0.10602430311368649, -0.0341913992136764, 0.1825242270155769, -0.04941966756787111, 0.0962266429215064, -0.26099999999999957, 0.9999999260599012]","[-0.030131668354135756, -0.6722488443832961, -0.025073692756696003, -2.1161489001885774, -0.03624108954977207, 1.6205662048091043, 0.5586]","[-0.032870910931784465, -0.6651805575090504, -0.027353119370941096, -2.103980618387539, -0.03953573405429681, 1.6269813143372047, 0.5412]"
single_block,0.0,15,0,0,0,12,True,guarded,scripted_non_learned_reference,accepted,False,1.0,"[-0.04108863866473054, 0.10602430311368649, -0.03419139921367635, 0.1825242270155769, -0.04941966756787101, 0.0962266429215064, -0.26099999999999957, 0.9999999260599012]","[-0.04108863866473054, 0.10602430311368649, -0.03419139921367635, 0.1825242270155769, -0.04941966756787101, 0.0962266429215064, -0.26099999999999957, 0.9999999260599012]","[-0.032870910931784465, -0.6651805575090504, -0.027353119370941096, -2.103980618387539, -0.03953573405429681, 1.6269813143372047, 0.5412]","[-0.03561015350943317, -0.6581122706348046, -0.029632545985186186, -2.0918123365865005, -0.04283037855882155, 1.6333964238653051, 0.5238]"
single_block,0.0,15,0,0,0,13,True,guarded,scripted_non_learned_reference,accepted,False,1.0,"[-0.04108863866473054, 0.10602430311368816, -0.034191399213676296, 0.1825242270155769, -0.049419667567870904, 0.0962266429215064, -0.26100000000000123, 0.9999999260599012]","[-0.04108863866473054, 0.10602430311368816, -0.034191399213676296, 0.1825242270155769, -0.049419667567870904, 0.0962266429215064, -0.26100000000000123, 0.9999999260599012]","[-0.03561015350943317, -0.6581122706348046, -0.029632545985186186, -2.0918123365865005, -0.04283037855882155, 1.6333964238653051, 0.5238]","[-0.03834939608708187, -0.6510439837605587, -0.03191197259943127, -2.079644054785462, -0.046125023063346274, 1.6398115333934056, 0.5064]"
single_block,0.0,15,0,0,0,14,True,guarded,scripted_non_learned_reference,accepted,False,1.0,"[-0.04108863866473064, 0.10602430311368649, -0.0341913992136764, 0.1825242270155769, -0.04941966756787111, 0.0962266429215064, -0.26099999999999957, 0.9999999260599012]","[-0.04108863866473064, 0.10602430311368649, -0.0341913992136764, 0.1825242270155769, -0.04941966756787111, 0.0962266429215064, -0.26099999999999957, 0.9999999260599012]","[-0.03834939608708187, -0.6510439837605587, -0.03191197259943127, -2.079644054785462, -0.046125023063346274, 1.6398115333934056, 0.5064]","[-0.04108863866473058, -0.643975696886313, -0.034191399213676366, -2.0674757729844235, -0.049419667567871015, 1.646226642921506, 0.489]"
single_block,0.0,15,1,15,15,0,True,guarded,scripted_non_learned_reference,accepted,False,1.0,"[-0.04610686877297026, 0.11765577736945754, -0.038534706041422964, 0.20944751958648533, -0.06175014406968188, 0.13276191104930724, -0.3905837151286354, 0.9999968563063666]","[-0.04610686877297026, 0.11765577736945754, -0.038534706041422964, 0.20944751958648533, -0.06175014406968188, 0.13276191104930724, -0.3905837151286354, 0.9999968563063666]","[-0.04075408999084793, -0.6447511285033644, -0.03390184542515993, -2.0692706591558174, -0.04859763580108362, 1.6437909583796524, 0.49763891434190904]","[-0.04382788124237928, -0.6369074100120672, -0.03647082582792146, -2.055307491183385, -0.05271431207239575, 1.6526417524496062, 0.4716]"
single_block,0.0,15,1,15,15,1,True,guarded,scripted_non_learned_reference,accepted,False,1.0,"[-0.04108863866473054, 0.10602430311368816, -0.034191399213676296, 0.1825242270155769, -0.049419667567870904, 0.0962266429215064, -0.2610000000000004, 0.9999968563063666]","[-0.04108863866473054, 0.10602430311368816, -0.034191399213676296, 0.1825242270155769, -0.049419667567870904, 0.0962266429215064, -0.2610000000000004, 0.9999968563063666]","[-0.04382788124237928, -0.6369074100120672, -0.03647082582792146, -2.055307491183385, -0.05271431207239575, 1.6526417524496062, 0.4716]","[-0.046567123820027985, -0.6298391231378213, -0.038750252442166545, -2.0431392093823466, -0.056008956576920475, 1.6590568619777066, 0.4542]"
single_block,0.0,15,1,15,15,2,True,guarded,scripted_non_learned_reference,accepted,False,1.0,"[-0.04108863866473064, 0.10602430311368649, -0.0341913992136764, 0.18252422701557025, -0.04941966756787111, 0.0962266429215064, -0.26099999999999957, 0.9999968563063666]","[-0.04108863866473064, 0.10602430311368649, -0.0341913992136764, 0.18252422701557025, -0.04941966756787111, 0.0962266429215064, -0.26099999999999957, 0.9999968563063666]","[-0.046567123820027985, -0.6298391231378213, -0.038750252442166545, -2.0431392093823466, -0.056008956576920475, 1.6590568619777066, 0.4542]","[-0.049306366397676694, -0.6227708362635755, -0.04102967905641164, -2.0309709275813086, -0.059303601081445216, 1.665471971505807, 0.4368]"
single_block,0.0,15,1,15,15,3,True,guarded,scripted_non_learned_reference,accepted,False,1.0,"[-0.041088638664730434, 0.10602430311368649, -0.034191399213676296, 0.1825242270155769, -0.0494196675678708, 0.0962266429215064, -0.26099999999999957, 0.9999968563063666]","[-0.041088638664730434, 0.10602430311368649, -0.034191399213676296, 0.1825242270155769, -0.0494196675678708, 0.0962266429215064, -0.26099999999999957, 0.9999968563063666]","[-0.049306366397676694, -0.6227708362635755, -0.04102967905641164, -2.0309709275813086, -0.059303601081445216, 1.665471971505807, 0.4368]","[-0.05204560897532539, -0.6157025493893298, -0.043309105670656725, -2.01880264578027, -0.06259824558596994, 1.6718870810339075, 0.41940000000000005]"
single_block,0.0,15,1,15,15,4,True,guarded,scripted_non_learned_reference,accepted,False,1.0,"[-0.041088638664730746, 0.10602430311368816, -0.034191399213676504, 0.1825242270155769, -0.04941966756787132, 0.0962266429215064, -0.26100000000000123, 0.9999968563063666]","[-0.041088638664730746, 0.10602430311368816, -0.034191399213676504, 0.1825242270155769, -0.04941966756787132, 0.0962266429215064, -0.26100000000000123, 0.9999968563063666]","[-0.05204560897532539, -0.6157025493893298, -0.043309105670656725, -2.01880264578027, -0.06259824558596994, 1.6718870810339075, 0.41940000000000005]","[-0.054784851552974106, -0.6086342625150839, -0.045588532284901825, -2.0066343639792317, -0.06589289009049469, 1.678302190562008, 0.40199999999999997]"
single_block,0.0,15,1,15,15,5,True,guarded,scripted_non_learned_reference,accepted,False,1.0,"[-0.04108863866473054, 0.10602430311368649, -0.034191399213676296, 0.1825242270155769, -0.049419667567870904, 0.0962266429215064, -0.26099999999999957, 0.9999968563063666]","[-0.04108863866473054, 0.10602430311368649, -0.034191399213676296, 0.1825242270155769, -0.049419667567870904, 0.0962266429215064, -0.26099999999999957, 0.9999968563063666]","[-0.054784851552974106, -0.6086342625150839, -0.045588532284901825, -2.0066343639792317, -0.06589289009049469, 1.678302190562008, 0.40199999999999997]","[-0.05752409413062281, -0.6015659756408381, -0.04786795889914691, -1.9944660821781932, -0.06918753459501942, 1.6847173000901083, 0.3846]"
single_block,0.0,15,1,15,15,6,True,guarded,scripted_non_learned_reference,accepted,False,1.0,"[-0.04108863866473054, 0.10602430311368649, -0.0341913992136764, 0.1825242270155769, -0.049419667567870904, 0.09622664292150307, -0.26099999999999957, 0.9999968563063666]","[-0.04108863866473054, 0.10602430311368649, -0.0341913992136764, 0.1825242270155769, -0.049419667567870904, 0.09622664292150307, -0.26099999999999957, 0.9999968563063666]","[-0.05752409413062281, -0.6015659756408381, -0.04786795889914691, -1.9944660821781932, -0.06918753459501942, 1.6847173000901083, 0.3846]","[-0.06026333670827151, -0.5944976887665924, -0.050147385513392005, -1.9822978003771548, -0.07248217909954414, 1.6911324096182085, 0.3672]"
single_block,0.0,15,1,15,15,7,True,guarded,scripted_non_learned_reference,accepted,False,1.0,"[-0.041088638664730434, 0.10602430311368816, -0.034191399213676296, 0.1825242270155769, -0.04941966756787111, 0.0962266429215064, -0.26099999999999957, 0.9999968563063666]","[-0.041088638664730434, 0.10602430311368816, -0.034191399213676296, 0.1825242270155769, -0.04941966756787111, 0.0962266429215064, -0.26099999999999957, 0.9999968563063666]","[-0.06026333670827151, -0.5944976887665924, -0.050147385513392005, -1.9822978003771548, -0.07248217909954414, 1.6911324096182085, 0.3672]","[-0.06300257928592021, -0.5874294018923465, -0.05242681212763709, -1.9701295185761163, -0.07577682360406889, 1.697547519146309, 0.34980000000000006]"
single_block,0.0,15,1,15,15,8,True,guarded,scripted_non_learned_reference,accepted,False,1.0,"[-0.04108863866473085, 0.10602430311368649, -0.034191399213676504, 0.1825242270155769, -0.04941966756787111, 0.0962266429215064, -0.26100000000000123, 0.9999968563063666]","[-0.04108863866473085, 0.10602430311368649, -0.034191399213676504, 0.1825242270155769, -0.04941966756787111, 0.0962266429215064, -0.26100000000000123, 0.9999968563063666]","[-0.06300257928592021, -0.5874294018923465, -0.05242681212763709, -1.9701295185761163, -0.07577682360406889, 1.697547519146309, 0.34980000000000006]","[-0.06574182186356893, -0.5803611150181007, -0.05470623874188219, -1.9579612367750778, -0.07907146810859363, 1.7039626286744094, 0.3324]"
single_block,0.0,15,1,15,15,9,True,guarded,scripted_non_learned_reference,accepted,False,1.0,"[-0.041088638664730434, 0.10602430311368649, -0.034191399213676296, 0.1825242270155769, -0.049419667567870904, 0.0962266429215064, -0.26099999999999957, 0.9999968563063666]","[-0.041088638664730434, 0.10602430311368649, -0.034191399213676296, 0.1825242270155769, -0.049419667567870904, 0.0962266429215064, -0.26099999999999957, 0.9999968563063666]","[-0.06574182186356893, -0.5803611150181007, -0.05470623874188219, -1.9579612367750778, -0.07907146810859363, 1.7039626286744094, 0.3324]","[-0.06848106444121763, -0.573292828143855, -0.05698566535612728, -1.9457929549740394, -0.08236611261311835, 1.7103777382025098, 0.315]"
single_block,0.0,15,1,15,15,10,True,guarded,scripted_non_learned_reference,accepted,False,1.0,"[-0.04108863866473064, 0.10602430311368816, -0.0341913992136764, 0.1825242270155769, -0.04941966756787111, 0.0962266429215064, -0.2610000000000004, 0.9999968563063666]","[-0.04108863866473064, 0.10602430311368816, -0.0341913992136764, 0.1825242270155769, -0.04941966756787111, 0.0962266429215064, -0.2610000000000004, 0.9999968563063666]","[-0.06848106444121763, -0.573292828143855, -0.05698566535612728, -1.9457929549740394, -0.08236611261311835, 1.7103777382025098, 0.315]","[-0.07122030701886634, -0.5662245412696091, -0.05926509197037237, -1.933624673173001, -0.0856607571176431, 1.7167928477306102, 0.2976]"
single_block,0.0,15,1,15,15,11,True,guarded,scripted_non_learned_reference,accepted,False,1.0,"[-0.041088638664730434, 0.10602430311368649, -0.034191399213676296, 0.1825242270155769, -0.049419667567870904, 0.0962266429215064, -0.26099999999999957, 0.9999968563063666]","[-0.041088638664730434, 0.10602430311368649, -0.034191399213676296, 0.1825242270155769, -0.049419667567870904, 0.0962266429215064, -0.26099999999999957, 0.9999968563063666]","[-0.07122030701886634, -0.5662245412696091, -0.05926509197037237, -1.933624673173001, -0.0856607571176431, 1.7167928477306102, 0.2976]","[-0.07395954959651503, -0.5591562543953633, -0.06154451858461746, -1.9214563913719624, -0.08895540162216782, 1.7232079572587107, 0.2802]"
single_block,0.0,15,1,15,15,12,True,guarded,scripted_non_learned_reference,accepted,False,1.0,"[-0.04108863866473064, 0.10602430311368649, -0.034191399213676296, 0.18252422701557358, -0.049419667567870904, 0.09622664292150307, -0.26099999999999957, 0.9999968563063666]","[-0.04108863866473064, 0.10602430311368649, -0.034191399213676296, 0.18252422701557358, -0.049419667567870904, 0.09622664292150307, -0.26099999999999957, 0.9999968563063666]","[-0.07395954959651503, -0.5591562543953633, -0.06154451858461746, -1.9214563913719624, -0.08895540162216782, 1.7232079572587107, 0.2802]","[-0.07669879217416374, -0.5520879675211176, -0.06382394519886254, -1.9092881095709242, -0.09225004612669255, 1.7296230667868109, 0.26280000000000003]"
single_block,0.0,15,1,15,15,13,True,guarded,scripted_non_learned_reference,accepted,False,1.0,"[-0.04108863866473064, 0.10602430311368816, -0.034191399213676504, 0.1825242270155769, -0.04941966756787132, 0.0962266429215064, -0.26100000000000123, 0.9999968563063666]","[-0.04108863866473064, 0.10602430311368816, -0.034191399213676504, 0.1825242270155769, -0.04941966756787132, 0.0962266429215064, -0.26100000000000123, 0.9999968563063666]","[-0.07669879217416374, -0.5520879675211176, -0.06382394519886254, -1.9092881095709242, -0.09225004612669255, 1.7296230667868109, 0.26280000000000003]","[-0.07943803475181245, -0.5450196806468717, -0.06610337181310764, -1.8971198277698857, -0.0955446906312173, 1.7360381763149113, 0.24539999999999995]"
single_block,0.0,15,1,15,15,14,True,guarded,scripted_non_learned_reference,accepted,False,1.0,"[-0.04108863866473064, 0.10602430311368649, -0.034191399213676296, 0.1825242270155769, -0.049419667567870904, 0.0962266429215064, -0.26099999999999957, 0.9999968563063666]","[-0.04108863866473064, 0.10602430311368649, -0.034191399213676296, 0.1825242270155769, -0.049419667567870904, 0.0962266429215064, -0.26099999999999957, 0.9999968563063666]","[-0.07943803475181245, -0.5450196806468717, -0.06610337181310764, -1.8971198277698857, -0.0955446906312173, 1.7360381763149113, 0.24539999999999995]","[-0.08217727732946116, -0.5379513937726259, -0.06838279842735273, -1.8849515459688473, -0.09883933513574203, 1.7424532858430117, 0.22799999999999998]"
single_block,0.0,15,2,30,30,0,True,guarded,scripted_non_learned_reference,accepted,False,1.0,"[-0.0462198313055473, 0.11708264196860885, -0.03893571576453654, 0.20950711504490682, -0.061725656658251846, 0.13231205649331446, -0.3902030100954783, 0.9999901587683449]","[-0.0462198313055473, 0.11708264196860885, -0.03893571576453654, 0.20950711504490682, -0.061725656658251846, 0.13231205649331446, -0.3902030100954783, 0.9999901587683449]","[-0.08183519782007337, -0.5386886163629541, -0.06806651065729538, -1.8867504051708026, -0.09801893586304995, 1.7400475916048912, 0.23661353400636534]","[-0.08491651990710986, -0.5308831068983801, -0.07066222504159782, -1.8727832641678088, -0.10213397964026674, 1.7488683953711122, 0.21060000000000012]"
single_block,0.0,15,2,30,30,1,True,guarded,scripted_non_learned_reference,accepted,False,1.0,"[-0.04108863866473064, 0.10602430311368816, -0.034191399213676504, 0.1825242270155769, -0.04941966756787132, 0.0962266429215064, -0.26100000000000123, 0.9999901587683449]","[-0.04108863866473064, 0.10602430311368816, -0.034191399213676504, 0.1825242270155769, -0.04941966756787132, 0.0962266429215064, -0.26100000000000123, 0.9999901587683449]","[-0.08491651990710986, -0.5308831068983801, -0.07066222504159782, -1.8727832641678088, -0.10213397964026674, 1.7488683953711122, 0.21060000000000012]","[-0.08765576248475856, -0.5238148200241343, -0.07294165165584292, -1.8606149823667704, -0.1054286241447915, 1.7552835048992126, 0.19320000000000004]"
single_block,0.0,15,2,30,30,2,True,guarded,scripted_non_learned_reference,accepted,False,1.0,"[-0.04108863866473064, 0.10602430311368649, -0.034191399213676504, 0.1825242270155769, -0.04941966756787111, 0.0962266429215064, -0.26100000000000123, 0.9999901587683449]","[-0.04108863866473064, 0.10602430311368649, -0.034191399213676504, 0.1825242270155769, -0.04941966756787111, 0.0962266429215064, -0.26100000000000123, 0.9999901587683449]","[-0.08765576248475856, -0.5238148200241343, -0.07294165165584292, -1.8606149823667704, -0.1054286241447915, 1.7552835048992126, 0.19320000000000004]","[-0.09039500506240727, -0.5167465331498885, -0.07522107827008802, -1.848446700565732, -0.10872326864931624, 1.761698614427313, 0.17579999999999996]"
single_block,0.0,15,2,30,30,3,True,guarded,scripted_non_learned_reference,accepted,False,1.0,"[-0.041088638664730434, 0.10602430311368649, -0.03419139921367609, 0.18252422701557358, -0.049419667567870695, 0.0962266429215064, -0.26099999999999957, 0.9999901587683449]","[-0.041088638664730434, 0.10602430311368649, -0.03419139921367609, 0.18252422701557358, -0.049419667567870695, 0.0962266429215064, -0.26099999999999957, 0.9999901587683449]","[-0.09039500506240727, -0.5167465331498885, -0.07522107827008802, -1.848446700565732, -0.10872326864931624, 1.761698614427313, 0.17579999999999996]","[-0.09313424764005597, -0.5096782462756427, -0.07750050488433309, -1.8362784187646937, -0.11201791315384095, 1.7681137239554134, 0.15839999999999999]"
single_block,0.0,15,2,30,30,4,True,guarded,scripted_non_learned_reference,accepted,False,1.0,"[-0.04108863866473064, 0.10602430311368816, -0.034191399213676504, 0.1825242270155769, -0.04941966756787132, 0.09622664292150307, -0.26099999999999957, 0.9999901587683449]","[-0.04108863866473064, 0.10602430311368816, -0.034191399213676504, 0.1825242270155769, -0.04941966756787132, 0.09622664292150307, -0.26099999999999957, 0.9999901587683449]","[-0.09313424764005597, -0.5096782462756427, -0.07750050488433309, -1.8362784187646937, -0.11201791315384095, 1.7681137239554134, 0.15839999999999999]","[-0.09587349021770468, -0.5026099594013969, -0.07977993149857819, -1.8241101369636552, -0.1153125576583657, 1.7745288334835136, 0.14100000000000001]"
single_block,0.0,15,2,30,30,5,True,guarded,scripted_non_learned_reference,accepted,False,1.0,"[-0.04108863866473064, 0.10602430311368649, -0.034191399213676296, 0.1825242270155769, -0.049419667567870904, 0.0962266429215064, -0.26099999999999957, 0.9999901587683449]","[-0.04108863866473064, 0.10602430311368649, -0.034191399213676296, 0.1825242270155769, -0.049419667567870904, 0.0962266429215064, -0.26099999999999957, 0.9999901587683449]","[-0.09587349021770468, -0.5026099594013969, -0.07977993149857819, -1.8241101369636552, -0.1153125576583657, 1.7745288334835136, 0.14100000000000001]","[-0.09861273279535339, -0.4955416725271511, -0.08205935811282328, -1.8119418551626167, -0.11860720216289043, 1.780943943011614, 0.12360000000000004]"
single_block,0.0,15,2,30,30,6,True,guarded,scripted_non_learned_reference,accepted,False,1.0,"[-0.04108863866473064, 0.10602430311368732, -0.034191399213676504, 0.1825242270155769, -0.04941966756787111, 0.0962266429215064, -0.26100000000000123, 0.9999901587683449]","[-0.04108863866473064, 0.10602430311368732, -0.034191399213676504, 0.1825242270155769, -0.04941966756787111, 0.0962266429215064, -0.26100000000000123, 0.9999901587683449]","[-0.09861273279535339, -0.4955416725271511, -0.08205935811282328, -1.8119418551626167, -0.11860720216289043, 1.780943943011614, 0.12360000000000004]","[-0.1013519753730021, -0.48847338565290527, -0.08433878472706838, -1.7997735733615783, -0.12190184666741517, 1.7873590525397145, 0.10619999999999996]"
single_block,0.0,15,2,30,30,7,True,guarded,scripted_non_learned_reference,accepted,False,1.0,"[-0.041088638664730226, 0.10602430311368649, -0.03419139921367609, 0.1825242270155769, -0.04941966756787049, 0.0962266429215064, -0.2609999999999979, 0.9999901587683449]","[-0.041088638664730226, 0.10602430311368649, -0.03419139921367609, 0.1825242270155769, -0.04941966756787049, 0.0962266429215064, -0.2609999999999979, 0.9999901587683449]","[-0.1013519753730021, -0.48847338565290527, -0.08433878472706838, -1.7997735733615783, -0.12190184666741517, 1.7873590525397145, 0.10619999999999996]","[-0.10409121795065078, -0.4814050987786595, -0.08661821134131345, -1.7876052915605398, -0.12519649117193987, 1.793774162067815, 0.0888000000000001]"
single_block,0.0,15,2,30,30,8,True,guarded,scripted_non_learned_reference,accepted,False,1.0,"[-0.04108863866473085, 0.10602430311368732, -0.03419139921367671, 0.1825242270155769, -0.04941966756787153, 0.0962266429215064, -0.26100000000000123, 0.9999901587683449]","[-0.04108863866473085, 0.10602430311368732, -0.03419139921367671, 0.1825242270155769, -0.04941966756787153, 0.0962266429215064, -0.26100000000000123, 0.9999901587683449]","[-0.10409121795065078, -0.4814050987786595, -0.08661821134131345, -1.7876052915605398, -0.12519649117193987, 1.793774162067815, 0.0888000000000001]","[-0.1068304605282995, -0.4743368119044137, -0.08889763795555856, -1.7754370097595014, -0.12849113567646464, 1.8001892715959154, 0.07140000000000002]"
single_block,0.0,15,2,30,30,9,True,guarded,scripted_non_learned_reference,accepted,False,1.0,"[-0.04108863866473064, 0.10602430311368732, -0.034191399213676296, 0.1825242270155769, -0.04941966756787111, 0.09622664292150307, -0.26100000000000123, 0.9999901587683449]","[-0.04108863866473064, 0.10602430311368732, -0.034191399213676296, 0.1825242270155769, -0.04941966756787111, 0.09622664292150307, -0.26100000000000123, 0.9999901587683449]","[-0.1068304605282995, -0.4743368119044137, -0.08889763795555856, -1.7754370097595014, -0.12849113567646464, 1.8001892715959154, 0.07140000000000002]","[-0.10956970310594821, -0.46726852503016786, -0.09117706456980365, -1.763268727958463, -0.13178578018098938, 1.8066043811240156, 0.05399999999999994]"
single_block,0.0,15,2,30,30,10,True,guarded,scripted_non_learned_reference,accepted,False,1.0,"[-0.041088638664730434, 0.10602430311368649, -0.034191399213676296, 0.18252422701557358, -0.049419667567870695, 0.0962266429215064, -0.26099999999999957, 0.9999901587683449]","[-0.041088638664730434, 0.10602430311368649, -0.034191399213676296, 0.18252422701557358, -0.049419667567870695, 0.0962266429215064, -0.26099999999999957, 0.9999901587683449]","[-0.10956970310594821, -0.46726852503016786, -0.09117706456980365, -1.763268727958463, -0.13178578018098938, 1.8066043811240156, 0.05399999999999994]","[-0.11230894568359691, -0.4602002381559221, -0.09345649118404874, -1.7511004461574247, -0.1350804246855141, 1.813019490652116, 0.036599999999999966]"
single_block,0.0,15,2,30,30,11,True,guarded,scripted_non_learned_reference,accepted,False,1.0,"[-0.04108863866473064, 0.10602430311368732, -0.034191399213676296, 0.1825242270155769, -0.04941966756787111, 0.0962266429215064, -0.26099999999999957, 0.9999901587683449]","[-0.04108863866473064, 0.10602430311368732, -0.034191399213676296, 0.1825242270155769, -0.04941966756787111, 0.0962266429215064, -0.26099999999999957, 0.9999901587683449]","[-0.11230894568359691, -0.4602002381559221, -0.09345649118404874, -1.7511004461574247, -0.1350804246855141, 1.813019490652116, 0.036599999999999966]","[-0.11504818826124562, -0.45313195128167627, -0.09573591779829382, -1.7389321643563862, -0.13837506919003884, 1.8194346001802164, 0.019199999999999995]"
single_block,0.0,15,2,30,30,12,True,guarded,scripted_non_learned_reference,accepted,False,1.0,"[-0.041088638664730434, 0.10602430311368732, -0.034191399213676296, 0.1825242270155769, -0.04941966756787111, 0.0962266429215064, -0.26099999999999957, 0.9999901587683449]","[-0.041088638664730434, 0.10602430311368732, -0.034191399213676296, 0.1825242270155769, -0.04941966756787111, 0.0962266429215064, -0.26099999999999957, 0.9999901587683449]","[-0.11504818826124562, -0.45313195128167627, -0.09573591779829382, -1.7389321643563862, -0.13837506919003884, 1.8194346001802164, 0.019199999999999995]","[-0.11778743083889431, -0.44606366440743045, -0.09801534441253891, -1.7267638825553477, -0.14166971369456358, 1.8258497097083168, 0.0018000000000000238]"
single_block,0.0,15,2,30,30,13,True,guarded,scripted_non_learned_reference,accepted,False,1.0,"[-0.04108863866473064, 0.10602430311368649, -0.034191399213676504, 0.18252422701557358, -0.049419667567870695, 0.0962266429215064, -0.26099999999999957, 0.9999901587683449]","[-0.04108863866473064, 0.10602430311368649, -0.034191399213676504, 0.18252422701557358, -0.049419667567870695, 0.0962266429215064, -0.26099999999999957, 0.9999901587683449]","[-0.11778743083889431, -0.44606366440743045, -0.09801534441253891, -1.7267638825553477, -0.14166971369456358, 1.8258497097083168, 0.0018000000000000238]","[-0.12052667341654302, -0.4389953775331847, -0.10029477102678401, -1.7145956007543095, -0.1449643581990883, 1.8322648192364173, -0.015599999999999947]"
single_block,0.0,15,2,30,30,14,True,guarded,scripted_non_learned_reference,accepted,False,1.0,"[-0.041088638664730434, 0.10602430311368732, -0.034191399213676296, 0.1825242270155769, -0.04941966756787111, 0.0962266429215064, -0.26099999999999957, 0.9999901587683449]","[-0.041088638664730434, 0.10602430311368732, -0.034191399213676296, 0.1825242270155769, -0.04941966756787111, 0.0962266429215064, -0.26099999999999957, 0.9999901587683449]","[-0.12052667341654302, -0.4389953775331847, -0.10029477102678401, -1.7145956007543095, -0.1449643581990883, 1.8322648192364173, -0.015599999999999947]","[-0.12326591599419172, -0.43192709065893886, -0.1025741976410291, -1.702427318953271, -0.14825900270361303, 1.8386799287645177, -0.03299999999999992]"
single_block,0.0,15,3,45,45,0,True,guarded,scripted_non_learned_reference,accepted,False,1.0,"[-0.04624530510485267, 0.11708426658762733, -0.03916674128412359, 0.2094037007075633, -0.06171132809355315, 0.13213264276565995, -0.39019356316042497, 0.9999816311338207]","[-0.04624530510485267, 0.11708426658762733, -0.03916674128412359, 0.2094037007075633, -0.06171132809355315, 0.13213264276565995, -0.39019356316042497, 0.9999816311338207]","[-0.1229221382315169, -0.4326644215572016, -0.10224250816966594, -1.7042192838660701, -0.14743955866856756, 1.8362861954415741, -0.02438709578930489]","[-0.12600515857184041, -0.4248588037846931, -0.10485362425527418, -1.6902590371522326, -0.15155364720813777, 1.8450950382926181, -0.05039999999999989]"
single_block,0.0,15,3,45,45,1,True,guarded,scripted_non_learned_reference,accepted,False,1.0,"[-0.04108863866473064, 0.10602430311368732, -0.034191399213676296, 0.1825242270155769, -0.049419667567870695, 0.09622664292150307, -0.26100000000000123, 0.9999816311338207]","[-0.04108863866473064, 0.10602430311368732, -0.034191399213676296, 0.1825242270155769, -0.049419667567870695, 0.09622664292150307, -0.26100000000000123, 0.9999816311338207]","[-0.12600515857184041, -0.4248588037846931, -0.10485362425527418, -1.6902590371522326, -0.15155364720813777, 1.8450950382926181, -0.05039999999999989]","[-0.12874440114948912, -0.4177905169104473, -0.10713305086951927, -1.6780907553511941, -0.15484829171266248, 1.8515101478207183, -0.06779999999999997]"
single_block,0.0,15,3,45,45,2,True,guarded,scripted_non_learned_reference,accepted,False,1.0,"[-0.04108863866473106, 0.10602430311368816, -0.03419139921367671, 0.1825242270155769, -0.04941966756787153, 0.0962266429215064, -0.26100000000000123, 0.9999816311338207]","[-0.04108863866473106, 0.10602430311368816, -0.03419139921367671, 0.1825242270155769, -0.04941966756787153, 0.0962266429215064, -0.26100000000000123, 0.9999816311338207]","[-0.12874440114948912, -0.4177905169104473, -0.10713305086951927, -1.6780907553511941, -0.15484829171266248, 1.8515101478207183, -0.06779999999999997]","[-0.13148364372713786, -0.4107222300362014, -0.10941247748376438, -1.6659224735501557, -0.15814293621718725, 1.8579252573488187, -0.08520000000000005]"
single_block,0.0,15,3,45,45,3,True,guarded,scripted_non_learned_reference,accepted,False,1.0,"[-0.04108863866473064, 0.10602430311368649, -0.034191399213676296, 0.1825242270155769, -0.04941966756787111, 0.0962266429215064, -0.26099999999999957, 0.9999816311338207]","[-0.04108863866473064, 0.10602430311368649, -0.034191399213676296, 0.1825242270155769, -0.04941966756787111, 0.0962266429215064, -0.26099999999999957, 0.9999816311338207]","[-0.13148364372713786, -0.4107222300362014, -0.10941247748376438, -1.6659224735501557, -0.15814293621718725, 1.8579252573488187, -0.08520000000000005]","[-0.13422288630478657, -0.40365394316195563, -0.11169190409800947, -1.6537541917491172, -0.161437580721712, 1.8643403668769192, -0.10260000000000002]"
single_block,0.0,15,3,45,45,4,True,guarded,scripted_non_learned_reference,accepted,False,1.0,"[-0.041088638664730226, 0.10602430311368732, -0.034191399213676296, 0.1825242270155769, -0.049419667567870695, 0.0962266429215064, -0.26099999999999957, 0.9999816311338207]","[-0.041088638664730226, 0.10602430311368732, -0.034191399213676296, 0.1825242270155769, -0.049419667567870695, 0.0962266429215064, -0.26099999999999957, 0.9999816311338207]","[-0.13422288630478657, -0.40365394316195563, -0.11169190409800947, -1.6537541917491172, -0.161437580721712, 1.8643403668769192, -0.10260000000000002]","[-0.13696212888243525, -0.3965856562877098, -0.11397133071225456, -1.6415859099480787, -0.1647322252262367, 1.8707554764050196, -0.12]"
single_block,0.0,15,3,45,45,5,True,guarded,scripted_non_learned_reference,accepted,False,1.0,"[-0.04108863866473064, 0.10602430311368649, -0.034191399213676504, 0.1825242270155769, -0.04941966756787111, 0.0962266429215064, -0.26099999999999957, 0.9999816311338207]","[-0.04108863866473064, 0.10602430311368649, -0.034191399213676504, 0.1825242270155769, -0.04941966756787111, 0.0962266429215064, -0.26099999999999957, 0.9999816311338207]","[-0.13696212888243525, -0.3965856562877098, -0.11397133071225456, -1.6415859099480787, -0.1647322252262367, 1.8707554764050196, -0.12]","[-0.13970137146008396, -0.38951736941346404, -0.11625075732649966, -1.6294176281470403, -0.16802686973076145, 1.87717058593312, -0.13739999999999997]"
single_block,0.0,15,3,45,45,6,True,guarded,scripted_non_learned_reference,accepted,False,1.0,"[-0.04108863866473064, 0.10602430311368732, -0.034191399213676296, 0.1825242270155769, -0.04941966756787111, 0.09622664292150307, -0.26100000000000123, 0.9999816311338207]","[-0.04108863866473064, 0.10602430311368732, -0.034191399213676296, 0.1825242270155769, -0.04941966756787111, 0.09622664292150307, -0.26100000000000123, 0.9999816311338207]","[-0.13970137146008396, -0.38951736941346404, -0.11625075732649966, -1.6294176281470403, -0.16802686973076145, 1.87717058593312, -0.13739999999999997]","[-0.14244061403773267, -0.3824490825392182, -0.11853018394074474, -1.6172493463460018, -0.1713215142352862, 1.8835856954612202, -0.15480000000000005]"
single_block,0.0,15,3,45,45,7,True,guarded,scripted_non_learned_reference,accepted,False,1.0,"[-0.04108863866473064, 0.10602430311368649, -0.034191399213676296, 0.18252422701557358, -0.049419667567870695, 0.0962266429215064, -0.26099999999999957, 0.9999816311338207]","[-0.04108863866473064, 0.10602430311368649, -0.034191399213676296, 0.18252422701557358, -0.049419667567870695, 0.0962266429215064, -0.26099999999999957, 0.9999816311338207]","[-0.14244061403773267, -0.3824490825392182, -0.11853018394074474, -1.6172493463460018, -0.1713215142352862, 1.8835856954612202, -0.15480000000000005]","[-0.14517985661538138, -0.37538079566497246, -0.12080961055498983, -1.6050810645449636, -0.1746161587398109, 1.8900008049893207, -0.17220000000000002]"
single_block,0.0,15,3,45,45,8,True,guarded,scripted_non_learned_reference,accepted,False,1.0,"[-0.041088638664730226, 0.10602430311368732, -0.034191399213676296, 0.1825242270155769, -0.04941966756787111, 0.0962266429215064, -0.26099999999999957, 0.9999816311338207]","[-0.041088638664730226, 0.10602430311368732, -0.034191399213676296, 0.1825242270155769, -0.04941966756787111, 0.0962266429215064, -0.26099999999999957, 0.9999816311338207]","[-0.14517985661538138, -0.37538079566497246, -0.12080961055498983, -1.6050810645449636, -0.1746161587398109, 1.8900008049893207, -0.17220000000000002]","[-0.14791909919303006, -0.36831250879072663, -0.12308903716923492, -1.5929127827439251, -0.17791080324433564, 1.896415914517421, -0.1896]"
single_block,0.0,15,3,45,45,9,True,guarded,scripted_non_learned_reference,accepted,False,1.0,"[-0.04108863866473064, 0.10602430311368732, -0.034191399213676504, 0.1825242270155769, -0.04941966756787111, 0.0962266429215064, -0.26099999999999957, 0.9999816311338207]","[-0.04108863866473064, 0.10602430311368732, -0.034191399213676504, 0.1825242270155769, -0.04941966756787111, 0.0962266429215064, -0.26099999999999957, 0.9999816311338207]","[-0.14791909919303006, -0.36831250879072663, -0.12308903716923492, -1.5929127827439251, -0.17791080324433564, 1.896415914517421, -0.1896]","[-0.15065834177067877, -0.3612442219164808, -0.12536846378348002, -1.5807445009428867, -0.18120544774886038, 1.9028310240455215, -0.20699999999999996]"
single_block,0.0,15,3,45,45,10,True,guarded,scripted_non_learned_reference,accepted,False,1.0,"[-0.04108863866473064, 0.10602430311368649, -0.03419139921367609, 0.18252422701557358, -0.049419667567870695, 0.0962266429215064, -0.26099999999999957, 0.9999816311338207]","[-0.04108863866473064, 0.10602430311368649, -0.03419139921367609, 0.18252422701557358, -0.049419667567870695, 0.0962266429215064, -0.26099999999999957, 0.9999816311338207]","[-0.15065834177067877, -0.3612442219164808, -0.12536846378348002, -1.5807445009428867, -0.18120544774886038, 1.9028310240455215, -0.20699999999999996]","[-0.15339758434832748, -0.35417593504223505, -0.1276478903977251, -1.5685762191418484, -0.1845000922533851, 1.909246133573622, -0.22439999999999993]"
single_block,0.0,15,3,45,45,11,True,guarded,scripted_non_learned_reference,accepted,False,1.0,"[-0.04108863866473064, 0.10602430311368732, -0.034191399213676504, 0.1825242270155769, -0.04941966756787111, 0.0962266429215064, -0.26099999999999957, 0.9999816311338207]","[-0.04108863866473064, 0.10602430311368732, -0.034191399213676504, 0.1825242270155769, -0.04941966756787111, 0.0962266429215064, -0.26099999999999957, 0.9999816311338207]","[-0.15339758434832748, -0.35417593504223505, -0.1276478903977251, -1.5685762191418484, -0.1845000922533851, 1.909246133573622, -0.22439999999999993]","[-0.1561368269259762, -0.3471076481679892, -0.1299273170119702, -1.55640793734081, -0.18779473675790984, 1.9156612431017224, -0.2417999999999999]"
single_block,0.0,15,3,45,45,12,True,guarded,scripted_non_learned_reference,accepted,False,1.0,"[-0.04108863866473064, 0.10602430311368732, -0.034191399213676504, 0.1825242270155769, -0.04941966756787153, 0.0962266429215064, -0.2610000000000029, 0.9999816311338207]","[-0.04108863866473064, 0.10602430311368732, -0.034191399213676504, 0.1825242270155769, -0.04941966756787153, 0.0962266429215064, -0.2610000000000029, 0.9999816311338207]","[-0.1561368269259762, -0.3471076481679892, -0.1299273170119702, -1.55640793734081, -0.18779473675790984, 1.9156612431017224, -0.2417999999999999]","[-0.1588760695036249, -0.3400393612937434, -0.1322067436262153, -1.5442396555397715, -0.1910893812624346, 1.9220763526298228, -0.2592000000000001]"
single_block,0.0,15,3,45,45,13,True,guarded,scripted_non_learned_reference,accepted,False,1.0,"[-0.041088638664730226, 0.10602430311368649, -0.03419139921367609, 0.1825242270155769, -0.04941966756787028, 0.09622664292150307, -0.2609999999999979, 0.9999816311338207]","[-0.041088638664730226, 0.10602430311368649, -0.03419139921367609, 0.1825242270155769, -0.04941966756787028, 0.09622664292150307, -0.2609999999999979, 0.9999816311338207]","[-0.1588760695036249, -0.3400393612937434, -0.1322067436262153, -1.5442396555397715, -0.1910893812624346, 1.9220763526298228, -0.2592000000000001]","[-0.16161531208127358, -0.33297107441949764, -0.13448617024046036, -1.532071373738733, -0.1943840257669593, 1.928491462157923, -0.27659999999999996]"
single_block,0.0,15,3,45,45,14,True,guarded,scripted_non_learned_reference,accepted,False,1.0,"[-0.04108863866473106, 0.10602430311368732, -0.034191399213676504, 0.1825242270155769, -0.04941966756787153, 0.0962266429215064, -0.26100000000000123, 0.9999816311338207]","[-0.04108863866473106, 0.10602430311368732, -0.034191399213676504, 0.1825242270155769, -0.04941966756787153, 0.0962266429215064, -0.26100000000000123, 0.9999816311338207]","[-0.16161531208127358, -0.33297107441949764, -0.13448617024046036, -1.532071373738733, -0.1943840257669593, 1.928491462157923, -0.27659999999999996]","[-0.16435455465892232, -0.3259027875452518, -0.13676559685470546, -1.5199030919376946, -0.19767867027148406, 1.9349065716860234, -0.29400000000000004]"
single_block,0.0,15,4,60,60,0,True,guarded,scripted_non_learned_reference,accepted,False,1.0,"[-0.04626933004955258, 0.11713888284486079, -0.03940155594601244, 0.20927939962846698, -0.06169053929594895, 0.13193960720464082, -0.3901843527143045, 0.9999731156316138]","[-0.04626933004955258, 0.11713888284486079, -0.03940155594601244, 0.20927939962846698, -0.06169053929594895, 0.13193960720464082, -0.3901843527143045, 0.9999731156316138]","[-0.1640091752332675, -0.3266437595273301, -0.1364182530725497, -1.5216867701118872, -0.19686061215627884, 1.9325257074004811, -0.28538770981904626]","[-0.167093797236571, -0.31883450067100605, -0.13904502346895053, -1.5077348101366561, -0.20097331477600877, 1.9413216812141239, -0.3113999999999999]"
single_block,0.0,15,4,60,60,1,True,guarded,scripted_non_learned_reference,accepted,False,1.0,"[-0.04108863866473064, 0.10602430311368649, -0.034191399213676504, 0.1825242270155769, -0.049419667567870695, 0.0962266429215064, -0.2609999999999979, 0.9999731156316138]","[-0.04108863866473064, 0.10602430311368649, -0.034191399213676504, 0.1825242270155769, -0.049419667567870695, 0.0962266429215064, -0.2609999999999979, 0.9999731156316138]","[-0.167093797236571, -0.31883450067100605, -0.13904502346895053, -1.5077348101366561, -0.20097331477600877, 1.9413216812141239, -0.3113999999999999]","[-0.1698330398142197, -0.3117662137967603, -0.14132445008319564, -1.4955665283356177, -0.20426795928053348, 1.9477367907422243, -0.32879999999999976]"
single_block,0.0,15,4,60,60,2,True,guarded,scripted_non_learned_reference,accepted,False,1.0,"[-0.04108863866473064, 0.10602430311368816, -0.034191399213676504, 0.1825242270155769, -0.04941966756787153, 0.0962266429215064, -0.26100000000000456, 0.9999731156316138]","[-0.04108863866473064, 0.10602430311368816, -0.034191399213676504, 0.1825242270155769, -0.04941966756787153, 0.0962266429215064, -0.26100000000000456, 0.9999731156316138]","[-0.1698330398142197, -0.3117662137967603, -0.14132445008319564, -1.4955665283356177, -0.20426795928053348, 1.9477367907422243, -0.32879999999999976]","[-0.17257228239186842, -0.3046979269225144, -0.14360387669744074, -1.4833982465345792, -0.20756260378505825, 1.9541519002703247, -0.34620000000000006]"
single_block,0.0,15,4,60,60,3,True,guarded,scripted_non_learned_reference,accepted,False,1.0,"[-0.04108863866473064, 0.10602430311368732, -0.034191399213676504, 0.1825242270155769, -0.04941966756787111, 0.09622664292150307, -0.2609999999999979, 0.9999731156316138]","[-0.04108863866473064, 0.10602430311368732, -0.034191399213676504, 0.1825242270155769, -0.04941966756787111, 0.09622664292150307, -0.2609999999999979, 0.9999731156316138]","[-0.17257228239186842, -0.3046979269225144, -0.14360387669744074, -1.4833982465345792, -0.20756260378505825, 1.9541519002703247, -0.34620000000000006]","[-0.17531152496951713, -0.2976296400482686, -0.14588330331168584, -1.4712299647335407, -0.210857248289583, 1.960567009798425, -0.3635999999999999]"
single_block,0.0,15,4,60,60,4,True,guarded,scripted_non_learned_reference,accepted,False,1.0,"[-0.04108863866473064, 0.10602430311368649, -0.03419139921367609, 0.18252422701557358, -0.049419667567870695, 0.0962266429215064, -0.26100000000000123, 0.9999731156316138]","[-0.04108863866473064, 0.10602430311368649, -0.03419139921367609, 0.18252422701557358, -0.049419667567870695, 0.0962266429215064, -0.26100000000000123, 0.9999731156316138]","[-0.17531152496951713, -0.2976296400482686, -0.14588330331168584, -1.4712299647335407, -0.210857248289583, 1.960567009798425, -0.3635999999999999]","[-0.17805076754716584, -0.2905613531740228, -0.1481627299259309, -1.4590616829325025, -0.2141518927941077, 1.9669821193265253, -0.381]"
single_block,0.0,15,4,60,60,5,True,guarded,scripted_non_learned_reference,accepted,False,1.0,"[-0.04108863866473064, 0.10602430311368816, -0.03419139921367692, 0.18252422701558024, -0.04941966756787153, 0.0962266429215064, -0.26100000000000123, 0.9999731156316138]","[-0.04108863866473064, 0.10602430311368816, -0.03419139921367692, 0.18252422701558024, -0.04941966756787153, 0.0962266429215064, -0.26100000000000123, 0.9999731156316138]","[-0.17805076754716584, -0.2905613531740228, -0.1481627299259309, -1.4590616829325025, -0.2141518927941077, 1.9669821193265253, -0.381]","[-0.18079001012481455, -0.28349306629977694, -0.15044215654017604, -1.4468934011314638, -0.21744653729863248, 1.9733972288546258, -0.3984000000000001]"
single_block,0.0,15,4,60,60,6,True,guarded,scripted_non_learned_reference,accepted,False,1.0,"[-0.04108863866473064, 0.10602430311368649, -0.03419139921367609, 0.18252422701557358, -0.04941966756787111, 0.0962266429215064, -0.26100000000000123, 0.9999731156316138]","[-0.04108863866473064, 0.10602430311368649, -0.03419139921367609, 0.18252422701557358, -0.04941966756787111, 0.0962266429215064, -0.26100000000000123, 0.9999731156316138]","[-0.18079001012481455, -0.28349306629977694, -0.15044215654017604, -1.4468934011314638, -0.21744653729863248, 1.9733972288546258, -0.3984000000000001]","[-0.18352925270246326, -0.2764247794255312, -0.1527215831544211, -1.4347251193304256, -0.22074118180315722, 1.9798123383827262, -0.41580000000000017]"
single_block,0.0,15,4,60,60,7,True,guarded,scripted_non_learned_reference,accepted,False,1.0,"[-0.041088638664730226, 0.10602430311368649, -0.03419139921367609, 0.18252422701557358, -0.04941966756787028, 0.0962266429215064, -0.2609999999999979, 0.9999731156316138]","[-0.041088638664730226, 0.10602430311368649, -0.03419139921367609, 0.18252422701557358, -0.04941966756787028, 0.0962266429215064, -0.2609999999999979, 0.9999731156316138]","[-0.18352925270246326, -0.2764247794255312, -0.1527215831544211, -1.4347251193304256, -0.22074118180315722, 1.9798123383827262, -0.41580000000000017]","[-0.18626849528011194, -0.2693564925512854, -0.15500100976866618, -1.4225568375293873, -0.2240358263076819, 1.9862274479108266, -0.43320000000000003]"
single_block,0.0,15,4,60,60,8,True,guarded,scripted_non_learned_reference,accepted,False,1.0,"[-0.04108863866473064, 0.10602430311368732, -0.034191399213676504, 0.1825242270155769, -0.04941966756787111, 0.0962266429215064, -0.2609999999999979, 0.9999731156316138]","[-0.04108863866473064, 0.10602430311368732, -0.034191399213676504, 0.1825242270155769, -0.04941966756787111, 0.0962266429215064, -0.2609999999999979, 0.9999731156316138]","[-0.18626849528011194, -0.2693564925512854, -0.15500100976866618, -1.4225568375293873, -0.2240358263076819, 1.9862274479108266, -0.43320000000000003]","[-0.18900773785776065, -0.2622882056770396, -0.15728043638291128, -1.4103885557283489, -0.22733047081220664, 1.992642557438927, -0.4505999999999999]"
single_block,0.0,15,4,60,60,9,True,guarded,scripted_non_learned_reference,accepted,False,1.0,"[-0.04108863866473064, 0.10602430311368732, -0.034191399213676504, 0.1825242270155769, -0.04941966756787153, 0.0962266429215064, -0.26100000000000123, 0.9999731156316138]","[-0.04108863866473064, 0.10602430311368732, -0.034191399213676504, 0.1825242270155769, -0.04941966756787153, 0.0962266429215064, -0.26100000000000123, 0.9999731156316138]","[-0.18900773785776065, -0.2622882056770396, -0.15728043638291128, -1.4103885557283489, -0.22733047081220664, 1.992642557438927, -0.4505999999999999]","[-0.19174698043540936, -0.25521991880279377, -0.15955986299715638, -1.3982202739273104, -0.2306251153167314, 1.9990576669670275, -0.46799999999999997]"
single_block,0.0,15,4,60,60,10,True,guarded,scripted_non_learned_reference,accepted,False,1.0,"[-0.04108863866473064, 0.10602430311368732, -0.034191399213676504, 0.1825242270155769, -0.049419667567870695, 0.0962266429215064, -0.26100000000000123, 0.9999731156316138]","[-0.04108863866473064, 0.10602430311368732, -0.034191399213676504, 0.1825242270155769, -0.049419667567870695, 0.0962266429215064, -0.26100000000000123, 0.9999731156316138]","[-0.19174698043540936, -0.25521991880279377, -0.15955986299715638, -1.3982202739273104, -0.2306251153167314, 1.9990576669670275, -0.46799999999999997]","[-0.19448622301305807, -0.24815163192854794, -0.16183928961140148, -1.386051992126272, -0.23391975982125612, 2.005472776495128, -0.48540000000000005]"
single_block,0.0,15,4,60,60,11,True,guarded,scripted_non_learned_reference,accepted,False,1.0,"[-0.04108863866473064, 0.10602430311368649, -0.03419139921367609, 0.1825242270155769, -0.04941966756787111, 0.0962266429215064, -0.2609999999999979, 0.9999731156316138]","[-0.04108863866473064, 0.10602430311368649, -0.03419139921367609, 0.1825242270155769, -0.04941966756787111, 0.0962266429215064, -0.2609999999999979, 0.9999731156316138]","[-0.19448622301305807, -0.24815163192854794, -0.16183928961140148, -1.386051992126272, -0.23391975982125612, 2.005472776495128, -0.48540000000000005]","[-0.19722546559070678, -0.24108334505430218, -0.16411871622564655, -1.3738837103252335, -0.23721440432578086, 2.0118878860232283, -0.5027999999999999]"
single_block,0.0,15,4,60,60,12,True,guarded,scripted_non_learned_reference,accepted,False,1.0,"[-0.041088638664730226, 0.10602430311368649, -0.03419139921367609, 0.1825242270155769, -0.049419667567870695, 0.0962266429215064, -0.2609999999999979, 0.9999731156316138]","[-0.041088638664730226, 0.10602430311368649, -0.03419139921367609, 0.1825242270155769, -0.049419667567870695, 0.0962266429215064, -0.2609999999999979, 0.9999731156316138]","[-0.19722546559070678, -0.24108334505430218, -0.16411871622564655, -1.3738837103252335, -0.23721440432578086, 2.0118878860232283, -0.5027999999999999]","[-0.19996470816835546, -0.2340150581800564, -0.16639814283989163, -1.361715428524195, -0.24050904883030558, 2.0183029955513287, -0.5201999999999998]"
single_block,0.0,15,4,60,60,13,True,guarded,scripted_non_learned_reference,accepted,False,1.0,"[0.006215108045432016, 0.053076398190147894, 0.12626447736647173, 0.07258951665711222, -0.05767349427281854, 0.055071617079713864, -0.1214125777353442, 0.9999731156316138]","[0.006215108045432016, 0.053076398190147894, 0.12626447736647173, 0.07258951665711222, -0.05767349427281854, 0.055071617079713864, -0.1214125777353442, 0.9999731156316138]","[-0.19996470816835546, -0.2340150581800564, -0.16639814283989163, -1.361715428524195, -0.24050904883030558, 2.0183029955513287, -0.5201999999999998]","[-0.19955036763199333, -0.23047663163404655, -0.15798051101546018, -1.3568761274137209, -0.24435394844849348, 2.0219744366899763, -0.5282941718490227]"
single_block,0.0,15,4,60,60,14,True,guarded,scripted_non_learned_reference,accepted,False,1.0,"[0.033112110172182074, 0.02297011675622046, 0.21749999999999936, 0.01008042712488888, -0.062366636145850946, 0.031670789564390844, -0.04204289870073541, 0.9999731156316138]","[0.033112110172182074, 0.02297011675622046, 0.21749999999999936, 0.01008042712488888, -0.062366636145850946, 0.031670789564390844, -0.04204289870073541, 0.9999731156316138]","[-0.19955036763199333, -0.23047663163404655, -0.15798051101546018, -1.3568761274137209, -0.24435394844849348, 2.0219744366899763, -0.5282941718490227]","[-0.19734289362051452, -0.2289452905169652, -0.14348051101546022, -1.3562040989387283, -0.2485117241915502, 2.0240858226609357, -0.5310970317624051]"
single_block,0.0,15,5,75,75,0,True,guarded,scripted_non_learned_reference,accepted,False,1.0,"[0.13704349300687882, 0.03666165046813177, 0.4013042751409553, -0.0024240086312987685, -0.06717330332119464, 0.04781328002391394, -0.10309379451076184, 0.999967753570289]","[0.13704349300687882, 0.03666165046813177, 0.4013042751409553, -0.0024240086312987685, -0.06717330332119464, 0.04781328002391394, -0.10309379451076184, 0.999967753570289]","[-0.204271652476161, -0.2298580594310926, -0.15573412935819061, -1.3553704698883158, -0.24819127971319394, 2.0230096566303013, -0.5270269720417365]","[-0.19513541960903574, -0.22741394939988382, -0.12898051101546026, -1.3555320704637357, -0.2526694999346069, 2.0261972086318956, -0.5338998916757873]"
single_block,0.0,15,5,75,75,1,True,guarded,scripted_non_learned_reference,accepted,False,1.0,"[0.033112110172182074, 0.02297011675622046, 0.21749999999999894, 0.01008042712488888, -0.06236663614585053, 0.031670789564390844, -0.04204289870073541, 0.999967753570289]","[0.033112110172182074, 0.02297011675622046, 0.21749999999999894, 0.01008042712488888, -0.06236663614585053, 0.031670789564390844, -0.04204289870073541, 0.999967753570289]","[-0.19513541960903574, -0.22741394939988382, -0.12898051101546026, -1.3555320704637357, -0.2526694999346069, 2.0261972086318956, -0.5338998916757873]","[-0.19292794559755694, -0.22588260828280246, -0.11448051101546033, -1.354860041988743, -0.2568272756776636, 2.028308594602855, -0.5367027515891697]"
single_block,0.0,15,5,75,75,2,True,guarded,scripted_non_learned_reference,accepted,False,1.0,"[0.03311211017218249, 0.022970116756220876, 0.21750000000000227, 0.01008042712488888, -0.06236663614585136, 0.031670789564390844, -0.04204289870073541, 0.999967753570289]","[0.03311211017218249, 0.022970116756220876, 0.21750000000000227, 0.01008042712488888, -0.06236663614585136, 0.031670789564390844, -0.04204289870073541, 0.999967753570289]","[-0.19292794559755694, -0.22588260828280246, -0.11448051101546033, -1.354860041988743, -0.2568272756776636, 2.028308594602855, -0.5367027515891697]","[-0.1907204715860781, -0.22435126716572107, -0.09998051101546018, -1.3541880135137505, -0.26098505142072037, 2.0304199805738143, -0.539505611502552]"
single_block,0.0,15,5,75,75,3,True,guarded,scripted_non_learned_reference,accepted,False,1.0,"[0.033112110172182074, 0.02297011675622046, 0.21749999999999936, 0.01008042712488888, -0.06236663614585053, 0.031670789564397506, -0.042042898700733744, 0.999967753570289]","[0.033112110172182074, 0.02297011675622046, 0.21749999999999936, 0.01008042712488888, -0.06236663614585053, 0.031670789564397506, -0.042042898700733744, 0.999967753570289]","[-0.1907204715860781, -0.22435126716572107, -0.09998051101546018, -1.3541880135137505, -0.26098505142072037, 2.0304199805738143, -0.539505611502552]","[-0.1885129975745993, -0.2228199260486397, -0.08548051101546023, -1.353515985038758, -0.2651428271637771, 2.032531366544774, -0.5423084714159343]"
single_block,0.0,15,5,75,75,4,True,guarded,scripted_non_learned_reference,accepted,False,1.0,"[0.03311211017218166, 0.02297011675622046, 0.21749999999999917, 0.01008042712488888, -0.06236663614585053, 0.031670789564390844, -0.04204289870073541, 0.999967753570289]","[0.03311211017218166, 0.02297011675622046, 0.21749999999999917, 0.01008042712488888, -0.06236663614585053, 0.031670789564390844, -0.04204289870073541, 0.999967753570289]","[-0.1885129975745993, -0.2228199260486397, -0.08548051101546023, -1.353515985038758, -0.2651428271637771, 2.032531366544774, -0.5423084714159343]","[-0.18630552356312052, -0.22128858493155834, -0.07098051101546028, -1.3528439565637653, -0.2693006029068338, 2.0346427525157336, -0.5451113313293167]"
single_block,0.0,15,5,75,75,5,True,guarded,scripted_non_learned_reference,accepted,False,1.0,"[0.03311211017218249, 0.02297011675622046, 0.21750000000000208, 0.01008042712488888, -0.06236663614585136, 0.031670789564390844, -0.04204289870073541, 0.999967753570289]","[0.03311211017218249, 0.02297011675622046, 0.21750000000000208, 0.01008042712488888, -0.06236663614585136, 0.031670789564390844, -0.04204289870073541, 0.999967753570289]","[-0.18630552356312052, -0.22128858493155834, -0.07098051101546028, -1.3528439565637653, -0.2693006029068338, 2.0346427525157336, -0.5451113313293167]","[-0.1840980495516417, -0.21975724381447698, -0.056480511015460144, -1.3521719280887727, -0.27345837864989053, 2.036754138486693, -0.547914191242699]"
single_block,0.0,15,5,75,75,6,True,guarded,scripted_non_learned_reference,accepted,False,1.0,"[0.033112110172182074, 0.02297011675622046, 0.21749999999999894, 0.01008042712488888, -0.06236663614585136, 0.031670789564397506, -0.042042898700733744, 0.999967753570289]","[0.033112110172182074, 0.02297011675622046, 0.21749999999999894, 0.01008042712488888, -0.06236663614585136, 0.031670789564397506, -0.042042898700733744, 0.999967753570289]","[-0.1840980495516417, -0.21975724381447698, -0.056480511015460144, -1.3521719280887727, -0.27345837864989053, 2.036754138486693, -0.547914191242699]","[-0.18189057554016289, -0.2182259026973956, -0.041980511015460215, -1.3514998996137801, -0.2776161543929473, 2.038865524457653, -0.5507170511560813]"
single_block,0.0,15,5,75,75,7,True,guarded,scripted_non_learned_reference,accepted,False,1.0,"[0.03311211017218166, 0.02297011675622046, 0.21749999999999936, 0.01008042712488888, -0.06236663614585053, 0.031670789564390844, -0.04204289870073541, 0.999967753570289]","[0.03311211017218166, 0.02297011675622046, 0.21749999999999936, 0.01008042712488888, -0.06236663614585053, 0.031670789564390844, -0.04204289870073541, 0.999967753570289]","[-0.18189057554016289, -0.2182259026973956, -0.041980511015460215, -1.3514998996137801, -0.2776161543929473, 2.038865524457653, -0.5507170511560813]","[-0.1796831015286841, -0.21669456158031425, -0.027480511015460257, -1.3508278711387876, -0.281773930136004, 2.040976910428612, -0.5535199110694636]"
single_block,0.0,15,5,75,75,8,True,guarded,scripted_non_learned_reference,accepted,False,1.0,"[0.033112110172182074, 0.02297011675622046, 0.21749999999999936, 0.01008042712488555, -0.06236663614585053, 0.031670789564390844, -0.042042898700733744, 0.999967753570289]","[0.033112110172182074, 0.02297011675622046, 0.21749999999999936, 0.01008042712488555, -0.06236663614585053, 0.031670789564390844, -0.042042898700733744, 0.999967753570289]","[-0.1796831015286841, -0.21669456158031425, -0.027480511015460257, -1.3508278711387876, -0.281773930136004, 2.040976910428612, -0.5535199110694636]","[-0.1774756275172053, -0.21516322046323288, -0.0129805110154603, -1.3501558426637952, -0.2859317058790607, 2.0430882963995716, -0.5563227709828459]"
single_block,0.0,15,5,75,75,9,True,guarded,scripted_non_learned_reference,accepted,False,1.0,"[0.03311211017218249, 0.022970116756220876, 0.21750000000000227, 0.01008042712488888, -0.06236663614585136, 0.031670789564397506, -0.04204289870073541, 0.999967753570289]","[0.03311211017218249, 0.022970116756220876, 0.21750000000000227, 0.01008042712488888, -0.06236663614585136, 0.031670789564397506, -0.04204289870073541, 0.999967753570289]","[-0.1774756275172053, -0.21516322046323288, -0.0129805110154603, -1.3501558426637952, -0.2859317058790607, 2.0430882963995716, -0.5563227709828459]","[-0.17526815350572647, -0.2136318793461515, 0.0015194889845398518, -1.3494838141888026, -0.29008948162211745, 2.0451996823705314, -0.5591256308962282]"
single_block,0.0,15,5,75,75,10,True,guarded,scripted_non_learned_reference,accepted,False,1.0,"[0.033112110172182074, 0.02297011675622046, 0.21749999999999894, 0.01008042712488888, -0.06236663614585053, 0.031670789564390844, -0.04204289870073541, 0.999967753570289]","[0.033112110172182074, 0.02297011675622046, 0.21749999999999894, 0.01008042712488888, -0.06236663614585053, 0.031670789564390844, -0.04204289870073541, 0.999967753570289]","[-0.17526815350572647, -0.2136318793461515, 0.0015194889845398518, -1.3494838141888026, -0.29008948162211745, 2.0451996823705314, -0.5591256308962282]","[-0.17306067949424767, -0.21210053822907013, 0.01601948898453978, -1.34881178571381, -0.29424725736517415, 2.047311068341491, -0.5619284908096106]"
single_block,0.0,15,5,75,75,11,True,guarded,scripted_non_learned_reference,accepted,False,1.0,"[0.03311211017218166, 0.02297011675622046, 0.21749999999999936, 0.01008042712488888, -0.06236663614585053, 0.031670789564390844, -0.042042898700733744, 0.999967753570289]","[0.03311211017218166, 0.02297011675622046, 0.21749999999999936, 0.01008042712488888, -0.06236663614585053, 0.031670789564390844, -0.042042898700733744, 0.999967753570289]","[-0.17306067949424767, -0.21210053822907013, 0.01601948898453978, -1.34881178571381, -0.29424725736517415, 2.047311068341491, -0.5619284908096106]","[-0.1708532054827689, -0.21056919711198877, 0.03051948898453974, -1.3481397572388174, -0.29840503310823085, 2.04942245431245, -0.5647313507229929]"
single_block,0.0,15,5,75,75,12,True,guarded,scripted_non_learned_reference,accepted,False,1.0,"[0.033112110172182074, 0.02297011675622046, 0.21749999999999936, 0.01008042712488888, -0.06236663614585053, 0.031670789564397506, -0.04204289870073541, 0.999967753570289]","[0.033112110172182074, 0.02297011675622046, 0.21749999999999936, 0.01008042712488888, -0.06236663614585053, 0.031670789564397506, -0.04204289870073541, 0.999967753570289]","[-0.1708532054827689, -0.21056919711198877, 0.03051948898453974, -1.3481397572388174, -0.29840503310823085, 2.04942245431245, -0.5647313507229929]","[-0.16864573147129008, -0.2090378559949074, 0.045019488984539696, -1.3474677287638248, -0.30256280885128756, 2.05153384028341, -0.5675342106363752]"
single_block,0.0,15,5,75,75,13,True,guarded,scripted_non_learned_reference,accepted,False,1.0,"[0.03311211017218249, 0.022970116756220876, 0.21750000000000186, 0.01008042712488888, -0.062366636145852195, 0.031670789564390844, -0.04204289870073541, 0.999967753570289]","[0.03311211017218249, 0.022970116756220876, 0.21750000000000186, 0.01008042712488888, -0.062366636145852195, 0.031670789564390844, -0.04204289870073541, 0.999967753570289]","[-0.16864573147129008, -0.2090378559949074, 0.045019488984539696, -1.3474677287638248, -0.30256280885128756, 2.05153384028341, -0.5675342106363752]","[-0.16643825745981125, -0.207506514877826, 0.05951948898453982, -1.3467957002888322, -0.30672058459434437, 2.0536452262543694, -0.5703370705497576]"
single_block,0.0,15,5,75,75,14,True,guarded,scripted_non_learned_reference,accepted,False,1.0,"[0.03311211017218166, 0.02297011675622046, 0.21749999999999936, 0.01008042712488888, -0.062366636145849697, 0.031670789564390844, -0.042042898700733744, 0.999967753570289]","[0.03311211017218166, 0.02297011675622046, 0.21749999999999936, 0.01008042712488888, -0.062366636145849697, 0.031670789564390844, -0.042042898700733744, 0.999967753570289]","[-0.16643825745981125, -0.207506514877826, 0.05951948898453982, -1.3467957002888322, -0.30672058459434437, 2.0536452262543694, -0.5703370705497576]","[-0.16423078344833247, -0.20597517376074465, 0.07401948898453978, -1.3461236718138396, -0.310878360337401, 2.055756612225329, -0.5731399304631398]"
single_block,0.0,15,6,90,90,0,True,guarded,scripted_non_learned_reference,accepted,False,1.0,"[0.03804381252751843, 0.022354342291877605, 0.2503118726098632, 0.01363610601571974, -0.07775404041036271, 0.04397879668653015, -0.06285941993789346, 0.9999656264020811]","[0.03804381252751843, 0.022354342291877605, 0.2503118726098632, 0.01363610601571974, -0.07775404041036271, 0.04397879668653015, -0.06285941993789346, 0.9999656264020811]","[-0.1645595636053549, -0.20593412212978845, 0.07183203081054883, -1.3463607170732284, -0.3098525333864336, 2.0549360784171866, -0.5717521623806626]","[-0.16202330943685367, -0.20444383264366328, 0.08851948898453971, -1.345451643338847, -0.3150361360804578, 2.0578679981962886, -0.5759427903765222]"
single_block,0.0,15,6,90,90,1,True,guarded,scripted_non_learned_reference,accepted,False,1.0,"[0.033112110172182074, 0.02297011675622046, 0.21749999999999936, 0.01008042712488888, -0.06236663614585053, 0.031670789564390844, -0.042042898700733744, 0.9999656264020811]","[0.033112110172182074, 0.02297011675622046, 0.21749999999999936, 0.01008042712488888, -0.06236663614585053, 0.031670789564390844, -0.042042898700733744, 0.9999656264020811]","[-0.16202330943685367, -0.20444383264366328, 0.08851948898453971, -1.345451643338847, -0.3150361360804578, 2.0578679981962886, -0.5759427903765222]","[-0.15981583542537486, -0.20291249152658192, 0.10301948898453966, -1.3447796148638544, -0.3191939118235145, 2.059979384167248, -0.5787456502899044]"
single_block,0.0,15,6,90,90,2,True,guarded,scripted_non_learned_reference,accepted,False,1.0,"[0.03311211017218249, 0.02297011675622046, 0.2175000000000027, 0.01008042712488888, -0.06236663614585136, 0.031670789564390844, -0.04204289870073541, 0.9999656264020811]","[0.03311211017218249, 0.02297011675622046, 0.2175000000000027, 0.01008042712488888, -0.06236663614585136, 0.031670789564390844, -0.04204289870073541, 0.9999656264020811]","[-0.15981583542537486, -0.20291249152658192, 0.10301948898453966, -1.3447796148638544, -0.3191939118235145, 2.059979384167248, -0.5787456502899044]","[-0.15760836141389603, -0.20138115040950055, 0.11751948898453984, -1.3441075863888619, -0.32335168756657123, 2.0620907701382074, -0.5815485102032868]"
single_block,0.0,15,6,90,90,3,True,guarded,scripted_non_learned_reference,accepted,False,1.0,"[0.03311211017218166, 0.02297011675622046, 0.21749999999999936, 0.01008042712488888, -0.06236663614585053, 0.031670789564397506, -0.04204289870073541, 0.9999656264020811]","[0.03311211017218166, 0.02297011675622046, 0.21749999999999936, 0.01008042712488888, -0.06236663614585053, 0.031670789564397506, -0.04204289870073541, 0.9999656264020811]","[-0.15760836141389603, -0.20138115040950055, 0.11751948898453984, -1.3441075863888619, -0.32335168756657123, 2.0620907701382074, -0.5815485102032868]","[-0.15540088740241725, -0.1998498092924192, 0.1320194889845398, -1.3434355579138693, -0.32750946330962794, 2.0642021561091672, -0.5843513701166692]"
single_block,0.0,15,6,90,90,4,True,guarded,scripted_non_learned_reference,accepted,False,1.0,"[0.033112110172182074, 0.02297011675622046, 0.21749999999999936, 0.01008042712488888, -0.06236663614585053, 0.031670789564390844, -0.042042898700733744, 0.9999656264020811]","[0.033112110172182074, 0.02297011675622046, 0.21749999999999936, 0.01008042712488888, -0.06236663614585053, 0.031670789564390844, -0.042042898700733744, 0.9999656264020811]","[-0.15540088740241725, -0.1998498092924192, 0.1320194889845398, -1.3434355579138693, -0.32750946330962794, 2.0642021561091672, -0.5843513701166692]","[-0.15319341339093845, -0.19831846817533783, 0.14651948898453976, -1.3427635294388767, -0.33166723905268464, 2.0663135420801266, -0.5871542300300514]"
single_block,0.0,15,6,90,90,5,True,guarded,scripted_non_learned_reference,accepted,False,1.0,"[0.03311211017218249, 0.022970116756220876, 0.21750000000000103, 0.01008042712488888, -0.06236663614585136, 0.031670789564390844, -0.04204289870073541, 0.9999656264020811]","[0.03311211017218249, 0.022970116756220876, 0.21750000000000103, 0.01008042712488888, -0.06236663614585136, 0.031670789564390844, -0.04204289870073541, 0.9999656264020811]","[-0.15319341339093845, -0.19831846817533783, 0.14651948898453976, -1.3427635294388767, -0.33166723905268464, 2.0663135420801266, -0.5871542300300514]","[-0.15098593937945962, -0.19678712705825643, 0.16101948898453983, -1.342091500963884, -0.3358250147957414, 2.068424928051086, -0.5899570899434338]"
single_block,0.0,15,6,90,90,6,True,guarded,scripted_non_learned_reference,accepted,False,1.0,"[0.033112110172182074, 0.02297011675622046, 0.2175000000000002, 0.01008042712488888, -0.06236663614585053, 0.031670789564397506, -0.04204289870073541, 0.9999656264020811]","[0.033112110172182074, 0.02297011675622046, 0.2175000000000002, 0.01008042712488888, -0.06236663614585053, 0.031670789564397506, -0.04204289870073541, 0.9999656264020811]","[-0.15098593937945962, -0.19678712705825643, 0.16101948898453983, -1.342091500963884, -0.3358250147957414, 2.068424928051086, -0.5899570899434338]","[-0.1487784653679808, -0.19525578594117507, 0.17551948898453984, -1.3414194724888915, -0.3399827905387981, 2.070536314022046, -0.5927599498568161]"
single_block,0.0,15,6,90,90,7,True,guarded,scripted_non_learned_reference,accepted,False,1.0,"[0.03311211017218166, 0.02297011675622046, 0.21749999999999853, 0.01008042712488555, -0.06236663614585136, 0.031670789564390844, -0.042042898700733744, 0.9999656264020811]","[0.03311211017218166, 0.02297011675622046, 0.21749999999999853, 0.01008042712488555, -0.06236663614585136, 0.031670789564390844, -0.042042898700733744, 0.9999656264020811]","[-0.1487784653679808, -0.19525578594117507, 0.17551948898453984, -1.3414194724888915, -0.3399827905387981, 2.070536314022046, -0.5927599498568161]","[-0.14657099135650203, -0.1937244448240937, 0.19001948898453974, -1.3407474440138991, -0.34414056628185485, 2.0726476999930052, -0.5955628097701984]"
single_block,0.0,15,6,90,90,8,True,guarded,scripted_non_learned_reference,accepted,False,1.0,"[0.033112110172182074, 0.02297011675622046, 0.21749999999999936, 0.01008042712488888, -0.06236663614585053, 0.031670789564390844, -0.04204289870073541, 0.9999656264020811]","[0.033112110172182074, 0.02297011675622046, 0.21749999999999936, 0.01008042712488888, -0.06236663614585053, 0.031670789564390844, -0.04204289870073541, 0.9999656264020811]","[-0.14657099135650203, -0.1937244448240937, 0.19001948898453974, -1.3407474440138991, -0.34414056628185485, 2.0726476999930052, -0.5955628097701984]","[-0.14436351734502323, -0.19219310370701234, 0.2045194889845397, -1.3400754155389065, -0.34829834202491156, 2.0747590859639646, -0.5983656696835807]"
single_block,0.0,15,6,90,90,9,True,guarded,scripted_non_learned_reference,accepted,False,1.0,"[0.03311211017218249, 0.022970116756220876, 0.21750000000000186, 0.01008042712488888, -0.06236663614585136, 0.031670789564397506, -0.04204289870073541, 0.9999656264020811]","[0.03311211017218249, 0.022970116756220876, 0.21750000000000186, 0.01008042712488888, -0.06236663614585136, 0.031670789564397506, -0.04204289870073541, 0.9999656264020811]","[-0.14436351734502323, -0.19219310370701234, 0.2045194889845397, -1.3400754155389065, -0.34829834202491156, 2.0747590859639646, -0.5983656696835807]","[-0.1421560433335444, -0.19066176258993095, 0.21901948898453982, -1.339403387063914, -0.3524561177679683, 2.0768704719349245, -0.6011685295969631]"
single_block,0.0,15,6,90,90,10,True,guarded,scripted_non_learned_reference,accepted,False,1.0,"[0.033112110172182074, 0.02297011675622046, 0.2175000000000002, 0.01008042712488888, -0.06236663614585053, 0.031670789564390844, -0.042042898700733744, 0.9999656264020811]","[0.033112110172182074, 0.02297011675622046, 0.2175000000000002, 0.01008042712488888, -0.06236663614585053, 0.031670789564390844, -0.042042898700733744, 0.9999656264020811]","[-0.1421560433335444, -0.19066176258993095, 0.21901948898453982, -1.339403387063914, -0.3524561177679683, 2.0768704719349245, -0.6011685295969631]","[-0.1399485693220656, -0.18913042147284959, 0.23351948898453984, -1.3387313585889213, -0.356613893511025, 2.078981857905884, -0.6039713895103453]"
single_block,0.0,15,6,90,90,11,True,guarded,scripted_non_learned_reference,accepted,False,1.0,"[0.03311211017218166, 0.02297011675622046, 0.21749999999999853, 0.01008042712488888, -0.06236663614585053, 0.031670789564390844, -0.04204289870073541, 0.9999656264020811]","[0.03311211017218166, 0.02297011675622046, 0.21749999999999853, 0.01008042712488888, -0.06236663614585053, 0.031670789564390844, -0.04204289870073541, 0.9999656264020811]","[-0.1399485693220656, -0.18913042147284959, 0.23351948898453984, -1.3387313585889213, -0.356613893511025, 2.078981857905884, -0.6039713895103453]","[-0.13774109531058681, -0.18759908035576822, 0.24801948898453974, -1.3380593301139287, -0.3607716692540817, 2.0810932438768432, -0.6067742494237277]"
single_block,0.0,15,6,90,90,12,True,guarded,scripted_non_learned_reference,accepted,False,1.0,"[0.033112110172182074, 0.02297011675622046, 0.2175000000000002, 0.01008042712488888, -0.06236663614585053, 0.031670789564397506, -0.042042898700733744, 0.9999656264020811]","[0.033112110172182074, 0.02297011675622046, 0.2175000000000002, 0.01008042712488888, -0.06236663614585053, 0.031670789564397506, -0.042042898700733744, 0.9999656264020811]","[-0.13774109531058681, -0.18759908035576822, 0.24801948898453974, -1.3380593301139287, -0.3607716692540817, 2.0810932438768432, -0.6067742494237277]","[-0.135533621299108, -0.18606773923868686, 0.26251948898453975, -1.3373873016389362, -0.3649294449971384, 2.083204629847803, -0.60957710933711]"
single_block,0.0,15,6,90,90,13,True,guarded,scripted_non_learned_reference,accepted,False,1.0,"[0.03311211017218249, 0.02297011675622046, 0.21750000000000186, 0.01008042712488888, -0.06236663614585136, 0.031670789564390844, -0.04204289870073541, 0.9999656264020811]","[0.03311211017218249, 0.02297011675622046, 0.21750000000000186, 0.01008042712488888, -0.06236663614585136, 0.031670789564390844, -0.04204289870073541, 0.9999656264020811]","[-0.135533621299108, -0.18606773923868686, 0.26251948898453975, -1.3373873016389362, -0.3649294449971384, 2.083204629847803, -0.60957710933711]","[-0.13332614728762918, -0.1845363981216055, 0.2770194889845399, -1.3367152731639436, -0.3690872207401952, 2.0853160158187625, -0.6123799692504923]"
single_block,0.0,15,6,90,90,14,True,guarded,scripted_non_learned_reference,accepted,False,1.0,"[0.03311211017218166, 0.02297011675622046, 0.21749999999999853, 0.01008042712488888, -0.06236663614585136, 0.031670789564397506, -0.04204289870073541, 0.9999656264020811]","[0.03311211017218166, 0.02297011675622046, 0.21749999999999853, 0.01008042712488888, -0.06236663614585136, 0.031670789564397506, -0.04204289870073541, 0.9999656264020811]","[-0.13332614728762918, -0.1845363981216055, 0.2770194889845399, -1.3367152731639436, -0.3690872207401952, 2.0853160158187625, -0.6123799692504923]","[-0.1311186732761504, -0.18300505700452413, 0.2915194889845398, -1.336043244688951, -0.37324499648325193, 2.0874274017897223, -0.6151828291638747]"
single_block,0.0,15,7,105,105,0,True,guarded,scripted_non_learned_reference,accepted,False,1.0,"[0.03752591036286737, 0.025799232037206216, 0.24972800033209258, 0.012083405739427011, -0.07780263266599363, 0.04335848072506643, -0.06285241677636944, 0.9999655758729162]","[0.03752591036286737, 0.025799232037206216, 0.24972800033209258, 0.012083405739427011, -0.07780263266599363, 0.04335848072506643, -0.06285241677636944, 0.9999655758729162]","[-0.13141292662219609, -0.18319366468992318, 0.2893709556290669, -1.3361767765965868, -0.37221593004857567, 2.0866482223790106, -0.6137955279588323]","[-0.1289111992646716, -0.18147371588744277, 0.30601948898453973, -1.3353712162139584, -0.3774027722263086, 2.0895387877606817, -0.6179856890772569]"
single_block,0.0,15,7,105,105,1,True,guarded,scripted_non_learned_reference,accepted,False,1.0,"[0.033112110172182074, 0.02297011675622046, 0.21749999999999936, 0.01008042712488888, -0.06236663614585136, 0.031670789564390844, -0.04204289870073541, 0.9999655758729162]","[0.033112110172182074, 0.02297011675622046, 0.21749999999999936, 0.01008042712488888, -0.06236663614585136, 0.031670789564390844, -0.04204289870073541, 0.9999655758729162]","[-0.1289111992646716, -0.18147371588744277, 0.30601948898453973, -1.3353712162139584, -0.3774027722263086, 2.0895387877606817, -0.6179856890772569]","[-0.1267037252531928, -0.1799423747703614, 0.3205194889845397, -1.3346991877389658, -0.38156054796936534, 2.091650173731641, -0.6207885489906393]"
single_block,0.0,15,7,105,105,2,True,guarded,scripted_non_learned_reference,accepted,False,1.0,"[0.03311211017218228, 0.022970116756220876, 0.21750000000000103, 0.01008042712488888, -0.06236663614585136, 0.031670789564397506, -0.04204289870073541, 0.9999655758729162]","[0.03311211017218228, 0.022970116756220876, 0.21750000000000103, 0.01008042712488888, -0.06236663614585136, 0.031670789564397506, -0.04204289870073541, 0.9999655758729162]","[-0.1267037252531928, -0.1799423747703614, 0.3205194889845397, -1.3346991877389658, -0.38156054796936534, 2.091650173731641, -0.6207885489906393]","[-0.12449625124171397, -0.17841103365328, 0.33501948898453976, -1.3340271592639732, -0.3857183237124221, 2.093761559702601, -0.6235914089040216]"
single_block,0.0,15,7,105,105,3,True,guarded,scripted_non_learned_reference,accepted,False,1.0,"[0.033112110172182074, 0.02297011675622046, 0.21750000000000103, 0.01008042712488888, -0.06236663614585053, 0.031670789564390844, -0.042042898700733744, 0.9999655758729162]","[0.033112110172182074, 0.02297011675622046, 0.21750000000000103, 0.01008042712488888, -0.06236663614585053, 0.031670789564390844, -0.042042898700733744, 0.9999655758729162]","[-0.12449625124171397, -0.17841103365328, 0.33501948898453976, -1.3340271592639732, -0.3857183237124221, 2.093761559702601, -0.6235914089040216]","[-0.12228877723023517, -0.17687969253619865, 0.34951948898453983, -1.3333551307889806, -0.3898760994554788, 2.0958729456735603, -0.6263942688174039]"
single_block,0.0,15,7,105,105,4,True,guarded,scripted_non_learned_reference,accepted,False,1.0,"[0.033112110172181866, 0.02297011675622046, 0.2174999999999977, 0.01008042712488888, -0.06236663614585053, 0.031670789564390844, -0.04204289870073541, 0.9999655758729162]","[0.033112110172181866, 0.02297011675622046, 0.2174999999999977, 0.01008042712488888, -0.06236663614585053, 0.031670789564390844, -0.04204289870073541, 0.9999655758729162]","[-0.12228877723023517, -0.17687969253619865, 0.34951948898453983, -1.3333551307889806, -0.3898760994554788, 2.0958729456735603, -0.6263942688174039]","[-0.12008130321875637, -0.17534835141911728, 0.3640194889845397, -1.332683102313988, -0.3940338751985355, 2.0979843316445197, -0.6291971287307863]"
single_block,0.0,15,7,105,105,5,True,guarded,scripted_non_learned_reference,accepted,False,1.0,"[0.033112110172182074, 0.02297011675622046, 0.21749999999999936, 0.01008042712488555, -0.06236663614585053, 0.031670789564397506, -0.042042898700733744, 0.9999655758729162]","[0.033112110172182074, 0.02297011675622046, 0.21749999999999936, 0.01008042712488555, -0.06236663614585053, 0.031670789564397506, -0.042042898700733744, 0.9999655758729162]","[-0.12008130321875637, -0.17534835141911728, 0.3640194889845397, -1.332683102313988, -0.3940338751985355, 2.0979843316445197, -0.6291971287307863]","[-0.11787382920727757, -0.17381701030203592, 0.37851948898453963, -1.3320110738389956, -0.3981916509415922, 2.1000957176154795, -0.6319999886441685]"
single_block,0.0,15,7,105,105,6,True,guarded,scripted_non_learned_reference,accepted,False,1.0,"[0.03311211017218228, 0.022970116756220876, 0.2175000000000027, 0.01008042712488888, -0.06236663614585136, 0.031670789564390844, -0.04204289870073541, 0.9999655758729162]","[0.03311211017218228, 0.022970116756220876, 0.2175000000000027, 0.01008042712488888, -0.06236663614585136, 0.031670789564390844, -0.04204289870073541, 0.9999655758729162]","[-0.11787382920727757, -0.17381701030203592, 0.37851948898453963, -1.3320110738389956, -0.3981916509415922, 2.1000957176154795, -0.6319999886441685]","[-0.11566635519579875, -0.17228566918495453, 0.3930194889845398, -1.331339045364003, -0.40234942668464896, 2.102207103586439, -0.6348028485575509]"
single_block,0.0,15,7,105,105,7,True,guarded,scripted_non_learned_reference,accepted,False,1.0,"[0.033112110172182074, 0.02297011675622046, 0.21749999999999936, 0.01008042712488888, -0.06236663614585053, 0.031670789564390844, -0.04204289870073541, 0.9999655758729162]","[0.033112110172182074, 0.02297011675622046, 0.21749999999999936, 0.01008042712488888, -0.06236663614585053, 0.031670789564390844, -0.04204289870073541, 0.9999655758729162]","[-0.11566635519579875, -0.17228566918495453, 0.3930194889845398, -1.331339045364003, -0.40234942668464896, 2.102207103586439, -0.6348028485575509]","[-0.11345888118431995, -0.17075432806787316, 0.40751948898453977, -1.3306670168890105, -0.40650720242770566, 2.1043184895573983, -0.6376057084709332]"
single_block,0.0,15,7,105,105,8,True,guarded,scripted_non_learned_reference,accepted,False,1.0,"[0.033112110172181866, 0.022970116756220044, 0.21749999999999936, 0.01008042712488888, -0.06236663614585136, 0.031670789564397506, -0.042042898700733744, 0.9999655758729162]","[0.033112110172181866, 0.022970116756220044, 0.21749999999999936, 0.01008042712488888, -0.06236663614585136, 0.031670789564397506, -0.042042898700733744, 0.9999655758729162]","[-0.11345888118431995, -0.17075432806787316, 0.40751948898453977, -1.3306670168890105, -0.40650720242770566, 2.1043184895573983, -0.6376057084709332]","[-0.11125140717284115, -0.16922298695079183, 0.4220194889845397, -1.3299949884140179, -0.4106649781707624, 2.106429875528358, -0.6404085683843155]"
single_block,0.0,15,7,105,105,9,True,guarded,scripted_non_learned_reference,accepted,False,1.0,"[0.03311211017218228, 0.022970116756220876, 0.21750000000000103, 0.01008042712488888, -0.06236663614585136, 0.031670789564390844, -0.04204289870073541, 0.9999655758729162]","[0.03311211017218228, 0.022970116756220876, 0.21750000000000103, 0.01008042712488888, -0.06236663614585136, 0.031670789564390844, -0.04204289870073541, 0.9999655758729162]","[-0.11125140717284115, -0.16922298695079183, 0.4220194889845397, -1.3299949884140179, -0.4106649781707624, 2.106429875528358, -0.6404085683843155]","[-0.10904393316136234, -0.16769164583371043, 0.4365194889845398, -1.3293229599390253, -0.4148227539138192, 2.1085412614993175, -0.6432114282976978]"
single_block,0.0,15,7,105,105,10,True,guarded,scripted_non_learned_reference,accepted,False,1.0,"[0.033112110172182074, 0.02297011675622046, 0.21750000000000103, 0.01008042712488888, -0.06236663614585053, 0.031670789564390844, -0.04204289870073541, 0.9999655758729162]","[0.033112110172182074, 0.02297011675622046, 0.21750000000000103, 0.01008042712488888, -0.06236663614585053, 0.031670789564390844, -0.04204289870073541, 0.9999655758729162]","[-0.10904393316136234, -0.16769164583371043, 0.4365194889845398, -1.3293229599390253, -0.4148227539138192, 2.1085412614993175, -0.6432114282976978]","[-0.10683645914988353, -0.16616030471662907, 0.45101948898453986, -1.3286509314640327, -0.4189805296568759, 2.110652647470277, -0.6460142882110802]"
single_block,0.0,15,7,105,105,11,True,guarded,scripted_non_learned_reference,accepted,False,1.0,"[0.033112110172181866, 0.02297011675622046, 0.2174999999999977, 0.01008042712488888, -0.06236663614585053, 0.031670789564397506, -0.042042898700733744, 0.9999655758729162]","[0.033112110172181866, 0.02297011675622046, 0.2174999999999977, 0.01008042712488888, -0.06236663614585053, 0.031670789564397506, -0.042042898700733744, 0.9999655758729162]","[-0.10683645914988353, -0.16616030471662907, 0.45101948898453986, -1.3286509314640327, -0.4189805296568759, 2.110652647470277, -0.6460142882110802]","[-0.10462898513840474, -0.1646289635995477, 0.4655194889845397, -1.32797890298904, -0.4231383053999326, 2.1127640334412368, -0.6488171481244625]"
single_block,0.0,15,7,105,105,12,True,guarded,scripted_non_learned_reference,accepted,False,1.0,"[0.05974601678214245, 0.03975838692765257, 0.2092573584341073, -0.007410310979382162, -0.057489947288488774, 0.007920730691741706, -0.042406903789972694, 0.9999655758729162]","[0.05974601678214245, 0.03975838692765257, 0.2092573584341073, -0.007410310979382162, -0.057489947288488774, 0.007920730691741706, -0.042406903789972694, 0.9999655758729162]","[-0.10462898513840474, -0.1646289635995477, 0.4655194889845397, -1.32797890298904, -0.4231383053999326, 2.1127640334412368, -0.6488171481244625]","[-0.10064591735292858, -0.16197840447103753, 0.47946997954681353, -1.328472923720999, -0.4269709685524985, 2.1132920821540195, -0.651644275043794]"
single_block,0.0,15,7,105,105,13,True,guarded,scripted_non_learned_reference,accepted,False,1.0,"[0.21750000000000227, 0.13919616485733047, 0.16043577329082293, -0.11100884219661267, -0.028605071200686893, -0.13275207573080428, -0.04456292444363408, 0.9999655758729162]","[0.21750000000000227, 0.13919616485733047, 0.16043577329082293, -0.11100884219661267, -0.028605071200686893, -0.13275207573080428, -0.04456292444363408, 0.9999655758729162]","[-0.10064591735292858, -0.16197840447103753, 0.47946997954681353, -1.328472923720999, -0.4269709685524985, 2.1132920821540195, -0.651644275043794]","[-0.08614591735292843, -0.1526986601472155, 0.4901656977662017, -1.335873513200773, -0.42887797329921096, 2.104441943771966, -0.6546151366733696]"
single_block,0.0,15,7,105,105,14,True,guarded,scripted_non_learned_reference,accepted,False,1.0,"[0.21749999999999917, 0.13919616485732839, 0.16043577329082043, -0.11100884219661267, -0.02860507120068606, -0.13275207573079761, -0.04456292444363408, 0.9999655758729162]","[0.21749999999999917, 0.13919616485732839, 0.16043577329082043, -0.11100884219661267, -0.02860507120068606, -0.13275207573079761, -0.04456292444363408, 0.9999655758729162]","[-0.08614591735292843, -0.1526986601472155, 0.4901656977662017, -1.335873513200773, -0.42887797329921096, 2.104441943771966, -0.6546151366733696]","[-0.07164591735292848, -0.1434189158233936, 0.5008614159855898, -1.3432741026805473, -0.43078497804592336, 2.0955918053899127, -0.6575859983029452]"
single_block,0.0,15,8,120,120,0,True,guarded,scripted_non_learned_reference,accepted,False,1.0,"[0.2556223271915099, 0.2924947595631379, 0.2259200376313253, -0.24127664111494584, -0.035641979892184206, -0.19693647524327007, -0.06780556787942038, 0.9999689465986061]","[0.2556223271915099, 0.2924947595631379, 0.2259200376313253, -0.24127664111494584, -0.035641979892184206, -0.19693647524327007, -0.06780556787942038, 0.9999689465986061]","[-0.07418740583236252, -0.15363882213711424, 0.4964957983628894, -1.3345895827526584, -0.4303158507998235, 2.0998707653574105, -0.6560364887405595]","[-0.05714591735292853, -0.13413917149957172, 0.5115571342049777, -1.3506746921603214, -0.43269198279263577, 2.086741667007859, -0.6605568599325209]"
single_block,0.0,15,8,120,120,1,True,guarded,scripted_non_learned_reference,accepted,False,1.0,"[0.21749999999999917, 0.1391961648573282, 0.16043577329082126, -0.11100884219661267, -0.02860507120068606, -0.13275207573079761, -0.04456292444363408, 0.9999689465986061]","[0.21749999999999917, 0.1391961648573282, 0.16043577329082126, -0.11100884219661267, -0.02860507120068606, -0.13275207573079761, -0.04456292444363408, 0.9999689465986061]","[-0.05714591735292853, -0.13413917149957172, 0.5115571342049777, -1.3506746921603214, -0.43269198279263577, 2.086741667007859, -0.6605568599325209]","[-0.04264591735292859, -0.12485942717574984, 0.5222528524243658, -1.3580752816400956, -0.43459898753934817, 2.077891528625806, -0.6635277215620965]"
single_block,0.0,15,8,120,120,2,True,guarded,scripted_non_learned_reference,accepted,False,1.0,"[0.21749999999999925, 0.13919616485732839, 0.1604357732908196, -0.11100884219661267, -0.02860507120068606, -0.13275207573080428, -0.04456292444363408, 0.9999689465986061]","[0.21749999999999925, 0.13919616485732839, 0.1604357732908196, -0.11100884219661267, -0.02860507120068606, -0.13275207573080428, -0.04456292444363408, 0.9999689465986061]","[-0.04264591735292859, -0.12485942717574984, 0.5222528524243658, -1.3580752816400956, -0.43459898753934817, 2.077891528625806, -0.6635277215620965]","[-0.028145917352928637, -0.11557968285192795, 0.5329485706437538, -1.3654758711198698, -0.4365059922860606, 2.0690413902437523, -0.6664985831916721]"
single_block,0.0,15,8,120,120,3,True,guarded,scripted_non_learned_reference,accepted,False,1.0,"[0.21749999999999936, 0.1391961648573286, 0.16043577329082126, -0.11100884219661267, -0.02860507120068606, -0.13275207573079761, -0.04456292444363574, 0.9999689465986061]","[0.21749999999999936, 0.1391961648573286, 0.16043577329082126, -0.11100884219661267, -0.02860507120068606, -0.13275207573079761, -0.04456292444363574, 0.9999689465986061]","[-0.028145917352928637, -0.11557968285192795, 0.5329485706437538, -1.3654758711198698, -0.4365059922860606, 2.0690413902437523, -0.6664985831916721]","[-0.01364591735292868, -0.10629993852810604, 0.5436442888631419, -1.372876460599644, -0.438412997032773, 2.060191251861699, -0.6694694448212478]"
single_block,0.0,15,8,120,120,4,True,guarded,scripted_non_learned_reference,accepted,False,1.0,"[0.217500000000005, 0.13919616485733194, 0.1604357732908246, -0.111008842196616, -0.028605071200686893, -0.13275207573080428, -0.04456292444363574, 0.9999689465986061]","[0.217500000000005, 0.13919616485733194, 0.1604357732908246, -0.111008842196616, -0.028605071200686893, -0.13275207573080428, -0.04456292444363574, 0.9999689465986061]","[-0.01364591735292868, -0.10629993852810604, 0.5436442888631419, -1.372876460599644, -0.438412997032773, 2.060191251861699, -0.6694694448212478]","[0.0008540826470716523, -0.09702019420428391, 0.5543400070825302, -1.3802770500794184, -0.44032000177948544, 2.0513411134796455, -0.6724403064508235]"
single_block,0.0,15,8,120,120,5,True,guarded,scripted_non_learned_reference,accepted,False,1.0,"[0.21749999999999917, 0.1391961648573282, 0.1604357732908196, -0.11100884219661267, -0.02860507120068606, -0.13275207573080428, -0.04456292444363408, 0.9999689465986061]","[0.21749999999999917, 0.1391961648573282, 0.1604357732908196, -0.11100884219661267, -0.02860507120068606, -0.13275207573080428, -0.04456292444363408, 0.9999689465986061]","[0.0008540826470716523, -0.09702019420428391, 0.5543400070825302, -1.3802770500794184, -0.44032000177948544, 2.0513411134796455, -0.6724403064508235]","[0.015354082647071596, -0.08774044988046203, 0.5650357253019181, -1.3876776395591925, -0.44222700652619784, 2.042490975097592, -0.6754111680803991]"
single_block,0.0,15,8,120,120,6,True,guarded,scripted_non_learned_reference,accepted,False,1.0,"[0.21749999999999917, 0.1391961648573286, 0.16043577329082126, -0.11100884219661267, -0.02860507120068606, -0.13275207573079761, -0.04456292444363408, 0.9999689465986061]","[0.21749999999999917, 0.1391961648573286, 0.16043577329082126, -0.11100884219661267, -0.02860507120068606, -0.13275207573079761, -0.04456292444363408, 0.9999689465986061]","[0.015354082647071596, -0.08774044988046203, 0.5650357253019181, -1.3876776395591925, -0.44222700652619784, 2.042490975097592, -0.6754111680803991]","[0.02985408264707154, -0.07846070555664013, 0.5757314435213062, -1.3950782290389667, -0.44413401127291025, 2.0336408367155387, -0.6783820297099747]"
single_block,0.0,15,8,120,120,7,True,guarded,scripted_non_learned_reference,accepted,False,1.0,"[0.21749999999999936, 0.13919616485732839, 0.1604357732908196, -0.11100884219661267, -0.02860507120068606, -0.13275207573080428, -0.04456292444363408, 0.9999689465986061]","[0.21749999999999936, 0.13919616485732839, 0.1604357732908196, -0.11100884219661267, -0.02860507120068606, -0.13275207573080428, -0.04456292444363408, 0.9999689465986061]","[0.02985408264707154, -0.07846070555664013, 0.5757314435213062, -1.3950782290389667, -0.44413401127291025, 2.0336408367155387, -0.6783820297099747]","[0.0443540826470715, -0.06918096123281824, 0.5864271617406942, -1.402478818518741, -0.44604101601962265, 2.024790698333485, -0.6813528913395503]"
single_block,0.0,15,8,120,120,8,True,guarded,scripted_non_learned_reference,accepted,False,1.0,"[0.21749999999999894, 0.1391961648573282, 0.16043577329082126, -0.11100884219661267, -0.02860507120068606, -0.13275207573079761, -0.04456292444363408, 0.9999689465986061]","[0.21749999999999894, 0.1391961648573282, 0.16043577329082126, -0.11100884219661267, -0.02860507120068606, -0.13275207573079761, -0.04456292444363408, 0.9999689465986061]","[0.0443540826470715, -0.06918096123281824, 0.5864271617406942, -1.402478818518741, -0.44604101601962265, 2.024790698333485, -0.6813528913395503]","[0.058854082647071426, -0.05990121690899636, 0.5971228799600823, -1.409879407998515, -0.44794802076633505, 2.015940559951432, -0.684323752969126]"
single_block,0.0,15,8,120,120,9,True,guarded,scripted_non_learned_reference,accepted,False,1.0,"[0.21749999999999936, 0.1391961648573286, 0.1604357732908196, -0.11100884219661267, -0.02860507120068606, -0.13275207573080428, -0.04456292444363574, 0.9999689465986061]","[0.21749999999999936, 0.1391961648573286, 0.1604357732908196, -0.11100884219661267, -0.02860507120068606, -0.13275207573080428, -0.04456292444363574, 0.9999689465986061]","[0.058854082647071426, -0.05990121690899636, 0.5971228799600823, -1.409879407998515, -0.44794802076633505, 2.015940559951432, -0.684323752969126]","[0.07335408264707138, -0.05062147258517445, 0.6078185981794703, -1.4172799974782893, -0.44985502551304746, 2.0070904215693783, -0.6872946145987017]"
single_block,0.0,15,8,120,120,10,True,guarded,scripted_non_learned_reference,accepted,False,1.0,"[0.21749999999999936, 0.1391961648573282, 0.1604357732908196, -0.11100884219661267, -0.02860507120068606, -0.13275207573079761, -0.04456292444363408, 0.9999689465986061]","[0.21749999999999936, 0.1391961648573282, 0.1604357732908196, -0.11100884219661267, -0.02860507120068606, -0.13275207573079761, -0.04456292444363408, 0.9999689465986061]","[0.07335408264707138, -0.05062147258517445, 0.6078185981794703, -1.4172799974782893, -0.44985502551304746, 2.0070904215693783, -0.6872946145987017]","[0.08785408264707134, -0.04134172826135257, 0.6185143163988582, -1.4246805869580634, -0.45176203025975986, 1.9982402831873252, -0.6902654762282773]"
single_block,0.0,15,8,120,120,11,True,guarded,scripted_non_learned_reference,accepted,False,1.0,"[0.2175000000000052, 0.13919616485733213, 0.1604357732908246, -0.111008842196616, -0.028605071200686893, -0.13275207573080428, -0.04456292444363574, 0.9999689465986061]","[0.2175000000000052, 0.13919616485733213, 0.1604357732908246, -0.111008842196616, -0.028605071200686893, -0.13275207573080428, -0.04456292444363574, 0.9999689465986061]","[0.08785408264707134, -0.04134172826135257, 0.6185143163988582, -1.4246805869580634, -0.45176203025975986, 1.9982402831873252, -0.6902654762282773]","[0.10235408264707169, -0.03206198393753043, 0.6292100346182465, -1.4320811764378378, -0.4536690350064723, 1.9893901448052715, -0.693236337857853]"
single_block,0.0,15,8,120,120,12,True,guarded,scripted_non_learned_reference,accepted,False,1.0,"[0.20136128833217604, 0.11405372271875114, 0.04501908960554968, -0.07307556677810356, 0.033530597900992554, -0.07987804042967506, -0.028859585066045024, 0.9999689465986061]","[0.20136128833217604, 0.11405372271875114, 0.04501908960554968, -0.07307556677810356, 0.033530597900992554, -0.07987804042967506, -0.028859585066045024, 0.9999689465986061]","[0.10235408264707169, -0.03206198393753043, 0.6292100346182465, -1.4320811764378378, -0.4536690350064723, 1.9893901448052715, -0.693236337857853]","[0.11577816853588342, -0.024458402422947022, 0.6322113072586165, -1.4369528808897114, -0.4514336618130728, 1.9840649421099599, -0.6951603101955893]"
single_block,0.0,15,8,120,120,13,True,guarded,scripted_non_learned_reference,accepted,False,1.0,"[0.16465325133818592, 0.05686640100816083, -0.21749999999999936, 0.01320493107243359, 0.17486024595330218, 0.040385713196048334, 0.006858183158978681, 0.9999689465986061]","[0.16465325133818592, 0.05686640100816083, -0.21749999999999936, 0.01320493107243359, 0.17486024595330218, 0.040385713196048334, 0.006858183158978681, 0.9999689465986061]","[0.11577816853588342, -0.024458402422947022, 0.6322113072586165, -1.4369528808897114, -0.4514336618130728, 1.9840649421099599, -0.6951603101955893]","[0.12675505195842915, -0.020667309022402967, 0.6177113072586166, -1.4360725521515492, -0.43977631208285267, 1.9867573229896964, -0.6947030979849907]"
single_block,0.0,15,8,120,120,14,True,guarded,scripted_non_learned_reference,accepted,False,1.0,"[0.1646532513381857, 0.05686640100816083, -0.21749999999999936, 0.01320493107243692, 0.17486024595330218, 0.040385713196048334, 0.006858183158978681, 0.9999689465986061]","[0.1646532513381857, 0.05686640100816083, -0.21749999999999936, 0.01320493107243692, 0.17486024595330218, 0.040385713196048334, 0.006858183158978681, 0.9999689465986061]","[0.12675505195842915, -0.020667309022402967, 0.6177113072586166, -1.4360725521515492, -0.43977631208285267, 1.9867573229896964, -0.6947030979849907]","[0.13773193538097486, -0.01687621562185891, 0.6032113072586166, -1.4351922234133867, -0.4281189623526325, 1.989449703869433, -0.6942458857743922]"
single_block,0.0,15,9,135,135,0,True,guarded,scripted_non_learned_reference,accepted,False,1.0,"[0.007605704672515035, 0.018647052281548313, -0.45090606151520773, 0.14063917921452784, 0.19015393540523673, 0.0472781828120139, 0.007729308697592696, 0.9999717392293539]","[0.007605704672515035, 0.018647052281548313, -0.45090606151520773, 0.14063917921452784, 0.19015393540523673, 0.0472781828120139, 0.007729308697592696, 0.9999717392293539]","[0.1482017718253529, -0.014328259040084747, 0.6187717113596305, -1.443687839956193, -0.4291385416494281, 1.9889902058950353, -0.6943039608102997]","[0.14870881880352058, -0.01308512222131486, 0.5887113072586166, -1.4343118946752245, -0.4164616126224123, 1.9921420847491695, -0.6937886735637935]"
single_block,0.0,15,9,135,135,1,True,guarded,scripted_non_learned_reference,accepted,False,1.0,"[0.16465325133818529, 0.056866401008160775, -0.21749999999999936, 0.01320493107243692, 0.17486024595330218, 0.040385713196048334, 0.006858183158978681, 0.9999717392293539]","[0.16465325133818529, 0.056866401008160775, -0.21749999999999936, 0.01320493107243692, 0.17486024595330218, 0.040385713196048334, 0.006858183158978681, 0.9999717392293539]","[0.14870881880352058, -0.01308512222131486, 0.5887113072586166, -1.4343118946752245, -0.4164616126224123, 1.9921420847491695, -0.6937886735637935]","[0.15968570222606626, -0.009294028820770808, 0.5742113072586167, -1.433431565937062, -0.4048042628921922, 1.994834465628906, -0.6933314613531949]"
single_block,0.0,15,9,135,135,2,True,guarded,scripted_non_learned_reference,accepted,False,1.0,"[0.1646532513381857, 0.056866401008160775, -0.21749999999999936, 0.01320493107243359, 0.17486024595330218, 0.040385713196048334, 0.006858183158978681, 0.9999717392293539]","[0.1646532513381857, 0.056866401008160775, -0.21749999999999936, 0.01320493107243359, 0.17486024595330218, 0.040385713196048334, 0.006858183158978681, 0.9999717392293539]","[0.15968570222606626, -0.009294028820770808, 0.5742113072586167, -1.433431565937062, -0.4048042628921922, 1.994834465628906, -0.6933314613531949]","[0.17066258564861198, -0.005502935420226757, 0.5597113072586167, -1.4325512371988998, -0.39314691316197203, 1.9975268465086427, -0.6928742491425963]"
single_block,0.0,15,9,135,135,3,True,guarded,scripted_non_learned_reference,accepted,False,1.0,"[0.1646532513381857, 0.05686640100816083, -0.21749999999999936, 0.01320493107243359, 0.17486024595330218, 0.040385713196048334, 0.006858183158980347, 0.9999717392293539]","[0.1646532513381857, 0.05686640100816083, -0.21749999999999936, 0.01320493107243359, 0.17486024595330218, 0.040385713196048334, 0.006858183158980347, 0.9999717392293539]","[0.17066258564861198, -0.005502935420226757, 0.5597113072586167, -1.4325512371988998, -0.39314691316197203, 1.9975268465086427, -0.6928742491425963]","[0.1816394690711577, -0.0017118420196827015, 0.5452113072586168, -1.4316709084607375, -0.3814895634317519, 2.000219227388379, -0.6924170369319976]"
single_block,0.0,15,9,135,135,4,True,guarded,scripted_non_learned_reference,accepted,False,1.0,"[0.1646532513381907, 0.056866401008162336, -0.21750000000000436, 0.01320493107243692, 0.17486024595330718, 0.040385713196051665, 0.006858183158978681, 0.9999717392293539]","[0.1646532513381907, 0.056866401008162336, -0.21750000000000436, 0.01320493107243692, 0.17486024595330718, 0.040385713196051665, 0.006858183158978681, 0.9999717392293539]","[0.1816394690711577, -0.0017118420196827015, 0.5452113072586168, -1.4316709084607375, -0.3814895634317519, 2.000219227388379, -0.6924170369319976]","[0.19261635249370374, 0.002079251380861454, 0.5307113072586165, -1.430790579722575, -0.3698322137015314, 2.002911608268116, -0.691959824721399]"
single_block,0.0,15,9,135,135,5,True,guarded,scripted_non_learned_reference,accepted,False,1.0,"[0.16465325133818529, 0.056866401008160726, -0.21749999999999936, 0.01320493107243359, 0.17486024595330218, 0.040385713196045, 0.006858183158978681, 0.9999717392293539]","[0.16465325133818529, 0.056866401008160726, -0.21749999999999936, 0.01320493107243359, 0.17486024595330218, 0.040385713196045, 0.006858183158978681, 0.9999717392293539]","[0.19261635249370374, 0.002079251380861454, 0.5307113072586165, -1.430790579722575, -0.3698322137015314, 2.002911608268116, -0.691959824721399]","[0.20359323591624942, 0.005870344781405502, 0.5162113072586165, -1.4299102509844128, -0.35817486397131126, 2.0056039891478523, -0.6915026125108005]"
single_block,0.0,15,9,135,135,6,True,guarded,scripted_non_learned_reference,accepted,False,1.0,"[0.1646532513381857, 0.056866401008160775, -0.21749999999999936, 0.01320493107243692, 0.17486024595330302, 0.040385713196045, 0.006858183158980347, 0.9999717392293539]","[0.1646532513381857, 0.056866401008160775, -0.21749999999999936, 0.01320493107243692, 0.17486024595330302, 0.040385713196045, 0.006858183158980347, 0.9999717392293539]","[0.20359323591624942, 0.005870344781405502, 0.5162113072586165, -1.4299102509844128, -0.35817486397131126, 2.0056039891478523, -0.6915026125108005]","[0.21457011933879513, 0.009661438181949554, 0.5017113072586166, -1.4290299222462504, -0.34651751424109106, 2.0082963700275887, -0.6910454003002018]"
single_block,0.0,15,9,135,135,7,True,guarded,scripted_non_learned_reference,accepted,False,1.0,"[0.16465325133818612, 0.05686640100816088, -0.21749999999999936, 0.01320493107243359, 0.17486024595330218, 0.040385713196051665, 0.006858183158978681, 0.9999717392293539]","[0.16465325133818612, 0.05686640100816088, -0.21749999999999936, 0.01320493107243359, 0.17486024595330218, 0.040385713196051665, 0.006858183158978681, 0.9999717392293539]","[0.21457011933879513, 0.009661438181949554, 0.5017113072586166, -1.4290299222462504, -0.34651751424109106, 2.0082963700275887, -0.6910454003002018]","[0.22554700276134088, 0.013452531582493613, 0.4872113072586166, -1.4281495935080881, -0.3348601645108709, 2.0109887509073254, -0.6905881880896032]"
single_block,0.0,15,9,135,135,8,True,guarded,scripted_non_learned_reference,accepted,False,1.0,"[0.16465325133818529, 0.056866401008160775, -0.21749999999999936, 0.01320493107243692, 0.17486024595330302, 0.040385713196045, 0.006858183158978681, 0.9999717392293539]","[0.16465325133818529, 0.056866401008160775, -0.21749999999999936, 0.01320493107243692, 0.17486024595330302, 0.040385713196045, 0.006858183158978681, 0.9999717392293539]","[0.22554700276134088, 0.013452531582493613, 0.4872113072586166, -1.4281495935080881, -0.3348601645108709, 2.0109887509073254, -0.6905881880896032]","[0.23652388618388656, 0.017243624983037664, 0.47271130725861665, -1.4272692647699257, -0.3232028147806507, 2.0136811317870618, -0.6901309758790046]"
single_block,0.0,15,9,135,135,9,True,guarded,scripted_non_learned_reference,accepted,False,1.0,"[0.1646532513381857, 0.056866401008160775, -0.21749999999999936, 0.01320493107243359, 0.17486024595330218, 0.040385713196051665, 0.006858183158980347, 0.9999717392293539]","[0.1646532513381857, 0.056866401008160775, -0.21749999999999936, 0.01320493107243359, 0.17486024595330218, 0.040385713196051665, 0.006858183158980347, 0.9999717392293539]","[0.23652388618388656, 0.017243624983037664, 0.47271130725861665, -1.4272692647699257, -0.3232028147806507, 2.0136811317870618, -0.6901309758790046]","[0.24750076960643227, 0.021034718383581716, 0.4582113072586167, -1.4263889360317634, -0.31154546505043057, 2.0163735126667985, -0.6896737636684059]"
single_block,0.0,15,9,135,135,10,True,guarded,scripted_non_learned_reference,accepted,False,1.0,"[0.16465325133818529, 0.056866401008160775, -0.21749999999999936, 0.01320493107243692, 0.17486024595330218, 0.040385713196045, 0.006858183158978681, 0.9999717392293539]","[0.16465325133818529, 0.056866401008160775, -0.21749999999999936, 0.01320493107243692, 0.17486024595330218, 0.040385713196045, 0.006858183158978681, 0.9999717392293539]","[0.24750076960643227, 0.021034718383581716, 0.4582113072586167, -1.4263889360317634, -0.31154546505043057, 2.0163735126667985, -0.6896737636684059]","[0.25847765302897796, 0.024825811784125768, 0.44371130725861674, -1.425508607293601, -0.2998881153202104, 2.019065893546535, -0.6892165514578074]"
single_block,0.0,15,9,135,135,11,True,guarded,scripted_non_learned_reference,accepted,False,1.0,"[0.1646532513381907, 0.056866401008162336, -0.2175000000000052, 0.01320493107243359, 0.17486024595330718, 0.040385713196051665, 0.006858183158978681, 0.9999717392293539]","[0.1646532513381907, 0.056866401008162336, -0.2175000000000052, 0.01320493107243359, 0.17486024595330718, 0.040385713196051665, 0.006858183158978681, 0.9999717392293539]","[0.25847765302897796, 0.024825811784125768, 0.44371130725861674, -1.425508607293601, -0.2998881153202104, 2.019065893546535, -0.6892165514578074]","[0.269454536451524, 0.028616905184669923, 0.4292113072586164, -1.4246282785554387, -0.28823076558998995, 2.0217582744262717, -0.6887593392472088]"
single_block,0.0,15,9,135,135,12,True,guarded,scripted_non_learned_reference,accepted,False,1.0,"[0.1646532513381857, 0.05686640100816067, -0.21749999999999853, 0.01320493107243692, 0.17486024595330218, 0.040385713196045, 0.006858183158980347, 0.9999717392293539]","[0.1646532513381857, 0.05686640100816067, -0.21749999999999853, 0.01320493107243692, 0.17486024595330218, 0.040385713196045, 0.006858183158980347, 0.9999717392293539]","[0.269454536451524, 0.028616905184669923, 0.4292113072586164, -1.4246282785554387, -0.28823076558998995, 2.0217582744262717, -0.6887593392472088]","[0.2804314198740697, 0.03240799858521397, 0.4147113072586165, -1.4237479498172763, -0.2765734158597698, 2.024450655306008, -0.6883021270366101]"
single_block,0.0,15,9,135,135,13,True,guarded,scripted_non_learned_reference,accepted,False,1.0,"[0.1646532513381857, 0.05686640100816088, -0.21749999999999936, 0.01320493107243359, 0.17486024595330218, 0.040385713196051665, 0.006858183158978681, 0.9999717392293539]","[0.1646532513381857, 0.05686640100816088, -0.21749999999999936, 0.01320493107243359, 0.17486024595330218, 0.040385713196051665, 0.006858183158978681, 0.9999717392293539]","[0.2804314198740697, 0.03240799858521397, 0.4147113072586165, -1.4237479498172763, -0.2765734158597698, 2.024450655306008, -0.6883021270366101]","[0.29140830329661543, 0.036199091985758027, 0.40021130725861653, -1.422867621079114, -0.26491606612954965, 2.0271430361857448, -0.6878449148260115]"
single_block,0.0,15,9,135,135,14,True,guarded,scripted_non_learned_reference,accepted,False,1.0,"[0.1646532513381857, 0.05686640100816088, -0.21749999999999936, 0.01320493107243692, 0.17486024595330218, 0.040385713196045, 0.006858183158978681, 0.9999717392293539]","[0.1646532513381857, 0.05686640100816088, -0.21749999999999936, 0.01320493107243692, 0.17486024595330218, 0.040385713196045, 0.006858183158978681, 0.9999717392293539]","[0.29140830329661543, 0.036199091985758027, 0.40021130725861653, -1.422867621079114, -0.26491606612954965, 2.0271430361857448, -0.6878449148260115]","[0.30238518671916115, 0.039990185386302085, 0.3857113072586166, -1.4219872923409516, -0.2532587163993295, 2.029835417065481, -0.6873877026154129]"
single_block,0.0,15,10,150,150,0,True,guarded,scripted_non_learned_reference,accepted,False,1.0,"[0.1848218175701563, 0.054970859043398865, -0.2498547610834448, 0.019405867023417622, 0.21845683931343243, 0.05701177449200845, 0.010254161746301449, 0.999976233516042]","[0.1848218175701563, 0.054970859043398865, -0.2498547610834448, 0.019405867023417622, 0.21845683931343243, 0.05701177449200845, 0.010254161746301449, 0.999976233516042]","[0.3010406156370297, 0.04011655485061953, 0.38786829133084627, -1.4224006880710172, -0.2561651559566715, 2.028727012979084, -0.687614101187901]","[0.3133620701417068, 0.04378127878684612, 0.3712113072586166, -1.4211069636027893, -0.24160136666910934, 2.032527797945218, -0.6869304904048142]"
single_block,0.0,15,10,150,150,1,True,guarded,scripted_non_learned_reference,accepted,False,1.0,"[0.16465325133818653, 0.05686640100816098, -0.21749999999999936, 0.01320493107243359, 0.1748602459533026, 0.040385713196045, 0.006858183158978681, 0.999976233516042]","[0.16465325133818653, 0.05686640100816098, -0.21749999999999936, 0.01320493107243359, 0.1748602459533026, 0.040385713196045, 0.006858183158978681, 0.999976233516042]","[0.3133620701417068, 0.04378127878684612, 0.3712113072586166, -1.4211069636027893, -0.24160136666910934, 2.032527797945218, -0.6869304904048142]","[0.3243389535642526, 0.04757237218739019, 0.35671130725861666, -1.420226634864627, -0.22994401693888916, 2.035220178824954, -0.6864732781942157]"
single_block,0.0,15,10,150,150,2,True,guarded,scripted_non_learned_reference,accepted,False,1.0,"[0.1646532513381857, 0.056866401008160775, -0.21749999999999936, 0.01320493107243692, 0.1748602459533026, 0.040385713196051665, 0.006858183158978681, 0.999976233516042]","[0.1646532513381857, 0.056866401008160775, -0.21749999999999936, 0.01320493107243692, 0.1748602459533026, 0.040385713196051665, 0.006858183158978681, 0.999976233516042]","[0.3243389535642526, 0.04757237218739019, 0.35671130725861666, -1.420226634864627, -0.22994401693888916, 2.035220178824954, -0.6864732781942157]","[0.3353158369867983, 0.05136346558793424, 0.3422113072586167, -1.4193463061264646, -0.218286667208669, 2.037912559704691, -0.6860160659836171]"
single_block,0.0,15,10,150,150,3,True,guarded,scripted_non_learned_reference,accepted,False,1.0,"[0.1646532513381857, 0.056866401008160775, -0.21749999999999936, 0.01320493107243359, 0.1748602459533026, 0.040385713196045, 0.006858183158980347, 0.999976233516042]","[0.1646532513381857, 0.056866401008160775, -0.21749999999999936, 0.01320493107243359, 0.1748602459533026, 0.040385713196045, 0.006858183158980347, 0.999976233516042]","[0.3353158369867983, 0.05136346558793424, 0.3422113072586167, -1.4193463061264646, -0.218286667208669, 2.037912559704691, -0.6860160659836171]","[0.346292720409344, 0.05515455898847829, 0.32771130725861675, -1.4184659773883024, -0.20662931747844882, 2.0406049405844273, -0.6855588537730184]"
single_block,0.0,15,10,150,150,4,True,guarded,scripted_non_learned_reference,accepted,False,1.0,"[0.16465325133818987, 0.05686640100816223, -0.21750000000000436, 0.01320493107243692, 0.17486024595330635, 0.040385713196051665, 0.006858183158978681, 0.999976233516042]","[0.16465325133818987, 0.05686640100816223, -0.21750000000000436, 0.01320493107243692, 0.17486024595330635, 0.040385713196051665, 0.006858183158978681, 0.999976233516042]","[0.346292720409344, 0.05515455898847829, 0.32771130725861675, -1.4184659773883024, -0.20662931747844882, 2.0406049405844273, -0.6855588537730184]","[0.35726960383189, 0.05894565238902244, 0.31321130725861646, -1.41758564865014, -0.1949719677482284, 2.043297321464164, -0.6851016415624198]"
single_block,0.0,15,10,150,150,5,True,guarded,scripted_non_learned_reference,accepted,False,1.0,"[0.16465325133818653, 0.05686640100816098, -0.21749999999999936, 0.01320493107243359, 0.17486024595330302, 0.040385713196045, 0.006858183158978681, 0.999976233516042]","[0.16465325133818653, 0.05686640100816098, -0.21749999999999936, 0.01320493107243359, 0.17486024595330302, 0.040385713196045, 0.006858183158978681, 0.999976233516042]","[0.35726960383189, 0.05894565238902244, 0.31321130725861646, -1.41758564865014, -0.1949719677482284, 2.043297321464164, -0.6851016415624198]","[0.36824648725443576, 0.0627367457895665, 0.2987113072586165, -1.4167053199119777, -0.1833146180180082, 2.0459897023439004, -0.6846444293518212]"
single_block,0.0,15,10,150,150,6,True,guarded,scripted_non_learned_reference,accepted,False,1.0,"[0.16465325133818487, 0.056866401008160566, -0.21749999999999936, 0.01320493107243692, 0.17486024595330218, 0.040385713196051665, 0.006858183158980347, 0.999976233516042]","[0.16465325133818487, 0.056866401008160566, -0.21749999999999936, 0.01320493107243692, 0.17486024595330218, 0.040385713196051665, 0.006858183158980347, 0.999976233516042]","[0.36824648725443576, 0.0627367457895665, 0.2987113072586165, -1.4167053199119777, -0.1833146180180082, 2.0459897023439004, -0.6846444293518212]","[0.3792233706769814, 0.06652783919011054, 0.28421130725861654, -1.4158249911738152, -0.17165726828778805, 2.048682083223637, -0.6841872171412225]"
single_block,0.0,15,10,150,150,7,True,guarded,scripted_non_learned_reference,accepted,False,1.0,"[0.16465325133818487, 0.056866401008160775, -0.21749999999999853, 0.01320493107243359, 0.17486024595330218, 0.040385713196045, 0.006858183158978681, 0.999976233516042]","[0.16465325133818487, 0.056866401008160775, -0.21749999999999853, 0.01320493107243359, 0.17486024595330218, 0.040385713196045, 0.006858183158978681, 0.999976233516042]","[0.3792233706769814, 0.06652783919011054, 0.28421130725861654, -1.4158249911738152, -0.17165726828778805, 2.048682083223637, -0.6841872171412225]","[0.3902002540995271, 0.0703189325906546, 0.26971130725861664, -1.414944662435653, -0.1599999185575679, 2.0513744641033735, -0.683730004930624]"
single_block,0.0,15,10,150,150,8,True,guarded,scripted_non_learned_reference,accepted,False,1.0,"[0.16465325133818653, 0.056866401008160775, -0.21749999999999936, 0.01320493107243692, 0.17486024595330218, 0.040385713196045, 0.006858183158978681, 0.999976233516042]","[0.16465325133818653, 0.056866401008160775, -0.21749999999999936, 0.01320493107243692, 0.17486024595330218, 0.040385713196045, 0.006858183158978681, 0.999976233516042]","[0.3902002540995271, 0.0703189325906546, 0.26971130725861664, -1.414944662435653, -0.1599999185575679, 2.0513744641033735, -0.683730004930624]","[0.40117713752207285, 0.07411002599119865, 0.2552113072586167, -1.4140643336974905, -0.14834256882734775, 2.05406684498311, -0.6832727927200254]"
single_block,0.0,15,10,150,150,9,True,guarded,scripted_non_learned_reference,accepted,False,1.0,"[0.16465325133818487, 0.05686640100816098, -0.21749999999999936, 0.01320493107243359, 0.17486024595330302, 0.040385713196051665, 0.006858183158980347, 0.999976233516042]","[0.16465325133818487, 0.05686640100816098, -0.21749999999999936, 0.01320493107243359, 0.17486024595330302, 0.040385713196051665, 0.006858183158980347, 0.999976233516042]","[0.40117713752207285, 0.07411002599119865, 0.2552113072586167, -1.4140643336974905, -0.14834256882734775, 2.05406684498311, -0.6832727927200254]","[0.4121540209446185, 0.07790111939174271, 0.24071130725861672, -1.4131840049593283, -0.13668521909712755, 2.0567592258628467, -0.6828155805094267]"
single_block,0.0,15,10,150,150,10,True,guarded,scripted_non_learned_reference,accepted,False,1.0,"[0.16465325133818653, 0.056866401008160775, -0.21749999999999936, 0.01320493107243692, 0.17486024595330218, 0.040385713196045, 0.006858183158978681, 0.999976233516042]","[0.16465325133818653, 0.056866401008160775, -0.21749999999999936, 0.01320493107243692, 0.17486024595330218, 0.040385713196045, 0.006858183158978681, 0.999976233516042]","[0.4121540209446185, 0.07790111939174271, 0.24071130725861672, -1.4131840049593283, -0.13668521909712755, 2.0567592258628467, -0.6828155805094267]","[0.4231309043671643, 0.08169221279228676, 0.22621130725861677, -1.4123036762211658, -0.1250278693669074, 2.059451606742583, -0.6823583682988281]"
single_block,0.0,15,10,150,150,11,True,guarded,scripted_non_learned_reference,accepted,False,1.0,"[0.16465325133818987, 0.05686640100816244, -0.21750000000000602, 0.01320493107243359, 0.17486024595330718, 0.040385713196051665, 0.006858183158978681, 0.999976233516042]","[0.16465325133818987, 0.05686640100816244, -0.21750000000000602, 0.01320493107243359, 0.17486024595330718, 0.040385713196051665, 0.006858183158978681, 0.999976233516042]","[0.4231309043671643, 0.08169221279228676, 0.22621130725861677, -1.4123036762211658, -0.1250278693669074, 2.059451606742583, -0.6823583682988281]","[0.43410778778971026, 0.08548330619283093, 0.21171130725861637, -1.4114233474830036, -0.11337051963668693, 2.0621439876223198, -0.6819011560882295]"
single_block,0.0,15,10,150,150,12,True,guarded,scripted_non_learned_reference,accepted,False,1.0,"[0.16465325133818487, 0.056866401008160566, -0.2174999999999977, 0.01320493107243359, 0.17486024595330135, 0.040385713196045, 0.006858183158980347, 0.999976233516042]","[0.16465325133818487, 0.056866401008160566, -0.2174999999999977, 0.01320493107243359, 0.17486024595330135, 0.040385713196045, 0.006858183158980347, 0.999976233516042]","[0.43410778778971026, 0.08548330619283093, 0.21171130725861637, -1.4114233474830036, -0.11337051963668693, 2.0621439876223198, -0.6819011560882295]","[0.4450846712122559, 0.08927439959337496, 0.19721130725861652, -1.4105430187448413, -0.10171316990646684, 2.064836368502056, -0.6814439438776309]"
single_block,0.0,15,10,150,150,13,True,guarded,scripted_non_learned_reference,accepted,False,1.0,"[0.16465325133818653, 0.056866401008160775, -0.21749999999999936, 0.01320493107243692, 0.17486024595330302, 0.040385713196051665, 0.006858183158978681, 0.999976233516042]","[0.16465325133818653, 0.056866401008160775, -0.21749999999999936, 0.01320493107243692, 0.17486024595330302, 0.040385713196051665, 0.006858183158978681, 0.999976233516042]","[0.4450846712122559, 0.08927439959337496, 0.19721130725861652, -1.4105430187448413, -0.10171316990646684, 2.064836368502056, -0.6814439438776309]","[0.4560615546348017, 0.09306549299391902, 0.18271130725861656, -1.4096626900066789, -0.09005582017624664, 2.067528749381793, -0.6809867316670323]"
single_block,0.0,15,10,150,150,14,True,guarded,scripted_non_learned_reference,accepted,False,1.0,"[0.16465325133818653, 0.056866401008160775, -0.21749999999999936, 0.01320493107243359, 0.17486024595330218, 0.040385713196045, 0.006858183158978681, 0.999976233516042]","[0.16465325133818653, 0.056866401008160775, -0.21749999999999936, 0.01320493107243359, 0.17486024595330218, 0.040385713196045, 0.006858183158978681, 0.999976233516042]","[0.4560615546348017, 0.09306549299391902, 0.18271130725861656, -1.4096626900066789, -0.09005582017624664, 2.067528749381793, -0.6809867316670323]","[0.46703843805734746, 0.09685658639446307, 0.1682113072586166, -1.4087823612685166, -0.07839847044602649, 2.070221130261529, -0.6805295194564337]"
single_block,0.0,15,11,165,165,0,True,guarded,scripted_non_learned_reference,accepted,False,1.0,"[0.18513692786537167, 0.0607800925615299, -0.25004783840980804, 0.015896986656206424, 0.21831378382023878, 0.05558757070052156, 0.010241107383678894, 0.9999767761230708]","[0.18513692786537167, 0.0607800925615299, -0.25004783840980804, 0.015896986656206424, 0.21831378382023878, 0.05558757070052156, 0.010241107383678894, 0.9999767761230708]","[0.4656728596222017, 0.09659567362423847, 0.17038116315260385, -1.408961831640768, -0.08129537297048887, 2.0692076730945645, -0.6807550477380803]","[0.4780153214798931, 0.10064767979500713, 0.15371130725861665, -1.4079020325303542, -0.06674112071580629, 2.072913511141266, -0.680072307245835]"
single_block,0.0,15,11,165,165,1,True,guarded,scripted_non_learned_reference,accepted,False,1.0,"[0.16465325133818653, 0.056866401008160566, -0.2175000000000002, 0.01320493107243359, 0.17486024595330218, 0.040385713196045, 0.006858183158978681, 0.9999767761230708]","[0.16465325133818653, 0.056866401008160566, -0.2175000000000002, 0.01320493107243359, 0.17486024595330218, 0.040385713196045, 0.006858183158978681, 0.9999767761230708]","[0.4780153214798931, 0.10064767979500713, 0.15371130725861665, -1.4079020325303542, -0.06674112071580629, 2.072913511141266, -0.680072307245835]","[0.4889922049024389, 0.10443877319555117, 0.13921130725861663, -1.407021703792192, -0.055083770985586145, 2.0756058920210023, -0.6796150950352364]"
single_block,0.0,15,11,165,165,2,True,guarded,scripted_non_learned_reference,accepted,False,1.0,"[0.16465325133818487, 0.05686640100816098, -0.21749999999999936, 0.01320493107243692, 0.17486024595330302, 0.040385713196051665, 0.006858183158978681, 0.9999767761230708]","[0.16465325133818487, 0.05686640100816098, -0.21749999999999936, 0.01320493107243692, 0.17486024595330302, 0.040385713196051665, 0.006858183158978681, 0.9999767761230708]","[0.4889922049024389, 0.10443877319555117, 0.13921130725861663, -1.407021703792192, -0.055083770985586145, 2.0756058920210023, -0.6796150950352364]","[0.49996908832498455, 0.10822986659609524, 0.12471130725861668, -1.4061413750540295, -0.04342642125536594, 2.078298272900739, -0.6791578828246378]"
single_block,0.0,15,11,165,165,3,True,guarded,scripted_non_learned_reference,accepted,False,1.0,"[0.16465325133818653, 0.05686640100816098, -0.21749999999999936, 0.01320493107243359, 0.17486024595330218, 0.040385713196045, 0.006858183158980347, 0.9999767761230708]","[0.16465325133818653, 0.05686640100816098, -0.21749999999999936, 0.01320493107243359, 0.17486024595330218, 0.040385713196045, 0.006858183158980347, 0.9999767761230708]","[0.49996908832498455, 0.10822986659609524, 0.12471130725861668, -1.4061413750540295, -0.04342642125536594, 2.078298272900739, -0.6791578828246378]","[0.5109459717475303, 0.1120209599966393, 0.11021130725861672, -1.4052610463158672, -0.0317690715251458, 2.0809906537804754, -0.6787006706140392]"
single_block,0.0,15,11,165,165,4,True,guarded,scripted_non_learned_reference,accepted,False,1.0,"[0.16465325133818987, 0.056866401008161815, -0.21750000000000436, 0.01320493107243692, 0.17486024595330635, 0.040385713196051665, 0.006858183158978681, 0.9999767761230708]","[0.16465325133818987, 0.056866401008161815, -0.21750000000000436, 0.01320493107243692, 0.17486024595330635, 0.040385713196051665, 0.006858183158978681, 0.9999767761230708]","[0.5109459717475303, 0.1120209599966393, 0.11021130725861672, -1.4052610463158672, -0.0317690715251458, 2.0809906537804754, -0.6787006706140392]","[0.5219228551700763, 0.11581205339718342, 0.09571130725861643, -1.4043807175777048, -0.020111721794925375, 2.083683034660212, -0.6782434584034406]"
single_block,0.0,15,11,165,165,5,True,guarded,scripted_non_learned_reference,accepted,False,1.0,"[0.16465325133818487, 0.05686640100816098, -0.21749999999999936, 0.01320493107243359, 0.17486024595330302, 0.040385713196045, 0.006858183158978681, 0.9999767761230708]","[0.16465325133818487, 0.05686640100816098, -0.21749999999999936, 0.01320493107243359, 0.17486024595330302, 0.040385713196045, 0.006858183158978681, 0.9999767761230708]","[0.5219228551700763, 0.11581205339718342, 0.09571130725861643, -1.4043807175777048, -0.020111721794925375, 2.083683034660212, -0.6782434584034406]","[0.532899738592622, 0.11960314679772749, 0.08121130725861647, -1.4035003888395425, -0.008454372064705173, 2.0863754155399485, -0.677786246192842]"
single_block,0.0,15,11,165,165,6,True,guarded,scripted_non_learned_reference,accepted,False,1.0,"[0.16465325133818653, 0.05686640100816098, -0.21749999999999936, 0.01320493107243692, 0.17486024595330218, 0.040385713196051665, 0.006858183158980347, 0.9999767761230708]","[0.16465325133818653, 0.05686640100816098, -0.21749999999999936, 0.01320493107243692, 0.17486024595330218, 0.040385713196051665, 0.006858183158980347, 0.9999767761230708]","[0.532899738592622, 0.11960314679772749, 0.08121130725861647, -1.4035003888395425, -0.008454372064705173, 2.0863754155399485, -0.677786246192842]","[0.5438766220151677, 0.12339424019827155, 0.06671130725861651, -1.40262006010138, 0.003202977665514972, 2.0890677964196853, -0.6773290339822433]"
single_block,0.0,15,11,165,165,7,True,guarded,scripted_non_learned_reference,accepted,False,1.0,"[0.16465325133818487, 0.056866401008160566, -0.21749999999999936, 0.01320493107243359, 0.17486024595330302, 0.040385713196045, 0.006858183158978681, 0.9999767761230708]","[0.16465325133818487, 0.056866401008160566, -0.21749999999999936, 0.01320493107243359, 0.17486024595330302, 0.040385713196045, 0.006858183158978681, 0.9999767761230708]","[0.5438766220151677, 0.12339424019827155, 0.06671130725861651, -1.40262006010138, 0.003202977665514972, 2.0890677964196853, -0.6773290339822433]","[0.5548535054377134, 0.1271853335988156, 0.05221130725861656, -1.4017397313632178, 0.014860327395735173, 2.0917601772994217, -0.6768718217716447]"
single_block,0.0,15,11,165,165,8,True,guarded,scripted_non_learned_reference,accepted,False,1.0,"[0.16465325133818653, 0.05686640100816098, -0.21749999999999936, 0.01320493107243359, 0.17486024595330218, 0.040385713196051665, 0.006858183158978681, 0.9999767761230708]","[0.16465325133818653, 0.05686640100816098, -0.21749999999999936, 0.01320493107243359, 0.17486024595330218, 0.040385713196051665, 0.006858183158978681, 0.9999767761230708]","[0.5548535054377134, 0.1271853335988156, 0.05221130725861656, -1.4017397313632178, 0.014860327395735173, 2.0917601772994217, -0.6768718217716447]","[0.5658303888602592, 0.13097642699935966, 0.0377113072586166, -1.4008594026250556, 0.02651767712595532, 2.0944525581791584, -0.6764146095610462]"
single_block,0.0,15,11,165,165,9,True,guarded,scripted_non_learned_reference,accepted,False,1.0,"[0.16465325133818487, 0.056866401008160566, -0.2174999999999977, 0.01320493107243692, 0.17486024595330135, 0.040385713196045, 0.006858183158980347, 0.9999767761230708]","[0.16465325133818487, 0.056866401008160566, -0.2174999999999977, 0.01320493107243692, 0.17486024595330135, 0.040385713196045, 0.006858183158980347, 0.9999767761230708]","[0.5658303888602592, 0.13097642699935966, 0.0377113072586166, -1.4008594026250556, 0.02651767712595532, 2.0944525581791584, -0.6764146095610462]","[0.5768072722828048, 0.1347675203999037, 0.023211307258616753, -1.3999790738868931, 0.03817502685617541, 2.0971449390588948, -0.6759573973504475]"
single_block,0.0,15,11,165,165,10,True,guarded,scripted_non_learned_reference,accepted,False,1.0,"[0.16465325133818653, 0.05686640100816098, -0.21749999999999936, 0.01320493107243359, 0.17486024595330302, 0.040385713196051665, 0.006858183158978681, 0.9999767761230708]","[0.16465325133818653, 0.05686640100816098, -0.21749999999999936, 0.01320493107243359, 0.17486024595330302, 0.040385713196051665, 0.006858183158978681, 0.9999767761230708]","[0.5768072722828048, 0.1347675203999037, 0.023211307258616753, -1.3999790738868931, 0.03817502685617541, 2.0971449390588948, -0.6759573973504475]","[0.5877841557053506, 0.13855861380044776, 0.008711307258616796, -1.399098745148731, 0.04983237658639561, 2.0998373199386315, -0.6755001851398489]"
single_block,0.0,15,11,165,165,11,True,guarded,scripted_non_learned_reference,accepted,False,1.0,"[0.16465325133818987, 0.05686640100816223, -0.21750000000000602, 0.01320493107243692, 0.17486024595330718, 0.040385713196045, 0.006858183158978681, 0.9999767761230708]","[0.16465325133818987, 0.05686640100816223, -0.21750000000000602, 0.01320493107243692, 0.17486024595330718, 0.040385713196045, 0.006858183158978681, 0.9999767761230708]","[0.5877841557053506, 0.13855861380044776, 0.008711307258616796, -1.399098745148731, 0.04983237658639561, 2.0998373199386315, -0.6755001851398489]","[0.5987610391278966, 0.1423497072009919, -0.005788692741383605, -1.3982184164105684, 0.06148972631661609, 2.102529700818368, -0.6750429729292503]"
single_block,0.0,15,11,165,165,12,True,guarded,scripted_non_learned_reference,accepted,False,1.0,"[0.16465325133818653, 0.05686640100816098, -0.21749999999999936, 0.01320493107243359, 0.17486024595330218, 0.040385713196051665, 0.006858183158980347, 0.9999767761230708]","[0.16465325133818653, 0.05686640100816098, -0.21749999999999936, 0.01320493107243359, 0.17486024595330218, 0.040385713196051665, 0.006858183158980347, 0.9999767761230708]","[0.5987610391278966, 0.1423497072009919, -0.005788692741383605, -1.3982184164105684, 0.06148972631661609, 2.102529700818368, -0.6750429729292503]","[0.6097379225504423, 0.14614080060153598, -0.020288692741383563, -1.3973380876724062, 0.07314707604683623, 2.1052220816981047, -0.6745857607186516]"
single_block,0.0,15,11,165,165,13,True,guarded,scripted_non_learned_reference,accepted,False,1.0,"[0.16465325133818487, 0.056866401008160566, -0.21749999999999936, 0.01320493107243692, 0.17486024595330218, 0.040385713196045, 0.006858183158978681, 0.9999767761230708]","[0.16465325133818487, 0.056866401008160566, -0.21749999999999936, 0.01320493107243692, 0.17486024595330218, 0.040385713196045, 0.006858183158978681, 0.9999767761230708]","[0.6097379225504423, 0.14614080060153598, -0.020288692741383563, -1.3973380876724062, 0.07314707604683623, 2.1052220816981047, -0.6745857607186516]","[0.620714805972988, 0.14993189400208, -0.03478869274138352, -1.3964577589342437, 0.08480442577705638, 2.107914462577841, -0.674128548508053]"
single_block,0.0,15,11,165,165,14,True,guarded,scripted_non_learned_reference,accepted,False,1.0,"[0.16465325133818487, 0.056866401008160566, -0.2174999999999977, 0.01320493107243359, 0.17486024595330218, 0.040385713196045, 0.006858183158978681, 0.9999767761230708]","[0.16465325133818487, 0.056866401008160566, -0.2174999999999977, 0.01320493107243359, 0.17486024595330218, 0.040385713196045, 0.006858183158978681, 0.9999767761230708]","[0.620714805972988, 0.14993189400208, -0.03478869274138352, -1.3964577589342437, 0.08480442577705638, 2.107914462577841, -0.674128548508053]","[0.6316916893955337, 0.15372298740262405, -0.049288692741383366, -1.3955774301960815, 0.09646177550727653, 2.1106068434575773, -0.6736713362974545]"
single_block,0.0,15,12,180,180,0,True,guarded,scripted_non_learned_reference,accepted,False,1.0,"[0.18487048578844423, 0.062410645288979855, -0.2508484966025434, 0.015409088349134237, 0.2182218918016906, 0.05534031871428979, 0.010246751086870343, 0.9999776722170627]","[0.18487048578844423, 0.062410645288979855, -0.2508484966025434, 0.015409088349134237, 0.2182218918016906, 0.05534031871428979, 0.010246751086870343, 0.9999776722170627]","[0.6303438737655165, 0.15335337111723613, -0.0470654596345471, -1.395724374014528, 0.09357099911738397, 2.1096098697563614, -0.6738972408259805]","[0.6426685728180794, 0.15751408080316812, -0.06378869274138332, -1.394697101457919, 0.10811912523749667, 2.113299224337314, -0.6732141240868558]"
single_block,0.0,15,12,180,180,1,True,guarded,scripted_non_learned_reference,accepted,False,1.0,"[0.16465325133818487, 0.05686640100816098, -0.21749999999999936, 0.01320493107243359, 0.17486024595330385, 0.040385713196045, 0.006858183158978681, 0.9999776722170627]","[0.16465325133818487, 0.05686640100816098, -0.21749999999999936, 0.01320493107243359, 0.17486024595330385, 0.040385713196045, 0.006858183158978681, 0.9999776722170627]","[0.6426685728180794, 0.15751408080316812, -0.06378869274138332, -1.394697101457919, 0.10811912523749667, 2.113299224337314, -0.6732141240868558]","[0.6536454562406251, 0.16130517420371218, -0.07828869274138328, -1.3938167727197568, 0.11977647496771693, 2.1159916052170504, -0.6727569118762572]"
single_block,0.0,15,12,180,180,2,True,guarded,scripted_non_learned_reference,accepted,False,1.0,"[0.16465325133818653, 0.056866401008160566, -0.21749999999999936, 0.01320493107243692, 0.17486024595330218, 0.040385713196051665, 0.006858183158978681, 0.9999776722170627]","[0.16465325133818653, 0.056866401008160566, -0.21749999999999936, 0.01320493107243692, 0.17486024595330218, 0.040385713196051665, 0.006858183158978681, 0.9999776722170627]","[0.6536454562406251, 0.16130517420371218, -0.07828869274138328, -1.3938167727197568, 0.11977647496771693, 2.1159916052170504, -0.6727569118762572]","[0.6646223396631709, 0.16509626760425622, -0.09278869274138324, -1.3929364439815943, 0.13143382469793707, 2.118683986096787, -0.6722996996656586]"
single_block,0.0,15,12,180,180,3,True,guarded,scripted_non_learned_reference,accepted,False,1.0,"[0.16465325133818487, 0.056866401008160566, -0.21749999999999936, 0.01320493107243359, 0.17486024595330052, 0.040385713196045, 0.006858183158980347, 0.9999776722170627]","[0.16465325133818487, 0.056866401008160566, -0.21749999999999936, 0.01320493107243359, 0.17486024595330052, 0.040385713196045, 0.006858183158980347, 0.9999776722170627]","[0.6646223396631709, 0.16509626760425622, -0.09278869274138324, -1.3929364439815943, 0.13143382469793707, 2.118683986096787, -0.6722996996656586]","[0.6755992230857165, 0.16888736100480026, -0.1072886927413832, -1.392056115243432, 0.1430911744281571, 2.1213763669765235, -0.6718424874550599]"
single_block,0.0,15,12,180,180,4,True,guarded,scripted_non_learned_reference,accepted,False,1.0,"[0.16465325133818987, 0.05686640100816265, -0.21750000000000436, 0.01320493107243692, 0.17486024595330885, 0.040385713196051665, 0.006858183158978681, 0.9999776722170627]","[0.16465325133818987, 0.05686640100816265, -0.21750000000000436, 0.01320493107243692, 0.17486024595330885, 0.040385713196051665, 0.006858183158978681, 0.9999776722170627]","[0.6755992230857165, 0.16888736100480026, -0.1072886927413832, -1.392056115243432, 0.1430911744281571, 2.1213763669765235, -0.6718424874550599]","[0.6865761065082625, 0.17267845440534443, -0.12178869274138349, -1.3911757865052696, 0.1547485241583777, 2.1240687478562603, -0.6713852752444613]"
single_block,0.0,15,12,180,180,5,True,guarded,scripted_non_learned_reference,accepted,False,1.0,"[0.16465325133818653, 0.05686640100816098, -0.21750000000000103, 0.01320493107243359, 0.17486024595330218, 0.040385713196045, 0.006858183158978681, 0.9999776722170627]","[0.16465325133818653, 0.05686640100816098, -0.21750000000000103, 0.01320493107243359, 0.17486024595330218, 0.040385713196045, 0.006858183158978681, 0.9999776722170627]","[0.6865761065082625, 0.17267845440534443, -0.12178869274138349, -1.3911757865052696, 0.1547485241583777, 2.1240687478562603, -0.6713852752444613]","[0.6975529899308083, 0.1764695478058885, -0.13628869274138355, -1.3902954577671074, 0.16640587388859784, 2.1267611287359967, -0.6709280630338628]"
single_block,0.0,15,12,180,180,6,True,guarded,scripted_non_learned_reference,accepted,False,1.0,"[0.16465325133818487, 0.056866401008160566, -0.2174999999999977, 0.01320493107243359, 0.17486024595330218, 0.040385713196051665, 0.006858183158980347, 0.9999776722170627]","[0.16465325133818487, 0.056866401008160566, -0.2174999999999977, 0.01320493107243359, 0.17486024595330218, 0.040385713196051665, 0.006858183158980347, 0.9999776722170627]","[0.6975529899308083, 0.1764695478058885, -0.13628869274138355, -1.3902954577671074, 0.16640587388859784, 2.1267611287359967, -0.6709280630338628]","[0.7085298733533539, 0.18026064120643254, -0.1507886927413834, -1.3894151290289452, 0.178063223618818, 2.1294535096157334, -0.6704708508232641]"
single_block,0.0,15,12,180,180,7,True,guarded,scripted_non_learned_reference,accepted,False,1.0,"[0.16465325133818653, 0.05686640100816098, -0.21750000000000103, 0.01320493107243692, 0.17486024595330385, 0.040385713196045, 0.006858183158978681, 0.9999776722170627]","[0.16465325133818653, 0.05686640100816098, -0.21750000000000103, 0.01320493107243692, 0.17486024595330385, 0.040385713196045, 0.006858183158978681, 0.9999776722170627]","[0.7085298733533539, 0.18026064120643254, -0.1507886927413834, -1.3894151290289452, 0.178063223618818, 2.1294535096157334, -0.6704708508232641]","[0.7195067567758997, 0.1840517346069766, -0.16528869274138347, -1.3885348002907827, 0.18972057334903825, 2.1321458904954698, -0.6700136386126655]"
single_block,0.0,15,12,180,180,8,True,guarded,scripted_non_learned_reference,accepted,False,1.0,"[0.16465325133818487, 0.056866401008160566, -0.2174999999999977, 0.01320493107243359, 0.17486024595330052, 0.040385713196051665, 0.006858183158978681, 0.9999776722170627]","[0.16465325133818487, 0.056866401008160566, -0.2174999999999977, 0.01320493107243359, 0.17486024595330052, 0.040385713196051665, 0.006858183158978681, 0.9999776722170627]","[0.7195067567758997, 0.1840517346069766, -0.16528869274138347, -1.3885348002907827, 0.18972057334903825, 2.1321458904954698, -0.6700136386126655]","[0.7304836401984454, 0.18784282800752064, -0.17978869274138332, -1.3876544715526204, 0.20137792307925828, 2.1348382713752065, -0.6695564264020669]"
single_block,0.0,15,12,180,180,9,True,guarded,scripted_non_learned_reference,accepted,False,1.0,"[0.16465325133818487, 0.056866401008160566, -0.21749999999999936, 0.01320493107243692, 0.17486024595330218, 0.040385713196045, 0.006858183158980347, 0.9999776722170627]","[0.16465325133818487, 0.056866401008160566, -0.21749999999999936, 0.01320493107243692, 0.17486024595330218, 0.040385713196045, 0.006858183158980347, 0.9999776722170627]","[0.7304836401984454, 0.18784282800752064, -0.17978869274138332, -1.3876544715526204, 0.20137792307925828, 2.1348382713752065, -0.6695564264020669]","[0.741460523620991, 0.19163392140806468, -0.19428869274138327, -1.386774142814458, 0.21303527280947843, 2.137530652254943, -0.6690992141914682]"
single_block,0.0,15,12,180,180,10,True,guarded,scripted_non_learned_reference,accepted,False,1.0,"[0.1646532513381882, 0.0568664010081614, -0.21750000000000103, 0.01320493107243359, 0.17486024595330385, 0.040385713196051665, 0.006858183158978681, 0.9999776722170627]","[0.1646532513381882, 0.0568664010081614, -0.21750000000000103, 0.01320493107243359, 0.17486024595330385, 0.040385713196051665, 0.006858183158978681, 0.9999776722170627]","[0.741460523620991, 0.19163392140806468, -0.19428869274138327, -1.386774142814458, 0.21303527280947843, 2.137530652254943, -0.6690992141914682]","[0.7524374070435369, 0.19542501480860877, -0.20878869274138334, -1.3858938140762957, 0.22469262253969868, 2.1402230331346797, -0.6686420019808696]"
single_block,0.0,15,12,180,180,11,True,guarded,scripted_non_learned_reference,accepted,False,1.0,"[0.16465325133818987, 0.05686640100816223, -0.21750000000000436, 0.01320493107243692, 0.17486024595330718, 0.040385713196045, 0.006858183158978681, 0.9999776722170627]","[0.16465325133818987, 0.05686640100816223, -0.21750000000000436, 0.01320493107243692, 0.17486024595330718, 0.040385713196045, 0.006858183158978681, 0.9999776722170627]","[0.7524374070435369, 0.19542501480860877, -0.20878869274138334, -1.3858938140762957, 0.22469262253969868, 2.1402230331346797, -0.6686420019808696]","[0.7634142904660829, 0.19921610820915292, -0.22328869274138363, -1.3850134853381333, 0.23634997226991916, 2.142915414014416, -0.6681847897702711]"
single_block,0.0,15,12,180,180,12,True,guarded,scripted_non_learned_reference,accepted,False,1.0,"[0.16465325133818487, 0.056866401008160566, -0.2174999999999977, 0.01320493107243359, 0.17486024595330218, 0.040385713196051665, 0.006858183158980347, 0.9999776722170627]","[0.16465325133818487, 0.056866401008160566, -0.2174999999999977, 0.01320493107243359, 0.17486024595330218, 0.040385713196051665, 0.006858183158980347, 0.9999776722170627]","[0.7634142904660829, 0.19921610820915292, -0.22328869274138363, -1.3850134853381333, 0.23634997226991916, 2.142915414014416, -0.6681847897702711]","[0.7743911738886285, 0.20300720160969696, -0.23778869274138348, -1.384133156599971, 0.2480073220001393, 2.1456077948941528, -0.6677275775596724]"
single_block,0.0,15,12,180,180,13,True,guarded,scripted_non_learned_reference,accepted,False,1.0,"[0.16465325133818487, 0.056866401008160566, -0.21749999999999936, 0.01320493107243692, 0.17486024595330052, 0.040385713196045, 0.006858183158978681, 0.9999776722170627]","[0.16465325133818487, 0.056866401008160566, -0.21749999999999936, 0.01320493107243692, 0.17486024595330052, 0.040385713196045, 0.006858183158978681, 0.9999776722170627]","[0.7743911738886285, 0.20300720160969696, -0.23778869274138348, -1.384133156599971, 0.2480073220001393, 2.1456077948941528, -0.6677275775596724]","[0.7853680573111742, 0.206798295010241, -0.25228869274138344, -1.3832528278618086, 0.25966467173035934, 2.148300175773889, -0.6672703653490738]"
single_block,0.0,15,12,180,180,14,True,guarded,scripted_non_learned_reference,accepted,False,1.0,"[0.16465325133818653, 0.05686640100816098, -0.21750000000000103, 0.01320493107243359, 0.17486024595330385, 0.040385713196051665, 0.006858183158978681, 0.9999776722170627]","[0.16465325133818653, 0.05686640100816098, -0.21750000000000103, 0.01320493107243359, 0.17486024595330385, 0.040385713196051665, 0.006858183158978681, 0.9999776722170627]","[0.7853680573111742, 0.206798295010241, -0.25228869274138344, -1.3832528278618086, 0.25966467173035934, 2.148300175773889, -0.6672703653490738]","[0.79634494073372, 0.21058938841078506, -0.2667886927413835, -1.3823724991236463, 0.2713220214605796, 2.150992556653626, -0.6668131531384752]"
single_block,0.0,15,13,195,195,0,True,guarded,scripted_non_learned_reference,accepted,False,1.0,"[0.18481517090610633, 0.06339316100139242, -0.2513687590725733, 0.01525106293851719, 0.21816214397583272, 0.055275360839537324, 0.010249453789791807, 0.9999786572997482]","[0.18481517090610633, 0.06339316100139242, -0.2513687590725733, 0.01525106293851719, 0.21816214397583272, 0.055275360839537324, 0.010249453789791807, 0.9999786572997482]","[0.7950008127625252, 0.21015427107790294, -0.26453077546987847, -1.3825089079147184, 0.26843522825907756, 2.149999913477393, -0.667039237847196]","[0.8073218241562656, 0.2143804818113291, -0.28128869274138335, -1.3814921703854839, 0.28297937119079974, 2.153684937533362, -0.6663559409278765]"
single_block,0.0,15,13,195,195,1,True,guarded,scripted_non_learned_reference,accepted,False,1.0,"[0.16465325133818653, 0.0568664010081614, -0.21750000000000103, 0.01320493107243359, 0.17486024595330385, 0.040385713196051665, 0.006858183158978681, 0.9999786572997482]","[0.16465325133818653, 0.0568664010081614, -0.21750000000000103, 0.01320493107243359, 0.17486024595330385, 0.040385713196051665, 0.006858183158978681, 0.9999786572997482]","[0.8073218241562656, 0.2143804818113291, -0.28128869274138335, -1.3814921703854839, 0.28297937119079974, 2.153684937533362, -0.6663559409278765]","[0.8182987075788114, 0.2181715752118732, -0.2957886927413834, -1.3806118416473216, 0.29463672092102, 2.156377318413099, -0.665898728717278]"
single_block,0.0,15,13,195,195,2,True,guarded,scripted_non_learned_reference,accepted,False,1.0,"[0.16465325133818487, 0.056866401008160566, -0.2174999999999977, 0.01320493107243359, 0.17486024595330052, 0.040385713196045, 0.006858183158978681, 0.9999786572997482]","[0.16465325133818487, 0.056866401008160566, -0.2174999999999977, 0.01320493107243359, 0.17486024595330052, 0.040385713196045, 0.006858183158978681, 0.9999786572997482]","[0.8182987075788114, 0.2181715752118732, -0.2957886927413834, -1.3806118416473216, 0.29463672092102, 2.156377318413099, -0.665898728717278]","[0.8292755910013571, 0.22196266861241723, -0.31028869274138327, -1.3797315129091594, 0.30629407065124004, 2.1590696992928353, -0.6654415165066794]"
single_block,0.0,15,13,195,195,3,True,guarded,scripted_non_learned_reference,accepted,False,1.0,"[0.16465325133818653, 0.05686640100816098, -0.21750000000000103, 0.01320493107243692, 0.17486024595330385, 0.040385713196051665, 0.006858183158980347, 0.9999786572997482]","[0.16465325133818653, 0.05686640100816098, -0.21750000000000103, 0.01320493107243692, 0.17486024595330385, 0.040385713196051665, 0.006858183158980347, 0.9999786572997482]","[0.8292755910013571, 0.22196266861241723, -0.31028869274138327, -1.3797315129091594, 0.30629407065124004, 2.1590696992928353, -0.6654415165066794]","[0.8402524744239028, 0.2257537620129613, -0.32478869274138333, -1.378851184170997, 0.3179514203814603, 2.161762080172572, -0.6649843042960807]"
single_block,0.0,15,13,195,195,4,True,guarded,scripted_non_learned_reference,accepted,False,1.0,"[0.16465325133818987, 0.056866401008161815, -0.2175000000000027, 0.01320493107243359, 0.17486024595330552, 0.040385713196045, 0.006858183158978681, 0.9999786572997482]","[0.16465325133818987, 0.056866401008161815, -0.2175000000000027, 0.01320493107243359, 0.17486024595330552, 0.040385713196045, 0.006858183158978681, 0.9999786572997482]","[0.8402524744239028, 0.2257537620129613, -0.32478869274138333, -1.378851184170997, 0.3179514203814603, 2.161762080172572, -0.6649843042960807]","[0.8512293578464488, 0.22954485541350542, -0.3392886927413835, -1.3779708554328347, 0.32960877011168066, 2.1644544610523084, -0.6645270920854821]"
single_block,0.0,15,13,195,195,5,True,guarded,scripted_non_learned_reference,accepted,False,1.0,"[0.16465325133818653, 0.05686640100816098, -0.21750000000000103, 0.01320493107243692, 0.17486024595330385, 0.040385713196051665, 0.006858183158978681, 0.9999786572997482]","[0.16465325133818653, 0.05686640100816098, -0.21750000000000103, 0.01320493107243692, 0.17486024595330385, 0.040385713196051665, 0.006858183158978681, 0.9999786572997482]","[0.8512293578464488, 0.22954485541350542, -0.3392886927413835, -1.3779708554328347, 0.32960877011168066, 2.1644544610523084, -0.6645270920854821]","[0.8622062412689946, 0.23333594881404948, -0.3537886927413836, -1.3770905266946722, 0.3412661198419009, 2.167146841932045, -0.6640698798748835]"
single_block,0.0,15,13,195,195,6,True,guarded,scripted_non_learned_reference,accepted,False,1.0,"[0.16465325133818487, 0.05686640100816098, -0.21749999999999603, 0.01320493107243359, 0.17486024595330052, 0.040385713196045, 0.006858183158980347, 0.9999786572997482]","[0.16465325133818487, 0.05686640100816098, -0.21749999999999603, 0.01320493107243359, 0.17486024595330052, 0.040385713196045, 0.006858183158980347, 0.9999786572997482]","[0.8622062412689946, 0.23333594881404948, -0.3537886927413836, -1.3770905266946722, 0.3412661198419009, 2.167146841932045, -0.6640698798748835]","[0.8731831246915402, 0.23712704221459355, -0.3682886927413833, -1.37621019795651, 0.35292346957212095, 2.1698392228117815, -0.6636126676642848]"
single_block,0.0,15,13,195,195,7,True,guarded,scripted_non_learned_reference,accepted,False,1.0,"[0.16465325133818653, 0.05686640100816098, -0.2175000000000027, 0.01320493107243692, 0.17486024595330385, 0.040385713196045, 0.006858183158978681, 0.9999786572997482]","[0.16465325133818653, 0.05686640100816098, -0.2175000000000027, 0.01320493107243692, 0.17486024595330385, 0.040385713196045, 0.006858183158978681, 0.9999786572997482]","[0.8731831246915402, 0.23712704221459355, -0.3682886927413833, -1.37621019795651, 0.35292346957212095, 2.1698392228117815, -0.6636126676642848]","[0.884160008114086, 0.2409181356151376, -0.3827886927413835, -1.3753298692183475, 0.3645808193023412, 2.172531603691518, -0.6631554554536863]"
single_block,0.0,15,13,195,195,8,True,guarded,scripted_non_learned_reference,accepted,False,1.0,"[0.16465325133818487, 0.05686640100816015, -0.21749999999999936, 0.01320493107243359, 0.17486024595330218, 0.040385713196051665, 0.006858183158978681, 0.9999786572997482]","[0.16465325133818487, 0.05686640100816015, -0.21749999999999936, 0.01320493107243359, 0.17486024595330218, 0.040385713196051665, 0.006858183158978681, 0.9999786572997482]","[0.884160008114086, 0.2409181356151376, -0.3827886927413835, -1.3753298692183475, 0.3645808193023412, 2.172531603691518, -0.6631554554536863]","[0.8951368915366317, 0.24470922901568162, -0.39728869274138345, -1.3744495404801853, 0.37623816903256135, 2.1752239845712547, -0.6626982432430877]"
single_block,0.0,15,13,195,195,9,True,guarded,scripted_non_learned_reference,accepted,False,1.0,"[0.16465325133818487, 0.05686640100816098, -0.21749999999999603, 0.01320493107243692, 0.17486024595330052, 0.040385713196045, 0.006858183158980347, 0.9999786572997482]","[0.16465325133818487, 0.05686640100816098, -0.21749999999999603, 0.01320493107243692, 0.17486024595330052, 0.040385713196045, 0.006858183158980347, 0.9999786572997482]","[0.8951368915366317, 0.24470922901568162, -0.39728869274138345, -1.3744495404801853, 0.37623816903256135, 2.1752239845712547, -0.6626982432430877]","[0.9061137749591773, 0.2485003224162257, -0.4117886927413832, -1.3735692117420228, 0.3878955187627814, 2.177916365450991, -0.662241031032489]"
single_block,0.0,15,13,195,195,10,True,guarded,scripted_non_learned_reference,accepted,False,1.0,"[0.16465325133818653, 0.056866401008160566, -0.2175000000000027, 0.01320493107243359, 0.17486024595330385, 0.040385713196051665, 0.006858183158978681, 0.9999786572997482]","[0.16465325133818653, 0.056866401008160566, -0.2175000000000027, 0.01320493107243359, 0.17486024595330385, 0.040385713196051665, 0.006858183158978681, 0.9999786572997482]","[0.9061137749591773, 0.2485003224162257, -0.4117886927413832, -1.3735692117420228, 0.3878955187627814, 2.177916365450991, -0.662241031032489]","[0.9170906583817231, 0.2522914158167697, -0.42628869274138337, -1.3726888830038606, 0.39955286849300164, 2.1806087463307278, -0.6617838188218904]"
single_block,0.0,15,13,195,195,11,True,guarded,scripted_non_learned_reference,accepted,False,1.0,"[0.16465325133818487, 0.05686640100816098, -0.21749999999999603, 0.01320493107243692, 0.17486024595330218, 0.040385713196045, 0.006858183158978681, 0.9999786572997482]","[0.16465325133818487, 0.05686640100816098, -0.21749999999999603, 0.01320493107243692, 0.17486024595330218, 0.040385713196045, 0.006858183158978681, 0.9999786572997482]","[0.9170906583817231, 0.2522914158167697, -0.42628869274138337, -1.3726888830038606, 0.39955286849300164, 2.1806087463307278, -0.6617838188218904]","[0.9280675418042688, 0.2560825092173138, -0.4407886927413831, -1.3718085542656981, 0.4112102182232218, 2.183301127210464, -0.6613266066112918]"
single_block,0.0,15,13,195,195,12,True,guarded,scripted_non_learned_reference,accepted,False,1.0,"[0.16465325133819153, 0.05686640100816265, -0.21750000000000602, 0.01320493107243359, 0.17486024595330718, 0.040385713196051665, 0.006858183158980347, 0.9999786572997482]","[0.16465325133819153, 0.05686640100816265, -0.21750000000000602, 0.01320493107243359, 0.17486024595330718, 0.040385713196051665, 0.006858183158980347, 0.9999786572997482]","[0.9280675418042688, 0.2560825092173138, -0.4407886927413831, -1.3718085542656981, 0.4112102182232218, 2.183301127210464, -0.6613266066112918]","[0.9390444252268149, 0.25987360261785797, -0.4552886927413835, -1.370928225527536, 0.42286756795344227, 2.185993508090201, -0.6608693944006931]"
single_block,0.0,15,13,195,195,13,True,guarded,scripted_non_learned_reference,accepted,False,1.0,"[0.16465325133818653, 0.05686640100816098, -0.21749999999999936, 0.01320493107243692, 0.17486024595330385, 0.040385713196045, 0.006858183158978681, 0.9999786572997482]","[0.16465325133818653, 0.05686640100816098, -0.21749999999999936, 0.01320493107243692, 0.17486024595330385, 0.040385713196045, 0.006858183158978681, 0.9999786572997482]","[0.9390444252268149, 0.25987360261785797, -0.4552886927413835, -1.370928225527536, 0.42286756795344227, 2.185993508090201, -0.6608693944006931]","[0.9500213086493606, 0.26366469601840203, -0.46978869274138346, -1.3700478967893734, 0.4345249176836625, 2.188685888969937, -0.6604121821900946]"
single_block,0.0,15,13,195,195,14,True,guarded,scripted_non_learned_reference,accepted,False,1.0,"[0.16465325133818487, 0.05686640100816098, -0.21749999999999936, 0.01320493107243359, 0.17486024595330052, 0.040385713196051665, 0.006858183158978681, 0.9999786572997482]","[0.16465325133818487, 0.05686640100816098, -0.21749999999999936, 0.01320493107243359, 0.17486024595330052, 0.040385713196051665, 0.006858183158978681, 0.9999786572997482]","[0.9500213086493606, 0.26366469601840203, -0.46978869274138346, -1.3700478967893734, 0.4345249176836625, 2.188685888969937, -0.6604121821900946]","[0.9609981920719063, 0.2674557894189461, -0.4842886927413834, -1.3691675680512112, 0.44618226741388256, 2.191378269849674, -0.659954969979496]"
single_block,0.0,15,14,210,210,0,True,guarded,scripted_non_learned_reference,accepted,False,1.0,"[0.1847937046478937, 0.0642689960465212, -0.25177084206938927, 0.015049460998954878, 0.21811786316680737, 0.055259232265167935, 0.010251307243470675, 0.9999793399645917]","[0.1847937046478937, 0.0642689960465212, -0.25177084206938927, 0.015049460998954878, 0.21811786316680737, 0.055259232265167935, 0.010251307243470675, 0.9999793399645917]","[0.9596554951845924, 0.2669622830830553, -0.4820039699367574, -1.3692905367129793, 0.44329842626631555, 2.1903867019117325, -0.6601811782517953]","[0.971975075494452, 0.27124688281949005, -0.4987886927413834, -1.368287239313049, 0.4578396171441027, 2.1940706507294103, -0.6594977577688973]"
single_block,0.0,15,14,210,210,1,True,guarded,scripted_non_learned_reference,accepted,False,1.0,"[0.16465325133818653, 0.05686640100816098, -0.21749999999999936, 0.01320493107243692, 0.17486024595330385, 0.040385713196051665, 0.006858183158978681, 0.9999793399645917]","[0.16465325133818653, 0.05686640100816098, -0.21749999999999936, 0.01320493107243692, 0.17486024595330385, 0.040385713196051665, 0.006858183158978681, 0.9999793399645917]","[0.971975075494452, 0.27124688281949005, -0.4987886927413834, -1.368287239313049, 0.4578396171441027, 2.1940706507294103, -0.6594977577688973]","[0.9829519589169977, 0.2750379762200341, -0.5132886927413833, -1.3674069105748865, 0.46949696687432296, 2.196763031609147, -0.6590405455582987]"
single_block,0.0,15,14,210,210,2,True,guarded,scripted_non_learned_reference,accepted,False,1.0,"[0.16465325133818487, 0.05686640100816098, -0.21749999999999936, 0.01320493107243359, 0.17486024595330218, 0.040385713196045, 0.006858183158978681, 0.9999793399645917]","[0.16465325133818487, 0.05686640100816098, -0.21749999999999936, 0.01320493107243359, 0.17486024595330218, 0.040385713196045, 0.006858183158978681, 0.9999793399645917]","[0.9829519589169977, 0.2750379762200341, -0.5132886927413833, -1.3674069105748865, 0.46949696687432296, 2.196763031609147, -0.6590405455582987]","[0.9939288423395434, 0.2788290696205782, -0.5277886927413833, -1.3665265818367243, 0.4811543166045431, 2.1994554124888834, -0.6585833333477001]"
single_block,0.0,15,14,210,210,3,True,guarded,scripted_non_learned_reference,accepted,False,1.0,"[0.1646532513381882, 0.05686640100816098, -0.21749999999999936, 0.01320493107243692, 0.17486024595330218, 0.040385713196051665, 0.006858183158980347, 0.9999793399645917]","[0.1646532513381882, 0.05686640100816098, -0.21749999999999936, 0.01320493107243692, 0.17486024595330218, 0.040385713196051665, 0.006858183158980347, 0.9999793399645917]","[0.9939288423395434, 0.2788290696205782, -0.5277886927413833, -1.3665265818367243, 0.4811543166045431, 2.1994554124888834, -0.6585833333477001]","[1.0049057257620893, 0.28262016302112225, -0.5422886927413832, -1.3656462530985618, 0.49281166633476325, 2.20214779336862, -0.6581261211371014]"
single_block,0.0,15,14,210,210,4,True,guarded,scripted_non_learned_reference,accepted,False,1.0,"[0.1646532513381882, 0.05686640100816265, -0.21750000000000602, 0.01320493107243359, 0.17486024595330718, 0.040385713196045, 0.006858183158978681, 0.9999793399645917]","[0.1646532513381882, 0.05686640100816265, -0.21750000000000602, 0.01320493107243359, 0.17486024595330718, 0.040385713196045, 0.006858183158978681, 0.9999793399645917]","[1.0049057257620893, 0.28262016302112225, -0.5422886927413832, -1.3656462530985618, 0.49281166633476325, 2.20214779336862, -0.6581261211371014]","[1.0158826091846351, 0.2864112564216664, -0.5567886927413837, -1.3647659243603996, 0.5044690160649837, 2.2048401742483565, -0.6576689089265029]"
single_block,0.0,15,14,210,210,5,True,guarded,scripted_non_learned_reference,accepted,False,1.0,"[0.16465325133818487, 0.05686640100816098, -0.21749999999999936, 0.01320493107243692, 0.17486024595330218, 0.040385713196051665, 0.006858183158978681, 0.9999793399645917]","[0.16465325133818487, 0.05686640100816098, -0.21749999999999936, 0.01320493107243692, 0.17486024595330218, 0.040385713196051665, 0.006858183158978681, 0.9999793399645917]","[1.0158826091846351, 0.2864112564216664, -0.5567886927413837, -1.3647659243603996, 0.5044690160649837, 2.2048401742483565, -0.6576689089265029]","[1.0268594926071808, 0.2902023498222105, -0.5712886927413836, -1.363885595622237, 0.5161263657952039, 2.2075325551280933, -0.6572116967159043]"
single_block,0.0,15,14,210,210,6,True,guarded,scripted_non_learned_reference,accepted,False,1.0,"[0.16465325133818487, 0.05686640100816098, -0.21749999999999603, 0.01320493107243359, 0.17486024595330218, 0.040385713196045, 0.006858183158980347, 0.9999793399645917]","[0.16465325133818487, 0.05686640100816098, -0.21749999999999603, 0.01320493107243359, 0.17486024595330218, 0.040385713196045, 0.006858183158980347, 0.9999793399645917]","[1.0268594926071808, 0.2902023498222105, -0.5712886927413836, -1.363885595622237, 0.5161263657952039, 2.2075325551280933, -0.6572116967159043]","[1.0378363760297264, 0.29399344322275456, -0.5857886927413833, -1.3630052668840749, 0.527783715525424, 2.2102249360078297, -0.6567544845053056]"
single_block,0.0,15,14,210,210,7,True,guarded,scripted_non_learned_reference,accepted,False,1.0,"[0.1646532513381882, 0.05686640100816098, -0.2175000000000027, 0.01320493107243692, 0.17486024595330385, 0.040385713196051665, 0.006858183158978681, 0.9999793399645917]","[0.1646532513381882, 0.05686640100816098, -0.2175000000000027, 0.01320493107243692, 0.17486024595330385, 0.040385713196051665, 0.006858183158978681, 0.9999793399645917]","[1.0378363760297264, 0.29399344322275456, -0.5857886927413833, -1.3630052668840749, 0.527783715525424, 2.2102249360078297, -0.6567544845053056]","[1.0488132594522723, 0.2977845366232986, -0.6002886927413835, -1.3621249381459124, 0.5394410652556443, 2.2129173168875664, -0.656297272294707]"
single_block,0.0,15,14,210,210,8,True,guarded,scripted_non_learned_reference,accepted,False,1.0,"[0.16465325133818487, 0.05686640100815932, -0.21749999999999603, 0.01320493107243359, 0.17486024595330218, 0.040385713196045, 0.006858183158978681, 0.9999793399645917]","[0.16465325133818487, 0.05686640100815932, -0.21749999999999603, 0.01320493107243359, 0.17486024595330218, 0.040385713196045, 0.006858183158978681, 0.9999793399645917]","[1.0488132594522723, 0.2977845366232986, -0.6002886927413835, -1.3621249381459124, 0.5394410652556443, 2.2129173168875664, -0.656297272294707]","[1.059790142874818, 0.3015756300238426, -0.6147886927413833, -1.3612446094077502, 0.5510984149858644, 2.2156096977673028, -0.6558400600841084]"
single_block,0.0,15,14,210,210,9,True,guarded,scripted_non_learned_reference,accepted,False,1.0,"[0.1646532513381882, 0.05686640100816265, -0.2175000000000027, 0.01320493107243692, 0.17486024595330218, 0.040385713196051665, 0.006858183158980347, 0.9999793399645917]","[0.1646532513381882, 0.05686640100816265, -0.2175000000000027, 0.01320493107243692, 0.17486024595330218, 0.040385713196051665, 0.006858183158980347, 0.9999793399645917]","[1.059790142874818, 0.3015756300238426, -0.6147886927413833, -1.3612446094077502, 0.5510984149858644, 2.2156096977673028, -0.6558400600841084]","[1.0707670262973639, 0.30536672342438675, -0.6292886927413834, -1.3603642806695877, 0.5627557647160846, 2.2183020786470395, -0.6553828478735098]"
single_block,0.0,15,14,210,210,10,True,guarded,scripted_non_learned_reference,accepted,False,1.0,"[0.16465325133818487, 0.05686640100815932, -0.21749999999999603, 0.01320493107243359, 0.17486024595330218, 0.040385713196045, 0.006858183158978681, 0.9999793399645917]","[0.16465325133818487, 0.05686640100815932, -0.21749999999999603, 0.01320493107243359, 0.17486024595330218, 0.040385713196045, 0.006858183158978681, 0.9999793399645917]","[1.0707670262973639, 0.30536672342438675, -0.6292886927413834, -1.3603642806695877, 0.5627557647160846, 2.2183020786470395, -0.6553828478735098]","[1.0817439097199095, 0.3091578168249307, -0.6437886927413832, -1.3594839519314255, 0.5744131144463047, 2.220994459526776, -0.6549256356629112]"
single_block,0.0,15,14,210,210,11,True,guarded,scripted_non_learned_reference,accepted,False,1.0,"[0.16465325133818487, 0.05686640100816098, -0.21749999999999936, 0.01320493107243359, 0.17486024595330218, 0.040385713196045, 0.006858183158978681, 0.9999793399645917]","[0.16465325133818487, 0.05686640100816098, -0.21749999999999936, 0.01320493107243359, 0.17486024595330218, 0.040385713196045, 0.006858183158978681, 0.9999793399645917]","[1.0817439097199095, 0.3091578168249307, -0.6437886927413832, -1.3594839519314255, 0.5744131144463047, 2.220994459526776, -0.6549256356629112]","[1.0927207931424552, 0.3129489102254748, -0.6582886927413831, -1.3586036231932632, 0.5860704641765249, 2.223686840406512, -0.6544684234523126]"
single_block,0.0,15,14,210,210,12,True,guarded,scripted_non_learned_reference,accepted,False,1.0,"[0.1646532513381882, 0.05686640100816265, -0.21750000000000602, 0.01320493107243692, 0.17486024595330552, 0.040385713196051665, 0.006858183158980347, 0.9999793399645917]","[0.1646532513381882, 0.05686640100816265, -0.21750000000000602, 0.01320493107243692, 0.17486024595330552, 0.040385713196051665, 0.006858183158980347, 0.9999793399645917]","[1.0927207931424552, 0.3129489102254748, -0.6582886927413831, -1.3586036231932632, 0.5860704641765249, 2.223686840406512, -0.6544684234523126]","[1.103697676565001, 0.31674000362601895, -0.6727886927413835, -1.3577232944551008, 0.5977278139067452, 2.226379221286249, -0.6540112112417139]"
single_block,0.0,15,14,210,210,13,True,guarded,scripted_non_learned_reference,accepted,False,1.0,"[0.1646532513381882, 0.05686640100816098, -0.21749999999999936, 0.01320493107243359, 0.17486024595330552, 0.040385713196045, 0.006858183158978681, 0.9999793399645917]","[0.1646532513381882, 0.05686640100816098, -0.21749999999999936, 0.01320493107243359, 0.17486024595330552, 0.040385713196045, 0.006858183158978681, 0.9999793399645917]","[1.103697676565001, 0.31674000362601895, -0.6727886927413835, -1.3577232944551008, 0.5977278139067452, 2.226379221286249, -0.6540112112417139]","[1.114674559987547, 0.320531097026563, -0.6872886927413835, -1.3568429657169385, 0.6093851636369656, 2.2290716021659853, -0.6535539990311153]"
single_block,0.0,15,14,210,210,14,True,guarded,scripted_non_learned_reference,accepted,False,1.0,"[0.16465325133818487, 0.05686640100816098, -0.21749999999999936, 0.01320493107243692, 0.17486024595329885, 0.040385713196051665, 0.006858183158978681, 0.9999793399645917]","[0.16465325133818487, 0.05686640100816098, -0.21749999999999936, 0.01320493107243692, 0.17486024595329885, 0.040385713196051665, 0.006858183158978681, 0.9999793399645917]","[1.114674559987547, 0.320531097026563, -0.6872886927413835, -1.3568429657169385, 0.6093851636369656, 2.2290716021659853, -0.6535539990311153]","[1.1256514434100926, 0.3243221904271071, -0.7017886927413834, -1.355962636978776, 0.6210425133671855, 2.231763983045722, -0.6530967868205168]"
single_block,0.0,15,15,225,225,0,True,guarded,scripted_non_learned_reference,accepted,False,1.0,"[0.1848017264344204, 0.06500469460506586, -0.25201844260110684, 0.014796377794524807, 0.21808367168743958, 0.05525842198490505, 0.010251906071734318, 0.999979458283982]","[0.1848017264344204, 0.06500469460506586, -0.25201844260110684, 0.014796377794524807, 0.21808367168743958, 0.05525842198490505, 0.010251906071734318, 0.999979458283982]","[1.1243082117370105, 0.32377963752064676, -0.699487463234643, -1.3560687334269155, 0.6181609516515766, 2.2307724691264648, -0.6533230350147003]","[1.1366283268326385, 0.32811328382765115, -0.7162886927413834, -1.3550823082406138, 0.6326998630974059, 2.2344563639254584, -0.6526395746099181]"
single_block,0.0,15,15,225,225,1,True,guarded,scripted_non_learned_reference,accepted,False,1.0,"[0.16465325133818487, 0.05686640100816098, -0.21749999999999936, 0.01320493107243692, 0.17486024595330218, 0.040385713196051665, 0.006858183158978681, 0.999979458283982]","[0.16465325133818487, 0.05686640100816098, -0.21749999999999936, 0.01320493107243692, 0.17486024595330218, 0.040385713196051665, 0.006858183158978681, 0.999979458283982]","[1.1366283268326385, 0.32811328382765115, -0.7162886927413834, -1.3550823082406138, 0.6326998630974059, 2.2344563639254584, -0.6526395746099181]","[1.1476052102551841, 0.3319043772281952, -0.7307886927413834, -1.3542019795024514, 0.644357212827626, 2.237148744805195, -0.6521823623993195]"
single_block,0.0,15,15,225,225,2,True,guarded,scripted_non_learned_reference,accepted,False,1.0,"[0.16465325133818487, 0.05686640100815932, -0.21749999999999936, 0.01320493107243359, 0.17486024595329885, 0.040385713196045, 0.006858183158978681, 0.999979458283982]","[0.16465325133818487, 0.05686640100815932, -0.21749999999999936, 0.01320493107243359, 0.17486024595329885, 0.040385713196045, 0.006858183158978681, 0.999979458283982]","[1.1476052102551841, 0.3319043772281952, -0.7307886927413834, -1.3542019795024514, 0.644357212827626, 2.237148744805195, -0.6521823623993195]","[1.1585820936777298, 0.33569547062873917, -0.7452886927413833, -1.3533216507642891, 0.656014562557846, 2.2398411256849315, -0.6517251501887209]"
single_block,0.0,15,15,225,225,3,True,guarded,scripted_non_learned_reference,accepted,False,1.0,"[0.16465325133818487, 0.05686640100816098, -0.21749999999999936, 0.01320493107243692, 0.17486024595330552, 0.040385713196051665, 0.006858183158980347, 0.999979458283982]","[0.16465325133818487, 0.05686640100816098, -0.21749999999999936, 0.01320493107243692, 0.17486024595330552, 0.040385713196051665, 0.006858183158980347, 0.999979458283982]","[1.1585820936777298, 0.33569547062873917, -0.7452886927413833, -1.3533216507642891, 0.656014562557846, 2.2398411256849315, -0.6517251501887209]","[1.1695589771002755, 0.33948656402928323, -0.7597886927413833, -1.3524413220261267, 0.6676719122880663, 2.2425335065646683, -0.6512679379781222]"
single_block,0.0,15,15,225,225,4,True,guarded,scripted_non_learned_reference,accepted,False,1.0,"[0.16465325133819153, 0.05686640100816265, -0.21750000000000602, 0.01320493107243359, 0.17486024595330552, 0.040385713196045, 0.006858183158978681, 0.999979458283982]","[0.16465325133819153, 0.05686640100816265, -0.21750000000000602, 0.01320493107243359, 0.17486024595330552, 0.040385713196045, 0.006858183158978681, 0.999979458283982]","[1.1695589771002755, 0.33948656402928323, -0.7597886927413833, -1.3524413220261267, 0.6676719122880663, 2.2425335065646683, -0.6512679379781222]","[1.1805358605228216, 0.3432776574298274, -0.7742886927413837, -1.3515609932879644, 0.6793292620182867, 2.2452258874444047, -0.6508107257675236]"
single_block,0.0,15,15,225,225,5,True,guarded,scripted_non_learned_reference,accepted,False,1.0,"[0.16465325133818487, 0.05686640100816098, -0.21749999999999603, 0.01320493107243692, 0.17486024595330218, 0.040385713196051665, 0.006858183158978681, 0.999979458283982]","[0.16465325133818487, 0.05686640100816098, -0.21749999999999603, 0.01320493107243692, 0.17486024595330218, 0.040385713196051665, 0.006858183158978681, 0.999979458283982]","[1.1805358605228216, 0.3432776574298274, -0.7742886927413837, -1.3515609932879644, 0.6793292620182867, 2.2452258874444047, -0.6508107257675236]","[1.1915127439453672, 0.3470687508303715, -0.7887886927413834, -1.350680664549802, 0.6909866117485068, 2.2479182683241414, -0.6503535135569251]"
single_block,0.0,15,15,225,225,6,True,guarded,scripted_non_learned_reference,accepted,False,1.0,"[0.12730884081949112, 0.04396873754442754, -0.16816960887924948, 0.010209968247028023, 0.13520082377239673, 0.031225975137878503, 0.005302703353875504, 0.999979458283982]","[0.12730884081949112, 0.04396873754442754, -0.16816960887924948, 0.010209968247028023, 0.13520082377239673, 0.031225975137878503, 0.005302703353875504, 0.999979458283982]","[1.1915127439453672, 0.3470687508303715, -0.7887886927413834, -1.350680664549802, 0.6909866117485068, 2.2479182683241414, -0.6503535135569251]","[1.2, 0.35, -0.8, -1.35, 0.7, 2.25, -0.65]"
single_block,0.0,15,15,225,225,7,True,guarded,scripted_non_learned_reference,accepted,False,1.0,"[0.0, 0.0, 0.0, 0.0, 0.0, 0.0, 0.0, 0.999979458283982]","[0.0, 0.0, 0.0, 0.0, 0.0, 0.0, 0.0, 0.999979458283982]","[1.2, 0.35, -0.8, -1.35, 0.7, 2.25, -0.65]","[1.2, 0.35, -0.8, -1.35, 0.7, 2.25, -0.65]"
single_block,0.0,15,15,225,225,8,True,guarded,scripted_non_learned_reference,accepted,False,1.0,"[0.0, 0.0, 0.0, 0.0, 0.0, 0.0, 0.0, 0.999979458283982]","[0.0, 0.0, 0.0, 0.0, 0.0, 0.0, 0.0, 0.999979458283982]","[1.2, 0.35, -0.8, -1.35, 0.7, 2.25, -0.65]","[1.2, 0.35, -0.8, -1.35, 0.7, 2.25, -0.65]"
single_block,0.0,15,15,225,225,9,True,guarded,scripted_non_learned_reference,accepted,False,1.0,"[0.0, 0.0, 0.0, 0.0, 0.0, 0.0, 0.0, 0.999979458283982]","[0.0, 0.0, 0.0, 0.0, 0.0, 0.0, 0.0, 0.999979458283982]","[1.2, 0.35, -0.8, -1.35, 0.7, 2.25, -0.65]","[1.2, 0.35, -0.8, -1.35, 0.7, 2.25, -0.65]"
single_block,0.0,15,15,225,225,10,True,guarded,scripted_non_learned_reference,accepted,False,1.0,"[0.0, 0.0, 0.0, 0.0, 0.0, 0.0, 0.0, 0.999979458283982]","[0.0, 0.0, 0.0, 0.0, 0.0, 0.0, 0.0, 0.999979458283982]","[1.2, 0.35, -0.8, -1.35, 0.7, 2.25, -0.65]","[1.2, 0.35, -0.8, -1.35, 0.7, 2.25, -0.65]"
single_block,0.0,15,15,225,225,11,True,guarded,scripted_non_learned_reference,accepted,False,1.0,"[0.0, 0.0, 0.0, 0.0, 0.0, 0.0, 0.0, 0.999979458283982]","[0.0, 0.0, 0.0, 0.0, 0.0, 0.0, 0.0, 0.999979458283982]","[1.2, 0.35, -0.8, -1.35, 0.7, 2.25, -0.65]","[1.2, 0.35, -0.8, -1.35, 0.7, 2.25, -0.65]"
single_block,0.0,15,15,225,225,12,True,guarded,scripted_non_learned_reference,accepted,False,1.0,"[0.0, 0.0, 0.0, 0.0, 0.0, 0.0, 0.0, 0.999979458283982]","[0.0, 0.0, 0.0, 0.0, 0.0, 0.0, 0.0, 0.999979458283982]","[1.2, 0.35, -0.8, -1.35, 0.7, 2.25, -0.65]","[1.2, 0.35, -0.8, -1.35, 0.7, 2.25, -0.65]"
single_block,0.0,15,15,225,225,13,True,guarded,scripted_non_learned_reference,accepted,False,1.0,"[0.0, 0.0, 0.0, 0.0, 0.0, 0.0, 0.0, 0.999979458283982]","[0.0, 0.0, 0.0, 0.0, 0.0, 0.0, 0.0, 0.999979458283982]","[1.2, 0.35, -0.8, -1.35, 0.7, 2.25, -0.65]","[1.2, 0.35, -0.8, -1.35, 0.7, 2.25, -0.65]"
single_block,0.0,15,15,225,225,14,True,guarded,scripted_non_learned_reference,accepted,False,1.0,"[0.0, 0.0, 0.0, 0.0, 0.0, 0.0, 0.0, 0.999979458283982]","[0.0, 0.0, 0.0, 0.0, 0.0, 0.0, 0.0, 0.999979458283982]","[1.2, 0.35, -0.8, -1.35, 0.7, 2.25, -0.65]","[1.2, 0.35, -0.8, -1.35, 0.7, 2.25, -0.65]"
