schema_version,case_id,source_case_id,selection_index,source_row_index,scenario,profile,source_chunk_horizon,certification_horizon,response_action_sha256,input_window_sha256,supervision_budget_ms,base_response_age_ms,activation_response_age_ms,supervisor_latency_ms,assurance_worker_latency_ms,qp_latency_ms,continuous_collision_latency_ms,dynamics_braking_latency_ms,fallback_brake_latency_ms,status,reason,supervisor_status,failure_stage,candidate_complete,candidate_action_count,published_action_count,policy_actions_executable,partial_window_exposed,all_or_none_window_publication,source_chunk_prefix_published,assurance_worker_thread_separate,fallback_validated,qp_feasible,qp_intervention_steps,joint_position_violation_steps,joint_velocity_violation_steps,joint_acceleration_violation_steps,continuous_edges_checked,continuous_unsafe_edges,continuous_indeterminate_edges,braking_boundaries_checked,braking_invalid_boundaries,all_registered_constraints_satisfied,unsafe_window_published,software_budget_exceeded,response_deadline_exceeded,broad_phase_pair_tests,broad_phase_pruned_pairs,broad_phase_exact_pair_evaluations,broad_phase_prune_rate,safe_configuration_cache_hits,persistent_qp_solve_calls,persistent_brake_validation_calls
armbench.pi05_windowed_cpu_replay.v1,row_00763__free_space__direct_dispatch__full_chunk_h10,row_00763__free_space__direct_dispatch,0,763,free_space,full_chunk_h10,10,10,2ba514276e139d381b7b19bf859e964ad7e1b157ca9f234909fb87328f08ec28,e4ddff608fdc24bbe79f4f345b6ad772cc7e47679fd0522db9fe5c0e6a4512b3,20.0,103.75407699757488,134.75407699763764,27.193200000056095,15.99999999996271,6.420800000000781,17.314400000032037,0.0,2.8796999999940454,hold,supervision_budget_exceeded,hold,supervision_budget,True,10,0,False,False,True,False,True,True,True,10,0,0,0,10,0,0,10,0,True,False,True,False,6615,6332,283,0.9572184429327286,7,10,1
armbench.pi05_windowed_cpu_replay.v1,row_00763__single_block__direct_dispatch__full_chunk_h10,row_00763__single_block__direct_dispatch,0,763,single_block,full_chunk_h10,10,10,2ba514276e139d381b7b19bf859e964ad7e1b157ca9f234909fb87328f08ec28,e4ddff608fdc24bbe79f4f345b6ad772cc7e47679fd0522db9fe5c0e6a4512b3,20.0,102.52607700385852,133.52607700392127,23.650100000054408,31.000000000062755,9.90430000001652,11.852299999986826,0.0,1.4224000000240267,hold,supervision_budget_exceeded,hold,supervision_budget,True,10,0,False,False,True,False,True,True,True,10,0,0,0,10,0,0,10,0,True,False,True,False,3570,3439,131,0.9633053221288516,4,10,1
armbench.pi05_windowed_cpu_replay.v1,row_00763__narrow_gate__direct_dispatch__full_chunk_h10,row_00763__narrow_gate__direct_dispatch,0,763,narrow_gate,full_chunk_h10,10,10,2ba514276e139d381b7b19bf859e964ad7e1b157ca9f234909fb87328f08ec28,e4ddff608fdc24bbe79f4f345b6ad772cc7e47679fd0522db9fe5c0e6a4512b3,20.0,103.48747699754313,119.48747699750584,23.752899999976762,15.99999999996271,4.03110000002016,17.424899999923582,0.0,2.1243999999569496,hold,supervision_budget_exceeded,hold,supervision_budget,True,10,0,False,False,True,False,True,True,True,10,0,0,0,10,0,0,10,0,True,False,True,False,6264,6086,178,0.9715836526181354,5,10,1
armbench.pi05_windowed_cpu_replay.v1,row_00458__free_space__direct_dispatch__full_chunk_h10,row_00458__free_space__direct_dispatch,1,458,free_space,full_chunk_h10,10,10,539d85427650fb89affee25f827ab92f2803af4f4686cdda7625ebbcfc4e125f,c20bfe121e217568858d6301db3e88f8bbabf1604fdaa8e909eae454747800b5,20.0,82.58776900765952,113.58776900760859,23.865300000011302,30.99999999994907,7.080000000087239,14.313700000002427,0.0,2.046400000040194,hold,supervision_budget_exceeded,hold,supervision_budget,True,10,0,False,False,True,False,True,True,True,10,0,0,0,10,0,0,10,0,True,False,True,False,2499,2402,97,0.9611844737895158,3,10,1
armbench.pi05_windowed_cpu_replay.v1,row_00458__single_block__direct_dispatch__full_chunk_h10,row_00458__single_block__direct_dispatch,1,458,single_block,full_chunk_h10,10,10,539d85427650fb89affee25f827ab92f2803af4f4686cdda7625ebbcfc4e125f,c20bfe121e217568858d6301db3e88f8bbabf1604fdaa8e909eae454747800b5,20.0,82.50796900392743,98.50796900389014,20.981399999982386,15.99999999996271,5.866900000000896,14.620299999933195,0.0,0.3885999999511114,hold,supervision_budget_exceeded,hold,supervision_budget,True,10,0,False,False,True,False,True,True,True,10,0,0,0,10,0,0,10,0,True,False,True,False,9690,9237,453,0.9532507739938081,8,10,1
armbench.pi05_windowed_cpu_replay.v1,row_00458__narrow_gate__direct_dispatch__full_chunk_h10,row_00458__narrow_gate__direct_dispatch,1,458,narrow_gate,full_chunk_h10,10,10,539d85427650fb89affee25f827ab92f2803af4f4686cdda7625ebbcfc4e125f,c20bfe121e217568858d6301db3e88f8bbabf1604fdaa8e909eae454747800b5,20.0,83.1604690029053,114.16046900296806,21.01909999998952,15.99999999996271,4.070099999921695,16.170499999930144,0.0,0.6912000000056651,hold,supervision_budget_exceeded,hold,supervision_budget,True,10,0,False,False,True,False,True,True,True,10,0,0,0,10,0,0,10,0,True,False,True,False,10584,10249,335,0.9683484504913077,7,10,1
armbench.pi05_windowed_cpu_replay.v1,row_00222__free_space__direct_dispatch__full_chunk_h10,row_00222__free_space__direct_dispatch,2,222,free_space,full_chunk_h10,10,10,7ed64e746df909ff0c71898c554048b30bb88de50d94a6f43787c50679b174e2,21da2b9970d3e9644b5f044a5dcc016b6b5053a5b4e9c17bce52d4303d2b3600,20.0,171.54230199957965,202.54230199952872,26.15620000005947,30.99999999994907,6.209399999988818,17.979299999979048,0.0,1.8321000000014465,hold,supervision_budget_exceeded,hold,supervision_budget,True,10,0,False,False,True,False,True,True,True,10,0,0,0,10,0,0,10,0,True,False,True,True,7203,6854,349,0.9515479661252256,7,10,1
armbench.pi05_windowed_cpu_replay.v1,row_00222__single_block__direct_dispatch__full_chunk_h10,row_00222__single_block__direct_dispatch,2,222,single_block,full_chunk_h10,10,10,7ed64e746df909ff0c71898c554048b30bb88de50d94a6f43787c50679b174e2,21da2b9970d3e9644b5f044a5dcc016b6b5053a5b4e9c17bce52d4303d2b3600,20.0,171.895202001906,202.89520200185507,25.821800000016992,30.99999999994907,3.7347999999610693,19.322099999953934,0.0,2.6074999999536885,hold,supervision_budget_exceeded,hold,supervision_budget,True,10,0,False,False,True,False,True,True,True,10,0,0,0,10,0,0,10,0,True,False,True,True,6290,5957,333,0.9470588235294117,5,10,1
armbench.pi05_windowed_cpu_replay.v1,row_00222__narrow_gate__direct_dispatch__full_chunk_h10,row_00222__narrow_gate__direct_dispatch,2,222,narrow_gate,full_chunk_h10,10,10,7ed64e746df909ff0c71898c554048b30bb88de50d94a6f43787c50679b174e2,21da2b9970d3e9644b5f044a5dcc016b6b5053a5b4e9c17bce52d4303d2b3600,20.0,171.71460199460853,218.714601994634,20.701199999962228,31.000000000062755,8.469399999967209,11.607099999991988,0.0,0.3758999999945445,hold,supervision_budget_exceeded,hold,supervision_budget,True,10,0,False,False,True,False,True,True,True,10,0,0,0,10,3,0,10,5,False,False,True,True,5400,5202,198,0.9633333333333334,4,10,1
armbench.pi05_windowed_cpu_replay.v1,row_01467__free_space__direct_dispatch__full_chunk_h10,row_01467__free_space__direct_dispatch,3,1467,free_space,full_chunk_h10,10,10,0d05a20d8a90b30eac6e6dfc2e65c5d447cb062d06863c48db1367dbdc8d27af,4f17f5dfea4ea95c98fd42f459cd72d84c6d64fa6c129fbeb17b753364002cf1,20.0,92.3235240043141,123.32352400426316,22.41799999990235,15.99999999996271,3.6148000000366665,17.92169999998805,0.0,0.7716000000073109,hold,supervision_budget_exceeded,hold,supervision_budget,True,10,0,False,False,True,False,True,True,True,10,0,0,0,10,0,0,10,0,True,False,True,False,6321,6054,267,0.9577598481252966,7,10,1
armbench.pi05_windowed_cpu_replay.v1,row_01467__single_block__direct_dispatch__full_chunk_h10,row_01467__single_block__direct_dispatch,3,1467,single_block,full_chunk_h10,10,10,0d05a20d8a90b30eac6e6dfc2e65c5d447cb062d06863c48db1367dbdc8d27af,4f17f5dfea4ea95c98fd42f459cd72d84c6d64fa6c129fbeb17b753364002cf1,20.0,92.74982400529552,123.74982400535828,21.91789999994853,31.000000000062755,2.4990000000570944,17.78630000001158,0.0,1.446299999997791,hold,supervision_budget_exceeded,hold,supervision_budget,True,10,0,False,False,True,False,True,True,True,10,0,0,0,10,0,0,10,0,True,False,True,False,5950,5687,263,0.9557983193277311,6,10,1
armbench.pi05_windowed_cpu_replay.v1,row_01467__narrow_gate__direct_dispatch__full_chunk_h10,row_01467__narrow_gate__direct_dispatch,3,1467,narrow_gate,full_chunk_h10,10,10,0d05a20d8a90b30eac6e6dfc2e65c5d447cb062d06863c48db1367dbdc8d27af,4f17f5dfea4ea95c98fd42f459cd72d84c6d64fa6c129fbeb17b753364002cf1,20.0,92.48282400221797,123.48282400228072,23.08869999990293,15.99999999996271,1.7043000000285247,20.281299999965086,0.0,0.9907999999541062,hold,supervision_budget_exceeded,hold,supervision_budget,True,10,0,False,False,True,False,True,True,True,10,0,0,0,10,0,0,10,0,True,False,True,False,7560,7281,279,0.9630952380952381,6,10,1
armbench.pi05_windowed_cpu_replay.v1,row_00954__free_space__direct_dispatch__full_chunk_h10,row_00954__free_space__direct_dispatch,4,954,free_space,full_chunk_h10,10,10,8c426cf29f252a7c103234ca72eff693daec4272e1eff735e0f325be6c8368bb,541ef1c389b4780c1bc25075e466ca00805d06391dbce79e67b43e6b6a02ff42,20.0,84.07754999643657,100.07754999651297,28.09279999996761,16.000000000076398,5.590800000049967,20.906299999978728,0.0,1.4419000000316373,hold,supervision_budget_exceeded,hold,supervision_budget,True,10,0,False,False,True,False,True,True,True,10,0,0,0,10,0,0,10,0,True,False,True,False,8967,8524,443,0.9505966320954611,5,10,1
armbench.pi05_windowed_cpu_replay.v1,row_00954__single_block__direct_dispatch__full_chunk_h10,row_00954__single_block__direct_dispatch,4,954,single_block,full_chunk_h10,10,10,8c426cf29f252a7c103234ca72eff693daec4272e1eff735e0f325be6c8368bb,541ef1c389b4780c1bc25075e466ca00805d06391dbce79e67b43e6b6a02ff42,20.0,83.76884999597678,114.76884999603953,25.617200000056073,14.999999999986358,2.673899999990681,22.08389999998417,0.0,0.7683000000042739,hold,supervision_budget_exceeded,hold,supervision_budget,True,10,0,False,False,True,False,True,True,True,10,0,0,0,10,0,0,10,0,True,False,True,False,10370,9906,464,0.9552555448408871,5,10,1
armbench.pi05_windowed_cpu_replay.v1,row_00954__narrow_gate__direct_dispatch__full_chunk_h10,row_00954__narrow_gate__direct_dispatch,4,954,narrow_gate,full_chunk_h10,10,10,8c426cf29f252a7c103234ca72eff693daec4272e1eff735e0f325be6c8368bb,541ef1c389b4780c1bc25075e466ca00805d06391dbce79e67b43e6b6a02ff42,20.0,83.80704999581212,130.8070499958376,36.80650000001151,32.00000000003911,4.263600000058432,30.015299999945455,0.0,2.370300000052339,hold,supervision_budget_exceeded,hold,supervision_budget,True,10,0,False,False,True,False,True,True,True,10,0,0,0,10,0,0,10,0,True,False,True,False,6264,6027,237,0.9621647509578544,3,10,1
armbench.pi05_windowed_cpu_replay.v1,row_01576__free_space__direct_dispatch__full_chunk_h10,row_01576__free_space__direct_dispatch,5,1576,free_space,full_chunk_h10,10,10,a51612a00a37d0ea3749eb912a6f60afe1d9cd2ca5587f61e5ab60e8a19f447a,ceffaae899c86b7cad94d1a21bba4a80279a12dae6dc59022e88ec0d8034bbec,20.0,109.7861300004297,156.78613000045516,25.121599999920363,30.99999999994907,3.451000000040949,19.702599999959602,0.0,1.7252999999755048,hold,supervision_budget_exceeded,hold,supervision_budget,True,10,0,False,False,True,False,True,True,True,10,0,0,0,10,0,0,10,0,True,False,True,False,4851,4636,215,0.9556792413935271,5,10,1
armbench.pi05_windowed_cpu_replay.v1,row_01576__single_block__direct_dispatch__full_chunk_h10,row_01576__single_block__direct_dispatch,5,1576,single_block,full_chunk_h10,10,10,a51612a00a37d0ea3749eb912a6f60afe1d9cd2ca5587f61e5ab60e8a19f447a,ceffaae899c86b7cad94d1a21bba4a80279a12dae6dc59022e88ec0d8034bbec,20.0,109.48412999277934,140.4841299928421,20.745900000065376,15.99999999996271,1.924899999949048,17.21629999997276,1.1830999999347114,0.3187999999454405,hold,supervision_budget_exceeded,hold,supervision_budget,True,10,0,False,False,True,False,True,True,True,10,0,0,0,10,0,0,10,0,True,False,True,False,11050,10633,417,0.962262443438914,12,10,2
armbench.pi05_windowed_cpu_replay.v1,row_01576__narrow_gate__direct_dispatch__full_chunk_h10,row_01576__narrow_gate__direct_dispatch,5,1576,narrow_gate,full_chunk_h10,10,10,a51612a00a37d0ea3749eb912a6f60afe1d9cd2ca5587f61e5ab60e8a19f447a,ceffaae899c86b7cad94d1a21bba4a80279a12dae6dc59022e88ec0d8034bbec,20.0,109.35532999428688,125.35532999424959,21.679199999994125,15.99999999996271,7.5294999999186984,13.26490000008107,0.0,0.7157000000006519,hold,supervision_budget_exceeded,hold,supervision_budget,True,10,0,False,False,True,False,True,True,True,10,0,0,0,10,0,0,10,0,True,False,True,False,10152,9850,302,0.9702521670606777,8,10,1
armbench.pi05_windowed_cpu_replay.v1,row_02114__free_space__direct_dispatch__full_chunk_h10,row_02114__free_space__direct_dispatch,6,2114,free_space,full_chunk_h10,10,10,3c8a04cfba03e28f556b668ecfc39ba1f3c6f600ae28115bb0d484f228805822,b450e7ad3d6478be6418531fda01e2f47bd1fa86a3054195fa3e89dd7bafae17,20.0,84.57347300281981,116.57347300274523,25.199700000030134,31.99999999992542,1.6482000000905828,22.59830000002694,0.0,0.8484999999609499,hold,supervision_budget_exceeded,hold,supervision_budget,True,10,0,False,False,True,False,True,True,True,10,0,0,0,10,0,0,10,0,True,False,True,False,14553,13869,684,0.9529993815708101,8,10,1
armbench.pi05_windowed_cpu_replay.v1,row_02114__single_block__direct_dispatch__full_chunk_h10,row_02114__single_block__direct_dispatch,6,2114,single_block,full_chunk_h10,10,10,3c8a04cfba03e28f556b668ecfc39ba1f3c6f600ae28115bb0d484f228805822,b450e7ad3d6478be6418531fda01e2f47bd1fa86a3054195fa3e89dd7bafae17,20.0,85.05257299839286,116.05257299834193,25.11930000002849,30.99999999994907,6.715999999983069,17.366300000048795,0.0,0.7881000000224958,hold,supervision_budget_exceeded,hold,supervision_budget,True,10,0,False,False,True,False,True,True,True,10,0,0,0,10,0,0,10,0,True,False,True,False,9010,8625,385,0.9572697003329633,5,10,1
armbench.pi05_windowed_cpu_replay.v1,row_02114__narrow_gate__direct_dispatch__full_chunk_h10,row_02114__narrow_gate__direct_dispatch,6,2114,narrow_gate,full_chunk_h10,10,10,3c8a04cfba03e28f556b668ecfc39ba1f3c6f600ae28115bb0d484f228805822,b450e7ad3d6478be6418531fda01e2f47bd1fa86a3054195fa3e89dd7bafae17,20.0,85.04487299796892,116.04487299791799,19.54889999990428,15.99999999996271,4.043799999976727,14.61380000000645,0.0,0.791199999980563,hold,continuous_edge_rejected:collision:static:gate_lower:link6,hold,continuous_collision,True,10,0,False,False,True,False,True,True,True,10,0,0,0,10,5,0,10,7,False,False,False,False,11664,11186,471,0.9590192043895748,6,10,1
armbench.pi05_windowed_cpu_replay.v1,row_02316__free_space__direct_dispatch__full_chunk_h10,row_02316__free_space__direct_dispatch,7,2316,free_space,full_chunk_h10,10,10,307d796186bec85694ad45ec5f0f36b6c2d4136025b8788f52b21f8ce81cefc3,4eb6f0c33cfea87817ea47ba3691beea6689e4326d4b265a74641f01503e5d46,20.0,81.15441800327972,112.15441800334247,28.15650000002279,31.000000000062755,2.369999999928041,23.469900000009147,0.0,2.187300000059622,hold,supervision_budget_exceeded,hold,supervision_budget,True,10,0,False,False,True,False,True,True,True,10,0,0,0,10,0,0,10,0,True,False,True,False,6615,6314,301,0.9544973544973545,6,10,1
armbench.pi05_windowed_cpu_replay.v1,row_02316__single_block__direct_dispatch__full_chunk_h10,row_02316__single_block__direct_dispatch,7,2316,single_block,full_chunk_h10,10,10,307d796186bec85694ad45ec5f0f36b6c2d4136025b8788f52b21f8ce81cefc3,4eb6f0c33cfea87817ea47ba3691beea6689e4326d4b265a74641f01503e5d46,20.0,81.35241799755022,112.35241799749929,22.601200000053723,30.99999999994907,8.641300000022056,12.950900000078036,0.0,0.7664999999406064,hold,supervision_budget_exceeded,hold,supervision_budget,True,10,0,False,False,True,False,True,True,True,10,0,0,0,10,0,0,10,0,True,False,True,False,6290,5993,297,0.9527821939586646,5,10,1
armbench.pi05_windowed_cpu_replay.v1,row_02316__narrow_gate__direct_dispatch__full_chunk_h10,row_02316__narrow_gate__direct_dispatch,7,2316,narrow_gate,full_chunk_h10,10,10,307d796186bec85694ad45ec5f0f36b6c2d4136025b8788f52b21f8ce81cefc3,4eb6f0c33cfea87817ea47ba3691beea6689e4326d4b265a74641f01503e5d46,20.0,81.5732180053601,128.57321800538557,21.882399999981317,31.000000000062755,7.371199999965938,12.958299999922929,0.0,1.3478000000759494,hold,supervision_budget_exceeded,hold,supervision_budget,True,10,0,False,False,True,False,True,True,True,10,0,0,0,10,3,0,10,5,False,False,True,False,7992,7669,323,0.9595845845845846,5,10,1
armbench.pi05_windowed_cpu_replay.v1,row_02045__free_space__direct_dispatch__full_chunk_h10,row_02045__free_space__direct_dispatch,8,2045,free_space,full_chunk_h10,10,10,35bb006359368f4079d94be18fc9d2261932ba0be13c6387627761460fdfd649,21bb222523a68d85dbd4f6c83a8c1b450d40a364adf8ee4e45280df78bc18027,20.0,107.79295300744707,138.79295300750982,24.852300000020477,31.000000000062755,2.0879000001059467,14.456500000051165,6.258600000023762,1.9237000000202897,hold,supervision_budget_exceeded,hold,supervision_budget,True,10,0,False,False,True,False,True,True,True,10,0,0,0,10,0,0,10,0,True,False,True,False,4851,4674,177,0.9635126777983921,12,10,2
armbench.pi05_windowed_cpu_replay.v1,row_02045__single_block__direct_dispatch__full_chunk_h10,row_02045__single_block__direct_dispatch,8,2045,single_block,full_chunk_h10,10,10,35bb006359368f4079d94be18fc9d2261932ba0be13c6387627761460fdfd649,21bb222523a68d85dbd4f6c83a8c1b450d40a364adf8ee4e45280df78bc18027,20.0,107.84735299966997,138.84735299973272,22.06269999999222,31.000000000062755,3.559699999982513,15.831700000035198,1.860999999962587,0.6852000000208136,hold,supervision_budget_exceeded,hold,supervision_budget,True,10,0,False,False,True,False,True,True,True,10,0,0,0,10,0,0,10,0,True,False,True,False,5610,5365,245,0.9563279857397504,12,10,2
armbench.pi05_windowed_cpu_replay.v1,row_02045__narrow_gate__direct_dispatch__full_chunk_h10,row_02045__narrow_gate__direct_dispatch,8,2045,narrow_gate,full_chunk_h10,10,10,35bb006359368f4079d94be18fc9d2261932ba0be13c6387627761460fdfd649,21bb222523a68d85dbd4f6c83a8c1b450d40a364adf8ee4e45280df78bc18027,20.0,108.03035300341435,155.0303530034398,32.44080000001759,47.000000000025466,8.356899999967027,20.882600000049933,0.0,2.861499999994521,hold,supervision_budget_exceeded,hold,supervision_budget,True,10,0,False,False,True,False,True,True,True,10,0,0,0,10,0,0,10,0,True,False,True,False,6696,6482,214,0.9680406212664278,10,10,1
armbench.pi05_windowed_cpu_replay.v1,row_02736__free_space__direct_dispatch__full_chunk_h10,row_02736__free_space__direct_dispatch,9,2736,free_space,full_chunk_h10,10,10,62b013ffb3379eba43666abbd0be0848858bc836836b094e25ea8d74cfde9e2c,0b565a6938d9bb0b57977d079796fcc4c108d1841f47a0f986253144c3870174,20.0,79.95957398816245,94.95957398826249,23.66200000005847,15.000000000100044,6.307999999989988,16.285700000025827,0.0,0.9191999999984546,hold,supervision_budget_exceeded,hold,supervision_budget,True,10,0,False,False,True,False,True,True,True,10,0,0,0,10,0,0,10,0,True,False,True,False,5439,5190,249,0.9542195256480971,4,10,1
armbench.pi05_windowed_cpu_replay.v1,row_02736__single_block__direct_dispatch__full_chunk_h10,row_02736__single_block__direct_dispatch,9,2736,single_block,full_chunk_h10,10,10,62b013ffb3379eba43666abbd0be0848858bc836836b094e25ea8d74cfde9e2c,0b565a6938d9bb0b57977d079796fcc4c108d1841f47a0f986253144c3870174,20.0,80.01317399612162,112.01317399604704,24.49699999999666,31.99999999992542,4.259000000047308,19.164300000056755,0.0,0.9586999999555701,hold,supervision_budget_exceeded,hold,supervision_budget,True,10,0,False,False,True,False,True,True,True,10,0,0,0,10,0,0,10,0,True,False,True,False,9010,8549,461,0.948834628190899,5,10,1
armbench.pi05_windowed_cpu_replay.v1,row_02736__narrow_gate__direct_dispatch__full_chunk_h10,row_02736__narrow_gate__direct_dispatch,9,2736,narrow_gate,full_chunk_h10,10,10,62b013ffb3379eba43666abbd0be0848858bc836836b094e25ea8d74cfde9e2c,0b565a6938d9bb0b57977d079796fcc4c108d1841f47a0f986253144c3870174,20.0,80.14397399529116,111.14397399524023,20.798300000024028,14.999999999986358,1.8731000000116182,17.871999999897525,0.0,0.8866999999099789,hold,continuous_edge_rejected:collision:static:gate_lower:link6,hold,continuous_collision,True,10,0,False,False,True,False,True,True,True,10,0,0,0,10,5,0,10,7,False,False,True,False,11664,11153,503,0.9561899862825789,6,10,1
armbench.pi05_windowed_cpu_replay.v1,row_02456__free_space__direct_dispatch__full_chunk_h10,row_02456__free_space__direct_dispatch,10,2456,free_space,full_chunk_h10,10,10,a805df171f5b2a0bb37e82ee33c913be28ab363a08c40943c47745c4be5f166b,606d95c489296b5f4e2fde5d9b28e0f52167c7824e5ba4cee1b52a1be5d798c3,20.0,160.5769509988022,206.57695099885132,31.273599999963153,30.99999999994907,8.175100000016755,22.473700000091412,0.0,0.3513999999995576,hold,supervision_budget_exceeded,hold,supervision_budget,True,10,0,False,False,True,False,True,True,True,10,0,0,0,10,0,0,10,0,True,False,True,True,5145,4909,236,0.9541302235179786,4,10,1
armbench.pi05_windowed_cpu_replay.v1,row_02456__single_block__direct_dispatch__full_chunk_h10,row_02456__single_block__direct_dispatch,10,2456,single_block,full_chunk_h10,10,10,a805df171f5b2a0bb37e82ee33c913be28ab363a08c40943c47745c4be5f166b,606d95c489296b5f4e2fde5d9b28e0f52167c7824e5ba4cee1b52a1be5d798c3,20.0,160.99725099775242,192.99725099767784,23.30009999991489,31.99999999992542,4.8010999998950865,17.199099999970713,0.0,1.088200000026518,hold,supervision_budget_exceeded,hold,supervision_budget,True,10,0,False,False,True,False,True,True,True,10,0,0,0,10,0,0,10,0,True,False,True,False,8670,8233,437,0.9495963091118801,5,10,1
armbench.pi05_windowed_cpu_replay.v1,row_02456__narrow_gate__direct_dispatch__full_chunk_h10,row_02456__narrow_gate__direct_dispatch,10,2456,narrow_gate,full_chunk_h10,10,10,a805df171f5b2a0bb37e82ee33c913be28ab363a08c40943c47745c4be5f166b,606d95c489296b5f4e2fde5d9b28e0f52167c7824e5ba4cee1b52a1be5d798c3,20.0,160.55815100116888,191.55815100111795,22.252900000012232,14.999999999986358,3.676000000041313,16.543899999987843,0.0,1.9049999999651845,hold,supervision_budget_exceeded,hold,supervision_budget,True,10,0,False,False,True,False,True,True,True,10,0,0,0,10,5,0,10,7,False,False,True,False,7560,7240,320,0.9576719576719577,4,10,1
armbench.pi05_windowed_cpu_replay.v1,row_02938__free_space__direct_dispatch__full_chunk_h10,row_02938__free_space__direct_dispatch,11,2938,free_space,full_chunk_h10,10,10,30d16912ce8098c60d419bf30ed1491235b796b186f2378fa0ebdef754cc31fd,d5c708014600a7920be64b6acc05dd2153f49c780015898b4d746c2bc4c494ab,20.0,111.70350899919868,142.70350899914774,28.846400000020367,30.99999999994907,5.078200000070865,21.856500000012602,0.0,1.6493000000536995,hold,supervision_budget_exceeded,hold,supervision_budget,True,10,0,False,False,True,False,True,True,True,10,0,0,0,10,0,0,10,0,True,False,True,False,7791,7420,371,0.9523809523809523,5,10,1
armbench.pi05_windowed_cpu_replay.v1,row_02938__single_block__direct_dispatch__full_chunk_h10,row_02938__single_block__direct_dispatch,11,2938,single_block,full_chunk_h10,10,10,30d16912ce8098c60d419bf30ed1491235b796b186f2378fa0ebdef754cc31fd,d5c708014600a7920be64b6acc05dd2153f49c780015898b4d746c2bc4c494ab,20.0,111.67890899378108,143.6789089938202,26.997299999948154,32.00000000003911,7.110800000077688,17.582899999979418,0.0,2.0769999999856736,hold,supervision_budget_exceeded,hold,supervision_budget,True,10,0,False,False,True,False,True,True,True,10,0,0,0,10,0,0,10,0,True,False,True,False,6290,6014,276,0.956120826709062,4,10,1
armbench.pi05_windowed_cpu_replay.v1,row_02938__narrow_gate__direct_dispatch__full_chunk_h10,row_02938__narrow_gate__direct_dispatch,11,2938,narrow_gate,full_chunk_h10,10,10,30d16912ce8098c60d419bf30ed1491235b796b186f2378fa0ebdef754cc31fd,d5c708014600a7920be64b6acc05dd2153f49c780015898b4d746c2bc4c494ab,20.0,111.79980899760267,158.79980899762813,29.953900000009526,31.000000000062755,3.6825999999337,23.29779999990933,0.0,2.6810999999042906,hold,supervision_budget_exceeded,hold,supervision_budget,True,10,0,False,False,True,False,True,True,True,10,0,0,0,10,0,0,10,0,True,False,True,False,7992,7684,308,0.9614614614614615,4,10,1
armbench.pi05_windowed_cpu_replay.v1,row_03122__free_space__direct_dispatch__full_chunk_h10,row_03122__free_space__direct_dispatch,12,3122,free_space,full_chunk_h10,10,10,4fd1a98f6e18bda6afca61b1213f09c92ed3fce35dcd8c4d53333ce515224354,fae786a4aad836002b16172491457936b523b19e2e002e95e4b9cb634083a717,20.0,81.44486000674078,112.44486000668985,26.264999999966676,14.999999999986358,6.175900000016554,17.785799999955998,0.0,2.023800000074516,hold,supervision_budget_exceeded,hold,supervision_budget,True,10,0,False,False,True,False,True,True,True,10,0,0,0,10,0,0,10,0,True,False,True,False,3087,2960,127,0.9588597343699384,3,10,1
armbench.pi05_windowed_cpu_replay.v1,row_03122__single_block__direct_dispatch__full_chunk_h10,row_03122__single_block__direct_dispatch,12,3122,single_block,full_chunk_h10,10,10,4fd1a98f6e18bda6afca61b1213f09c92ed3fce35dcd8c4d53333ce515224354,fae786a4aad836002b16172491457936b523b19e2e002e95e4b9cb634083a717,20.0,81.17976000357885,112.17976000352792,21.715900000003785,15.99999999996271,5.401499999948101,15.123000000016873,0.0,1.0778999999274674,hold,supervision_budget_exceeded,hold,supervision_budget,True,10,0,False,False,True,False,True,True,True,10,0,0,0,10,0,0,10,0,True,False,True,False,6290,6047,243,0.9613672496025437,5,10,1
armbench.pi05_windowed_cpu_replay.v1,row_03122__narrow_gate__direct_dispatch__full_chunk_h10,row_03122__narrow_gate__direct_dispatch,12,3122,narrow_gate,full_chunk_h10,10,10,4fd1a98f6e18bda6afca61b1213f09c92ed3fce35dcd8c4d53333ce515224354,fae786a4aad836002b16172491457936b523b19e2e002e95e4b9cb634083a717,20.0,81.26705999893602,112.26705999888509,21.667299999990064,30.99999999994907,3.8135999999440173,16.98620000001938,0.0,0.7216000000198619,hold,supervision_budget_exceeded,hold,supervision_budget,True,10,0,False,False,True,False,True,True,True,10,0,0,0,10,0,0,10,0,True,False,True,False,4536,4404,132,0.9708994708994709,3,10,1
armbench.pi05_windowed_cpu_replay.v1,row_03163__free_space__direct_dispatch__full_chunk_h10,row_03163__free_space__direct_dispatch,13,3163,free_space,full_chunk_h10,10,10,e3ad14c7d499ec5ce4892eb2bef290b5e056a2b62568859245b6356da12457fb,ffa917dcd4fa88b9be0656ad8c111499b9a6bfff234650d693827eb9d1d5f76c,20.0,80.90778300538659,111.90778300544935,22.067700000093282,31.000000000062755,4.751700000042547,15.472900000077061,0.0,1.604100000008657,hold,supervision_budget_exceeded,hold,supervision_budget,True,10,0,False,False,True,False,True,True,True,10,0,0,0,10,0,0,10,0,True,False,True,False,4263,4091,172,0.9596528266479005,4,10,1
armbench.pi05_windowed_cpu_replay.v1,row_03163__single_block__direct_dispatch__full_chunk_h10,row_03163__single_block__direct_dispatch,13,3163,single_block,full_chunk_h10,10,10,e3ad14c7d499ec5ce4892eb2bef290b5e056a2b62568859245b6356da12457fb,ffa917dcd4fa88b9be0656ad8c111499b9a6bfff234650d693827eb9d1d5f76c,20.0,80.80188299936708,112.8018829992925,22.68160000005537,31.99999999992542,6.819100000029721,14.594299999998839,0.0,0.9629999999560823,hold,supervision_budget_exceeded,hold,supervision_budget,True,10,0,False,False,True,False,True,True,True,10,0,0,0,10,0,0,10,0,True,False,True,False,3570,3445,125,0.9649859943977591,3,10,1
armbench.pi05_windowed_cpu_replay.v1,row_03163__narrow_gate__direct_dispatch__full_chunk_h10,row_03163__narrow_gate__direct_dispatch,13,3163,narrow_gate,full_chunk_h10,10,10,e3ad14c7d499ec5ce4892eb2bef290b5e056a2b62568859245b6356da12457fb,ffa917dcd4fa88b9be0656ad8c111499b9a6bfff234650d693827eb9d1d5f76c,20.0,81.32088300044416,112.32088300050691,22.923499999933483,31.000000000062755,6.435500000065986,15.1723999999831,0.0,1.079699999991135,hold,supervision_budget_exceeded,hold,supervision_budget,True,10,0,False,False,True,False,True,True,True,10,0,0,0,10,0,0,10,0,True,False,True,False,4536,4409,127,0.9720017636684304,3,10,1
armbench.pi05_windowed_cpu_replay.v1,row_03741__free_space__direct_dispatch__full_chunk_h10,row_03741__free_space__direct_dispatch,14,3741,free_space,full_chunk_h10,10,10,4b7907e4aad9dc6e77f813e772c59d0c7169c40282363ff493a33e879b87cde7,919e5f396da973e2cf7f371f4f3431bd547e13a2c08ca1b5ae4da4003096c020,20.0,109.97415299789282,125.97415299796921,22.47039999997469,16.000000000076398,3.2372999999097374,17.716900000095848,0.0,1.3988999999128282,hold,supervision_budget_exceeded,hold,supervision_budget,True,10,0,False,False,True,False,True,True,True,10,0,0,0,10,0,0,10,0,True,False,True,False,6615,6302,313,0.9526832955404384,6,10,1
armbench.pi05_windowed_cpu_replay.v1,row_03741__single_block__direct_dispatch__full_chunk_h10,row_03741__single_block__direct_dispatch,14,3741,single_block,full_chunk_h10,10,10,4b7907e4aad9dc6e77f813e772c59d0c7169c40282363ff493a33e879b87cde7,919e5f396da973e2cf7f371f4f3431bd547e13a2c08ca1b5ae4da4003096c020,20.0,110.02595299942186,126.02595299938457,25.15210000001389,15.99999999996271,3.8046999999323816,19.29589999997461,0.0,1.8157000000655898,hold,supervision_budget_exceeded,hold,supervision_budget,True,10,0,False,False,True,False,True,True,True,10,0,0,0,10,0,0,10,0,True,False,True,False,11730,11210,520,0.9556692242114238,9,10,1
armbench.pi05_windowed_cpu_replay.v1,row_03741__narrow_gate__direct_dispatch__full_chunk_h10,row_03741__narrow_gate__direct_dispatch,14,3741,narrow_gate,full_chunk_h10,10,10,4b7907e4aad9dc6e77f813e772c59d0c7169c40282363ff493a33e879b87cde7,919e5f396da973e2cf7f371f4f3431bd547e13a2c08ca1b5ae4da4003096c020,20.0,109.7219529983704,141.72195299829582,29.066800000009607,15.99999999996271,3.752700000063669,23.644699999977092,0.0,1.5525999999681517,hold,supervision_budget_exceeded,hold,supervision_budget,True,10,0,False,False,True,False,True,True,True,10,0,0,0,10,0,0,10,0,True,False,True,False,9720,9400,320,0.9670781893004116,6,10,1
armbench.pi05_windowed_cpu_replay.v1,row_04298__free_space__direct_dispatch__full_chunk_h10,row_04298__free_space__direct_dispatch,15,4298,free_space,full_chunk_h10,10,10,2c585a1039cfc500fc7fe28c85a25ec32786fd8b15a0dad94b58ee736a663d79,94e313ab8d7786043893f7af3f613152522a820610d690acb2a3edc9ef4ba28e,20.0,80.53666400519433,112.53666400523343,22.685500000079628,32.00000000003911,4.103299999997034,16.33290000006582,0.0,2.0931999999902473,hold,supervision_budget_exceeded,hold,supervision_budget,True,10,0,False,False,True,False,True,True,True,10,0,0,0,10,0,0,10,0,True,False,True,False,3087,2945,142,0.9540006478781989,3,10,1
armbench.pi05_windowed_cpu_replay.v1,row_04298__single_block__direct_dispatch__full_chunk_h10,row_04298__single_block__direct_dispatch,15,4298,single_block,full_chunk_h10,10,10,2c585a1039cfc500fc7fe28c85a25ec32786fd8b15a0dad94b58ee736a663d79,94e313ab8d7786043893f7af3f613152522a820610d690acb2a3edc9ef4ba28e,20.0,80.55936400342034,96.55936400349674,22.867799999971794,16.000000000076398,3.488899999979367,18.358000000034735,0.0,0.891000000024178,hold,supervision_budget_exceeded,hold,supervision_budget,True,10,0,False,False,True,False,True,True,True,10,0,0,0,10,0,0,10,0,True,False,True,False,9010,8583,427,0.9526082130965594,5,10,1
armbench.pi05_windowed_cpu_replay.v1,row_04298__narrow_gate__direct_dispatch__full_chunk_h10,row_04298__narrow_gate__direct_dispatch,15,4298,narrow_gate,full_chunk_h10,10,10,2c585a1039cfc500fc7fe28c85a25ec32786fd8b15a0dad94b58ee736a663d79,94e313ab8d7786043893f7af3f613152522a820610d690acb2a3edc9ef4ba28e,20.0,81.24266399681801,112.24266399688076,25.51010000001952,31.000000000062755,3.6706999999296386,19.1108000000213,0.0,2.5663999999778753,hold,supervision_budget_exceeded,hold,supervision_budget,True,10,0,False,False,True,False,True,True,True,10,0,0,0,10,0,0,10,0,True,False,True,False,7992,7715,277,0.9653403403403403,4,10,1
armbench.pi05_windowed_cpu_replay.v1,row_03805__free_space__direct_dispatch__full_chunk_h10,row_03805__free_space__direct_dispatch,16,3805,free_space,full_chunk_h10,10,10,ed3ed2f05c450ceca326c550433117debafac7329c3cf9d83392e865de84d20b,091b2783ea65091b38cc9287d80dd29b0944a0b9ec326d95fda267eec534df0f,20.0,142.3698360013077,173.36983600137046,21.771699999931116,14.999999999986358,10.708799999974872,9.993399999984831,0.0,0.7718000000522807,hold,supervision_budget_exceeded,hold,supervision_budget,True,10,0,False,False,True,False,True,True,True,10,0,0,0,10,0,0,10,0,True,False,True,False,1911,1839,72,0.9623233908948194,3,10,1
armbench.pi05_windowed_cpu_replay.v1,row_03805__single_block__direct_dispatch__full_chunk_h10,row_03805__single_block__direct_dispatch,16,3805,single_block,full_chunk_h10,10,10,ed3ed2f05c450ceca326c550433117debafac7329c3cf9d83392e865de84d20b,091b2783ea65091b38cc9287d80dd29b0944a0b9ec326d95fda267eec534df0f,20.0,142.41793600376695,173.41793600371602,16.954199999986486,15.99999999996271,4.814900000042144,11.464000000046326,0.0,0.4609000000073138,hold,continuous_edge_rejected:collision:static:center_block:link6,hold,continuous_collision,True,10,0,False,False,True,False,True,True,True,10,0,0,0,10,3,0,10,4,False,False,False,False,6800,6467,326,0.9510294117647059,8,10,1
armbench.pi05_windowed_cpu_replay.v1,row_03805__narrow_gate__direct_dispatch__full_chunk_h10,row_03805__narrow_gate__direct_dispatch,16,3805,narrow_gate,full_chunk_h10,10,10,ed3ed2f05c450ceca326c550433117debafac7329c3cf9d83392e865de84d20b,091b2783ea65091b38cc9287d80dd29b0944a0b9ec326d95fda267eec534df0f,20.0,142.3951360047795,173.39513600472856,24.269800000070063,30.99999999994907,2.59470000003148,20.712699999990036,0.0,0.866199999904893,hold,supervision_budget_exceeded,hold,supervision_budget,True,10,0,False,False,True,False,True,True,True,10,0,0,0,10,1,0,10,3,False,False,True,False,10152,9761,391,0.9614854215918046,8,10,1
armbench.pi05_windowed_cpu_replay.v1,row_03853__free_space__direct_dispatch__full_chunk_h10,row_03853__free_space__direct_dispatch,17,3853,free_space,full_chunk_h10,10,10,fe36ac0713605fcc57897c367ab31e5b11dbf505ac76505ab7d16f946de13db9,f7709bd9d6a771cb40508d80a0dd423dd43ec32e003ed984a734551e880e8d3e,20.0,113.17077699641231,129.1707769964887,11.904599999979837,0.0,3.256099999930484,7.080700000074103,0.0,1.2871000000131971,hold,continuous_edge_rejected:collision:self:link5:geom_32:link7:geom_59,hold,continuous_collision,True,10,0,False,False,True,False,True,True,True,10,0,0,0,10,1,0,10,0,False,False,False,False,3822,3637,184,0.9515960230245945,3,10,1
armbench.pi05_windowed_cpu_replay.v1,row_03853__single_block__direct_dispatch__full_chunk_h10,row_03853__single_block__direct_dispatch,17,3853,single_block,full_chunk_h10,10,10,fe36ac0713605fcc57897c367ab31e5b11dbf505ac76505ab7d16f946de13db9,f7709bd9d6a771cb40508d80a0dd423dd43ec32e003ed984a734551e880e8d3e,20.0,113.29717699845787,144.29717699840694,15.264800000068135,15.99999999996271,2.2759999999379943,11.658599999918806,0.0,1.191999999946347,hold,continuous_edge_rejected:collision:self:link5:geom_33:link7:geom_60,hold,continuous_collision,True,10,0,False,False,True,False,True,True,True,10,0,0,0,10,1,0,10,0,False,False,False,False,4420,4228,191,0.9565610859728507,3,10,1
armbench.pi05_windowed_cpu_replay.v1,row_03853__narrow_gate__direct_dispatch__full_chunk_h10,row_03853__narrow_gate__direct_dispatch,17,3853,narrow_gate,full_chunk_h10,10,10,fe36ac0713605fcc57897c367ab31e5b11dbf505ac76505ab7d16f946de13db9,f7709bd9d6a771cb40508d80a0dd423dd43ec32e003ed984a734551e880e8d3e,20.0,114.32727699866518,145.32727699861425,21.246000000019194,15.99999999996271,8.851499999991574,11.79700000000139,0.0,0.38189999997939594,hold,continuous_edge_rejected:collision:self:link5:geom_35:link7:geom_62,hold,continuous_collision,True,10,0,False,False,True,False,True,True,True,10,0,0,0,10,1,0,10,0,False,False,True,False,5616,5423,192,0.9656339031339032,3,10,1
armbench.pi05_windowed_cpu_replay.v1,row_04953__free_space__direct_dispatch__full_chunk_h10,row_04953__free_space__direct_dispatch,18,4953,free_space,full_chunk_h10,10,10,1d0a2989e76d920a59ac3a743781f15f16a583e4ded7a55d9122c2e8345072f1,af7c0afa97d566d0b6103c1987699272206fed545e580febec05c23d4443ae45,20.0,92.21125000476604,124.21125000480515,20.727299999975912,16.000000000076398,6.395999999995183,13.759499999991931,0.0,0.3194999999323045,hold,supervision_budget_exceeded,hold,supervision_budget,True,10,0,False,False,True,False,True,True,True,10,0,0,0,10,0,0,10,0,True,False,True,False,7791,7387,404,0.9481452958541907,7,10,1
armbench.pi05_windowed_cpu_replay.v1,row_04953__single_block__direct_dispatch__full_chunk_h10,row_04953__single_block__direct_dispatch,18,4953,single_block,full_chunk_h10,10,10,1d0a2989e76d920a59ac3a743781f15f16a583e4ded7a55d9122c2e8345072f1,af7c0afa97d566d0b6103c1987699272206fed545e580febec05c23d4443ae45,20.0,92.31015000113985,123.31015000108891,23.133400000006077,15.99999999996271,5.73989999998048,16.38059999993402,0.0,0.740699999937533,hold,supervision_budget_exceeded,hold,supervision_budget,True,10,0,False,False,True,False,True,True,True,10,0,0,0,10,0,0,10,0,True,False,True,False,3570,3436,134,0.9624649859943978,3,10,1
armbench.pi05_windowed_cpu_replay.v1,row_04953__narrow_gate__direct_dispatch__full_chunk_h10,row_04953__narrow_gate__direct_dispatch,18,4953,narrow_gate,full_chunk_h10,10,10,1d0a2989e76d920a59ac3a743781f15f16a583e4ded7a55d9122c2e8345072f1,af7c0afa97d566d0b6103c1987699272206fed545e580febec05c23d4443ae45,20.0,92.36935000080848,124.36935000084759,22.80689999997776,32.00000000003911,7.2637000000668195,14.300199999979668,0.0,1.0243999998920117,hold,supervision_budget_exceeded,hold,supervision_budget,True,10,0,False,False,True,False,True,True,True,10,0,0,0,10,0,0,10,0,True,False,True,False,4536,4409,127,0.9720017636684304,3,10,1
armbench.pi05_windowed_cpu_replay.v1,row_04773__free_space__direct_dispatch__full_chunk_h10,row_04773__free_space__direct_dispatch,19,4773,free_space,full_chunk_h10,10,10,0012494746ac6d95bef31165b95dad73d2233ce508b720c3e77a99bb8cb95b24,c523c8dc9161531afa6950372597ab78cbf73daa99043843e1df48ebd20b87dd,20.0,82.32979899912607,113.32979899918882,25.282500000002983,14.999999999986358,4.017799999928684,20.31890000000658,0.0,0.7828999999901498,hold,supervision_budget_exceeded,hold,supervision_budget,True,10,0,False,False,True,False,True,True,True,10,0,0,0,10,0,0,10,0,True,False,True,False,5733,5501,232,0.9595325309611024,7,10,1
armbench.pi05_windowed_cpu_replay.v1,row_04773__single_block__direct_dispatch__full_chunk_h10,row_04773__single_block__direct_dispatch,19,4773,single_block,full_chunk_h10,10,10,0012494746ac6d95bef31165b95dad73d2233ce508b720c3e77a99bb8cb95b24,c523c8dc9161531afa6950372597ab78cbf73daa99043843e1df48ebd20b87dd,20.0,82.25449900055537,113.25449900050444,24.825400000054287,15.99999999996271,3.5631000000648783,16.68009999991682,0.0,4.401600000051076,hold,supervision_budget_exceeded,hold,supervision_budget,True,10,0,False,False,True,False,True,True,True,10,0,0,0,10,0,0,10,0,True,False,True,False,5270,5052,218,0.9586337760910816,6,10,1
armbench.pi05_windowed_cpu_replay.v1,row_04773__narrow_gate__direct_dispatch__full_chunk_h10,row_04773__narrow_gate__direct_dispatch,19,4773,narrow_gate,full_chunk_h10,10,10,0012494746ac6d95bef31165b95dad73d2233ce508b720c3e77a99bb8cb95b24,c523c8dc9161531afa6950372597ab78cbf73daa99043843e1df48ebd20b87dd,20.0,82.55759899475379,113.55759899470286,30.454699999950208,30.99999999994907,6.141500000012456,20.73310000002948,0.0,3.348599999981161,hold,supervision_budget_exceeded,hold,supervision_budget,True,10,0,False,False,True,False,True,True,True,10,0,0,0,10,0,0,10,0,True,False,True,False,4968,4815,153,0.9692028985507246,5,10,1
armbench.pi05_windowed_cpu_replay.v1,row_04462__free_space__direct_dispatch__full_chunk_h10,row_04462__free_space__direct_dispatch,20,4462,free_space,full_chunk_h10,10,10,70b9224f98dd7ca753ca304e5409a01563f652e68827468e70fea86b3cbcc658,4abfdd49b70a0970fc43182fee4ecd8db8b3a1103b6106940ef4768751d612f5,20.0,111.02229199605063,158.0222919960761,22.53530000007231,31.000000000062755,5.587999999988824,15.645000000063192,0.0,0.9982000000263724,hold,supervision_budget_exceeded,hold,supervision_budget,True,10,0,False,False,True,False,True,True,True,10,0,0,0,10,0,0,10,0,True,False,True,False,5439,5187,252,0.9536679536679536,5,10,1
armbench.pi05_windowed_cpu_replay.v1,row_04462__single_block__direct_dispatch__full_chunk_h10,row_04462__single_block__direct_dispatch,20,4462,single_block,full_chunk_h10,10,10,70b9224f98dd7ca753ca304e5409a01563f652e68827468e70fea86b3cbcc658,4abfdd49b70a0970fc43182fee4ecd8db8b3a1103b6106940ef4768751d612f5,20.0,111.17109200131381,158.1710920012256,27.84740000004149,31.99999999992542,5.46750000000884,20.33080000001064,0.0,1.8948999999111038,hold,supervision_budget_exceeded,hold,supervision_budget,True,10,0,False,False,True,False,True,True,True,10,0,0,0,10,4,0,10,6,False,False,True,False,3570,3402,168,0.9529411764705882,3,10,1
armbench.pi05_windowed_cpu_replay.v1,row_04462__narrow_gate__direct_dispatch__full_chunk_h10,row_04462__narrow_gate__direct_dispatch,20,4462,narrow_gate,full_chunk_h10,10,10,70b9224f98dd7ca753ca304e5409a01563f652e68827468e70fea86b3cbcc658,4abfdd49b70a0970fc43182fee4ecd8db8b3a1103b6106940ef4768751d612f5,20.0,111.15519199665869,143.1551919965841,24.01309999993373,31.99999999992542,7.134800000017094,15.550399999938236,0.0,1.0877999999365784,hold,supervision_budget_exceeded,hold,supervision_budget,True,10,0,False,False,True,False,True,True,True,10,0,0,0,10,4,0,10,6,False,False,True,False,6264,6005,259,0.9586526181353767,4,10,1
armbench.pi05_windowed_cpu_replay.v1,row_05082__free_space__direct_dispatch__full_chunk_h10,row_05082__free_space__direct_dispatch,21,5082,free_space,full_chunk_h10,10,10,577d2da6f2f31ec5d381f089ea57502db82b6bcd60b682984a7bf79c80ba6092,01dade6ca27dafa314483483e6e8cc87c661081fba638c5b15cddc8479ab1bc9,20.0,110.6104869977571,126.61048699771982,23.948600000039733,15.99999999996271,4.44079999999758,18.649800000048344,0.0,0.7534000000077867,hold,supervision_budget_exceeded,hold,supervision_budget,True,10,0,False,False,True,False,True,True,True,10,0,0,0,10,0,0,10,0,True,False,True,False,11319,10761,558,0.9507023588656242,6,10,1
armbench.pi05_windowed_cpu_replay.v1,row_05082__single_block__direct_dispatch__full_chunk_h10,row_05082__single_block__direct_dispatch,21,5082,single_block,full_chunk_h10,10,10,577d2da6f2f31ec5d381f089ea57502db82b6bcd60b682984a7bf79c80ba6092,01dade6ca27dafa314483483e6e8cc87c661081fba638c5b15cddc8479ab1bc9,20.0,110.89368699322222,126.89368699318493,22.48459999998431,15.99999999996271,10.842599999932645,9.342100000026221,0.0,1.8270000000484288,hold,continuous_edge_rejected:collision:static:center_block:link6,hold,continuous_collision,True,10,0,False,False,True,False,True,True,True,10,0,0,0,10,7,0,10,7,False,False,True,False,5100,4826,267,0.9462745098039216,4,10,1
armbench.pi05_windowed_cpu_replay.v1,row_05082__narrow_gate__direct_dispatch__full_chunk_h10,row_05082__narrow_gate__direct_dispatch,21,5082,narrow_gate,full_chunk_h10,10,10,577d2da6f2f31ec5d381f089ea57502db82b6bcd60b682984a7bf79c80ba6092,01dade6ca27dafa314483483e6e8cc87c661081fba638c5b15cddc8479ab1bc9,20.0,111.32948700105771,126.32948700115776,20.85469999997258,15.000000000100044,2.715899999998328,17.048599999952785,0.0,1.0169999999334323,hold,continuous_edge_rejected:collision:static:gate_center:link7,hold,continuous_collision,True,10,0,False,False,True,False,True,True,True,10,0,0,0,10,5,0,10,7,False,False,True,False,14688,13974,706,0.9513888888888888,6,10,1
armbench.pi05_windowed_cpu_replay.v1,row_05128__free_space__direct_dispatch__full_chunk_h10,row_05128__free_space__direct_dispatch,22,5128,free_space,full_chunk_h10,10,10,0e92838da6d4cdb706e0b8d31366212826fa86c5ce6ccd320378f7981599112c,1d370b9f51508df4beed68f031701f37a5f21f8c4c255ff7d807681da0595010,20.0,81.91675999842118,112.91675999837025,22.47880000004443,30.99999999994907,6.72549999990224,14.70870000002833,0.0,0.796400000012909,hold,supervision_budget_exceeded,hold,supervision_budget,True,10,0,False,False,True,False,True,True,True,10,0,0,0,10,0,0,10,0,True,False,True,False,8967,8572,395,0.9559495929519348,8,10,1
armbench.pi05_windowed_cpu_replay.v1,row_05128__single_block__direct_dispatch__full_chunk_h10,row_05128__single_block__direct_dispatch,22,5128,single_block,full_chunk_h10,10,10,0e92838da6d4cdb706e0b8d31366212826fa86c5ce6ccd320378f7981599112c,1d370b9f51508df4beed68f031701f37a5f21f8c4c255ff7d807681da0595010,20.0,82.06626000173856,113.06626000180131,22.78000000001157,31.000000000062755,4.2626000000609565,16.28789999995206,0.0,1.9178000000010798,hold,supervision_budget_exceeded,hold,supervision_budget,True,10,0,False,False,True,False,True,True,True,10,0,0,0,10,3,0,10,5,False,False,True,False,9690,9185,505,0.9478844169246646,7,10,1
armbench.pi05_windowed_cpu_replay.v1,row_05128__narrow_gate__direct_dispatch__full_chunk_h10,row_05128__narrow_gate__direct_dispatch,22,5128,narrow_gate,full_chunk_h10,10,10,0e92838da6d4cdb706e0b8d31366212826fa86c5ce6ccd320378f7981599112c,1d370b9f51508df4beed68f031701f37a5f21f8c4c255ff7d807681da0595010,20.0,81.9978599975002,97.99785999746291,22.614800000042123,15.99999999996271,6.414100000029066,14.850099999989652,0.0,1.1573000000453249,hold,supervision_budget_exceeded,hold,supervision_budget,True,10,0,False,False,True,False,True,True,True,10,0,0,0,10,1,0,10,3,False,False,True,False,6264,6025,239,0.961845466155811,4,10,1
armbench.pi05_windowed_cpu_replay.v1,row_05011__free_space__direct_dispatch__full_chunk_h10,row_05011__free_space__direct_dispatch,23,5011,free_space,full_chunk_h10,10,10,24f71f3f30cc2312cc0339c738754d5367bbccc0f419fe35bd17438d01f7e5b0,5ccd6d1a2328ecc0a38473974ed081f411090ae36654167fb6a57fadcc5d3931,20.0,125.8769419946475,156.87694199471025,22.39329999997608,15.99999999996271,6.616000000008171,14.73580000003949,0.0,0.7709000000204469,hold,supervision_budget_exceeded,hold,supervision_budget,True,10,0,False,False,True,False,True,True,True,10,0,0,0,10,0,0,10,1,False,False,True,False,8673,8244,429,0.9505361466620547,5,10,1
armbench.pi05_windowed_cpu_replay.v1,row_05011__single_block__direct_dispatch__full_chunk_h10,row_05011__single_block__direct_dispatch,23,5011,single_block,full_chunk_h10,10,10,24f71f3f30cc2312cc0339c738754d5367bbccc0f419fe35bd17438d01f7e5b0,5ccd6d1a2328ecc0a38473974ed081f411090ae36654167fb6a57fadcc5d3931,20.0,125.52454199612839,156.52454199607746,22.441500000013548,15.99999999996271,7.136999999943328,14.413300000001072,0.0,0.6768000000647589,hold,supervision_budget_exceeded,hold,supervision_budget,True,10,0,False,False,True,False,True,True,True,10,0,0,0,10,0,0,10,1,False,False,True,False,7310,6934,376,0.948563611491108,4,10,1
armbench.pi05_windowed_cpu_replay.v1,row_05011__narrow_gate__direct_dispatch__full_chunk_h10,row_05011__narrow_gate__direct_dispatch,23,5011,narrow_gate,full_chunk_h10,10,10,24f71f3f30cc2312cc0339c738754d5367bbccc0f419fe35bd17438d01f7e5b0,5ccd6d1a2328ecc0a38473974ed081f411090ae36654167fb6a57fadcc5d3931,20.0,125.34244199923705,157.34244199927616,23.79049999990457,32.00000000003911,9.829599999989114,12.98399999996036,0.0,0.6908999999950538,hold,supervision_budget_exceeded,hold,supervision_budget,True,10,0,False,False,True,False,True,True,True,10,0,0,0,10,0,0,10,1,False,False,True,False,6264,6056,208,0.966794380587484,3,10,1
armbench.pi05_windowed_cpu_replay.v1,row_06407__free_space__direct_dispatch__full_chunk_h10,row_06407__free_space__direct_dispatch,24,6407,free_space,full_chunk_h10,10,10,7b5e04770f18653120842172231465c3df16a76a94e8a11104babba987988de8,163c4b568398a13e54290749468fb7e5ed31079b00f2ea8a45847de2f701b494,20.0,79.93548199738143,110.9354819973305,22.728599999936705,15.99999999996271,3.4378999999944426,18.347299999959432,0.0,0.8139999999912106,hold,supervision_budget_exceeded,hold,supervision_budget,True,10,0,False,False,True,False,True,True,True,10,0,0,0,10,0,0,10,0,True,False,True,False,11613,11070,543,0.9532420563161974,7,10,1
armbench.pi05_windowed_cpu_replay.v1,row_06407__single_block__direct_dispatch__full_chunk_h10,row_06407__single_block__direct_dispatch,24,6407,single_block,full_chunk_h10,10,10,7b5e04770f18653120842172231465c3df16a76a94e8a11104babba987988de8,163c4b568398a13e54290749468fb7e5ed31079b00f2ea8a45847de2f701b494,20.0,79.68128198990598,111.6812819898314,24.437299999931383,31.99999999992542,6.807900000012523,15.529499999956897,0.0,1.8453000000135944,hold,supervision_budget_exceeded,hold,supervision_budget,True,10,0,False,False,True,False,True,True,True,10,0,0,0,10,5,0,10,7,False,False,True,False,8330,7880,450,0.9459783913565426,5,10,1
armbench.pi05_windowed_cpu_replay.v1,row_06407__narrow_gate__direct_dispatch__full_chunk_h10,row_06407__narrow_gate__direct_dispatch,24,6407,narrow_gate,full_chunk_h10,10,10,7b5e04770f18653120842172231465c3df16a76a94e8a11104babba987988de8,163c4b568398a13e54290749468fb7e5ed31079b00f2ea8a45847de2f701b494,20.0,79.81598198966822,126.81598198958,27.29659999999967,30.99999999994907,9.217900000066948,17.140699999913522,0.0,0.6638000000975808,hold,supervision_budget_exceeded,hold,supervision_budget,True,10,0,False,False,True,False,True,True,True,10,0,0,0,10,3,0,10,5,False,False,True,False,10152,9690,462,0.9544917257683215,5,10,1
armbench.pi05_windowed_cpu_replay.v1,row_06364__free_space__direct_dispatch__full_chunk_h10,row_06364__free_space__direct_dispatch,25,6364,free_space,full_chunk_h10,10,10,099bef15a0770071b640eb04fb9e343f82702d9e681553817b0e1967bc447ca8,ad141d2432b6f05d03249225fd1c40933676be458ff6debfc024bc3605ae5e44,20.0,82.34263800113695,114.34263800106237,22.469699999987824,31.99999999992542,5.489900000043235,15.987999999993008,0.0,0.820899999894209,hold,supervision_budget_exceeded,hold,supervision_budget,True,10,0,False,False,True,False,True,True,True,10,0,0,0,10,0,0,10,0,True,False,True,False,6027,5791,236,0.9608428737348598,8,10,1
armbench.pi05_windowed_cpu_replay.v1,row_06364__single_block__direct_dispatch__full_chunk_h10,row_06364__single_block__direct_dispatch,25,6364,single_block,full_chunk_h10,10,10,099bef15a0770071b640eb04fb9e343f82702d9e681553817b0e1967bc447ca8,ad141d2432b6f05d03249225fd1c40933676be458ff6debfc024bc3605ae5e44,20.0,82.07083799061365,98.07083799057636,18.179899999950067,15.99999999996271,2.853700000059689,14.598699999964992,0.0,0.6018999999923835,hold,continuous_edge_rejected:collision:static:center_block:hand,hold,continuous_collision,True,10,0,False,False,True,False,True,True,True,10,0,0,0,10,1,0,10,3,False,False,False,False,9180,8802,373,0.9588235294117647,10,10,1
armbench.pi05_windowed_cpu_replay.v1,row_06364__narrow_gate__direct_dispatch__full_chunk_h10,row_06364__narrow_gate__direct_dispatch,25,6364,narrow_gate,full_chunk_h10,10,10,099bef15a0770071b640eb04fb9e343f82702d9e681553817b0e1967bc447ca8,ad141d2432b6f05d03249225fd1c40933676be458ff6debfc024bc3605ae5e44,20.0,82.32073799445061,114.32073799437603,22.299599999996644,15.99999999996271,5.0525999999990745,15.720399999963774,0.0,1.3840000000300279,hold,supervision_budget_exceeded,hold,supervision_budget,True,10,0,False,False,True,False,True,True,True,10,0,0,0,10,0,0,10,0,True,False,True,False,8856,8547,309,0.9651084010840109,8,10,1
armbench.pi05_windowed_cpu_replay.v1,row_06056__free_space__direct_dispatch__full_chunk_h10,row_06056__free_space__direct_dispatch,26,6056,free_space,full_chunk_h10,10,10,d0b5162cd61b5df39a5caf842d2257e7f6d300cbbf1f21fa30dcf183810e85e2,c9a378e3af3f286959ccc6ce0aab8e5df4db1d375fa82cf308f21e70bfb38b4e,20.0,119.53662599989912,150.53662599996187,22.340099999951235,15.99999999996271,4.886800000008407,16.570999999999003,0.0,0.7041999999728432,hold,supervision_budget_exceeded,hold,supervision_budget,True,10,0,False,False,True,False,True,True,True,10,0,0,0,10,0,0,10,0,True,False,True,False,9555,9161,394,0.9587650444793302,9,10,1
armbench.pi05_windowed_cpu_replay.v1,row_06056__single_block__direct_dispatch__full_chunk_h10,row_06056__single_block__direct_dispatch,26,6056,single_block,full_chunk_h10,10,10,d0b5162cd61b5df39a5caf842d2257e7f6d300cbbf1f21fa30dcf183810e85e2,c9a378e3af3f286959ccc6ce0aab8e5df4db1d375fa82cf308f21e70bfb38b4e,20.0,119.18442600290291,150.18442600296567,25.959299999954055,31.000000000062755,8.717300000057548,15.14159999999265,0.0,1.8845999999257401,hold,supervision_budget_exceeded,hold,supervision_budget,True,10,0,False,False,True,False,True,True,True,10,0,0,0,10,0,0,10,0,True,False,True,False,2890,2784,106,0.9633217993079585,3,10,1
armbench.pi05_windowed_cpu_replay.v1,row_06056__narrow_gate__direct_dispatch__full_chunk_h10,row_06056__narrow_gate__direct_dispatch,26,6056,narrow_gate,full_chunk_h10,10,10,d0b5162cd61b5df39a5caf842d2257e7f6d300cbbf1f21fa30dcf183810e85e2,c9a378e3af3f286959ccc6ce0aab8e5df4db1d375fa82cf308f21e70bfb38b4e,20.0,119.34112600283697,150.34112600278604,20.995300000095085,30.99999999994907,6.412000000068474,13.503700000001118,0.0,0.9580999999343476,hold,supervision_budget_exceeded,hold,supervision_budget,True,10,0,False,False,True,False,True,True,True,10,0,0,0,10,0,0,10,0,True,False,True,False,10584,10233,351,0.9668367346938775,7,10,1
armbench.pi05_windowed_cpu_replay.v1,row_07683__free_space__direct_dispatch__full_chunk_h10,row_07683__free_space__direct_dispatch,27,7683,free_space,full_chunk_h10,10,10,a00422d34079c464db8df8c5409bf2828aea05bbf77b08b587c170edb57e57c7,61b0433210982b6803e6e79c30ad66cf82384038c635fbc9cec97f43c2d5f63a,20.0,80.2862310083583,127.28623100838377,31.824000000028718,32.00000000003911,3.9896000000680942,25.97790000004352,0.0,1.6708999999082152,hold,supervision_budget_exceeded,hold,supervision_budget,True,10,0,False,False,True,False,True,True,True,10,0,0,0,10,0,0,10,0,True,False,True,False,7791,7418,373,0.9521242459247851,5,10,1
armbench.pi05_windowed_cpu_replay.v1,row_07683__single_block__direct_dispatch__full_chunk_h10,row_07683__single_block__direct_dispatch,27,7683,single_block,full_chunk_h10,10,10,a00422d34079c464db8df8c5409bf2828aea05bbf77b08b587c170edb57e57c7,61b0433210982b6803e6e79c30ad66cf82384038c635fbc9cec97f43c2d5f63a,20.0,80.42503100296017,127.42503100298563,26.320700000042052,31.000000000062755,4.609200000004421,20.78099999994265,0.0,0.7175999999162741,hold,supervision_budget_exceeded,hold,supervision_budget,True,10,0,False,False,True,False,True,True,True,10,0,0,0,10,0,0,10,0,True,False,True,False,6290,6023,267,0.9575516693163753,4,10,1
armbench.pi05_windowed_cpu_replay.v1,row_07683__narrow_gate__direct_dispatch__full_chunk_h10,row_07683__narrow_gate__direct_dispatch,27,7683,narrow_gate,full_chunk_h10,10,10,a00422d34079c464db8df8c5409bf2828aea05bbf77b08b587c170edb57e57c7,61b0433210982b6803e6e79c30ad66cf82384038c635fbc9cec97f43c2d5f63a,20.0,80.37813100963831,95.37813100973835,26.06079999998201,15.000000000100044,1.54090000000906,22.7537000000666,0.0,1.6445999999632477,hold,supervision_budget_exceeded,hold,supervision_budget,True,10,0,False,False,True,False,True,True,True,10,0,0,0,10,0,0,10,0,True,False,True,False,11448,11065,383,0.9665443745632425,5,10,1
armbench.pi05_windowed_cpu_replay.v1,row_07373__free_space__direct_dispatch__full_chunk_h10,row_07373__free_space__direct_dispatch,28,7373,free_space,full_chunk_h10,10,10,e342e284a6b9329bf43b6560e5358b71495f40177533837036afecf930c2b4c0,3dbd650490cea64352a1dbaccb6f541b5a9d1998528a622fd0fd896330c63f5e,20.0,95.29193700291216,111.29193700298856,22.523099999943952,16.000000000076398,2.305500000034044,18.962399999963964,0.0,1.0187999999970998,hold,supervision_budget_exceeded,hold,supervision_budget,True,10,0,False,False,True,False,True,True,True,10,0,0,0,10,0,0,10,0,True,False,True,False,7203,6898,305,0.9576565320005553,9,10,1
armbench.pi05_windowed_cpu_replay.v1,row_07373__single_block__direct_dispatch__full_chunk_h10,row_07373__single_block__direct_dispatch,28,7373,single_block,full_chunk_h10,10,10,e342e284a6b9329bf43b6560e5358b71495f40177533837036afecf930c2b4c0,3dbd650490cea64352a1dbaccb6f541b5a9d1998528a622fd0fd896330c63f5e,20.0,94.81193700048607,126.81193700052518,22.156999999992877,16.000000000076398,3.719399999909001,17.491599999971186,0.0,0.8149000000230444,hold,supervision_budget_exceeded,hold,supervision_budget,True,10,0,False,False,True,False,True,True,True,10,0,0,0,10,0,0,10,1,False,False,True,False,6290,5996,294,0.9532591414944356,7,10,1
armbench.pi05_windowed_cpu_replay.v1,row_07373__narrow_gate__direct_dispatch__full_chunk_h10,row_07373__narrow_gate__direct_dispatch,28,7373,narrow_gate,full_chunk_h10,10,10,e342e284a6b9329bf43b6560e5358b71495f40177533837036afecf930c2b4c0,3dbd650490cea64352a1dbaccb6f541b5a9d1998528a622fd0fd896330c63f5e,20.0,94.97553700202843,125.9755370019775,23.099699999988843,30.99999999994907,5.789899999967929,12.717299999962961,3.670400000032714,0.793100000009872,hold,supervision_budget_exceeded,hold,supervision_budget,True,10,0,False,False,True,False,True,True,True,10,0,0,0,10,0,0,10,0,True,False,True,False,12744,12333,411,0.9677495291902072,12,10,2
armbench.pi05_windowed_cpu_replay.v1,row_07772__free_space__direct_dispatch__full_chunk_h10,row_07772__free_space__direct_dispatch,29,7772,free_space,full_chunk_h10,10,10,c3533edfda4b0016620bef05041c1b2e100c114929dc01b6c006379c8f39062d,f9efe20bb0146929d0da2aab6cb2d34cae1c034a2e8891af5c57bfffe379dbff,20.0,109.84383399772923,156.843833997641,29.72140000008494,31.99999999992542,10.311399999977766,18.709199999989323,0.0,0.3455000000940345,hold,supervision_budget_exceeded,hold,supervision_budget,True,10,0,False,False,True,False,True,True,True,10,0,0,0,10,0,0,10,0,True,False,True,False,5145,4920,225,0.956268221574344,4,10,1
armbench.pi05_windowed_cpu_replay.v1,row_07772__single_block__direct_dispatch__full_chunk_h10,row_07772__single_block__direct_dispatch,29,7772,single_block,full_chunk_h10,10,10,c3533edfda4b0016620bef05041c1b2e100c114929dc01b6c006379c8f39062d,f9efe20bb0146929d0da2aab6cb2d34cae1c034a2e8891af5c57bfffe379dbff,20.0,109.91603399452288,141.9160339944483,25.57640000009087,31.99999999992542,7.98259999999118,15.368400000056681,0.0,2.0104000000173983,hold,supervision_budget_exceeded,hold,supervision_budget,True,10,0,False,False,True,False,True,True,True,10,0,0,0,10,0,0,10,0,True,False,True,False,3230,3088,142,0.9560371517027864,3,10,1
armbench.pi05_windowed_cpu_replay.v1,row_07772__narrow_gate__direct_dispatch__full_chunk_h10,row_07772__narrow_gate__direct_dispatch,29,7772,narrow_gate,full_chunk_h10,10,10,c3533edfda4b0016620bef05041c1b2e100c114929dc01b6c006379c8f39062d,f9efe20bb0146929d0da2aab6cb2d34cae1c034a2e8891af5c57bfffe379dbff,20.0,109.8769340023864,140.87693400233547,22.796200000016142,15.99999999996271,4.416799999944487,17.115799999942283,0.0,0.970699999925273,hold,supervision_budget_exceeded,hold,supervision_budget,True,10,0,False,False,True,False,True,True,True,10,0,0,0,10,4,0,10,5,False,False,True,False,14472,13891,581,0.9598535102266446,6,10,1
armbench.pi05_windowed_cpu_replay.v1,row_00763__free_space__direct_dispatch__certified_window_h1,row_00763__free_space__direct_dispatch,0,763,free_space,certified_window_h1,10,1,2ba514276e139d381b7b19bf859e964ad7e1b157ca9f234909fb87328f08ec28,b56fd1812b3fb3885c3ac175b614bb6edab1f9d4c62563c2f5feacb164001b0e,20.0,103.75407699757488,119.7540769975376,3.9602000000513726,15.99999999996271,1.1470000000599612,1.0405000000446307,1.4583999999331354,0.0,execute,qp_continuous_collision_and_braking_invariant_passed,accepted,,True,1,1,True,False,True,True,True,True,True,1,0,0,0,1,0,0,1,0,True,False,False,False,1029,992,37,0.9640427599611273,2,1,1
armbench.pi05_windowed_cpu_replay.v1,row_00763__single_block__direct_dispatch__certified_window_h1,row_00763__single_block__direct_dispatch,0,763,single_block,certified_window_h1,10,1,2ba514276e139d381b7b19bf859e964ad7e1b157ca9f234909fb87328f08ec28,b56fd1812b3fb3885c3ac175b614bb6edab1f9d4c62563c2f5feacb164001b0e,20.0,102.52607700385852,102.52607700385852,4.840000000058353,0.0,0.6674999999631837,2.936699999963821,1.1193000000275788,0.0,execute,qp_continuous_collision_and_braking_invariant_passed,accepted,,True,1,1,True,False,True,True,True,True,True,1,0,0,0,1,0,0,1,0,True,False,False,False,1190,1151,39,0.9672268907563025,2,1,1
armbench.pi05_windowed_cpu_replay.v1,row_00763__narrow_gate__direct_dispatch__certified_window_h1,row_00763__narrow_gate__direct_dispatch,0,763,narrow_gate,certified_window_h1,10,1,2ba514276e139d381b7b19bf859e964ad7e1b157ca9f234909fb87328f08ec28,b56fd1812b3fb3885c3ac175b614bb6edab1f9d4c62563c2f5feacb164001b0e,20.0,103.48747699754313,103.48747699754313,7.087899999987712,0.0,0.6817999999384483,2.5614999999561405,3.727899999944384,0.0,execute,qp_continuous_collision_and_braking_invariant_passed,accepted,,True,1,1,True,False,True,True,True,True,True,1,0,0,0,1,0,0,1,0,True,False,False,False,1512,1475,37,0.9755291005291006,2,1,1
armbench.pi05_windowed_cpu_replay.v1,row_00458__free_space__direct_dispatch__certified_window_h1,row_00458__free_space__direct_dispatch,1,458,free_space,certified_window_h1,10,1,539d85427650fb89affee25f827ab92f2803af4f4686cdda7625ebbcfc4e125f,705a038ef6ff4b2658b46e5472bc8df1e9ca7f96b422012a15a6784136d45969,20.0,82.58776900765952,98.58776900762223,11.154300000043804,0.0,1.5754999999444408,4.057199999920158,5.2872999999635795,0.0,execute,qp_continuous_collision_and_braking_invariant_passed,accepted,,True,1,1,True,False,True,True,True,True,True,1,0,0,0,1,0,0,1,0,True,False,False,False,1029,992,37,0.9640427599611273,2,1,1
armbench.pi05_windowed_cpu_replay.v1,row_00458__single_block__direct_dispatch__certified_window_h1,row_00458__single_block__direct_dispatch,1,458,single_block,certified_window_h1,10,1,539d85427650fb89affee25f827ab92f2803af4f4686cdda7625ebbcfc4e125f,705a038ef6ff4b2658b46e5472bc8df1e9ca7f96b422012a15a6784136d45969,20.0,82.50796900392743,82.50796900392743,5.494200000043747,0.0,0.7537999999840395,1.9341000000849817,2.691799999979594,0.0,execute,qp_continuous_collision_and_braking_invariant_passed,accepted,,True,1,1,True,False,True,True,True,True,True,1,0,0,0,1,0,0,1,0,True,False,False,False,1190,1147,43,0.9638655462184874,2,1,1
armbench.pi05_windowed_cpu_replay.v1,row_00458__narrow_gate__direct_dispatch__certified_window_h1,row_00458__narrow_gate__direct_dispatch,1,458,narrow_gate,certified_window_h1,10,1,539d85427650fb89affee25f827ab92f2803af4f4686cdda7625ebbcfc4e125f,705a038ef6ff4b2658b46e5472bc8df1e9ca7f96b422012a15a6784136d45969,20.0,83.1604690029053,83.1604690029053,5.31069999999545,0.0,0.36059999990811775,0.6742000000485859,4.221600000050785,0.0,execute,qp_continuous_collision_and_braking_invariant_passed,accepted,,True,1,1,True,False,True,True,True,True,True,1,0,0,0,1,0,0,1,0,True,False,False,False,1512,1474,38,0.9748677248677249,2,1,1
armbench.pi05_windowed_cpu_replay.v1,row_00222__free_space__direct_dispatch__certified_window_h1,row_00222__free_space__direct_dispatch,2,222,free_space,certified_window_h1,10,1,7ed64e746df909ff0c71898c554048b30bb88de50d94a6f43787c50679b174e2,b69a7d362fb7e47b2a50382eadf348a29e8f0b78e7b1256782b263799aa9e2dd,20.0,171.54230199957965,171.54230199957965,7.133199999998396,0.0,0.6825000000389991,3.7531000000399217,2.5818000000299435,0.0,execute,qp_continuous_collision_and_braking_invariant_passed,accepted,,True,1,1,True,False,True,True,True,True,True,1,0,0,0,1,0,0,1,0,True,False,False,False,1029,992,37,0.9640427599611273,2,1,1
armbench.pi05_windowed_cpu_replay.v1,row_00222__single_block__direct_dispatch__certified_window_h1,row_00222__single_block__direct_dispatch,2,222,single_block,certified_window_h1,10,1,7ed64e746df909ff0c71898c554048b30bb88de50d94a6f43787c50679b174e2,b69a7d362fb7e47b2a50382eadf348a29e8f0b78e7b1256782b263799aa9e2dd,20.0,171.895202001906,171.895202001906,5.4803000000447355,0.0,0.6342000000358894,1.918999999929838,2.8164999999944484,0.0,execute,qp_continuous_collision_and_braking_invariant_passed,accepted,,True,1,1,True,False,True,True,True,True,True,1,0,0,0,1,0,0,1,0,True,False,False,False,1190,1145,45,0.9621848739495799,2,1,1
armbench.pi05_windowed_cpu_replay.v1,row_00222__narrow_gate__direct_dispatch__certified_window_h1,row_00222__narrow_gate__direct_dispatch,2,222,narrow_gate,certified_window_h1,10,1,7ed64e746df909ff0c71898c554048b30bb88de50d94a6f43787c50679b174e2,b69a7d362fb7e47b2a50382eadf348a29e8f0b78e7b1256782b263799aa9e2dd,20.0,171.71460199460853,171.71460199460853,6.435300000021016,0.0,0.5107000000634798,1.3210999999273554,4.512599999998201,0.0,execute,qp_continuous_collision_and_braking_invariant_passed,accepted,,True,1,1,True,False,True,True,True,True,True,1,0,0,0,1,0,0,1,0,True,False,False,False,1512,1474,38,0.9748677248677249,2,1,1
armbench.pi05_windowed_cpu_replay.v1,row_01467__free_space__direct_dispatch__certified_window_h1,row_01467__free_space__direct_dispatch,3,1467,free_space,certified_window_h1,10,1,0d05a20d8a90b30eac6e6dfc2e65c5d447cb062d06863c48db1367dbdc8d27af,3bc3e32134d462e96ed688fff9c17004cfdec98478434029cc7881deebbd9761,20.0,92.3235240043141,92.3235240043141,4.155999999966298,0.0,0.6994000000304368,1.1044000000310916,2.21580000004451,0.0,execute,qp_continuous_collision_and_braking_invariant_passed,accepted,,True,1,1,True,False,True,True,True,True,True,1,0,0,0,1,0,0,1,0,True,False,False,False,735,710,25,0.9659863945578231,2,1,1
armbench.pi05_windowed_cpu_replay.v1,row_01467__single_block__direct_dispatch__certified_window_h1,row_01467__single_block__direct_dispatch,3,1467,single_block,certified_window_h1,10,1,0d05a20d8a90b30eac6e6dfc2e65c5d447cb062d06863c48db1367dbdc8d27af,3bc3e32134d462e96ed688fff9c17004cfdec98478434029cc7881deebbd9761,20.0,92.74982400529552,92.74982400529552,4.9619999999777065,0.0,0.7246000000122876,1.2085999999271735,2.903700000047138,0.0,execute,qp_continuous_collision_and_braking_invariant_passed,accepted,,True,1,1,True,False,True,True,True,True,True,1,0,0,0,1,0,0,1,0,True,False,False,False,850,825,25,0.9705882352941176,2,1,1
armbench.pi05_windowed_cpu_replay.v1,row_01467__narrow_gate__direct_dispatch__certified_window_h1,row_01467__narrow_gate__direct_dispatch,3,1467,narrow_gate,certified_window_h1,10,1,0d05a20d8a90b30eac6e6dfc2e65c5d447cb062d06863c48db1367dbdc8d27af,3bc3e32134d462e96ed688fff9c17004cfdec98478434029cc7881deebbd9761,20.0,92.48282400221797,92.48282400221797,5.221899999924062,0.0,0.7223000000067259,1.3420000000223808,3.0372999999599415,0.0,execute,qp_continuous_collision_and_braking_invariant_passed,accepted,,True,1,1,True,False,True,True,True,True,True,1,0,0,0,1,0,0,1,0,True,False,False,False,1080,1055,25,0.9768518518518519,2,1,1
armbench.pi05_windowed_cpu_replay.v1,row_00954__free_space__direct_dispatch__certified_window_h1,row_00954__free_space__direct_dispatch,4,954,free_space,certified_window_h1,10,1,8c426cf29f252a7c103234ca72eff693daec4272e1eff735e0f325be6c8368bb,dde903c4a55eb39fb902e048d3567de13b4e217915f5a9271a44c7b1dbf9b5ba,20.0,84.07754999643657,115.07754999649933,34.41480000003594,31.000000000062755,3.240100000084567,11.762899999894216,16.02170000001024,3.0694000000721644,hold,supervision_budget_exceeded,hold,supervision_budget,True,1,0,False,False,True,False,True,True,True,1,0,0,0,1,0,0,1,0,True,False,True,False,1029,991,38,0.9630709426627794,3,1,2
armbench.pi05_windowed_cpu_replay.v1,row_00954__single_block__direct_dispatch__certified_window_h1,row_00954__single_block__direct_dispatch,4,954,single_block,certified_window_h1,10,1,8c426cf29f252a7c103234ca72eff693daec4272e1eff735e0f325be6c8368bb,dde903c4a55eb39fb902e048d3567de13b4e217915f5a9271a44c7b1dbf9b5ba,20.0,83.76884999597678,83.76884999597678,3.8349000000152955,0.0,0.6130000000439395,1.6179000000420274,1.4366000000336498,0.0,execute,qp_continuous_collision_and_braking_invariant_passed,accepted,,True,1,1,True,False,True,True,True,True,True,1,0,0,0,1,0,0,1,0,True,False,False,False,1190,1149,41,0.965546218487395,2,1,1
armbench.pi05_windowed_cpu_replay.v1,row_00954__narrow_gate__direct_dispatch__certified_window_h1,row_00954__narrow_gate__direct_dispatch,4,954,narrow_gate,certified_window_h1,10,1,8c426cf29f252a7c103234ca72eff693daec4272e1eff735e0f325be6c8368bb,dde903c4a55eb39fb902e048d3567de13b4e217915f5a9271a44c7b1dbf9b5ba,20.0,83.80704999581212,83.80704999581212,3.1816999999136897,0.0,0.4910000000108994,1.1663999999882435,1.372199999991608,0.0,execute,qp_continuous_collision_and_braking_invariant_passed,accepted,,True,1,1,True,False,True,True,True,True,True,1,0,0,0,1,0,0,1,0,True,False,False,False,1512,1471,41,0.9728835978835979,2,1,1
armbench.pi05_windowed_cpu_replay.v1,row_01576__free_space__direct_dispatch__certified_window_h1,row_01576__free_space__direct_dispatch,5,1576,free_space,certified_window_h1,10,1,a51612a00a37d0ea3749eb912a6f60afe1d9cd2ca5587f61e5ab60e8a19f447a,5c12398760d8e458a272cc572b4685f495ff0deb4620a6e307896caf9fc95e22,20.0,109.7861300004297,109.7861300004297,5.442799999968884,0.0,0.44139999999970314,1.8348000000969478,3.055900000049405,0.0,execute,qp_continuous_collision_and_braking_invariant_passed,accepted,,True,1,1,True,False,True,True,True,True,True,1,0,0,0,1,0,0,1,0,True,False,False,False,1029,992,37,0.9640427599611273,2,1,1
armbench.pi05_windowed_cpu_replay.v1,row_01576__single_block__direct_dispatch__certified_window_h1,row_01576__single_block__direct_dispatch,5,1576,single_block,certified_window_h1,10,1,a51612a00a37d0ea3749eb912a6f60afe1d9cd2ca5587f61e5ab60e8a19f447a,5c12398760d8e458a272cc572b4685f495ff0deb4620a6e307896caf9fc95e22,20.0,109.48412999277934,125.48412999274206,9.478399999920839,15.99999999996271,2.895899999998619,4.315799999972114,1.845199999934266,0.0,execute,qp_continuous_collision_and_braking_invariant_passed,accepted,,True,1,1,True,False,True,True,True,True,True,1,0,0,0,1,0,0,1,0,True,False,False,False,1190,1151,39,0.9672268907563025,2,1,1
armbench.pi05_windowed_cpu_replay.v1,row_01576__narrow_gate__direct_dispatch__certified_window_h1,row_01576__narrow_gate__direct_dispatch,5,1576,narrow_gate,certified_window_h1,10,1,a51612a00a37d0ea3749eb912a6f60afe1d9cd2ca5587f61e5ab60e8a19f447a,5c12398760d8e458a272cc572b4685f495ff0deb4620a6e307896caf9fc95e22,20.0,109.35532999428688,124.35532999427323,16.291800000090007,14.999999999986358,2.9763999999659063,10.21739999998772,2.9592000000775442,0.0,execute,qp_continuous_collision_and_braking_invariant_passed,accepted,,True,1,1,True,False,True,True,True,True,True,1,0,0,0,1,0,0,1,0,True,False,False,False,1512,1474,38,0.9748677248677249,2,1,1
armbench.pi05_windowed_cpu_replay.v1,row_02114__free_space__direct_dispatch__certified_window_h1,row_02114__free_space__direct_dispatch,6,2114,free_space,certified_window_h1,10,1,3c8a04cfba03e28f556b668ecfc39ba1f3c6f600ae28115bb0d484f228805822,1dcf19075fb93027cb2563753c06c7e29fc1d4183c36d3615f8b6c4c2e8c8249,20.0,84.57347300281981,131.57347300284528,28.776800000059666,32.00000000003911,4.023399999937283,12.983599999984108,10.27559999999994,0.8412000000816988,hold,supervision_budget_exceeded,hold,supervision_budget,True,1,0,False,False,True,False,True,True,True,1,0,0,0,1,0,0,1,0,True,False,True,False,1029,992,37,0.9640427599611273,3,1,2
armbench.pi05_windowed_cpu_replay.v1,row_02114__single_block__direct_dispatch__certified_window_h1,row_02114__single_block__direct_dispatch,6,2114,single_block,certified_window_h1,10,1,3c8a04cfba03e28f556b668ecfc39ba1f3c6f600ae28115bb0d484f228805822,1dcf19075fb93027cb2563753c06c7e29fc1d4183c36d3615f8b6c4c2e8c8249,20.0,85.05257299839286,100.0525729984929,19.349300000044423,15.000000000100044,2.5308000000450193,8.727700000008554,7.971099999963371,0.0,execute,qp_continuous_collision_and_braking_invariant_passed,accepted,,True,1,1,True,False,True,True,True,True,True,1,0,0,0,1,0,0,1,0,True,False,False,False,1190,1151,39,0.9672268907563025,2,1,1
armbench.pi05_windowed_cpu_replay.v1,row_02114__narrow_gate__direct_dispatch__certified_window_h1,row_02114__narrow_gate__direct_dispatch,6,2114,narrow_gate,certified_window_h1,10,1,3c8a04cfba03e28f556b668ecfc39ba1f3c6f600ae28115bb0d484f228805822,1dcf19075fb93027cb2563753c06c7e29fc1d4183c36d3615f8b6c4c2e8c8249,20.0,85.04487299796892,116.04487299803168,30.214499999942745,31.000000000062755,0.649199999998018,6.203600000048937,19.435899999962203,3.650999999990745,hold,supervision_budget_exceeded,hold,supervision_budget,True,1,0,False,False,True,False,True,True,True,1,0,0,0,1,0,0,1,0,True,False,True,False,1512,1473,39,0.9742063492063492,3,1,2
armbench.pi05_windowed_cpu_replay.v1,row_02316__free_space__direct_dispatch__certified_window_h1,row_02316__free_space__direct_dispatch,7,2316,free_space,certified_window_h1,10,1,307d796186bec85694ad45ec5f0f36b6c2d4136025b8788f52b21f8ce81cefc3,a1480c035cd6cd7359549977dc55d7bf5af5e0d46c823c9f58c37c6314ad5c92,20.0,81.15441800327972,96.15441800326607,10.168300000032104,0.0,2.321499999993648,4.458499999941523,2.832199999943441,0.0,execute,qp_continuous_collision_and_braking_invariant_passed,accepted,,True,1,1,True,False,True,True,True,True,True,1,0,0,0,1,0,0,1,0,True,False,False,False,1029,992,37,0.9640427599611273,2,1,1
armbench.pi05_windowed_cpu_replay.v1,row_02316__single_block__direct_dispatch__certified_window_h1,row_02316__single_block__direct_dispatch,7,2316,single_block,certified_window_h1,10,1,307d796186bec85694ad45ec5f0f36b6c2d4136025b8788f52b21f8ce81cefc3,a1480c035cd6cd7359549977dc55d7bf5af5e0d46c823c9f58c37c6314ad5c92,20.0,81.35241799755022,112.35241799761297,14.458900000022368,15.99999999996271,0.6323999999722218,5.715899999927387,8.004199999959383,0.0,execute,qp_continuous_collision_and_braking_invariant_passed,accepted,,True,1,1,True,False,True,True,True,True,True,1,0,0,0,1,0,0,1,0,True,False,False,False,1190,1151,39,0.9672268907563025,2,1,1
armbench.pi05_windowed_cpu_replay.v1,row_02316__narrow_gate__direct_dispatch__certified_window_h1,row_02316__narrow_gate__direct_dispatch,7,2316,narrow_gate,certified_window_h1,10,1,307d796186bec85694ad45ec5f0f36b6c2d4136025b8788f52b21f8ce81cefc3,a1480c035cd6cd7359549977dc55d7bf5af5e0d46c823c9f58c37c6314ad5c92,20.0,81.5732180053601,113.57321800528553,14.343699999926685,15.99999999996271,0.6713999999874432,6.003200000009201,7.4780999999575215,0.0,execute,qp_continuous_collision_and_braking_invariant_passed,accepted,,True,1,1,True,False,True,True,True,True,True,1,0,0,0,1,0,0,1,0,True,False,False,False,1512,1474,38,0.9748677248677249,2,1,1
armbench.pi05_windowed_cpu_replay.v1,row_02045__free_space__direct_dispatch__certified_window_h1,row_02045__free_space__direct_dispatch,8,2045,free_space,certified_window_h1,10,1,35bb006359368f4079d94be18fc9d2261932ba0be13c6387627761460fdfd649,e012458a272b90bd8b69d2ff2514fa0c5bc748fc148a788def5f33b26de90034,20.0,107.79295300744707,139.79295300748618,13.957199999936165,16.000000000076398,2.2295999999641936,3.9015999999492124,7.436800000050425,0.0,execute,qp_continuous_collision_and_braking_invariant_passed,accepted,,True,1,1,True,False,True,True,True,True,True,1,0,0,0,1,0,0,1,0,True,False,False,False,735,710,25,0.9659863945578231,2,1,1
armbench.pi05_windowed_cpu_replay.v1,row_02045__single_block__direct_dispatch__certified_window_h1,row_02045__single_block__direct_dispatch,8,2045,single_block,certified_window_h1,10,1,35bb006359368f4079d94be18fc9d2261932ba0be13c6387627761460fdfd649,e012458a272b90bd8b69d2ff2514fa0c5bc748fc148a788def5f33b26de90034,20.0,107.84735299966997,122.84735299965632,3.3334000000877495,0.0,0.420599999984006,0.6819999999834181,2.15349999996306,0.0,execute,qp_continuous_collision_and_braking_invariant_passed,accepted,,True,1,1,True,False,True,True,True,True,True,1,0,0,0,1,0,0,1,0,True,False,False,False,850,825,25,0.9705882352941176,2,1,1
armbench.pi05_windowed_cpu_replay.v1,row_02045__narrow_gate__direct_dispatch__certified_window_h1,row_02045__narrow_gate__direct_dispatch,8,2045,narrow_gate,certified_window_h1,10,1,35bb006359368f4079d94be18fc9d2261932ba0be13c6387627761460fdfd649,e012458a272b90bd8b69d2ff2514fa0c5bc748fc148a788def5f33b26de90034,20.0,108.03035300341435,139.0303530034771,17.014600000038627,15.000000000100044,2.759800000035284,5.46790000009878,8.294200000023011,0.0,execute,qp_continuous_collision_and_braking_invariant_passed,accepted,,True,1,1,True,False,True,True,True,True,True,1,0,0,0,1,0,0,1,0,True,False,False,False,1080,1055,25,0.9768518518518519,2,1,1
armbench.pi05_windowed_cpu_replay.v1,row_02736__free_space__direct_dispatch__certified_window_h1,row_02736__free_space__direct_dispatch,9,2736,free_space,certified_window_h1,10,1,62b013ffb3379eba43666abbd0be0848858bc836836b094e25ea8d74cfde9e2c,886ea36fa080335fe839d255d3dd46dc3c25eb0990bae3056fe877e5c6ac4a05,20.0,79.95957398816245,95.95957398812516,5.961100000035913,15.99999999996271,0.6628999999520602,2.438899999901878,2.755299999989802,0.0,execute,qp_continuous_collision_and_braking_invariant_passed,accepted,,True,1,1,True,False,True,True,True,True,True,1,0,0,0,1,0,0,1,0,True,False,False,False,1029,992,37,0.9640427599611273,2,1,1
armbench.pi05_windowed_cpu_replay.v1,row_02736__single_block__direct_dispatch__certified_window_h1,row_02736__single_block__direct_dispatch,9,2736,single_block,certified_window_h1,10,1,62b013ffb3379eba43666abbd0be0848858bc836836b094e25ea8d74cfde9e2c,886ea36fa080335fe839d255d3dd46dc3c25eb0990bae3056fe877e5c6ac4a05,20.0,80.01317399612162,95.01317399610798,7.052100000009887,14.999999999986358,1.7383999999083244,3.761199999985365,1.2549000000490196,0.0,execute,qp_continuous_collision_and_braking_invariant_passed,accepted,,True,1,1,True,False,True,True,True,True,True,1,0,0,0,1,0,0,1,0,True,False,False,False,1190,1147,43,0.9638655462184874,2,1,1
armbench.pi05_windowed_cpu_replay.v1,row_02736__narrow_gate__direct_dispatch__certified_window_h1,row_02736__narrow_gate__direct_dispatch,9,2736,narrow_gate,certified_window_h1,10,1,62b013ffb3379eba43666abbd0be0848858bc836836b094e25ea8d74cfde9e2c,886ea36fa080335fe839d255d3dd46dc3c25eb0990bae3056fe877e5c6ac4a05,20.0,80.14397399529116,112.14397399533027,11.948399999937465,16.000000000076398,3.2441999999264226,6.2302000000045155,2.006799999890063,0.0,execute,qp_continuous_collision_and_braking_invariant_passed,accepted,,True,1,1,True,False,True,True,True,True,True,1,0,0,0,1,0,0,1,0,True,False,False,False,1512,1473,39,0.9742063492063492,2,1,1
armbench.pi05_windowed_cpu_replay.v1,row_02456__free_space__direct_dispatch__certified_window_h1,row_02456__free_space__direct_dispatch,10,2456,free_space,certified_window_h1,10,1,a805df171f5b2a0bb37e82ee33c913be28ab363a08c40943c47745c4be5f166b,ac77b27f0c28d96ed531a8a0e545c66224348fbe0352a279e8a0ce13b9a19ecb,20.0,160.5769509988022,176.57695099876491,13.166999999953077,15.99999999996271,0.6801999999197506,1.7155000000457221,10.671300000012707,0.0,execute,qp_continuous_collision_and_braking_invariant_passed,accepted,,True,1,1,True,False,True,True,True,True,True,1,0,0,0,1,0,0,1,0,True,False,False,False,1029,992,37,0.9640427599611273,2,1,1
armbench.pi05_windowed_cpu_replay.v1,row_02456__single_block__direct_dispatch__certified_window_h1,row_02456__single_block__direct_dispatch,10,2456,single_block,certified_window_h1,10,1,a805df171f5b2a0bb37e82ee33c913be28ab363a08c40943c47745c4be5f166b,ac77b27f0c28d96ed531a8a0e545c66224348fbe0352a279e8a0ce13b9a19ecb,20.0,160.99725099775242,191.99725099781517,10.263899999927162,15.000000000100044,0.7223000000067259,1.9957000000658809,7.407499999999345,0.0,execute,qp_continuous_collision_and_braking_invariant_passed,accepted,,True,1,1,True,False,True,True,True,True,True,1,0,0,0,1,0,0,1,0,True,False,False,False,1190,1148,42,0.9647058823529412,2,1,1
armbench.pi05_windowed_cpu_replay.v1,row_02456__narrow_gate__direct_dispatch__certified_window_h1,row_02456__narrow_gate__direct_dispatch,10,2456,narrow_gate,certified_window_h1,10,1,a805df171f5b2a0bb37e82ee33c913be28ab363a08c40943c47745c4be5f166b,ac77b27f0c28d96ed531a8a0e545c66224348fbe0352a279e8a0ce13b9a19ecb,20.0,160.55815100116888,207.55815100119435,29.676899999913076,30.99999999994907,3.0678000000534666,9.686600000009093,13.404000000036831,2.9989000000796295,hold,supervision_budget_exceeded,hold,supervision_budget,True,1,0,False,False,True,False,True,True,True,1,0,0,0,1,0,0,1,0,True,False,True,True,1512,1473,39,0.9742063492063492,3,1,2
armbench.pi05_windowed_cpu_replay.v1,row_02938__free_space__direct_dispatch__certified_window_h1,row_02938__free_space__direct_dispatch,11,2938,free_space,certified_window_h1,10,1,30d16912ce8098c60d419bf30ed1491235b796b186f2378fa0ebdef754cc31fd,85efd4c742b211e919131046270ab2de57ef0b8b7cbb854914db2314329daf16,20.0,111.70350899919868,142.70350899914774,15.645800000015697,30.99999999994907,0.7611999999426189,6.639600000085011,8.089900000072703,0.0,execute,qp_continuous_collision_and_braking_invariant_passed,accepted,,True,1,1,True,False,True,True,True,True,True,1,0,0,0,1,0,0,1,0,True,False,False,False,1029,992,37,0.9640427599611273,2,1,1
armbench.pi05_windowed_cpu_replay.v1,row_02938__single_block__direct_dispatch__certified_window_h1,row_02938__single_block__direct_dispatch,11,2938,single_block,certified_window_h1,10,1,30d16912ce8098c60d419bf30ed1491235b796b186f2378fa0ebdef754cc31fd,85efd4c742b211e919131046270ab2de57ef0b8b7cbb854914db2314329daf16,20.0,111.67890899378108,142.67890899384383,10.43800000002193,15.000000000100044,3.4008000000085303,5.283700000063618,1.2747000000672415,0.0,execute,qp_continuous_collision_and_braking_invariant_passed,accepted,,True,1,1,True,False,True,True,True,True,True,1,0,0,0,1,0,0,1,0,True,False,False,False,1190,1149,41,0.965546218487395,2,1,1
armbench.pi05_windowed_cpu_replay.v1,row_02938__narrow_gate__direct_dispatch__certified_window_h1,row_02938__narrow_gate__direct_dispatch,11,2938,narrow_gate,certified_window_h1,10,1,30d16912ce8098c60d419bf30ed1491235b796b186f2378fa0ebdef754cc31fd,85efd4c742b211e919131046270ab2de57ef0b8b7cbb854914db2314329daf16,20.0,111.79980899760267,142.79980899755174,13.749299999972209,15.99999999996271,2.7929000000312953,7.383200000049328,3.1103999999686494,0.0,execute,qp_continuous_collision_and_braking_invariant_passed,accepted,,True,1,1,True,False,True,True,True,True,True,1,0,0,0,1,0,0,1,0,True,False,False,False,1512,1473,39,0.9742063492063492,2,1,1
armbench.pi05_windowed_cpu_replay.v1,row_03122__free_space__direct_dispatch__certified_window_h1,row_03122__free_space__direct_dispatch,12,3122,free_space,certified_window_h1,10,1,4fd1a98f6e18bda6afca61b1213f09c92ed3fce35dcd8c4d53333ce515224354,63a29b9188f366b09d7237c0916e385a1f844e7ef4ef37da54a278bf231d3791,20.0,81.44486000674078,113.44486000677989,19.31950000005145,16.000000000076398,2.2828999999546795,6.457999999952335,10.009399999944435,0.0,execute,qp_continuous_collision_and_braking_invariant_passed,accepted,,True,1,1,True,False,True,True,True,True,True,1,0,0,0,1,0,0,1,0,True,False,False,False,1029,992,37,0.9640427599611273,2,1,1
armbench.pi05_windowed_cpu_replay.v1,row_03122__single_block__direct_dispatch__certified_window_h1,row_03122__single_block__direct_dispatch,12,3122,single_block,certified_window_h1,10,1,4fd1a98f6e18bda6afca61b1213f09c92ed3fce35dcd8c4d53333ce515224354,63a29b9188f366b09d7237c0916e385a1f844e7ef4ef37da54a278bf231d3791,20.0,81.17976000357885,112.17976000352792,12.603200000057768,14.999999999986358,2.3713999999017688,6.060400000023947,3.566999999975451,0.0,execute,qp_continuous_collision_and_braking_invariant_passed,accepted,,True,1,1,True,False,True,True,True,True,True,1,0,0,0,1,0,0,1,0,True,False,False,False,1190,1151,39,0.9672268907563025,2,1,1
armbench.pi05_windowed_cpu_replay.v1,row_03122__narrow_gate__direct_dispatch__certified_window_h1,row_03122__narrow_gate__direct_dispatch,12,3122,narrow_gate,certified_window_h1,10,1,4fd1a98f6e18bda6afca61b1213f09c92ed3fce35dcd8c4d53333ce515224354,63a29b9188f366b09d7237c0916e385a1f844e7ef4ef37da54a278bf231d3791,20.0,81.26705999893602,96.26705999903606,3.3234999999649517,0.0,0.481500000091728,0.9123999999474108,1.8526999999721738,0.0,execute,qp_continuous_collision_and_braking_invariant_passed,accepted,,True,1,1,True,False,True,True,True,True,True,1,0,0,0,1,0,0,1,0,True,False,False,False,1512,1474,38,0.9748677248677249,2,1,1
armbench.pi05_windowed_cpu_replay.v1,row_03163__free_space__direct_dispatch__certified_window_h1,row_03163__free_space__direct_dispatch,13,3163,free_space,certified_window_h1,10,1,e3ad14c7d499ec5ce4892eb2bef290b5e056a2b62568859245b6356da12457fb,536e49649958bbdeaca22538274d9d2d6a1da496029f87ab9394760706d00d55,20.0,80.90778300538659,96.9077830053493,8.788999999978842,15.99999999996271,0.6816000000071654,5.189799999925526,2.801499999918633,0.0,execute,qp_continuous_collision_and_braking_invariant_passed,accepted,,True,1,1,True,False,True,True,True,True,True,1,0,0,0,1,0,0,1,0,True,False,False,False,1029,992,37,0.9640427599611273,2,1,1
armbench.pi05_windowed_cpu_replay.v1,row_03163__single_block__direct_dispatch__certified_window_h1,row_03163__single_block__direct_dispatch,13,3163,single_block,certified_window_h1,10,1,e3ad14c7d499ec5ce4892eb2bef290b5e056a2b62568859245b6356da12457fb,536e49649958bbdeaca22538274d9d2d6a1da496029f87ab9394760706d00d55,20.0,80.80188299936708,111.80188299931615,25.892800000065108,30.99999999994907,0.6826000000046406,5.540200000041295,14.511300000094707,4.898500000081185,hold,supervision_budget_exceeded,hold,supervision_budget,True,1,0,False,False,True,False,True,True,True,1,0,0,0,1,0,0,1,0,True,False,True,False,1190,1151,39,0.9672268907563025,3,1,2
armbench.pi05_windowed_cpu_replay.v1,row_03163__narrow_gate__direct_dispatch__certified_window_h1,row_03163__narrow_gate__direct_dispatch,13,3163,narrow_gate,certified_window_h1,10,1,e3ad14c7d499ec5ce4892eb2bef290b5e056a2b62568859245b6356da12457fb,536e49649958bbdeaca22538274d9d2d6a1da496029f87ab9394760706d00d55,20.0,81.32088300044416,113.32088300048326,4.811500000073465,16.000000000076398,0.5525999999917985,1.3159000000086962,2.7899999998908243,0.0,execute,qp_continuous_collision_and_braking_invariant_passed,accepted,,True,1,1,True,False,True,True,True,True,True,1,0,0,0,1,0,0,1,0,True,False,False,False,1512,1474,38,0.9748677248677249,2,1,1
armbench.pi05_windowed_cpu_replay.v1,row_03741__free_space__direct_dispatch__certified_window_h1,row_03741__free_space__direct_dispatch,14,3741,free_space,certified_window_h1,10,1,4b7907e4aad9dc6e77f813e772c59d0c7169c40282363ff493a33e879b87cde7,92681e9be2e50751e3b6e9004e28efe129264b0b5521d51460305d3b86215d23,20.0,109.97415299789282,124.97415299787917,6.332100000008722,0.0,1.3930999999729465,1.9132999999555977,2.9349000000138403,0.0,execute,qp_continuous_collision_and_braking_invariant_passed,accepted,,True,1,1,True,False,True,True,True,True,True,1,0,0,0,1,0,0,1,0,True,False,False,False,1029,991,38,0.9630709426627794,2,1,1
armbench.pi05_windowed_cpu_replay.v1,row_03741__single_block__direct_dispatch__certified_window_h1,row_03741__single_block__direct_dispatch,14,3741,single_block,certified_window_h1,10,1,4b7907e4aad9dc6e77f813e772c59d0c7169c40282363ff493a33e879b87cde7,92681e9be2e50751e3b6e9004e28efe129264b0b5521d51460305d3b86215d23,20.0,110.02595299942186,126.02595299938457,5.78819999998359,0.0,0.642099999936363,2.0400000000790897,3.008399999998801,0.0,execute,qp_continuous_collision_and_braking_invariant_passed,accepted,,True,1,1,True,False,True,True,True,True,True,1,0,0,0,1,0,0,1,0,True,False,False,False,1190,1149,41,0.965546218487395,2,1,1
armbench.pi05_windowed_cpu_replay.v1,row_03741__narrow_gate__direct_dispatch__certified_window_h1,row_03741__narrow_gate__direct_dispatch,14,3741,narrow_gate,certified_window_h1,10,1,4b7907e4aad9dc6e77f813e772c59d0c7169c40282363ff493a33e879b87cde7,92681e9be2e50751e3b6e9004e28efe129264b0b5521d51460305d3b86215d23,20.0,109.7219529983704,140.72195299843315,10.539900000026137,15.000000000100044,0.709099999994578,2.855100000033417,6.85750000002372,0.0,execute,qp_continuous_collision_and_braking_invariant_passed,accepted,,True,1,1,True,False,True,True,True,True,True,1,0,0,0,1,0,0,1,0,True,False,False,False,1512,1472,40,0.9735449735449735,2,1,1
armbench.pi05_windowed_cpu_replay.v1,row_04298__free_space__direct_dispatch__certified_window_h1,row_04298__free_space__direct_dispatch,15,4298,free_space,certified_window_h1,10,1,2c585a1039cfc500fc7fe28c85a25ec32786fd8b15a0dad94b58ee736a663d79,24dccf6189ab8d10661b97cbf0c9951bdc68c20fcba2603c7fc3222d4fb47062,20.0,80.53666400519433,111.53666400525708,14.660900000080801,14.999999999986358,2.706699999976081,6.292000000030384,5.233799999928124,0.0,execute,qp_continuous_collision_and_braking_invariant_passed,accepted,,True,1,1,True,False,True,True,True,True,True,1,0,0,0,1,0,0,1,0,True,False,False,False,1029,992,37,0.9640427599611273,2,1,1
armbench.pi05_windowed_cpu_replay.v1,row_04298__single_block__direct_dispatch__certified_window_h1,row_04298__single_block__direct_dispatch,15,4298,single_block,certified_window_h1,10,1,2c585a1039cfc500fc7fe28c85a25ec32786fd8b15a0dad94b58ee736a663d79,24dccf6189ab8d10661b97cbf0c9951bdc68c20fcba2603c7fc3222d4fb47062,20.0,80.55936400342034,96.55936400338305,4.20269999995071,0.0,0.46880000002147426,0.9434999999484717,2.7314000000160377,0.0,execute,qp_continuous_collision_and_braking_invariant_passed,accepted,,True,1,1,True,False,True,True,True,True,True,1,0,0,0,1,0,0,1,0,True,False,False,False,1190,1148,42,0.9647058823529412,2,1,1
armbench.pi05_windowed_cpu_replay.v1,row_04298__narrow_gate__direct_dispatch__certified_window_h1,row_04298__narrow_gate__direct_dispatch,15,4298,narrow_gate,certified_window_h1,10,1,2c585a1039cfc500fc7fe28c85a25ec32786fd8b15a0dad94b58ee736a663d79,24dccf6189ab8d10661b97cbf0c9951bdc68c20fcba2603c7fc3222d4fb47062,20.0,81.24266399681801,112.24266399688076,11.497999999960484,15.000000000100044,0.6740999999692576,7.055400000012924,3.6306000000649874,0.0,execute,qp_continuous_collision_and_braking_invariant_passed,accepted,,True,1,1,True,False,True,True,True,True,True,1,0,0,0,1,0,0,1,0,True,False,False,False,1512,1474,38,0.9748677248677249,2,1,1
armbench.pi05_windowed_cpu_replay.v1,row_03805__free_space__direct_dispatch__certified_window_h1,row_03805__free_space__direct_dispatch,16,3805,free_space,certified_window_h1,10,1,ed3ed2f05c450ceca326c550433117debafac7329c3cf9d83392e865de84d20b,0360d255242437c751079da58af6bce3566ef84a2f4ec2f7be86e7fe16148c33,20.0,142.3698360013077,173.36983600125677,5.903399999965586,15.99999999996271,0.3979999999046413,3.9010000000416767,1.5420999999378182,0.0,execute,qp_continuous_collision_and_braking_invariant_passed,accepted,,True,1,1,True,False,True,True,True,True,True,1,0,0,0,1,0,0,1,0,True,False,False,False,1029,992,37,0.9640427599611273,2,1,1
armbench.pi05_windowed_cpu_replay.v1,row_03805__single_block__direct_dispatch__certified_window_h1,row_03805__single_block__direct_dispatch,16,3805,single_block,certified_window_h1,10,1,ed3ed2f05c450ceca326c550433117debafac7329c3cf9d83392e865de84d20b,0360d255242437c751079da58af6bce3566ef84a2f4ec2f7be86e7fe16148c33,20.0,142.41793600376695,158.41793600372966,8.957300000020041,0.0,3.6010999999689375,3.7338999999292355,1.1332999999922322,0.0,execute,qp_continuous_collision_and_braking_invariant_passed,accepted,,True,1,1,True,False,True,True,True,True,True,1,0,0,0,1,0,0,1,0,True,False,False,False,1190,1149,41,0.965546218487395,2,1,1
armbench.pi05_windowed_cpu_replay.v1,row_03805__narrow_gate__direct_dispatch__certified_window_h1,row_03805__narrow_gate__direct_dispatch,16,3805,narrow_gate,certified_window_h1,10,1,ed3ed2f05c450ceca326c550433117debafac7329c3cf9d83392e865de84d20b,0360d255242437c751079da58af6bce3566ef84a2f4ec2f7be86e7fe16148c33,20.0,142.3951360047795,173.39513600472856,11.345699999992576,14.999999999986358,1.6120000000228174,2.07239999997455,6.792500000074142,0.0,execute,qp_continuous_collision_and_braking_invariant_passed,accepted,,True,1,1,True,False,True,True,True,True,True,1,0,0,0,1,0,0,1,0,True,False,False,False,1512,1474,38,0.9748677248677249,2,1,1
armbench.pi05_windowed_cpu_replay.v1,row_03853__free_space__direct_dispatch__certified_window_h1,row_03853__free_space__direct_dispatch,17,3853,free_space,certified_window_h1,10,1,fe36ac0713605fcc57897c367ab31e5b11dbf505ac76505ab7d16f946de13db9,263ec7cbc3f518e1b076c8870095f4c27a074d29a7cec8ac83dddb7dd169d570,20.0,113.17077699641231,144.17077699647507,11.12559999990026,15.000000000100044,1.4926000000059503,3.660700000068573,5.600999999956002,0.0,execute,qp_continuous_collision_and_braking_invariant_passed,accepted,,True,1,1,True,False,True,True,True,True,True,1,0,0,0,1,0,0,1,0,True,False,False,False,1911,1840,71,0.9628466771323915,2,1,1
armbench.pi05_windowed_cpu_replay.v1,row_03853__single_block__direct_dispatch__certified_window_h1,row_03853__single_block__direct_dispatch,17,3853,single_block,certified_window_h1,10,1,fe36ac0713605fcc57897c367ab31e5b11dbf505ac76505ab7d16f946de13db9,263ec7cbc3f518e1b076c8870095f4c27a074d29a7cec8ac83dddb7dd169d570,20.0,113.29717699845787,144.29717699840694,28.06050000003779,30.99999999994907,2.420499999971071,13.05190000005041,10.05869999994502,2.068299999905321,hold,supervision_budget_exceeded,hold,supervision_budget,True,1,0,False,False,True,False,True,True,True,1,0,0,0,1,0,0,1,0,True,False,True,False,2210,2136,74,0.9665158371040724,3,1,2
armbench.pi05_windowed_cpu_replay.v1,row_03853__narrow_gate__direct_dispatch__certified_window_h1,row_03853__narrow_gate__direct_dispatch,17,3853,narrow_gate,certified_window_h1,10,1,fe36ac0713605fcc57897c367ab31e5b11dbf505ac76505ab7d16f946de13db9,263ec7cbc3f518e1b076c8870095f4c27a074d29a7cec8ac83dddb7dd169d570,20.0,114.32727699866518,129.32727699865154,9.6709000000601,14.999999999986358,1.0473999999476291,4.055900000025758,4.420500000037464,0.0,execute,qp_continuous_collision_and_braking_invariant_passed,accepted,,True,1,1,True,False,True,True,True,True,True,1,0,0,0,1,0,0,1,0,True,False,False,False,2808,2735,73,0.9740028490028491,2,1,1
armbench.pi05_windowed_cpu_replay.v1,row_04953__free_space__direct_dispatch__certified_window_h1,row_04953__free_space__direct_dispatch,18,4953,free_space,certified_window_h1,10,1,1d0a2989e76d920a59ac3a743781f15f16a583e4ded7a55d9122c2e8345072f1,bcfac441de540f295f43c146ccda825056f0c0288bc215a70821069b3d14dbc7,20.0,92.21125000476604,92.21125000476604,5.259900000055495,0.0,0.7956999999123582,1.7871000000013737,2.5014000000282977,0.0,execute,qp_continuous_collision_and_braking_invariant_passed,accepted,,True,1,1,True,False,True,True,True,True,True,1,0,0,0,1,0,0,1,0,True,False,False,False,1029,992,37,0.9640427599611273,2,1,1
armbench.pi05_windowed_cpu_replay.v1,row_04953__single_block__direct_dispatch__certified_window_h1,row_04953__single_block__direct_dispatch,18,4953,single_block,certified_window_h1,10,1,1d0a2989e76d920a59ac3a743781f15f16a583e4ded7a55d9122c2e8345072f1,bcfac441de540f295f43c146ccda825056f0c0288bc215a70821069b3d14dbc7,20.0,92.31015000113985,108.31015000110256,5.863100000055965,0.0,0.4096000000117783,1.1573000000453249,4.224500000077569,0.0,execute,qp_continuous_collision_and_braking_invariant_passed,accepted,,True,1,1,True,False,True,True,True,True,True,1,0,0,0,1,0,0,1,0,True,False,False,False,1190,1151,39,0.9672268907563025,2,1,1
armbench.pi05_windowed_cpu_replay.v1,row_04953__narrow_gate__direct_dispatch__certified_window_h1,row_04953__narrow_gate__direct_dispatch,18,4953,narrow_gate,certified_window_h1,10,1,1d0a2989e76d920a59ac3a743781f15f16a583e4ded7a55d9122c2e8345072f1,bcfac441de540f295f43c146ccda825056f0c0288bc215a70821069b3d14dbc7,20.0,92.36935000080848,92.36935000080848,8.66689999998016,0.0,1.1501000000180284,3.1880999999884807,4.161899999985508,0.0,execute,qp_continuous_collision_and_braking_invariant_passed,accepted,,True,1,1,True,False,True,True,True,True,True,1,0,0,0,1,0,0,1,0,True,False,False,False,1512,1475,37,0.9755291005291006,2,1,1
armbench.pi05_windowed_cpu_replay.v1,row_04773__free_space__direct_dispatch__certified_window_h1,row_04773__free_space__direct_dispatch,19,4773,free_space,certified_window_h1,10,1,0012494746ac6d95bef31165b95dad73d2233ce508b720c3e77a99bb8cb95b24,93817783d21c108416756357648e6c606e74b986b191948a8d0fb0b539866775,20.0,82.32979899912607,82.32979899912607,6.618900000034955,0.0,0.6290000000035434,0.9062000000312764,4.969299999970644,0.0,execute,qp_continuous_collision_and_braking_invariant_passed,accepted,,True,1,1,True,False,True,True,True,True,True,1,0,0,0,1,0,0,1,0,True,False,False,False,735,710,25,0.9659863945578231,2,1,1
armbench.pi05_windowed_cpu_replay.v1,row_04773__single_block__direct_dispatch__certified_window_h1,row_04773__single_block__direct_dispatch,19,4773,single_block,certified_window_h1,10,1,0012494746ac6d95bef31165b95dad73d2233ce508b720c3e77a99bb8cb95b24,93817783d21c108416756357648e6c606e74b986b191948a8d0fb0b539866775,20.0,82.25449900055537,98.25449900051808,9.01649999991605,15.99999999996271,1.5733000000182074,3.1730000000607106,3.9614999999457723,0.0,execute,qp_continuous_collision_and_braking_invariant_passed,accepted,,True,1,1,True,False,True,True,True,True,True,1,0,0,0,1,0,0,1,0,True,False,False,False,850,823,27,0.9682352941176471,2,1,1
armbench.pi05_windowed_cpu_replay.v1,row_04773__narrow_gate__direct_dispatch__certified_window_h1,row_04773__narrow_gate__direct_dispatch,19,4773,narrow_gate,certified_window_h1,10,1,0012494746ac6d95bef31165b95dad73d2233ce508b720c3e77a99bb8cb95b24,93817783d21c108416756357648e6c606e74b986b191948a8d0fb0b539866775,20.0,82.55759899475379,82.55759899475379,10.715300000015304,0.0,1.6964999999800057,2.692300000035175,6.05689999997594,0.0,execute,qp_continuous_collision_and_braking_invariant_passed,accepted,,True,1,1,True,False,True,True,True,True,True,1,0,0,0,1,0,0,1,0,True,False,False,False,1080,1055,25,0.9768518518518519,2,1,1
armbench.pi05_windowed_cpu_replay.v1,row_04462__free_space__direct_dispatch__certified_window_h1,row_04462__free_space__direct_dispatch,20,4462,free_space,certified_window_h1,10,1,70b9224f98dd7ca753ca304e5409a01563f652e68827468e70fea86b3cbcc658,d87bea5cda713815cc702fcf0cb689543dcb4aec4193e13e71f4a201b17e17b2,20.0,111.02229199605063,111.02229199605063,8.467300000006617,0.0,1.4958000000433458,3.236099999980979,3.487699999936922,0.0,execute,qp_continuous_collision_and_braking_invariant_passed,accepted,,True,1,1,True,False,True,True,True,True,True,1,0,0,0,1,0,0,1,0,True,False,False,False,1029,992,37,0.9640427599611273,2,1,1
armbench.pi05_windowed_cpu_replay.v1,row_04462__single_block__direct_dispatch__certified_window_h1,row_04462__single_block__direct_dispatch,20,4462,single_block,certified_window_h1,10,1,70b9224f98dd7ca753ca304e5409a01563f652e68827468e70fea86b3cbcc658,d87bea5cda713815cc702fcf0cb689543dcb4aec4193e13e71f4a201b17e17b2,20.0,111.17109200131381,127.17109200127652,11.147000000050866,0.0,0.8329999999432403,1.9505000000208383,8.133600000064689,0.0,execute,qp_continuous_collision_and_braking_invariant_passed,accepted,,True,1,1,True,False,True,True,True,True,True,1,0,0,0,1,0,0,1,0,True,False,False,False,1190,1146,44,0.9630252100840336,2,1,1
armbench.pi05_windowed_cpu_replay.v1,row_04462__narrow_gate__direct_dispatch__certified_window_h1,row_04462__narrow_gate__direct_dispatch,20,4462,narrow_gate,certified_window_h1,10,1,70b9224f98dd7ca753ca304e5409a01563f652e68827468e70fea86b3cbcc658,d87bea5cda713815cc702fcf0cb689543dcb4aec4193e13e71f4a201b17e17b2,20.0,111.15519199665869,142.15519199660775,8.85080000000471,15.99999999996271,1.2686999999687032,2.932399999963309,4.370099999960075,0.0,execute,qp_continuous_collision_and_braking_invariant_passed,accepted,,True,1,1,True,False,True,True,True,True,True,1,0,0,0,1,0,0,1,0,True,False,False,False,1512,1474,38,0.9748677248677249,2,1,1
armbench.pi05_windowed_cpu_replay.v1,row_05082__free_space__direct_dispatch__certified_window_h1,row_05082__free_space__direct_dispatch,21,5082,free_space,certified_window_h1,10,1,577d2da6f2f31ec5d381f089ea57502db82b6bcd60b682984a7bf79c80ba6092,81a36083747d024a7b69af70f835fd989280c36af204f4a729c51a6f1058e6b8,20.0,110.6104869977571,142.61048699779622,11.989099999937025,16.000000000076398,1.4171999999916807,5.060200000002624,5.414900000005218,0.0,execute,qp_continuous_collision_and_braking_invariant_passed,accepted,,True,1,1,True,False,True,True,True,True,True,1,0,0,0,1,0,0,1,0,True,False,False,False,1029,992,37,0.9640427599611273,2,1,1
armbench.pi05_windowed_cpu_replay.v1,row_05082__single_block__direct_dispatch__certified_window_h1,row_05082__single_block__direct_dispatch,21,5082,single_block,certified_window_h1,10,1,577d2da6f2f31ec5d381f089ea57502db82b6bcd60b682984a7bf79c80ba6092,81a36083747d024a7b69af70f835fd989280c36af204f4a729c51a6f1058e6b8,20.0,110.89368699322222,125.89368699320858,8.15660000000662,0.0,0.6213999999999942,1.557399999910558,5.849099999977625,0.0,execute,qp_continuous_collision_and_braking_invariant_passed,accepted,,True,1,1,True,False,True,True,True,True,True,1,0,0,0,1,0,0,1,0,True,False,False,False,1190,1143,47,0.9605042016806723,2,1,1
armbench.pi05_windowed_cpu_replay.v1,row_05082__narrow_gate__direct_dispatch__certified_window_h1,row_05082__narrow_gate__direct_dispatch,21,5082,narrow_gate,certified_window_h1,10,1,577d2da6f2f31ec5d381f089ea57502db82b6bcd60b682984a7bf79c80ba6092,81a36083747d024a7b69af70f835fd989280c36af204f4a729c51a6f1058e6b8,20.0,111.32948700105771,111.32948700105771,9.842699999921933,0.0,1.2309999999615684,3.3116999999265317,5.102699999952165,0.0,execute,qp_continuous_collision_and_braking_invariant_passed,accepted,,True,1,1,True,False,True,True,True,True,True,1,0,0,0,1,0,0,1,0,True,False,False,False,1512,1470,42,0.9722222222222222,2,1,1
armbench.pi05_windowed_cpu_replay.v1,row_05128__free_space__direct_dispatch__certified_window_h1,row_05128__free_space__direct_dispatch,22,5128,free_space,certified_window_h1,10,1,0e92838da6d4cdb706e0b8d31366212826fa86c5ce6ccd320378f7981599112c,eba9161044f3f67b8dae9dc84e957dbd88de7172618847162156be25d428b23c,20.0,81.91675999842118,81.91675999842118,2.2478000000774045,0.0,0.3372999999555759,0.7173000000193497,1.1190000000169675,0.0,execute,qp_continuous_collision_and_braking_invariant_passed,accepted,,True,1,1,True,False,True,True,True,True,True,1,0,0,0,1,0,0,1,0,True,False,False,False,1029,992,37,0.9640427599611273,2,1,1
armbench.pi05_windowed_cpu_replay.v1,row_05128__single_block__direct_dispatch__certified_window_h1,row_05128__single_block__direct_dispatch,22,5128,single_block,certified_window_h1,10,1,0e92838da6d4cdb706e0b8d31366212826fa86c5ce6ccd320378f7981599112c,eba9161044f3f67b8dae9dc84e957dbd88de7172618847162156be25d428b23c,20.0,82.06626000173856,98.06626000170127,7.54949999998189,15.99999999996271,0.5967000000737244,1.6977999999880922,5.171399999994719,0.0,execute,qp_continuous_collision_and_braking_invariant_passed,accepted,,True,1,1,True,False,True,True,True,True,True,1,0,0,0,1,0,0,1,0,True,False,False,False,1190,1150,40,0.9663865546218487,2,1,1
armbench.pi05_windowed_cpu_replay.v1,row_05128__narrow_gate__direct_dispatch__certified_window_h1,row_05128__narrow_gate__direct_dispatch,22,5128,narrow_gate,certified_window_h1,10,1,0e92838da6d4cdb706e0b8d31366212826fa86c5ce6ccd320378f7981599112c,eba9161044f3f67b8dae9dc84e957dbd88de7172618847162156be25d428b23c,20.0,81.9978599975002,81.9978599975002,5.4139999999733845,0.0,0.7906000000730273,1.7350999999052874,2.7251999999862164,0.0,execute,qp_continuous_collision_and_braking_invariant_passed,accepted,,True,1,1,True,False,True,True,True,True,True,1,0,0,0,1,0,0,1,0,True,False,False,False,1512,1474,38,0.9748677248677249,2,1,1
armbench.pi05_windowed_cpu_replay.v1,row_05011__free_space__direct_dispatch__certified_window_h1,row_05011__free_space__direct_dispatch,23,5011,free_space,certified_window_h1,10,1,24f71f3f30cc2312cc0339c738754d5367bbccc0f419fe35bd17438d01f7e5b0,2c0b20136542e8990b28f2781c655c566293a4a9a31ede664393f56653744b5e,20.0,125.8769419946475,125.8769419946475,3.1595000000379514,0.0,0.30909999998129933,0.5793999999923471,2.221200000008139,0.0,execute,qp_continuous_collision_and_braking_invariant_passed,accepted,,True,1,1,True,False,True,True,True,True,True,1,0,0,0,1,0,0,1,0,True,False,False,False,1029,991,38,0.9630709426627794,2,1,1
armbench.pi05_windowed_cpu_replay.v1,row_05011__single_block__direct_dispatch__certified_window_h1,row_05011__single_block__direct_dispatch,23,5011,single_block,certified_window_h1,10,1,24f71f3f30cc2312cc0339c738754d5367bbccc0f419fe35bd17438d01f7e5b0,2c0b20136542e8990b28f2781c655c566293a4a9a31ede664393f56653744b5e,20.0,125.52454199612839,141.5245419960911,14.729600000009668,15.99999999996271,1.5907999999171807,5.263499999955457,7.587499999999636,0.0,execute,qp_continuous_collision_and_braking_invariant_passed,accepted,,True,1,1,True,False,True,True,True,True,True,1,0,0,0,1,0,0,1,0,True,False,False,False,1190,1144,46,0.9613445378151261,2,1,1
armbench.pi05_windowed_cpu_replay.v1,row_05011__narrow_gate__direct_dispatch__certified_window_h1,row_05011__narrow_gate__direct_dispatch,23,5011,narrow_gate,certified_window_h1,10,1,24f71f3f30cc2312cc0339c738754d5367bbccc0f419fe35bd17438d01f7e5b0,2c0b20136542e8990b28f2781c655c566293a4a9a31ede664393f56653744b5e,20.0,125.34244199923705,125.34244199923705,4.454900000041562,0.0,0.5523999999468288,1.4714999999796419,2.3347999999714375,0.0,execute,qp_continuous_collision_and_braking_invariant_passed,accepted,,True,1,1,True,False,True,True,True,True,True,1,0,0,0,1,0,0,1,0,True,False,False,False,1512,1473,39,0.9742063492063492,2,1,1
armbench.pi05_windowed_cpu_replay.v1,row_06407__free_space__direct_dispatch__certified_window_h1,row_06407__free_space__direct_dispatch,24,6407,free_space,certified_window_h1,10,1,7b5e04770f18653120842172231465c3df16a76a94e8a11104babba987988de8,64f51553745e39a315470ab9f1cc5a5c69faa22a991e9e8b9d209eb7ca4fd089,20.0,79.93548199738143,94.93548199748147,12.00139999991734,15.000000000100044,1.412100000038663,4.176300000040101,6.248599999935323,0.0,execute,qp_continuous_collision_and_braking_invariant_passed,accepted,,True,1,1,True,False,True,True,True,True,True,1,0,0,0,1,0,0,1,0,True,False,False,False,1029,992,37,0.9640427599611273,2,1,1
armbench.pi05_windowed_cpu_replay.v1,row_06407__single_block__direct_dispatch__certified_window_h1,row_06407__single_block__direct_dispatch,24,6407,single_block,certified_window_h1,10,1,7b5e04770f18653120842172231465c3df16a76a94e8a11104babba987988de8,64f51553745e39a315470ab9f1cc5a5c69faa22a991e9e8b9d209eb7ca4fd089,20.0,79.68128198990598,79.68128198990598,3.1455999999252526,0.0,0.426300000071933,0.7028999999647567,1.8943000000035681,0.0,execute,qp_continuous_collision_and_braking_invariant_passed,accepted,,True,1,1,True,False,True,True,True,True,True,1,0,0,0,1,0,0,1,0,True,False,False,False,1190,1146,44,0.9630252100840336,2,1,1
armbench.pi05_windowed_cpu_replay.v1,row_06407__narrow_gate__direct_dispatch__certified_window_h1,row_06407__narrow_gate__direct_dispatch,24,6407,narrow_gate,certified_window_h1,10,1,7b5e04770f18653120842172231465c3df16a76a94e8a11104babba987988de8,64f51553745e39a315470ab9f1cc5a5c69faa22a991e9e8b9d209eb7ca4fd089,20.0,79.81598198966822,95.81598198963093,10.717199999930926,15.99999999996271,0.44900000000325235,4.370200000039404,5.826800000022558,0.0,execute,qp_continuous_collision_and_braking_invariant_passed,accepted,,True,1,1,True,False,True,True,True,True,True,1,0,0,0,1,0,0,1,0,True,False,False,False,1512,1473,39,0.9742063492063492,2,1,1
armbench.pi05_windowed_cpu_replay.v1,row_06364__free_space__direct_dispatch__certified_window_h1,row_06364__free_space__direct_dispatch,25,6364,free_space,certified_window_h1,10,1,099bef15a0770071b640eb04fb9e343f82702d9e681553817b0e1967bc447ca8,f46ae38dd3dba77659395a4938cdb8a443ef4e2289db13a2b642448ea9a26a4a,20.0,82.34263800113695,82.34263800113695,3.47030000000359,0.0,0.3689000000122178,0.8250999999290798,2.2099999999909414,0.0,execute,qp_continuous_collision_and_braking_invariant_passed,accepted,,True,1,1,True,False,True,True,True,True,True,1,0,0,0,1,0,0,1,0,True,False,False,False,1029,993,36,0.9650145772594753,2,1,1
armbench.pi05_windowed_cpu_replay.v1,row_06364__single_block__direct_dispatch__certified_window_h1,row_06364__single_block__direct_dispatch,25,6364,single_block,certified_window_h1,10,1,099bef15a0770071b640eb04fb9e343f82702d9e681553817b0e1967bc447ca8,f46ae38dd3dba77659395a4938cdb8a443ef4e2289db13a2b642448ea9a26a4a,20.0,82.07083799061365,82.07083799061365,9.872799999925519,0.0,0.793299999941155,3.417199999944387,5.541799999946306,0.0,execute,qp_continuous_collision_and_braking_invariant_passed,accepted,,True,1,1,True,False,True,True,True,True,True,1,0,0,0,1,0,0,1,0,True,False,False,False,1190,1152,38,0.9680672268907563,2,1,1
armbench.pi05_windowed_cpu_replay.v1,row_06364__narrow_gate__direct_dispatch__certified_window_h1,row_06364__narrow_gate__direct_dispatch,25,6364,narrow_gate,certified_window_h1,10,1,099bef15a0770071b640eb04fb9e343f82702d9e681553817b0e1967bc447ca8,f46ae38dd3dba77659395a4938cdb8a443ef4e2289db13a2b642448ea9a26a4a,20.0,82.32073799445061,82.32073799445061,5.64520000000357,0.0,0.9516999999732434,1.8744000000197047,2.66990000000078,0.0,execute,qp_continuous_collision_and_braking_invariant_passed,accepted,,True,1,1,True,False,True,True,True,True,True,1,0,0,0,1,0,0,1,0,True,False,False,False,1512,1476,36,0.9761904761904762,2,1,1
armbench.pi05_windowed_cpu_replay.v1,row_06056__free_space__direct_dispatch__certified_window_h1,row_06056__free_space__direct_dispatch,26,6056,free_space,certified_window_h1,10,1,d0b5162cd61b5df39a5caf842d2257e7f6d300cbbf1f21fa30dcf183810e85e2,b481ebb784317358da9714bb652ef191b38cb46e946efa92e451561fb73c5023,20.0,119.53662599989912,119.53662599989912,5.16030000005685,0.0,0.8095000000594155,1.8290000000433793,2.3565000000189684,0.0,execute,qp_continuous_collision_and_braking_invariant_passed,accepted,,True,1,1,True,False,True,True,True,True,True,1,0,0,0,1,0,0,1,0,True,False,False,False,1029,992,37,0.9640427599611273,2,1,1
armbench.pi05_windowed_cpu_replay.v1,row_06056__single_block__direct_dispatch__certified_window_h1,row_06056__single_block__direct_dispatch,26,6056,single_block,certified_window_h1,10,1,d0b5162cd61b5df39a5caf842d2257e7f6d300cbbf1f21fa30dcf183810e85e2,b481ebb784317358da9714bb652ef191b38cb46e946efa92e451561fb73c5023,20.0,119.18442600290291,134.18442600300295,11.737799999991694,0.0,1.4970999999377455,5.195200000002842,4.725300000018251,0.0,execute,qp_continuous_collision_and_braking_invariant_passed,accepted,,True,1,1,True,False,True,True,True,True,True,1,0,0,0,1,0,0,1,0,True,False,False,False,1190,1151,39,0.9672268907563025,2,1,1
armbench.pi05_windowed_cpu_replay.v1,row_06056__narrow_gate__direct_dispatch__certified_window_h1,row_06056__narrow_gate__direct_dispatch,26,6056,narrow_gate,certified_window_h1,10,1,d0b5162cd61b5df39a5caf842d2257e7f6d300cbbf1f21fa30dcf183810e85e2,b481ebb784317358da9714bb652ef191b38cb46e946efa92e451561fb73c5023,20.0,119.34112600283697,135.34112600279968,5.1211999999623,0.0,0.4078000000617976,1.3353000000506654,3.298999999969965,0.0,execute,qp_continuous_collision_and_braking_invariant_passed,accepted,,True,1,1,True,False,True,True,True,True,True,1,0,0,0,1,0,0,1,0,True,False,False,False,1512,1473,39,0.9742063492063492,2,1,1
armbench.pi05_windowed_cpu_replay.v1,row_07683__free_space__direct_dispatch__certified_window_h1,row_07683__free_space__direct_dispatch,27,7683,free_space,certified_window_h1,10,1,a00422d34079c464db8df8c5409bf2828aea05bbf77b08b587c170edb57e57c7,edba285177931ffd37a97eea8190dea45287e21513bb609216344a9e1005d024,20.0,80.2862310083583,95.28623100834466,4.70990000007987,14.999999999986358,0.5787000000054832,1.626299999998082,2.3990000000821965,0.0,execute,qp_continuous_collision_and_braking_invariant_passed,accepted,,True,1,1,True,False,True,True,True,True,True,1,0,0,0,1,0,0,1,0,True,False,False,False,1029,992,37,0.9640427599611273,2,1,1
armbench.pi05_windowed_cpu_replay.v1,row_07683__single_block__direct_dispatch__certified_window_h1,row_07683__single_block__direct_dispatch,27,7683,single_block,certified_window_h1,10,1,a00422d34079c464db8df8c5409bf2828aea05bbf77b08b587c170edb57e57c7,edba285177931ffd37a97eea8190dea45287e21513bb609216344a9e1005d024,20.0,80.42503100296017,112.42503100299928,15.090900000018337,16.000000000076398,2.0546000000649656,6.206399999996393,6.5173000000413595,0.0,execute,qp_continuous_collision_and_braking_invariant_passed,accepted,,True,1,1,True,False,True,True,True,True,True,1,0,0,0,1,0,0,1,0,True,False,False,False,1190,1151,39,0.9672268907563025,2,1,1
armbench.pi05_windowed_cpu_replay.v1,row_07683__narrow_gate__direct_dispatch__certified_window_h1,row_07683__narrow_gate__direct_dispatch,27,7683,narrow_gate,certified_window_h1,10,1,a00422d34079c464db8df8c5409bf2828aea05bbf77b08b587c170edb57e57c7,edba285177931ffd37a97eea8190dea45287e21513bb609216344a9e1005d024,20.0,80.37813100963831,111.37813100958738,15.362700000082441,14.999999999986358,0.6985999999642445,5.821100000048318,8.684499999958462,0.0,execute,qp_continuous_collision_and_braking_invariant_passed,accepted,,True,1,1,True,False,True,True,True,True,True,1,0,0,0,1,0,0,1,0,True,False,False,False,1512,1474,38,0.9748677248677249,2,1,1
armbench.pi05_windowed_cpu_replay.v1,row_07373__free_space__direct_dispatch__certified_window_h1,row_07373__free_space__direct_dispatch,28,7373,free_space,certified_window_h1,10,1,e342e284a6b9329bf43b6560e5358b71495f40177533837036afecf930c2b4c0,48a4735334003de534a7da73d8a4d4f04e8fa7adf2829a853283d3947a316f41,20.0,95.29193700291216,111.29193700287487,15.079300000024887,15.99999999996271,1.903500000025815,5.337899999972251,7.54749999998694,0.0,execute,qp_continuous_collision_and_braking_invariant_passed,accepted,,True,1,1,True,False,True,True,True,True,True,1,0,0,0,1,0,0,1,0,True,False,False,False,1029,992,37,0.9640427599611273,2,1,1
armbench.pi05_windowed_cpu_replay.v1,row_07373__single_block__direct_dispatch__certified_window_h1,row_07373__single_block__direct_dispatch,28,7373,single_block,certified_window_h1,10,1,e342e284a6b9329bf43b6560e5358b71495f40177533837036afecf930c2b4c0,48a4735334003de534a7da73d8a4d4f04e8fa7adf2829a853283d3947a316f41,20.0,94.81193700048607,109.81193700047243,10.16909999998461,0.0,2.013900000065405,5.086699999992561,2.758399999947869,0.0,execute,qp_continuous_collision_and_braking_invariant_passed,accepted,,True,1,1,True,False,True,True,True,True,True,1,0,0,0,1,0,0,1,0,True,False,False,False,1190,1146,44,0.9630252100840336,2,1,1
armbench.pi05_windowed_cpu_replay.v1,row_07373__narrow_gate__direct_dispatch__certified_window_h1,row_07373__narrow_gate__direct_dispatch,28,7373,narrow_gate,certified_window_h1,10,1,e342e284a6b9329bf43b6560e5358b71495f40177533837036afecf930c2b4c0,48a4735334003de534a7da73d8a4d4f04e8fa7adf2829a853283d3947a316f41,20.0,94.97553700202843,94.97553700202843,6.74709999998413,0.0,1.2491999999610925,1.926799999978357,3.1523999999762964,0.0,execute,qp_continuous_collision_and_braking_invariant_passed,accepted,,True,1,1,True,False,True,True,True,True,True,1,0,0,0,1,0,0,1,0,True,False,False,False,1512,1474,38,0.9748677248677249,2,1,1
armbench.pi05_windowed_cpu_replay.v1,row_07772__free_space__direct_dispatch__certified_window_h1,row_07772__free_space__direct_dispatch,29,7772,free_space,certified_window_h1,10,1,c3533edfda4b0016620bef05041c1b2e100c114929dc01b6c006379c8f39062d,ea68999022578c052b3a24c77884d4980cb78ee50ec5b92e526a2b04dab89659,20.0,109.84383399772923,124.84383399771559,15.243499999996857,14.999999999986358,0.8907000000135668,3.7981000000399945,10.11879999998655,0.0,execute,qp_continuous_collision_and_braking_invariant_passed,accepted,,True,1,1,True,False,True,True,True,True,True,1,0,0,0,1,0,0,1,0,True,False,False,False,1029,992,37,0.9640427599611273,2,1,1
armbench.pi05_windowed_cpu_replay.v1,row_07772__single_block__direct_dispatch__certified_window_h1,row_07772__single_block__direct_dispatch,29,7772,single_block,certified_window_h1,10,1,c3533edfda4b0016620bef05041c1b2e100c114929dc01b6c006379c8f39062d,ea68999022578c052b3a24c77884d4980cb78ee50ec5b92e526a2b04dab89659,20.0,109.91603399452288,140.91603399458563,19.18990000001486,31.000000000062755,2.0940999999083942,6.810300000097413,9.973800000011579,0.0,execute,qp_continuous_collision_and_braking_invariant_passed,accepted,,True,1,1,True,False,True,True,True,True,True,1,0,0,0,1,0,0,1,0,True,False,False,False,1190,1146,44,0.9630252100840336,2,1,1
armbench.pi05_windowed_cpu_replay.v1,row_07772__narrow_gate__direct_dispatch__certified_window_h1,row_07772__narrow_gate__direct_dispatch,29,7772,narrow_gate,certified_window_h1,10,1,c3533edfda4b0016620bef05041c1b2e100c114929dc01b6c006379c8f39062d,ea68999022578c052b3a24c77884d4980cb78ee50ec5b92e526a2b04dab89659,20.0,109.8769340023864,125.87693400234912,11.819700000046396,15.99999999996271,1.4401999999336113,7.56849999993392,2.6457000000164044,0.0,execute,qp_continuous_collision_and_braking_invariant_passed,accepted,,True,1,1,True,False,True,True,True,True,True,1,0,0,0,1,0,0,1,0,True,False,False,False,1512,1473,39,0.9742063492063492,2,1,1
