schema_version,case_id,source_case_id,selection_index,source_row_index,scenario,profile,response_action_sha256,input_action_sha256,supervision_budget_ms,base_response_age_ms,activation_response_age_ms,supervisor_latency_ms,assurance_worker_latency_ms,qp_latency_ms,continuous_collision_latency_ms,dynamics_braking_latency_ms,fallback_brake_latency_ms,status,reason,supervisor_status,failure_stage,candidate_complete,candidate_action_count,published_action_count,policy_actions_executable,partial_prefix_exposed,all_or_none_publication,assurance_worker_thread_separate,fallback_validated,qp_feasible,qp_intervention_steps,joint_position_violation_steps,joint_velocity_violation_steps,joint_acceleration_violation_steps,continuous_edges_checked,continuous_unsafe_edges,continuous_indeterminate_edges,braking_boundaries_checked,braking_invalid_boundaries,all_registered_constraints_satisfied,unsafe_plan_published,software_budget_exceeded,response_deadline_exceeded,broad_phase_pair_tests,broad_phase_pruned_pairs,broad_phase_exact_pair_evaluations,broad_phase_prune_rate,safe_configuration_cache_hits,persistent_qp_solve_calls,persistent_brake_validation_calls
armbench.pi05_optimized_cpu_replay.v1,row_00763__free_space__direct_dispatch__operational_20ms,row_00763__free_space__direct_dispatch,0,763,free_space,operational_20ms,2ba514276e139d381b7b19bf859e964ad7e1b157ca9f234909fb87328f08ec28,e4ddff608fdc24bbe79f4f345b6ad772cc7e47679fd0522db9fe5c0e6a4512b3,20.0,103.75407699757488,134.75407700025244,22.85509999637725,31.000000002677552,6.037399994966108,14.46109999960754,0.0,2.10019999940414,hold,supervision_budget_exceeded,hold,supervision_budget,True,10,0,False,False,True,True,True,True,10,0,0,0,10,0,0,10,0,True,False,True,False,4263,4088,175,0.9589490968801314,5,10,1
armbench.pi05_optimized_cpu_replay.v1,row_00763__single_block__direct_dispatch__operational_20ms,row_00763__single_block__direct_dispatch,0,763,single_block,operational_20ms,2ba514276e139d381b7b19bf859e964ad7e1b157ca9f234909fb87328f08ec28,e4ddff608fdc24bbe79f4f345b6ad772cc7e47679fd0522db9fe5c0e6a4512b3,20.0,102.52607700385852,118.52607699984219,21.302300003299024,15.999999995983671,7.7308000036282465,12.095900005078875,0.0,1.1866999993799254,hold,supervision_budget_exceeded,hold,supervision_budget,True,10,0,False,False,True,True,True,True,10,0,0,0,10,0,0,10,0,True,False,True,False,3570,3439,131,0.9633053221288516,4,10,1
armbench.pi05_optimized_cpu_replay.v1,row_00763__narrow_gate__direct_dispatch__operational_20ms,row_00763__narrow_gate__direct_dispatch,0,763,narrow_gate,operational_20ms,2ba514276e139d381b7b19bf859e964ad7e1b157ca9f234909fb87328f08ec28,e4ddff608fdc24bbe79f4f345b6ad772cc7e47679fd0522db9fe5c0e6a4512b3,20.0,103.48747699754313,134.48747700022068,23.32590000150958,31.000000002677552,5.7127000036416575,16.482599996379577,0.0,0.9118999951169826,hold,supervision_budget_exceeded,hold,supervision_budget,True,10,0,False,False,True,True,True,True,10,0,0,0,10,0,0,10,0,True,False,True,False,9720,9434,286,0.9705761316872428,7,10,1
armbench.pi05_optimized_cpu_replay.v1,row_00458__free_space__direct_dispatch__operational_20ms,row_00458__free_space__direct_dispatch,1,458,free_space,operational_20ms,539d85427650fb89affee25f827ab92f2803af4f4686cdda7625ebbcfc4e125f,c20bfe121e217568858d6301db3e88f8bbabf1604fdaa8e909eae454747800b5,20.0,82.58776900765952,97.58776900707744,21.672500006388873,14.999999999417923,8.967400004621595,11.393700006010476,0.0,0.9825999950408004,hold,supervision_budget_exceeded,hold,supervision_budget,True,10,0,False,False,True,True,True,True,10,0,0,0,10,0,0,10,0,True,False,True,False,3675,3526,149,0.9594557823129252,4,10,1
armbench.pi05_optimized_cpu_replay.v1,row_00458__single_block__direct_dispatch__operational_20ms,row_00458__single_block__direct_dispatch,1,458,single_block,operational_20ms,539d85427650fb89affee25f827ab92f2803af4f4686cdda7625ebbcfc4e125f,c20bfe121e217568858d6301db3e88f8bbabf1604fdaa8e909eae454747800b5,20.0,82.50796900392743,113.50796900660498,23.31630000117002,14.999999999417923,7.25169999350328,14.572199994290713,0.0,1.2659999993047677,hold,supervision_budget_exceeded,hold,supervision_budget,True,10,0,False,False,True,True,True,True,10,0,0,0,10,0,0,10,0,True,False,True,False,2890,2771,119,0.9588235294117647,3,10,1
armbench.pi05_optimized_cpu_replay.v1,row_00458__narrow_gate__direct_dispatch__operational_20ms,row_00458__narrow_gate__direct_dispatch,1,458,narrow_gate,operational_20ms,539d85427650fb89affee25f827ab92f2803af4f4686cdda7625ebbcfc4e125f,c20bfe121e217568858d6301db3e88f8bbabf1604fdaa8e909eae454747800b5,20.0,83.1604690029053,114.1604689983069,23.511100000177976,14.999999999417923,7.6872999998158775,14.315299995359965,0.0,1.2634000013349578,hold,supervision_budget_exceeded,hold,supervision_budget,True,10,0,False,False,True,True,True,True,10,0,0,0,10,0,0,10,0,True,False,True,False,5400,5243,157,0.970925925925926,4,10,1
armbench.pi05_optimized_cpu_replay.v1,row_00222__free_space__direct_dispatch__operational_20ms,row_00222__free_space__direct_dispatch,2,222,free_space,operational_20ms,7ed64e746df909ff0c71898c554048b30bb88de50d94a6f43787c50679b174e2,21da2b9970d3e9644b5f044a5dcc016b6b5053a5b4e9c17bce52d4303d2b3600,20.0,171.54230199957965,202.5423020022572,26.569100002234336,31.000000002677552,8.999600002425723,15.819899999769405,0.0,1.512199996795971,hold,supervision_budget_exceeded,hold,supervision_budget,True,10,0,False,False,True,True,True,True,10,0,0,0,10,0,0,10,0,True,False,True,True,3675,3519,156,0.9575510204081633,4,10,1
armbench.pi05_optimized_cpu_replay.v1,row_00222__single_block__direct_dispatch__operational_20ms,row_00222__single_block__direct_dispatch,2,222,single_block,operational_20ms,7ed64e746df909ff0c71898c554048b30bb88de50d94a6f43787c50679b174e2,21da2b9970d3e9644b5f044a5dcc016b6b5053a5b4e9c17bce52d4303d2b3600,20.0,171.895202001906,202.8952019973076,22.24009999918053,14.999999999417923,9.08740000159014,11.300300000584684,0.0,1.5980000025592744,hold,supervision_budget_exceeded,hold,supervision_budget,True,10,0,False,False,True,True,True,True,10,0,0,0,10,0,0,10,0,True,False,True,True,2890,2753,137,0.9525951557093426,3,10,1
armbench.pi05_optimized_cpu_replay.v1,row_00222__narrow_gate__direct_dispatch__operational_20ms,row_00222__narrow_gate__direct_dispatch,2,222,narrow_gate,operational_20ms,7ed64e746df909ff0c71898c554048b30bb88de50d94a6f43787c50679b174e2,21da2b9970d3e9644b5f044a5dcc016b6b5053a5b4e9c17bce52d4303d2b3600,20.0,171.71460199460853,202.71460199728608,21.884800000407267,14.999999999417923,8.383500004129019,11.842400002933573,0.0,1.3075000024400651,hold,supervision_budget_exceeded,hold,supervision_budget,True,10,0,False,False,True,True,True,True,10,0,0,0,10,3,0,10,5,False,False,True,True,5400,5202,198,0.9633333333333334,4,10,1
armbench.pi05_optimized_cpu_replay.v1,row_01467__free_space__direct_dispatch__operational_20ms,row_01467__free_space__direct_dispatch,3,1467,free_space,operational_20ms,0d05a20d8a90b30eac6e6dfc2e65c5d447cb062d06863c48db1367dbdc8d27af,4f17f5dfea4ea95c98fd42f459cd72d84c6d64fa6c129fbeb17b753364002cf1,20.0,92.3235240043141,123.32352400699165,23.178299998107832,31.000000002677552,7.768200004647952,14.226200000848621,0.0,0.9374000001116656,hold,supervision_budget_exceeded,hold,supervision_budget,True,10,0,False,False,True,True,True,True,10,0,0,0,10,0,0,10,0,True,False,True,False,5145,4929,216,0.9580174927113703,6,10,1
armbench.pi05_optimized_cpu_replay.v1,row_01467__single_block__direct_dispatch__operational_20ms,row_01467__single_block__direct_dispatch,3,1467,single_block,operational_20ms,0d05a20d8a90b30eac6e6dfc2e65c5d447cb062d06863c48db1367dbdc8d27af,4f17f5dfea4ea95c98fd42f459cd72d84c6d64fa6c129fbeb17b753364002cf1,20.0,92.74982400529552,123.74982400069712,25.39759999490343,14.999999999417923,5.211800002143718,18.756600002234336,0.0,1.2379999971017241,hold,supervision_budget_exceeded,hold,supervision_budget,True,10,0,False,False,True,True,True,True,10,0,0,0,10,0,0,10,0,True,False,True,False,4590,4394,196,0.9572984749455338,5,10,1
armbench.pi05_optimized_cpu_replay.v1,row_01467__narrow_gate__direct_dispatch__operational_20ms,row_01467__narrow_gate__direct_dispatch,3,1467,narrow_gate,operational_20ms,0d05a20d8a90b30eac6e6dfc2e65c5d447cb062d06863c48db1367dbdc8d27af,4f17f5dfea4ea95c98fd42f459cd72d84c6d64fa6c129fbeb17b753364002cf1,20.0,92.48282400221797,123.48282400489552,21.58649999910267,31.000000002677552,6.538899993756786,13.951900000392925,0.0,0.9188999974867329,hold,supervision_budget_exceeded,hold,supervision_budget,True,10,0,False,False,True,True,True,True,10,0,0,0,10,0,0,10,0,True,False,True,False,5832,5629,203,0.9651920438957476,5,10,1
armbench.pi05_optimized_cpu_replay.v1,row_00954__free_space__direct_dispatch__operational_20ms,row_00954__free_space__direct_dispatch,4,954,free_space,operational_20ms,8c426cf29f252a7c103234ca72eff693daec4272e1eff735e0f325be6c8368bb,541ef1c389b4780c1bc25075e466ca00805d06391dbce79e67b43e6b6a02ff42,20.0,84.07754999643657,115.07754999183817,23.43539999856148,30.999999995401595,7.6318999999784864,14.580199996999,0.0,0.928300003579352,hold,supervision_budget_exceeded,hold,supervision_budget,True,10,0,False,False,True,True,True,True,10,0,0,0,10,0,0,10,0,True,False,True,False,6615,6294,321,0.9514739229024943,4,10,1
armbench.pi05_optimized_cpu_replay.v1,row_00954__single_block__direct_dispatch__operational_20ms,row_00954__single_block__direct_dispatch,4,954,single_block,operational_20ms,8c426cf29f252a7c103234ca72eff693daec4272e1eff735e0f325be6c8368bb,541ef1c389b4780c1bc25075e466ca00805d06391dbce79e67b43e6b6a02ff42,20.0,83.76884999597678,130.768849994638,27.80739999434445,30.999999995401595,9.600999997928739,15.650800000003073,0.0,2.3172000001068227,hold,supervision_budget_exceeded,hold,supervision_budget,True,10,0,False,False,True,True,True,True,10,0,0,0,10,0,0,10,0,True,False,True,False,2210,2117,93,0.9579185520361991,2,10,1
armbench.pi05_optimized_cpu_replay.v1,row_00954__narrow_gate__direct_dispatch__operational_20ms,row_00954__narrow_gate__direct_dispatch,4,954,narrow_gate,operational_20ms,8c426cf29f252a7c103234ca72eff693daec4272e1eff735e0f325be6c8368bb,541ef1c389b4780c1bc25075e466ca00805d06391dbce79e67b43e6b6a02ff42,20.0,83.80704999581212,130.8070500017493,34.75550000439398,31.000000002677552,7.964799995534122,25.509899998723995,0.0,1.0102000014740042,hold,supervision_budget_exceeded,hold,supervision_budget,True,10,0,False,False,True,True,True,True,10,0,0,0,10,0,0,10,0,True,False,True,False,6264,6027,237,0.9621647509578544,3,10,1
armbench.pi05_optimized_cpu_replay.v1,row_01576__free_space__direct_dispatch__operational_20ms,row_01576__free_space__direct_dispatch,5,1576,free_space,operational_20ms,a51612a00a37d0ea3749eb912a6f60afe1d9cd2ca5587f61e5ab60e8a19f447a,ceffaae899c86b7cad94d1a21bba4a80279a12dae6dc59022e88ec0d8034bbec,20.0,109.7861300004297,140.78613000310725,22.32489999732934,16.00000000325963,4.908300004899502,16.310799997881986,0.0,0.9528000009595416,hold,supervision_budget_exceeded,hold,supervision_budget,True,10,0,False,False,True,True,True,True,10,0,0,0,10,0,0,10,0,True,False,True,False,4851,4636,215,0.9556792413935271,5,10,1
armbench.pi05_optimized_cpu_replay.v1,row_01576__single_block__direct_dispatch__operational_20ms,row_01576__single_block__direct_dispatch,5,1576,single_block,operational_20ms,a51612a00a37d0ea3749eb912a6f60afe1d9cd2ca5587f61e5ab60e8a19f447a,ceffaae899c86b7cad94d1a21bba4a80279a12dae6dc59022e88ec0d8034bbec,20.0,109.48412999277934,156.48412999871653,21.344199994928204,31.000000002677552,6.127599997853395,14.029300000402145,0.0,0.970299995969981,hold,supervision_budget_exceeded,hold,supervision_budget,True,10,0,False,False,True,True,True,True,10,0,0,0,10,0,0,10,0,True,False,True,False,5610,5387,223,0.9602495543672014,5,10,1
armbench.pi05_optimized_cpu_replay.v1,row_01576__narrow_gate__direct_dispatch__operational_20ms,row_01576__narrow_gate__direct_dispatch,5,1576,narrow_gate,operational_20ms,a51612a00a37d0ea3749eb912a6f60afe1d9cd2ca5587f61e5ab60e8a19f447a,ceffaae899c86b7cad94d1a21bba4a80279a12dae6dc59022e88ec0d8034bbec,20.0,109.35532999428688,141.35532999353018,21.714000002248213,15.999999995983671,5.992799997329712,14.436299999943003,0.0,1.0346999988541938,hold,supervision_budget_exceeded,hold,supervision_budget,True,10,0,False,False,True,True,True,True,10,0,0,0,10,0,0,10,0,True,False,True,False,6264,6066,198,0.9683908045977011,4,10,1
armbench.pi05_optimized_cpu_replay.v1,row_02114__free_space__direct_dispatch__operational_20ms,row_02114__free_space__direct_dispatch,6,2114,free_space,operational_20ms,3c8a04cfba03e28f556b668ecfc39ba1f3c6f600ae28115bb0d484f228805822,b450e7ad3d6478be6418531fda01e2f47bd1fa86a3054195fa3e89dd7bafae17,20.0,84.57347300281981,115.5734729982214,22.921299998415634,30.999999995401595,6.027399998856708,15.690799998992588,0.0,1.0237000024062581,hold,supervision_budget_exceeded,hold,supervision_budget,True,10,0,False,False,True,True,True,True,10,0,0,0,10,0,0,10,0,True,False,True,False,5439,5204,235,0.9567935282220996,4,10,1
armbench.pi05_optimized_cpu_replay.v1,row_02114__single_block__direct_dispatch__operational_20ms,row_02114__single_block__direct_dispatch,6,2114,single_block,operational_20ms,3c8a04cfba03e28f556b668ecfc39ba1f3c6f600ae28115bb0d484f228805822,b450e7ad3d6478be6418531fda01e2f47bd1fa86a3054195fa3e89dd7bafae17,20.0,85.05257299839286,116.05257300107041,25.01230000052601,14.999999999417923,5.412200000137091,18.53730000584619,0.0,0.9127000012085773,hold,supervision_budget_exceeded,hold,supervision_budget,True,10,0,False,False,True,True,True,True,10,0,0,0,10,0,0,10,0,True,False,True,False,6290,6029,261,0.9585055643879173,4,10,1
armbench.pi05_optimized_cpu_replay.v1,row_02114__narrow_gate__direct_dispatch__operational_20ms,row_02114__narrow_gate__direct_dispatch,6,2114,narrow_gate,operational_20ms,3c8a04cfba03e28f556b668ecfc39ba1f3c6f600ae28115bb0d484f228805822,b450e7ad3d6478be6418531fda01e2f47bd1fa86a3054195fa3e89dd7bafae17,20.0,85.04487299796892,132.04487299663015,30.101500000455417,31.000000002677552,8.376700003282167,19.565800001146272,0.0,1.9299000050523318,hold,supervision_budget_exceeded,hold,supervision_budget,True,10,0,False,False,True,True,True,True,10,0,0,0,10,5,0,10,7,False,False,True,False,7992,7688,304,0.9619619619619619,4,10,1
armbench.pi05_optimized_cpu_replay.v1,row_02316__free_space__direct_dispatch__operational_20ms,row_02316__free_space__direct_dispatch,7,2316,free_space,operational_20ms,307d796186bec85694ad45ec5f0f36b6c2d4136025b8788f52b21f8ce81cefc3,4eb6f0c33cfea87817ea47ba3691beea6689e4326d4b265a74641f01503e5d46,20.0,81.15441800327972,128.15441800194094,23.21769999980461,30.999999995401595,7.765099995594937,13.454100000672042,0.0,1.7528000025777146,hold,supervision_budget_exceeded,hold,supervision_budget,True,10,0,False,False,True,True,True,True,10,0,0,0,10,0,0,10,0,True,False,True,False,4263,4077,186,0.956368754398311,4,10,1
armbench.pi05_optimized_cpu_replay.v1,row_02316__single_block__direct_dispatch__operational_20ms,row_02316__single_block__direct_dispatch,7,2316,single_block,operational_20ms,307d796186bec85694ad45ec5f0f36b6c2d4136025b8788f52b21f8ce81cefc3,4eb6f0c33cfea87817ea47ba3691beea6689e4326d4b265a74641f01503e5d46,20.0,81.35241799755022,112.35241800022777,21.713900001486763,31.000000002677552,6.415500000002794,14.130299998214468,0.0,0.9365000005345792,hold,supervision_budget_exceeded,hold,supervision_budget,True,10,0,False,False,True,True,True,True,10,0,0,0,10,0,0,10,0,True,False,True,False,6290,5993,297,0.9527821939586646,5,10,1
armbench.pi05_optimized_cpu_replay.v1,row_02316__narrow_gate__direct_dispatch__operational_20ms,row_02316__narrow_gate__direct_dispatch,7,2316,narrow_gate,operational_20ms,307d796186bec85694ad45ec5f0f36b6c2d4136025b8788f52b21f8ce81cefc3,4eb6f0c33cfea87817ea47ba3691beea6689e4326d4b265a74641f01503e5d46,20.0,81.5732180053601,112.5732180007617,25.560599999153055,14.999999999417923,6.610900003579445,17.09390000178246,0.0,1.6137999991769902,hold,supervision_budget_exceeded,hold,supervision_budget,True,10,0,False,False,True,True,True,True,10,0,0,0,10,3,0,10,5,False,False,True,False,4536,4383,153,0.9662698412698413,3,10,1
armbench.pi05_optimized_cpu_replay.v1,row_02045__free_space__direct_dispatch__operational_20ms,row_02045__free_space__direct_dispatch,8,2045,free_space,operational_20ms,35bb006359368f4079d94be18fc9d2261932ba0be13c6387627761460fdfd649,21bb222523a68d85dbd4f6c83a8c1b450d40a364adf8ee4e45280df78bc18027,20.0,107.79295300744707,123.7929530107067,23.406500004057307,16.00000000325963,7.622600001923274,14.62589999573538,0.0,0.9232000011252239,hold,supervision_budget_exceeded,hold,supervision_budget,True,10,0,False,False,True,True,True,True,10,0,0,0,10,0,0,10,0,True,False,True,False,4557,4390,167,0.9633530831687513,10,10,1
armbench.pi05_optimized_cpu_replay.v1,row_02045__single_block__direct_dispatch__operational_20ms,row_02045__single_block__direct_dispatch,8,2045,single_block,operational_20ms,35bb006359368f4079d94be18fc9d2261932ba0be13c6387627761460fdfd649,21bb222523a68d85dbd4f6c83a8c1b450d40a364adf8ee4e45280df78bc18027,20.0,107.84735299966997,138.84735299507156,21.9883999961894,30.999999995401595,8.344399997440632,12.40519999555545,0.0,0.9920000011334196,hold,supervision_budget_exceeded,hold,supervision_budget,True,10,0,False,False,True,True,True,True,10,0,0,0,10,0,0,10,0,True,False,True,False,3230,3101,129,0.9600619195046439,8,10,1
armbench.pi05_optimized_cpu_replay.v1,row_02045__narrow_gate__direct_dispatch__operational_20ms,row_02045__narrow_gate__direct_dispatch,8,2045,narrow_gate,operational_20ms,35bb006359368f4079d94be18fc9d2261932ba0be13c6387627761460fdfd649,21bb222523a68d85dbd4f6c83a8c1b450d40a364adf8ee4e45280df78bc18027,20.0,108.03035300341435,140.03035300265765,22.19110000442015,15.999999995983671,6.660099999862723,14.027199998963624,0.0,1.275599999644328,hold,supervision_budget_exceeded,hold,supervision_budget,True,10,0,False,False,True,True,True,True,10,0,0,0,10,0,0,10,0,True,False,True,False,4968,4826,142,0.9714170692431562,9,10,1
armbench.pi05_optimized_cpu_replay.v1,row_02736__free_space__direct_dispatch__operational_20ms,row_02736__free_space__direct_dispatch,9,2736,free_space,operational_20ms,62b013ffb3379eba43666abbd0be0848858bc836836b094e25ea8d74cfde9e2c,0b565a6938d9bb0b57977d079796fcc4c108d1841f47a0f986253144c3870174,20.0,79.95957398816245,95.95957399142208,21.383999999670777,16.00000000325963,5.75599999865517,14.449700000113808,0.0,0.9528000009595416,hold,supervision_budget_exceeded,hold,supervision_budget,True,10,0,False,False,True,True,True,True,10,0,0,0,10,0,0,10,0,True,False,True,False,5439,5190,249,0.9542195256480971,4,10,1
armbench.pi05_optimized_cpu_replay.v1,row_02736__single_block__direct_dispatch__operational_20ms,row_02736__single_block__direct_dispatch,9,2736,single_block,operational_20ms,62b013ffb3379eba43666abbd0be0848858bc836836b094e25ea8d74cfde9e2c,0b565a6938d9bb0b57977d079796fcc4c108d1841f47a0f986253144c3870174,20.0,80.01317399612162,111.01317399152322,24.24800000153482,14.999999999417923,8.225999998103362,14.850300001853611,0.0,0.9989999962272123,hold,supervision_budget_exceeded,hold,supervision_budget,True,10,0,False,False,True,True,True,True,10,0,0,0,10,0,0,10,0,True,False,True,False,3570,3403,167,0.9532212885154062,3,10,1
armbench.pi05_optimized_cpu_replay.v1,row_02736__narrow_gate__direct_dispatch__operational_20ms,row_02736__narrow_gate__direct_dispatch,9,2736,narrow_gate,operational_20ms,62b013ffb3379eba43666abbd0be0848858bc836836b094e25ea8d74cfde9e2c,0b565a6938d9bb0b57977d079796fcc4c108d1841f47a0f986253144c3870174,20.0,80.14397399529116,127.14397399395239,28.324200000497513,31.9999999992433,6.174100002681371,20.818099997995887,0.0,1.0918999978457578,hold,supervision_budget_exceeded,hold,supervision_budget,True,10,0,False,False,True,True,True,True,10,0,0,0,10,5,0,10,7,False,False,True,False,7992,7661,331,0.9585835835835835,4,10,1
armbench.pi05_optimized_cpu_replay.v1,row_02456__free_space__direct_dispatch__operational_20ms,row_02456__free_space__direct_dispatch,10,2456,free_space,operational_20ms,a805df171f5b2a0bb37e82ee33c913be28ab363a08c40943c47745c4be5f166b,606d95c489296b5f4e2fde5d9b28e0f52167c7824e5ba4cee1b52a1be5d798c3,20.0,160.5769509988022,191.57695100147976,22.825500003818888,16.00000000325963,7.633699999132659,14.096600003540516,0.0,0.934600000618957,hold,supervision_budget_exceeded,hold,supervision_budget,True,10,0,False,False,True,True,True,True,10,0,0,0,10,0,0,10,0,True,False,True,False,5145,4909,236,0.9541302235179786,4,10,1
armbench.pi05_optimized_cpu_replay.v1,row_02456__single_block__direct_dispatch__operational_20ms,row_02456__single_block__direct_dispatch,10,2456,single_block,operational_20ms,a805df171f5b2a0bb37e82ee33c913be28ab363a08c40943c47745c4be5f166b,606d95c489296b5f4e2fde5d9b28e0f52167c7824e5ba4cee1b52a1be5d798c3,20.0,160.99725099775242,192.99725099699572,29.73000000201864,31.9999999992433,8.672199997818097,19.182800002454314,0.0,1.6127000053529628,hold,supervision_budget_exceeded,hold,supervision_budget,True,10,0,False,False,True,True,True,True,10,0,0,0,10,0,0,10,0,True,False,True,False,5950,5658,292,0.9509243697478992,4,10,1
armbench.pi05_optimized_cpu_replay.v1,row_02456__narrow_gate__direct_dispatch__operational_20ms,row_02456__narrow_gate__direct_dispatch,10,2456,narrow_gate,operational_20ms,a805df171f5b2a0bb37e82ee33c913be28ab363a08c40943c47745c4be5f166b,606d95c489296b5f4e2fde5d9b28e0f52167c7824e5ba4cee1b52a1be5d798c3,20.0,160.55815100116888,207.55815100710606,36.356500000692904,31.000000002677552,7.30400000611553,27.707100001862273,0.0,1.1115000015706755,hold,supervision_budget_exceeded,hold,supervision_budget,True,10,0,False,False,True,True,True,True,10,0,0,0,10,5,0,10,7,False,False,True,True,7560,7240,320,0.9576719576719577,4,10,1
armbench.pi05_optimized_cpu_replay.v1,row_02938__free_space__direct_dispatch__operational_20ms,row_02938__free_space__direct_dispatch,11,2938,free_space,operational_20ms,30d16912ce8098c60d419bf30ed1491235b796b186f2378fa0ebdef754cc31fd,d5c708014600a7920be64b6acc05dd2153f49c780015898b4d746c2bc4c494ab,20.0,111.70350899919868,142.70350900187623,21.13969999481924,14.999999999417923,6.444899998314213,13.548499999160413,0.0,0.9429999990970828,hold,supervision_budget_exceeded,hold,supervision_budget,True,10,0,False,False,True,True,True,True,10,0,0,0,10,0,0,10,0,True,False,True,False,5439,5182,257,0.9527486670343813,4,10,1
armbench.pi05_optimized_cpu_replay.v1,row_02938__single_block__direct_dispatch__operational_20ms,row_02938__single_block__direct_dispatch,11,2938,single_block,operational_20ms,30d16912ce8098c60d419bf30ed1491235b796b186f2378fa0ebdef754cc31fd,d5c708014600a7920be64b6acc05dd2153f49c780015898b4d746c2bc4c494ab,20.0,111.67890899378108,143.67890899302438,22.443800000473857,31.9999999992433,8.452299996861257,12.826600002881605,0.0,0.9084999983315356,hold,supervision_budget_exceeded,hold,supervision_budget,True,10,0,False,False,True,True,True,True,10,0,0,0,10,0,0,10,0,True,False,True,False,3570,3412,158,0.9557422969187676,3,10,1
armbench.pi05_optimized_cpu_replay.v1,row_02938__narrow_gate__direct_dispatch__operational_20ms,row_02938__narrow_gate__direct_dispatch,11,2938,narrow_gate,operational_20ms,30d16912ce8098c60d419bf30ed1491235b796b186f2378fa0ebdef754cc31fd,d5c708014600a7920be64b6acc05dd2153f49c780015898b4d746c2bc4c494ab,20.0,111.79980899760267,142.79980900028022,26.283999999577645,31.000000002677552,5.120000001625158,20.122499998251442,0.0,0.8453999980702065,hold,supervision_budget_exceeded,hold,supervision_budget,True,10,0,False,False,True,True,True,True,10,0,0,0,10,0,0,10,0,True,False,True,False,11448,11003,445,0.9611285814116003,5,10,1
armbench.pi05_optimized_cpu_replay.v1,row_03122__free_space__direct_dispatch__operational_20ms,row_03122__free_space__direct_dispatch,12,3122,free_space,operational_20ms,4fd1a98f6e18bda6afca61b1213f09c92ed3fce35dcd8c4d53333ce515224354,fae786a4aad836002b16172491457936b523b19e2e002e95e4b9cb634083a717,20.0,81.44486000674078,128.444860005402,21.96939999703318,31.000000002677552,6.793700005800929,13.130199993611313,0.0,1.7989999978453852,hold,supervision_budget_exceeded,hold,supervision_budget,True,10,0,False,False,True,True,True,True,10,0,0,0,10,0,0,10,0,True,False,True,False,4263,4083,180,0.9577762139338494,4,10,1
armbench.pi05_optimized_cpu_replay.v1,row_03122__single_block__direct_dispatch__operational_20ms,row_03122__single_block__direct_dispatch,12,3122,single_block,operational_20ms,4fd1a98f6e18bda6afca61b1213f09c92ed3fce35dcd8c4d53333ce515224354,fae786a4aad836002b16172491457936b523b19e2e002e95e4b9cb634083a717,20.0,81.17976000357885,128.17976000224007,23.712399997748435,30.999999995401595,6.1333999983617105,16.349799996532965,0.0,1.0089999996125698,hold,supervision_budget_exceeded,hold,supervision_budget,True,10,0,False,False,True,True,True,True,10,0,0,0,10,0,0,10,0,True,False,True,False,6290,6047,243,0.9613672496025437,5,10,1
armbench.pi05_optimized_cpu_replay.v1,row_03122__narrow_gate__direct_dispatch__operational_20ms,row_03122__narrow_gate__direct_dispatch,12,3122,narrow_gate,operational_20ms,4fd1a98f6e18bda6afca61b1213f09c92ed3fce35dcd8c4d53333ce515224354,fae786a4aad836002b16172491457936b523b19e2e002e95e4b9cb634083a717,20.0,81.26705999893602,96.26705999835394,23.576499996124767,14.999999999417923,8.27930000377819,14.247300001443364,0.0,0.815100000181701,hold,supervision_budget_exceeded,hold,supervision_budget,True,10,0,False,False,True,True,True,True,10,0,0,0,10,0,0,10,0,True,False,True,False,7992,7749,243,0.9695945945945946,5,10,1
armbench.pi05_optimized_cpu_replay.v1,row_03163__free_space__direct_dispatch__operational_20ms,row_03163__free_space__direct_dispatch,13,3163,free_space,operational_20ms,e3ad14c7d499ec5ce4892eb2bef290b5e056a2b62568859245b6356da12457fb,ffa917dcd4fa88b9be0656ad8c111499b9a6bfff234650d693827eb9d1d5f76c,20.0,80.90778300538659,112.90778300462989,22.976700005528983,31.9999999992433,5.853400005435105,16.135499994561542,0.0,0.7640999974682927,hold,supervision_budget_exceeded,hold,supervision_budget,True,10,0,False,False,True,True,True,True,10,0,0,0,10,0,0,10,0,True,False,True,False,6615,6341,274,0.9585789871504157,6,10,1
armbench.pi05_optimized_cpu_replay.v1,row_03163__single_block__direct_dispatch__operational_20ms,row_03163__single_block__direct_dispatch,13,3163,single_block,operational_20ms,e3ad14c7d499ec5ce4892eb2bef290b5e056a2b62568859245b6356da12457fb,ffa917dcd4fa88b9be0656ad8c111499b9a6bfff234650d693827eb9d1d5f76c,20.0,80.80188299936708,112.80188299861038,23.716499999864027,15.999999995983671,4.478099996049423,17.927599998074584,0.0,1.1354999951436184,hold,supervision_budget_exceeded,hold,supervision_budget,True,10,0,False,False,True,True,True,True,10,0,0,0,10,0,0,10,0,True,False,True,False,6290,6063,227,0.9639109697933227,5,10,1
armbench.pi05_optimized_cpu_replay.v1,row_03163__narrow_gate__direct_dispatch__operational_20ms,row_03163__narrow_gate__direct_dispatch,13,3163,narrow_gate,operational_20ms,e3ad14c7d499ec5ce4892eb2bef290b5e056a2b62568859245b6356da12457fb,ffa917dcd4fa88b9be0656ad8c111499b9a6bfff234650d693827eb9d1d5f76c,20.0,81.32088300044416,112.32088300312171,22.202099993592128,14.999999999417923,5.983000002743211,14.54379999631783,0.0,1.4891000028001145,hold,supervision_budget_exceeded,hold,supervision_budget,True,10,0,False,False,True,True,True,True,10,0,0,0,10,0,0,10,0,True,False,True,False,6264,6083,181,0.9711047254150702,4,10,1
armbench.pi05_optimized_cpu_replay.v1,row_03741__free_space__direct_dispatch__operational_20ms,row_03741__free_space__direct_dispatch,14,3741,free_space,operational_20ms,4b7907e4aad9dc6e77f813e772c59d0c7169c40282363ff493a33e879b87cde7,919e5f396da973e2cf7f371f4f3431bd547e13a2c08ca1b5ae4da4003096c020,20.0,109.97415299789282,156.97415299655404,24.218200000177603,31.9999999992433,6.422900005418342,16.598499998508487,0.0,0.9591999987605959,hold,supervision_budget_exceeded,hold,supervision_budget,True,10,0,False,False,True,True,True,True,10,0,0,0,10,0,0,10,0,True,False,True,False,6615,6302,313,0.9526832955404384,6,10,1
armbench.pi05_optimized_cpu_replay.v1,row_03741__single_block__direct_dispatch__operational_20ms,row_03741__single_block__direct_dispatch,14,3741,single_block,operational_20ms,4b7907e4aad9dc6e77f813e772c59d0c7169c40282363ff493a33e879b87cde7,919e5f396da973e2cf7f371f4f3431bd547e13a2c08ca1b5ae4da4003096c020,20.0,110.02595299942186,125.02595299883978,21.631000003253575,14.999999999417923,5.210399998759385,15.397599992866162,0.0,0.8564000017940998,hold,supervision_budget_exceeded,hold,supervision_budget,True,10,0,False,False,True,True,True,True,10,0,0,0,10,0,0,10,0,True,False,True,False,6290,6026,264,0.9580286168521462,5,10,1
armbench.pi05_optimized_cpu_replay.v1,row_03741__narrow_gate__direct_dispatch__operational_20ms,row_03741__narrow_gate__direct_dispatch,14,3741,narrow_gate,operational_20ms,4b7907e4aad9dc6e77f813e772c59d0c7169c40282363ff493a33e879b87cde7,919e5f396da973e2cf7f371f4f3431bd547e13a2c08ca1b5ae4da4003096c020,20.0,109.7219529983704,141.7219529976137,22.895299996889662,31.9999999992433,7.2183000011136755,14.819099997112062,0.0,0.6426000036299229,hold,supervision_budget_exceeded,hold,supervision_budget,True,10,0,False,False,True,True,True,True,10,0,0,0,10,0,0,10,0,True,False,True,False,6264,6057,207,0.9669540229885057,4,10,1
armbench.pi05_optimized_cpu_replay.v1,row_04298__free_space__direct_dispatch__operational_20ms,row_04298__free_space__direct_dispatch,15,4298,free_space,operational_20ms,2c585a1039cfc500fc7fe28c85a25ec32786fd8b15a0dad94b58ee736a663d79,94e313ab8d7786043893f7af3f613152522a820610d690acb2a3edc9ef4ba28e,20.0,80.53666400519433,112.53666400443763,29.99880000425037,31.9999999992433,5.350300001737196,23.096700002497528,0.0,1.348199999483768,hold,supervision_budget_exceeded,hold,supervision_budget,True,10,0,False,False,True,True,True,True,10,0,0,0,10,0,0,10,0,True,False,True,False,7791,7405,386,0.9504556539596971,5,10,1
armbench.pi05_optimized_cpu_replay.v1,row_04298__single_block__direct_dispatch__operational_20ms,row_04298__single_block__direct_dispatch,15,4298,single_block,operational_20ms,2c585a1039cfc500fc7fe28c85a25ec32786fd8b15a0dad94b58ee736a663d79,94e313ab8d7786043893f7af3f613152522a820610d690acb2a3edc9ef4ba28e,20.0,80.55936400342034,111.55936399882194,26.230699993902817,14.999999999417923,4.57520000054501,20.605700003216043,0.0,0.8849000005284324,hold,supervision_budget_exceeded,hold,supervision_budget,True,10,0,False,False,True,True,True,True,10,0,0,0,10,0,0,10,0,True,False,True,False,9010,8583,427,0.9526082130965594,5,10,1
armbench.pi05_optimized_cpu_replay.v1,row_04298__narrow_gate__direct_dispatch__operational_20ms,row_04298__narrow_gate__direct_dispatch,15,4298,narrow_gate,operational_20ms,2c585a1039cfc500fc7fe28c85a25ec32786fd8b15a0dad94b58ee736a663d79,94e313ab8d7786043893f7af3f613152522a820610d690acb2a3edc9ef4ba28e,20.0,81.24266399681801,113.24266399606131,27.722999999241438,15.999999995983671,6.0386000041035,20.225400003255345,0.0,1.2924999973620288,hold,supervision_budget_exceeded,hold,supervision_budget,True,10,0,False,False,True,True,True,True,10,0,0,0,10,0,0,10,0,True,False,True,False,11448,11043,405,0.964622641509434,5,10,1
armbench.pi05_optimized_cpu_replay.v1,row_03805__free_space__direct_dispatch__operational_20ms,row_03805__free_space__direct_dispatch,16,3805,free_space,operational_20ms,ed3ed2f05c450ceca326c550433117debafac7329c3cf9d83392e865de84d20b,091b2783ea65091b38cc9287d80dd29b0944a0b9ec326d95fda267eec534df0f,20.0,142.3698360013077,174.369836000551,24.01549999922281,31.9999999992433,6.657700003415812,15.020799997728318,0.0,2.0112999991397373,hold,supervision_budget_exceeded,hold,supervision_budget,True,10,0,False,False,True,True,True,True,10,0,0,0,10,0,0,10,0,True,False,True,False,4557,4377,180,0.9605003291639236,6,10,1
armbench.pi05_optimized_cpu_replay.v1,row_03805__single_block__direct_dispatch__operational_20ms,row_03805__single_block__direct_dispatch,16,3805,single_block,operational_20ms,ed3ed2f05c450ceca326c550433117debafac7329c3cf9d83392e865de84d20b,091b2783ea65091b38cc9287d80dd29b0944a0b9ec326d95fda267eec534df0f,20.0,142.41793600376695,173.41793599916855,24.97080000466667,30.999999995401595,7.510499999625608,16.276900001685135,0.0,0.988899999356363,hold,supervision_budget_exceeded,hold,supervision_budget,True,10,0,False,False,True,True,True,True,10,0,0,0,10,3,0,10,4,False,False,True,False,5270,5023,247,0.9531309297912713,6,10,1
armbench.pi05_optimized_cpu_replay.v1,row_03805__narrow_gate__direct_dispatch__operational_20ms,row_03805__narrow_gate__direct_dispatch,16,3805,narrow_gate,operational_20ms,ed3ed2f05c450ceca326c550433117debafac7329c3cf9d83392e865de84d20b,091b2783ea65091b38cc9287d80dd29b0944a0b9ec326d95fda267eec534df0f,20.0,142.3951360047795,173.39513600745704,22.816900003817864,31.000000002677552,9.302799997385591,11.91110000218032,0.0,0.9083999975700863,hold,supervision_budget_exceeded,hold,supervision_budget,True,10,0,False,False,True,True,True,True,10,0,0,0,10,1,0,10,3,False,False,True,False,6696,6471,225,0.9663978494623656,6,10,1
armbench.pi05_optimized_cpu_replay.v1,row_03853__free_space__direct_dispatch__operational_20ms,row_03853__free_space__direct_dispatch,17,3853,free_space,operational_20ms,fe36ac0713605fcc57897c367ab31e5b11dbf505ac76505ab7d16f946de13db9,f7709bd9d6a771cb40508d80a0dd423dd43ec32e003ed984a734551e880e8d3e,20.0,113.17077699641231,129.17077699967194,17.241700006707106,16.00000000325963,5.32779999775812,10.721899998316076,0.0,0.9549999958835542,hold,continuous_edge_rejected:collision:self:link5:geom_32:link7:geom_59,hold,continuous_collision,True,10,0,False,False,True,True,True,True,10,0,0,0,10,1,0,10,0,False,False,False,False,3822,3637,184,0.9515960230245945,3,10,1
armbench.pi05_optimized_cpu_replay.v1,row_03853__single_block__direct_dispatch__operational_20ms,row_03853__single_block__direct_dispatch,17,3853,single_block,operational_20ms,fe36ac0713605fcc57897c367ab31e5b11dbf505ac76505ab7d16f946de13db9,f7709bd9d6a771cb40508d80a0dd423dd43ec32e003ed984a734551e880e8d3e,20.0,113.29717699845787,144.29717700113542,18.392199999652803,16.00000000325963,5.070400002296083,12.224999998579733,0.0,0.927399996726308,hold,continuous_edge_rejected:collision:self:link5:geom_33:link7:geom_60,hold,continuous_collision,True,10,0,False,False,True,True,True,True,10,0,0,0,10,1,0,10,0,False,False,False,False,4420,4228,191,0.9565610859728507,3,10,1
armbench.pi05_optimized_cpu_replay.v1,row_03853__narrow_gate__direct_dispatch__operational_20ms,row_03853__narrow_gate__direct_dispatch,17,3853,narrow_gate,operational_20ms,fe36ac0713605fcc57897c367ab31e5b11dbf505ac76505ab7d16f946de13db9,f7709bd9d6a771cb40508d80a0dd423dd43ec32e003ed984a734551e880e8d3e,20.0,114.32727699866518,145.32727699406678,14.569600003596861,14.999999999417923,4.42740000289632,9.165000003122259,0.0,0.8034999991650693,hold,continuous_edge_rejected:collision:self:link5:geom_35:link7:geom_62,hold,continuous_collision,True,10,0,False,False,True,True,True,True,10,0,0,0,10,1,0,10,0,False,False,False,False,5616,5423,192,0.9656339031339032,3,10,1
armbench.pi05_optimized_cpu_replay.v1,row_04953__free_space__direct_dispatch__operational_20ms,row_04953__free_space__direct_dispatch,18,4953,free_space,operational_20ms,1d0a2989e76d920a59ac3a743781f15f16a583e4ded7a55d9122c2e8345072f1,af7c0afa97d566d0b6103c1987699272206fed545e580febec05c23d4443ae45,20.0,92.21125000476604,124.21125000400934,22.244399995543063,31.9999999992433,6.42649999645073,14.47609999740962,0.0,1.0820000024978071,hold,supervision_budget_exceeded,hold,supervision_budget,True,10,0,False,False,True,True,True,True,10,0,0,0,10,0,0,10,0,True,False,True,False,5439,5182,257,0.9527486670343813,5,10,1
armbench.pi05_optimized_cpu_replay.v1,row_04953__single_block__direct_dispatch__operational_20ms,row_04953__single_block__direct_dispatch,18,4953,single_block,operational_20ms,1d0a2989e76d920a59ac3a743781f15f16a583e4ded7a55d9122c2e8345072f1,af7c0afa97d566d0b6103c1987699272206fed545e580febec05c23d4443ae45,20.0,92.31015000113985,139.31014999980107,21.72380000411067,30.999999995401595,10.774300004413817,9.354700006952044,0.0,1.3650999972014688,hold,supervision_budget_exceeded,hold,supervision_budget,True,10,0,False,False,True,True,True,True,10,0,0,0,10,0,0,10,0,True,False,True,False,2210,2132,78,0.9647058823529412,2,10,1
armbench.pi05_optimized_cpu_replay.v1,row_04953__narrow_gate__direct_dispatch__operational_20ms,row_04953__narrow_gate__direct_dispatch,18,4953,narrow_gate,operational_20ms,1d0a2989e76d920a59ac3a743781f15f16a583e4ded7a55d9122c2e8345072f1,af7c0afa97d566d0b6103c1987699272206fed545e580febec05c23d4443ae45,20.0,92.36935000080848,124.36935000005178,25.60500000254251,31.9999999992433,7.9630999971413985,16.250199994829018,0.0,1.1489000025903806,hold,supervision_budget_exceeded,hold,supervision_budget,True,10,0,False,False,True,True,True,True,10,0,0,0,10,0,0,10,0,True,False,True,False,4536,4409,127,0.9720017636684304,3,10,1
armbench.pi05_optimized_cpu_replay.v1,row_04773__free_space__direct_dispatch__operational_20ms,row_04773__free_space__direct_dispatch,19,4773,free_space,operational_20ms,0012494746ac6d95bef31165b95dad73d2233ce508b720c3e77a99bb8cb95b24,c523c8dc9161531afa6950372597ab78cbf73daa99043843e1df48ebd20b87dd,20.0,82.32979899912607,113.32979900180362,21.98359999601962,31.000000002677552,4.899099993053824,16.055100000812672,0.0,0.8529000042472035,hold,supervision_budget_exceeded,hold,supervision_budget,True,10,0,False,False,True,True,True,True,10,0,0,0,10,0,0,10,0,True,False,True,False,6909,6620,289,0.9581705022434506,8,10,1
armbench.pi05_optimized_cpu_replay.v1,row_04773__single_block__direct_dispatch__operational_20ms,row_04773__single_block__direct_dispatch,19,4773,single_block,operational_20ms,0012494746ac6d95bef31165b95dad73d2233ce508b720c3e77a99bb8cb95b24,c523c8dc9161531afa6950372597ab78cbf73daa99043843e1df48ebd20b87dd,20.0,82.25449900055537,113.25449900323292,22.54539999557892,16.00000000325963,5.778000006102957,15.636399999493733,0.0,0.9955999994417652,hold,supervision_budget_exceeded,hold,supervision_budget,True,10,0,False,False,True,True,True,True,10,0,0,0,10,0,0,10,0,True,False,True,False,3910,3754,156,0.9601023017902813,5,10,1
armbench.pi05_optimized_cpu_replay.v1,row_04773__narrow_gate__direct_dispatch__operational_20ms,row_04773__narrow_gate__direct_dispatch,19,4773,narrow_gate,operational_20ms,0012494746ac6d95bef31165b95dad73d2233ce508b720c3e77a99bb8cb95b24,c523c8dc9161531afa6950372597ab78cbf73daa99043843e1df48ebd20b87dd,20.0,82.55759899475379,113.55759899743134,23.639499995624647,14.999999999417923,6.832099999883212,15.59830000041984,0.0,1.0103000022354536,hold,supervision_budget_exceeded,hold,supervision_budget,True,10,0,False,False,True,True,True,True,10,0,0,0,10,0,0,10,0,True,False,True,False,4968,4815,153,0.9692028985507246,5,10,1
armbench.pi05_optimized_cpu_replay.v1,row_04462__free_space__direct_dispatch__operational_20ms,row_04462__free_space__direct_dispatch,20,4462,free_space,operational_20ms,70b9224f98dd7ca753ca304e5409a01563f652e68827468e70fea86b3cbcc658,4abfdd49b70a0970fc43182fee4ecd8db8b3a1103b6106940ef4768751d612f5,20.0,111.02229199605063,142.02229199872818,27.028500000596978,31.000000002677552,6.117899996752385,19.04120000108378,0.0,1.6067000033217482,hold,supervision_budget_exceeded,hold,supervision_budget,True,10,0,False,False,True,True,True,True,10,0,0,0,10,0,0,10,0,True,False,True,False,5439,5187,252,0.9536679536679536,5,10,1
armbench.pi05_optimized_cpu_replay.v1,row_04462__single_block__direct_dispatch__operational_20ms,row_04462__single_block__direct_dispatch,20,4462,single_block,operational_20ms,70b9224f98dd7ca753ca304e5409a01563f652e68827468e70fea86b3cbcc658,4abfdd49b70a0970fc43182fee4ecd8db8b3a1103b6106940ef4768751d612f5,20.0,111.17109200131381,142.17109200399136,25.152000001980923,31.000000002677552,5.239999998593703,18.367999997281004,0.0,1.3424999997369014,hold,supervision_budget_exceeded,hold,supervision_budget,True,10,0,False,False,True,True,True,True,10,0,0,0,10,4,0,10,6,False,False,True,False,9010,8499,511,0.9432852386237514,6,10,1
armbench.pi05_optimized_cpu_replay.v1,row_04462__narrow_gate__direct_dispatch__operational_20ms,row_04462__narrow_gate__direct_dispatch,20,4462,narrow_gate,operational_20ms,70b9224f98dd7ca753ca304e5409a01563f652e68827468e70fea86b3cbcc658,4abfdd49b70a0970fc43182fee4ecd8db8b3a1103b6106940ef4768751d612f5,20.0,111.15519199665869,142.15519199933624,24.20719999645371,31.000000002677552,6.284100003540516,16.136600002937485,0.0,1.5859999984968454,hold,supervision_budget_exceeded,hold,supervision_budget,True,10,0,False,False,True,True,True,True,10,0,0,0,10,4,0,10,6,False,False,True,False,7992,7636,356,0.9554554554554554,5,10,1
armbench.pi05_optimized_cpu_replay.v1,row_05082__free_space__direct_dispatch__operational_20ms,row_05082__free_space__direct_dispatch,21,5082,free_space,operational_20ms,577d2da6f2f31ec5d381f089ea57502db82b6bcd60b682984a7bf79c80ba6092,01dade6ca27dafa314483483e6e8cc87c661081fba638c5b15cddc8479ab1bc9,20.0,110.6104869977571,142.6104869970004,21.510099999431986,31.9999999992433,3.070099999604281,17.15179999882821,0.0,1.1815000034403056,hold,supervision_budget_exceeded,hold,supervision_budget,True,10,0,False,False,True,True,True,True,10,0,0,0,10,0,0,10,0,True,False,True,False,8967,8527,440,0.9509311921489907,5,10,1
armbench.pi05_optimized_cpu_replay.v1,row_05082__single_block__direct_dispatch__operational_20ms,row_05082__single_block__direct_dispatch,21,5082,single_block,operational_20ms,577d2da6f2f31ec5d381f089ea57502db82b6bcd60b682984a7bf79c80ba6092,01dade6ca27dafa314483483e6e8cc87c661081fba638c5b15cddc8479ab1bc9,20.0,110.89368699322222,126.89368699648185,18.05830000375863,16.00000000325963,4.619000006641727,12.273000000277534,0.0,0.9806000016396865,hold,continuous_edge_rejected:collision:static:center_block:link6,hold,continuous_collision,True,10,0,False,False,True,True,True,True,10,0,0,0,10,7,0,10,7,False,False,False,False,5100,4826,267,0.9462745098039216,4,10,1
armbench.pi05_optimized_cpu_replay.v1,row_05082__narrow_gate__direct_dispatch__operational_20ms,row_05082__narrow_gate__direct_dispatch,21,5082,narrow_gate,operational_20ms,577d2da6f2f31ec5d381f089ea57502db82b6bcd60b682984a7bf79c80ba6092,01dade6ca27dafa314483483e6e8cc87c661081fba638c5b15cddc8479ab1bc9,20.0,111.32948700105771,142.32948700373527,25.01779999874998,31.000000002677552,5.70010000228649,18.250600005558226,0.0,0.8577999979024753,hold,supervision_budget_exceeded,hold,supervision_budget,True,10,0,False,False,True,True,True,True,10,0,0,0,10,5,0,10,7,False,False,True,False,9720,9272,448,0.9539094650205762,4,10,1
armbench.pi05_optimized_cpu_replay.v1,row_05128__free_space__direct_dispatch__operational_20ms,row_05128__free_space__direct_dispatch,22,5128,free_space,operational_20ms,0e92838da6d4cdb706e0b8d31366212826fa86c5ce6ccd320378f7981599112c,1d370b9f51508df4beed68f031701f37a5f21f8c4c255ff7d807681da0595010,20.0,81.91675999842118,112.91675999382278,22.484700006316416,30.999999995401595,5.266000000119675,16.26399999804562,0.0,0.80339999840362,hold,supervision_budget_exceeded,hold,supervision_budget,True,10,0,False,False,True,True,True,True,10,0,0,0,10,0,0,10,0,True,False,True,False,8967,8572,395,0.9559495929519348,8,10,1
armbench.pi05_optimized_cpu_replay.v1,row_05128__single_block__direct_dispatch__operational_20ms,row_05128__single_block__direct_dispatch,22,5128,single_block,operational_20ms,0e92838da6d4cdb706e0b8d31366212826fa86c5ce6ccd320378f7981599112c,1d370b9f51508df4beed68f031701f37a5f21f8c4c255ff7d807681da0595010,20.0,82.06626000173856,113.06626000441611,26.225699999486096,16.00000000325963,3.495700002531521,21.45629999722587,0.0,1.1233999975956976,hold,supervision_budget_exceeded,hold,supervision_budget,True,10,0,False,False,True,True,True,True,10,0,0,0,10,3,0,10,5,False,False,True,False,9690,9185,505,0.9478844169246646,7,10,1
armbench.pi05_optimized_cpu_replay.v1,row_05128__narrow_gate__direct_dispatch__operational_20ms,row_05128__narrow_gate__direct_dispatch,22,5128,narrow_gate,operational_20ms,0e92838da6d4cdb706e0b8d31366212826fa86c5ce6ccd320378f7981599112c,1d370b9f51508df4beed68f031701f37a5f21f8c4c255ff7d807681da0595010,20.0,81.9978599975002,112.99786000017775,22.029900006600656,31.000000002677552,6.33130000642268,14.867300000332762,0.0,0.669400003971532,hold,supervision_budget_exceeded,hold,supervision_budget,True,10,0,False,False,True,True,True,True,10,0,0,0,10,1,0,10,3,False,False,True,False,7992,7665,327,0.9590840840840841,5,10,1
armbench.pi05_optimized_cpu_replay.v1,row_05011__free_space__direct_dispatch__operational_20ms,row_05011__free_space__direct_dispatch,23,5011,free_space,operational_20ms,24f71f3f30cc2312cc0339c738754d5367bbccc0f419fe35bd17438d01f7e5b0,5ccd6d1a2328ecc0a38473974ed081f411090ae36654167fb6a57fadcc5d3931,20.0,125.8769419946475,156.87694199732505,21.904499997617677,31.000000002677552,5.138000000442844,16.143600005307235,0.0,0.4499000060604885,hold,supervision_budget_exceeded,hold,supervision_budget,True,10,0,False,False,True,True,True,True,10,0,0,0,10,0,0,10,1,False,False,True,False,8673,8244,429,0.9505361466620547,5,10,1
armbench.pi05_optimized_cpu_replay.v1,row_05011__single_block__direct_dispatch__operational_20ms,row_05011__single_block__direct_dispatch,23,5011,single_block,operational_20ms,24f71f3f30cc2312cc0339c738754d5367bbccc0f419fe35bd17438d01f7e5b0,5ccd6d1a2328ecc0a38473974ed081f411090ae36654167fb6a57fadcc5d3931,20.0,125.52454199612839,156.52454199153,23.70659999724012,30.999999995401595,4.491200001211837,18.42439999745693,0.0,0.6459000069298781,hold,supervision_budget_exceeded,hold,supervision_budget,True,10,0,False,False,True,True,True,True,10,0,0,0,10,0,0,10,1,False,False,True,False,12750,12104,646,0.9493333333333334,6,10,1
armbench.pi05_optimized_cpu_replay.v1,row_05011__narrow_gate__direct_dispatch__operational_20ms,row_05011__narrow_gate__direct_dispatch,23,5011,narrow_gate,operational_20ms,24f71f3f30cc2312cc0339c738754d5367bbccc0f419fe35bd17438d01f7e5b0,5ccd6d1a2328ecc0a38473974ed081f411090ae36654167fb6a57fadcc5d3931,20.0,125.34244199923705,172.34244199789828,25.221500000043306,31.000000002677552,5.773800003225915,18.61070000450127,0.0,0.6586000017705373,hold,supervision_budget_exceeded,hold,supervision_budget,True,10,0,False,False,True,True,True,True,10,0,0,0,10,0,0,10,1,False,False,True,False,9288,8969,319,0.9656546080964685,4,10,1
armbench.pi05_optimized_cpu_replay.v1,row_06407__free_space__direct_dispatch__operational_20ms,row_06407__free_space__direct_dispatch,24,6407,free_space,operational_20ms,7b5e04770f18653120842172231465c3df16a76a94e8a11104babba987988de8,163c4b568398a13e54290749468fb7e5ed31079b00f2ea8a45847de2f701b494,20.0,79.93548199738143,110.93548200005898,23.80540000012843,31.000000002677552,5.80900000204565,16.73839999421034,0.0,1.0890999983530492,hold,supervision_budget_exceeded,hold,supervision_budget,True,10,0,False,False,True,True,True,True,10,0,0,0,10,0,0,10,0,True,False,True,False,4851,4628,223,0.9540300968872397,4,10,1
armbench.pi05_optimized_cpu_replay.v1,row_06407__single_block__direct_dispatch__operational_20ms,row_06407__single_block__direct_dispatch,24,6407,single_block,operational_20ms,7b5e04770f18653120842172231465c3df16a76a94e8a11104babba987988de8,163c4b568398a13e54290749468fb7e5ed31079b00f2ea8a45847de2f701b494,20.0,79.68128198990598,111.68128198914928,26.780599997437093,31.9999999992433,5.822500002977904,19.521600006555673,0.0,1.253599999472499,hold,supervision_budget_exceeded,hold,supervision_budget,True,10,0,False,False,True,True,True,True,10,0,0,0,10,5,0,10,7,False,False,True,False,8330,7880,450,0.9459783913565426,5,10,1
armbench.pi05_optimized_cpu_replay.v1,row_06407__narrow_gate__direct_dispatch__operational_20ms,row_06407__narrow_gate__direct_dispatch,24,6407,narrow_gate,operational_20ms,7b5e04770f18653120842172231465c3df16a76a94e8a11104babba987988de8,163c4b568398a13e54290749468fb7e5ed31079b00f2ea8a45847de2f701b494,20.0,79.81598198966822,126.8159819956054,26.42119999654824,31.000000002677552,3.434699996432755,21.522100003494415,0.0,1.276099996175617,hold,supervision_budget_exceeded,hold,supervision_budget,True,10,0,False,False,True,True,True,True,10,0,0,0,10,3,0,10,5,False,False,True,False,10152,9690,462,0.9544917257683215,5,10,1
armbench.pi05_optimized_cpu_replay.v1,row_06364__free_space__direct_dispatch__operational_20ms,row_06364__free_space__direct_dispatch,25,6364,free_space,operational_20ms,099bef15a0770071b640eb04fb9e343f82702d9e681553817b0e1967bc447ca8,ad141d2432b6f05d03249225fd1c40933676be458ff6debfc024bc3605ae5e44,20.0,82.34263800113695,113.3426380038145,23.290400000405498,31.000000002677552,5.971400001726579,12.357699997664895,4.2501999996602535,0.5447000003186986,hold,supervision_budget_exceeded,hold,supervision_budget,True,10,0,False,False,True,True,True,True,10,0,0,0,10,0,0,10,0,True,False,True,False,8967,8613,354,0.9605219136835061,14,10,3
armbench.pi05_optimized_cpu_replay.v1,row_06364__single_block__direct_dispatch__operational_20ms,row_06364__single_block__direct_dispatch,25,6364,single_block,operational_20ms,099bef15a0770071b640eb04fb9e343f82702d9e681553817b0e1967bc447ca8,ad141d2432b6f05d03249225fd1c40933676be458ff6debfc024bc3605ae5e44,20.0,82.07083799061365,113.0708379932912,24.485800000547897,14.999999999417923,5.869200002052821,17.2727000026498,0.0,1.1662000033538789,hold,supervision_budget_exceeded,hold,supervision_budget,True,10,0,False,False,True,True,True,True,10,0,0,0,10,1,0,10,3,False,False,True,False,5610,5390,220,0.9607843137254902,7,10,1
armbench.pi05_optimized_cpu_replay.v1,row_06364__narrow_gate__direct_dispatch__operational_20ms,row_06364__narrow_gate__direct_dispatch,25,6364,narrow_gate,operational_20ms,099bef15a0770071b640eb04fb9e343f82702d9e681553817b0e1967bc447ca8,ad141d2432b6f05d03249225fd1c40933676be458ff6debfc024bc3605ae5e44,20.0,82.32073799445061,113.32073799712816,21.847299998626113,16.00000000325963,5.785800000012387,14.934699996956624,0.0,0.9490000011282973,hold,supervision_budget_exceeded,hold,supervision_budget,True,10,0,False,False,True,True,True,True,10,0,0,0,10,0,0,10,0,True,False,True,False,7128,6899,229,0.9678731762065096,7,10,1
armbench.pi05_optimized_cpu_replay.v1,row_06056__free_space__direct_dispatch__operational_20ms,row_06056__free_space__direct_dispatch,26,6056,free_space,operational_20ms,d0b5162cd61b5df39a5caf842d2257e7f6d300cbbf1f21fa30dcf183810e85e2,c9a378e3af3f286959ccc6ce0aab8e5df4db1d375fa82cf308f21e70bfb38b4e,20.0,119.53662599989912,150.53662600257667,25.731900001119357,31.000000002677552,3.0937999981688336,12.030699996103067,9.376200003316626,1.0999000005540438,hold,supervision_budget_exceeded,hold,supervision_budget,True,10,0,False,False,True,True,True,True,10,0,0,0,10,0,0,10,0,True,False,True,False,11319,10854,465,0.9589186323880201,14,10,3
armbench.pi05_optimized_cpu_replay.v1,row_06056__single_block__direct_dispatch__operational_20ms,row_06056__single_block__direct_dispatch,26,6056,single_block,operational_20ms,d0b5162cd61b5df39a5caf842d2257e7f6d300cbbf1f21fa30dcf183810e85e2,c9a378e3af3f286959ccc6ce0aab8e5df4db1d375fa82cf308f21e70bfb38b4e,20.0,119.18442600290291,166.1844260088401,23.233200001413934,31.000000002677552,5.364000004192349,16.96109999465989,0.0,0.7449000040651299,hold,supervision_budget_exceeded,hold,supervision_budget,True,10,0,False,False,True,True,True,True,10,0,0,0,10,0,0,10,0,True,False,True,False,5610,5404,206,0.9632798573975044,5,10,1
armbench.pi05_optimized_cpu_replay.v1,row_06056__narrow_gate__direct_dispatch__operational_20ms,row_06056__narrow_gate__direct_dispatch,26,6056,narrow_gate,operational_20ms,d0b5162cd61b5df39a5caf842d2257e7f6d300cbbf1f21fa30dcf183810e85e2,c9a378e3af3f286959ccc6ce0aab8e5df4db1d375fa82cf308f21e70bfb38b4e,20.0,119.34112600283697,135.3411260060966,21.58949999284232,16.00000000325963,5.794000004243571,14.947700001357589,0.0,0.723700002708938,hold,supervision_budget_exceeded,hold,supervision_budget,True,10,0,False,False,True,True,True,True,10,0,0,0,10,0,0,10,0,True,False,True,False,10584,10233,351,0.9668367346938775,7,10,1
armbench.pi05_optimized_cpu_replay.v1,row_07683__free_space__direct_dispatch__operational_20ms,row_07683__free_space__direct_dispatch,27,7683,free_space,operational_20ms,a00422d34079c464db8df8c5409bf2828aea05bbf77b08b587c170edb57e57c7,61b0433210982b6803e6e79c30ad66cf82384038c635fbc9cec97f43c2d5f63a,20.0,80.2862310083583,95.28623100777622,23.235100001329556,14.999999999417923,5.8179000043310225,16.08459999988554,0.0,1.124299997172784,hold,supervision_budget_exceeded,hold,supervision_budget,True,10,0,False,False,True,True,True,True,10,0,0,0,10,0,0,10,0,True,False,True,False,5439,5187,252,0.9536679536679536,4,10,1
armbench.pi05_optimized_cpu_replay.v1,row_07683__single_block__direct_dispatch__operational_20ms,row_07683__single_block__direct_dispatch,27,7683,single_block,operational_20ms,a00422d34079c464db8df8c5409bf2828aea05bbf77b08b587c170edb57e57c7,61b0433210982b6803e6e79c30ad66cf82384038c635fbc9cec97f43c2d5f63a,20.0,80.42503100296017,111.42503099836176,29.88010000262875,30.999999995401595,5.703900002117734,21.71459999954095,0.0,2.258500004245434,hold,supervision_budget_exceeded,hold,supervision_budget,True,10,0,False,False,True,True,True,True,10,0,0,0,10,0,0,10,0,True,False,True,False,6290,6023,267,0.9575516693163753,4,10,1
armbench.pi05_optimized_cpu_replay.v1,row_07683__narrow_gate__direct_dispatch__operational_20ms,row_07683__narrow_gate__direct_dispatch,27,7683,narrow_gate,operational_20ms,a00422d34079c464db8df8c5409bf2828aea05bbf77b08b587c170edb57e57c7,61b0433210982b6803e6e79c30ad66cf82384038c635fbc9cec97f43c2d5f63a,20.0,80.37813100963831,111.37813101231586,25.37510000547627,31.000000002677552,6.243299998459406,17.784299998311326,0.0,1.1435999986133538,hold,supervision_budget_exceeded,hold,supervision_budget,True,10,0,False,False,True,True,True,True,10,0,0,0,10,0,0,10,0,True,False,True,False,7992,7731,261,0.9673423423423423,4,10,1
armbench.pi05_optimized_cpu_replay.v1,row_07373__free_space__direct_dispatch__operational_20ms,row_07373__free_space__direct_dispatch,28,7373,free_space,operational_20ms,e342e284a6b9329bf43b6560e5358b71495f40177533837036afecf930c2b4c0,3dbd650490cea64352a1dbaccb6f541b5a9d1998528a622fd0fd896330c63f5e,20.0,95.29193700291216,126.29193700558972,22.51819999946747,31.000000002677552,6.104000000050291,15.051500005938578,0.0,1.1727999954018742,hold,supervision_budget_exceeded,hold,supervision_budget,True,10,0,False,False,True,True,True,True,10,0,0,0,10,0,0,10,0,True,False,True,False,3675,3521,154,0.9580952380952381,4,10,1
armbench.pi05_optimized_cpu_replay.v1,row_07373__single_block__direct_dispatch__operational_20ms,row_07373__single_block__direct_dispatch,28,7373,single_block,operational_20ms,e342e284a6b9329bf43b6560e5358b71495f40177533837036afecf930c2b4c0,3dbd650490cea64352a1dbaccb6f541b5a9d1998528a622fd0fd896330c63f5e,20.0,94.81193700048607,125.81193700316362,22.722399997292086,14.999999999417923,6.386000000929926,14.84379999601515,0.0,1.2996000004932284,hold,supervision_budget_exceeded,hold,supervision_budget,True,10,0,False,False,True,True,True,True,10,0,0,0,10,0,0,10,1,False,False,True,False,8330,7940,390,0.9531812725090036,9,10,1
armbench.pi05_optimized_cpu_replay.v1,row_07373__narrow_gate__direct_dispatch__operational_20ms,row_07373__narrow_gate__direct_dispatch,28,7373,narrow_gate,operational_20ms,e342e284a6b9329bf43b6560e5358b71495f40177533837036afecf930c2b4c0,3dbd650490cea64352a1dbaccb6f541b5a9d1998528a622fd0fd896330c63f5e,20.0,94.97553700202843,125.97553700470598,22.357800000463612,14.999999999417923,5.511299998033792,15.487600001506507,0.0,1.1871000024257228,hold,supervision_budget_exceeded,hold,supervision_budget,True,10,0,False,False,True,True,True,True,10,0,0,0,10,0,0,10,0,True,False,True,False,6264,6070,194,0.969029374201788,5,10,1
armbench.pi05_optimized_cpu_replay.v1,row_07772__free_space__direct_dispatch__operational_20ms,row_07772__free_space__direct_dispatch,29,7772,free_space,operational_20ms,c3533edfda4b0016620bef05041c1b2e100c114929dc01b6c006379c8f39062d,f9efe20bb0146929d0da2aab6cb2d34cae1c034a2e8891af5c57bfffe379dbff,20.0,109.84383399772923,156.84383399639046,25.483100005658343,31.9999999992433,4.096399999980349,19.991399996797554,0.0,1.2424999949871562,hold,supervision_budget_exceeded,hold,supervision_budget,True,10,0,False,False,True,True,True,True,10,0,0,0,10,0,0,10,0,True,False,True,False,9849,9389,460,0.9532947507361154,6,10,1
armbench.pi05_optimized_cpu_replay.v1,row_07772__single_block__direct_dispatch__operational_20ms,row_07772__single_block__direct_dispatch,29,7772,single_block,operational_20ms,c3533edfda4b0016620bef05041c1b2e100c114929dc01b6c006379c8f39062d,f9efe20bb0146929d0da2aab6cb2d34cae1c034a2e8891af5c57bfffe379dbff,20.0,109.91603399452288,141.91603399376618,24.679800000740215,15.999999995983671,4.934600001433864,18.776199998683296,0.0,0.7915000023785979,hold,supervision_budget_exceeded,hold,supervision_budget,True,10,0,False,False,True,True,True,True,10,0,0,0,10,0,0,10,0,True,False,True,False,8670,8271,399,0.9539792387543252,5,10,1
armbench.pi05_optimized_cpu_replay.v1,row_07772__narrow_gate__direct_dispatch__operational_20ms,row_07772__narrow_gate__direct_dispatch,29,7772,narrow_gate,operational_20ms,c3533edfda4b0016620bef05041c1b2e100c114929dc01b6c006379c8f39062d,f9efe20bb0146929d0da2aab6cb2d34cae1c034a2e8891af5c57bfffe379dbff,20.0,109.8769340023864,140.87693400506396,27.37389999674633,31.000000002677552,5.29159999859985,20.544400002108887,0.0,1.3245000009192154,hold,supervision_budget_exceeded,hold,supervision_budget,True,10,0,False,False,True,True,True,True,10,0,0,0,10,4,0,10,5,False,False,True,False,11016,10588,428,0.9611474219317356,5,10,1
armbench.pi05_optimized_cpu_replay.v1,row_00763__free_space__direct_dispatch__diagnostic_100ms,row_00763__free_space__direct_dispatch,0,763,free_space,diagnostic_100ms,2ba514276e139d381b7b19bf859e964ad7e1b157ca9f234909fb87328f08ec28,e4ddff608fdc24bbe79f4f345b6ad772cc7e47679fd0522db9fe5c0e6a4512b3,100.0,103.75407699757488,228.75407699757488,111.13389999809442,108.99999999674037,4.678700002841651,23.12730000267038,82.23050000378862,0.9006999971461482,hold,response_deadline_exceeded_during_supervision,hold,deadline,True,10,0,False,False,True,True,True,True,10,0,0,0,10,0,0,10,0,True,False,True,True,21609,20569,1040,0.9518719052246749,24,10,8
armbench.pi05_optimized_cpu_replay.v1,row_00763__single_block__direct_dispatch__diagnostic_100ms,row_00763__single_block__direct_dispatch,0,763,single_block,diagnostic_100ms,2ba514276e139d381b7b19bf859e964ad7e1b157ca9f234909fb87328f08ec28,e4ddff608fdc24bbe79f4f345b6ad772cc7e47679fd0522db9fe5c0e6a4512b3,100.0,102.52607700385852,227.52607700385852,108.19169999740552,108.99999999674037,5.496400000993162,18.06159999978263,83.15039999433793,1.2838000038755126,hold,response_deadline_exceeded_during_supervision,hold,deadline,True,10,0,False,False,True,True,True,True,10,0,0,0,10,0,0,10,0,True,False,True,True,30430,29103,1327,0.9563917186986527,28,10,10
armbench.pi05_optimized_cpu_replay.v1,row_00763__narrow_gate__direct_dispatch__diagnostic_100ms,row_00763__narrow_gate__direct_dispatch,0,763,narrow_gate,diagnostic_100ms,2ba514276e139d381b7b19bf859e964ad7e1b157ca9f234909fb87328f08ec28,e4ddff608fdc24bbe79f4f345b6ad772cc7e47679fd0522db9fe5c0e6a4512b3,100.0,103.48747699754313,196.48747699829983,99.30270000040764,93.0000000007567,3.536699994583614,34.142799995606765,60.99199999880511,0.5260999969323166,hold,response_deadline_exceeded_during_supervision,hold,deadline,True,10,0,False,False,True,True,True,True,10,0,0,0,10,0,0,10,0,True,False,False,True,35208,34023,1185,0.9663428766189502,26,10,9
armbench.pi05_optimized_cpu_replay.v1,row_00458__free_space__direct_dispatch__diagnostic_100ms,row_00458__free_space__direct_dispatch,1,458,free_space,diagnostic_100ms,539d85427650fb89affee25f827ab92f2803af4f4686cdda7625ebbcfc4e125f,c20bfe121e217568858d6301db3e88f8bbabf1604fdaa8e909eae454747800b5,100.0,82.58776900765952,176.58776901225792,102.22670000075595,94.0000000045984,6.40199999907054,32.89289999520406,62.08809999952791,0.5754000012530014,hold,supervision_budget_exceeded,hold,supervision_budget,True,10,0,False,False,True,True,True,True,10,0,0,0,10,0,0,10,0,True,False,True,False,24549,23231,1318,0.9463114587152226,26,10,9
armbench.pi05_optimized_cpu_replay.v1,row_00458__single_block__direct_dispatch__diagnostic_100ms,row_00458__single_block__direct_dispatch,1,458,single_block,diagnostic_100ms,539d85427650fb89affee25f827ab92f2803af4f4686cdda7625ebbcfc4e125f,c20bfe121e217568858d6301db3e88f8bbabf1604fdaa8e909eae454747800b5,100.0,82.50796900392743,207.50796900392743,117.0336000068346,125.0,5.955699998594355,24.62280000327155,85.10070000193082,1.0060999993584119,hold,supervision_budget_exceeded,hold,supervision_budget,True,10,0,False,False,True,True,True,True,10,0,0,0,10,0,0,10,0,True,False,True,True,28390,26878,1512,0.9467418104966537,26,10,9
armbench.pi05_optimized_cpu_replay.v1,row_00458__narrow_gate__direct_dispatch__diagnostic_100ms,row_00458__narrow_gate__direct_dispatch,1,458,narrow_gate,diagnostic_100ms,539d85427650fb89affee25f827ab92f2803af4f4686cdda7625ebbcfc4e125f,c20bfe121e217568858d6301db3e88f8bbabf1604fdaa8e909eae454747800b5,100.0,83.1604690029053,192.16046899964567,105.46070000418695,108.99999999674037,5.618200004391838,30.801200002315454,67.85990000207676,0.993200002994854,hold,supervision_budget_exceeded,hold,supervision_budget,True,10,0,False,False,True,True,True,True,10,0,0,0,10,0,0,10,0,True,False,True,False,39528,37992,1536,0.9611414693381907,28,10,10
armbench.pi05_optimized_cpu_replay.v1,row_00222__free_space__direct_dispatch__diagnostic_100ms,row_00222__free_space__direct_dispatch,2,222,free_space,diagnostic_100ms,7ed64e746df909ff0c71898c554048b30bb88de50d94a6f43787c50679b174e2,21da2b9970d3e9644b5f044a5dcc016b6b5053a5b4e9c17bce52d4303d2b3600,100.0,171.54230199957965,218.54230199824087,33.521099998324644,31.000000002677552,5.150199998752214,27.00390000245534,0.0,1.1880000020028092,hold,response_deadline_exceeded_during_supervision,hold,deadline,True,10,0,False,False,True,True,True,True,10,0,0,0,10,0,0,10,0,True,False,False,True,9555,9098,457,0.9521716378859236,8,10,1
armbench.pi05_optimized_cpu_replay.v1,row_00222__single_block__direct_dispatch__diagnostic_100ms,row_00222__single_block__direct_dispatch,2,222,single_block,diagnostic_100ms,7ed64e746df909ff0c71898c554048b30bb88de50d94a6f43787c50679b174e2,21da2b9970d3e9644b5f044a5dcc016b6b5053a5b4e9c17bce52d4303d2b3600,100.0,171.895202001906,218.89520200784318,29.993100004503503,31.000000002677552,6.064400004106574,22.378800000296906,0.0,1.3695000016014092,hold,response_deadline_exceeded_during_supervision,hold,deadline,True,10,0,False,False,True,True,True,True,10,0,0,0,10,0,0,10,0,True,False,False,True,6290,5957,333,0.9470588235294117,5,10,1
armbench.pi05_optimized_cpu_replay.v1,row_00222__narrow_gate__direct_dispatch__diagnostic_100ms,row_00222__narrow_gate__direct_dispatch,2,222,narrow_gate,diagnostic_100ms,7ed64e746df909ff0c71898c554048b30bb88de50d94a6f43787c50679b174e2,21da2b9970d3e9644b5f044a5dcc016b6b5053a5b4e9c17bce52d4303d2b3600,100.0,171.71460199460853,218.71460199326975,32.547800001339056,30.999999995401595,5.97610000113491,25.33459999540355,0.0,1.0762000019894913,hold,response_deadline_exceeded_during_supervision,hold,deadline,True,10,0,False,False,True,True,True,True,10,0,0,0,10,3,0,10,5,False,False,False,True,8856,8474,382,0.9568654019873533,6,10,1
armbench.pi05_optimized_cpu_replay.v1,row_01467__free_space__direct_dispatch__diagnostic_100ms,row_01467__free_space__direct_dispatch,3,1467,free_space,diagnostic_100ms,0d05a20d8a90b30eac6e6dfc2e65c5d447cb062d06863c48db1367dbdc8d27af,4f17f5dfea4ea95c98fd42f459cd72d84c6d64fa6c129fbeb17b753364002cf1,100.0,92.3235240043141,201.32352400105447,103.34399999555899,108.99999999674037,5.432699996163137,27.653199998894706,69.22219999978552,0.8593999955337495,hold,supervision_budget_exceeded,hold,supervision_budget,True,10,0,False,False,True,True,True,True,10,0,0,0,10,0,0,10,0,True,False,True,True,21609,20586,1023,0.9526586144661946,26,10,9
armbench.pi05_optimized_cpu_replay.v1,row_01467__single_block__direct_dispatch__diagnostic_100ms,row_01467__single_block__direct_dispatch,3,1467,single_block,diagnostic_100ms,0d05a20d8a90b30eac6e6dfc2e65c5d447cb062d06863c48db1367dbdc8d27af,4f17f5dfea4ea95c98fd42f459cd72d84c6d64fa6c129fbeb17b753364002cf1,100.0,92.74982400529552,201.74982400931185,106.55530000076396,109.00000000401633,5.258600001980085,34.35850000096252,66.35480000113603,0.4380999962450005,hold,supervision_budget_exceeded,hold,supervision_budget,True,10,0,False,False,True,True,True,True,10,0,0,0,10,0,0,10,0,True,False,True,True,25670,24355,1315,0.948772886638099,26,10,9
armbench.pi05_optimized_cpu_replay.v1,row_01467__narrow_gate__direct_dispatch__diagnostic_100ms,row_01467__narrow_gate__direct_dispatch,3,1467,narrow_gate,diagnostic_100ms,0d05a20d8a90b30eac6e6dfc2e65c5d447cb062d06863c48db1367dbdc8d27af,4f17f5dfea4ea95c98fd42f459cd72d84c6d64fa6c129fbeb17b753364002cf1,100.0,92.48282400221797,202.48282400280004,101.17510000418406,110.00000000058208,5.473299999721348,16.03400000021793,78.47030000266386,1.068700003088452,hold,supervision_budget_exceeded,hold,supervision_budget,True,10,0,False,False,True,True,True,True,10,0,0,0,10,0,0,10,0,True,False,True,True,35208,33466,1742,0.9505226084980686,28,10,10
armbench.pi05_optimized_cpu_replay.v1,row_00954__free_space__direct_dispatch__diagnostic_100ms,row_00954__free_space__direct_dispatch,4,954,free_space,diagnostic_100ms,8c426cf29f252a7c103234ca72eff693daec4272e1eff735e0f325be6c8368bb,541ef1c389b4780c1bc25075e466ca00805d06391dbce79e67b43e6b6a02ff42,100.0,84.07754999643657,209.07754999643657,115.62830000184476,108.99999999674037,5.962700000964105,56.31849999917904,52.1907000002102,0.9845999957178719,hold,supervision_budget_exceeded,hold,supervision_budget,True,10,0,False,False,True,True,True,True,10,0,0,0,10,0,0,10,0,True,False,True,True,33957,32105,1852,0.9454604352563536,20,10,6
armbench.pi05_optimized_cpu_replay.v1,row_00954__single_block__direct_dispatch__diagnostic_100ms,row_00954__single_block__direct_dispatch,4,954,single_block,diagnostic_100ms,8c426cf29f252a7c103234ca72eff693daec4272e1eff735e0f325be6c8368bb,541ef1c389b4780c1bc25075e466ca00805d06391dbce79e67b43e6b6a02ff42,100.0,83.76884999597678,192.76884999271715,103.58990000531776,93.99999999732245,6.659800004854333,68.8601000001654,27.324000002408866,0.5739999978686683,hold,supervision_budget_exceeded,hold,supervision_budget,True,10,0,False,False,True,True,True,True,10,0,0,0,10,0,0,10,0,True,False,True,False,33830,32240,1590,0.9530002955956252,18,10,5
armbench.pi05_optimized_cpu_replay.v1,row_00954__narrow_gate__direct_dispatch__diagnostic_100ms,row_00954__narrow_gate__direct_dispatch,4,954,narrow_gate,diagnostic_100ms,8c426cf29f252a7c103234ca72eff693daec4272e1eff735e0f325be6c8368bb,541ef1c389b4780c1bc25075e466ca00805d06391dbce79e67b43e6b6a02ff42,100.0,83.80704999581212,193.8070499963942,111.76420000265352,110.00000000058208,3.0981000018073246,54.18110000027809,53.8170999934664,0.5746000024373643,hold,supervision_budget_exceeded,hold,supervision_budget,True,10,0,False,False,True,True,True,True,10,0,0,0,10,0,0,10,0,True,False,True,False,49896,47579,2317,0.9535634118967452,20,10,6
armbench.pi05_optimized_cpu_replay.v1,row_01576__free_space__direct_dispatch__diagnostic_100ms,row_01576__free_space__direct_dispatch,5,1576,free_space,diagnostic_100ms,a51612a00a37d0ea3749eb912a6f60afe1d9cd2ca5587f61e5ab60e8a19f447a,ceffaae899c86b7cad94d1a21bba4a80279a12dae6dc59022e88ec0d8034bbec,100.0,109.7861300004297,203.78612999775214,95.22280000237515,93.99999999732245,5.9306999974069186,21.435800001199823,66.62219999998342,1.0580000016489066,hold,response_deadline_exceeded_during_supervision,hold,deadline,True,10,0,False,False,True,True,True,True,10,0,0,0,10,0,0,10,0,True,False,False,True,21609,20576,1033,0.9521958443241242,30,10,11
armbench.pi05_optimized_cpu_replay.v1,row_01576__single_block__direct_dispatch__diagnostic_100ms,row_01576__single_block__direct_dispatch,5,1576,single_block,diagnostic_100ms,a51612a00a37d0ea3749eb912a6f60afe1d9cd2ca5587f61e5ab60e8a19f447a,ceffaae899c86b7cad94d1a21bba4a80279a12dae6dc59022e88ec0d8034bbec,100.0,109.48412999277934,218.48412999679567,98.35770000063349,109.00000000401633,6.156399998872075,24.945600001956336,66.54659999912838,0.5302999998093583,hold,response_deadline_exceeded_during_supervision,hold,deadline,True,10,0,False,False,True,True,True,True,10,0,0,0,10,0,0,10,0,True,False,False,True,22270,21348,922,0.9585990121239335,28,10,10
armbench.pi05_optimized_cpu_replay.v1,row_01576__narrow_gate__direct_dispatch__diagnostic_100ms,row_01576__narrow_gate__direct_dispatch,5,1576,narrow_gate,diagnostic_100ms,a51612a00a37d0ea3749eb912a6f60afe1d9cd2ca5587f61e5ab60e8a19f447a,ceffaae899c86b7cad94d1a21bba4a80279a12dae6dc59022e88ec0d8034bbec,100.0,109.35532999428688,203.35532999160932,88.54999999311985,93.99999999732245,5.065800003649201,21.404200000688434,61.94179999874905,0.0,hold,response_deadline_exceeded_before_activation,accepted,,True,10,0,False,False,True,True,False,True,10,0,0,0,10,0,0,10,0,True,False,False,True,31752,30699,1053,0.9668367346938775,29,10,10
armbench.pi05_optimized_cpu_replay.v1,row_02114__free_space__direct_dispatch__diagnostic_100ms,row_02114__free_space__direct_dispatch,6,2114,free_space,diagnostic_100ms,3c8a04cfba03e28f556b668ecfc39ba1f3c6f600ae28115bb0d484f228805822,b450e7ad3d6478be6418531fda01e2f47bd1fa86a3054195fa3e89dd7bafae17,100.0,84.57347300281981,193.57347300683614,104.24900000361959,109.00000000401633,5.210999996052124,37.783500003570225,60.069300001487136,0.9922000026563182,hold,supervision_budget_exceeded,hold,supervision_budget,True,10,0,False,False,True,True,True,True,10,0,0,0,10,0,0,10,0,True,False,True,False,32193,30583,1610,0.9499891280713199,20,10,6
armbench.pi05_optimized_cpu_replay.v1,row_02114__single_block__direct_dispatch__diagnostic_100ms,row_02114__single_block__direct_dispatch,6,2114,single_block,diagnostic_100ms,3c8a04cfba03e28f556b668ecfc39ba1f3c6f600ae28115bb0d484f228805822,b450e7ad3d6478be6418531fda01e2f47bd1fa86a3054195fa3e89dd7bafae17,100.0,85.05257299839286,226.05257299437653,125.92980000044918,140.99999999598367,4.763900004036259,37.40320000360953,82.69909999944502,0.8916000006138347,hold,response_deadline_exceeded_during_supervision,hold,deadline,True,10,0,False,False,True,True,True,True,10,0,0,0,10,0,0,10,0,True,False,True,True,42670,40658,2012,0.9528474337942349,22,10,7
armbench.pi05_optimized_cpu_replay.v1,row_02114__narrow_gate__direct_dispatch__diagnostic_100ms,row_02114__narrow_gate__direct_dispatch,6,2114,narrow_gate,diagnostic_100ms,3c8a04cfba03e28f556b668ecfc39ba1f3c6f600ae28115bb0d484f228805822,b450e7ad3d6478be6418531fda01e2f47bd1fa86a3054195fa3e89dd7bafae17,100.0,85.04487299796892,132.04487299663015,32.23760000400944,46.999999998661224,6.447699997806922,25.02970000205096,0.0,0.5880999960936606,hold,continuous_edge_rejected:collision:static:gate_lower:link6,hold,continuous_collision,True,10,0,False,False,True,True,True,True,10,0,0,0,10,5,0,10,7,False,False,False,False,11664,11186,471,0.9590192043895748,6,10,1
armbench.pi05_optimized_cpu_replay.v1,row_02316__free_space__direct_dispatch__diagnostic_100ms,row_02316__free_space__direct_dispatch,7,2316,free_space,diagnostic_100ms,307d796186bec85694ad45ec5f0f36b6c2d4136025b8788f52b21f8ce81cefc3,4eb6f0c33cfea87817ea47ba3691beea6689e4326d4b265a74641f01503e5d46,100.0,81.15441800327972,206.15441800327972,109.35939999762923,109.00000000401633,4.888299998128787,22.228499998163898,80.12890000100015,1.9298999977763742,hold,supervision_budget_exceeded,hold,supervision_budget,True,10,0,False,False,True,True,True,True,10,0,0,0,10,0,0,10,0,True,False,True,True,29253,27641,1612,0.9448945407308652,28,10,10
armbench.pi05_optimized_cpu_replay.v1,row_02316__single_block__direct_dispatch__diagnostic_100ms,row_02316__single_block__direct_dispatch,7,2316,single_block,diagnostic_100ms,307d796186bec85694ad45ec5f0f36b6c2d4136025b8788f52b21f8ce81cefc3,4eb6f0c33cfea87817ea47ba3691beea6689e4326d4b265a74641f01503e5d46,100.0,81.35241799755022,206.35241799755022,114.87499999930151,125.0,3.971300000557676,31.587900004524272,77.6521999941906,1.4819999996689148,hold,supervision_budget_exceeded,hold,supervision_budget,True,10,0,False,False,True,True,True,True,10,0,0,0,10,0,0,10,0,True,False,True,True,28390,26784,1606,0.9434307854878479,24,10,8
armbench.pi05_optimized_cpu_replay.v1,row_02316__narrow_gate__direct_dispatch__diagnostic_100ms,row_02316__narrow_gate__direct_dispatch,7,2316,narrow_gate,diagnostic_100ms,307d796186bec85694ad45ec5f0f36b6c2d4136025b8788f52b21f8ce81cefc3,4eb6f0c33cfea87817ea47ba3691beea6689e4326d4b265a74641f01503e5d46,100.0,81.5732180053601,128.57321801129729,33.53219999553403,31.000000002677552,4.381800004921388,28.19209999870509,0.0,0.790000005508773,hold,continuous_edge_rejected:collision:static:gate_lower:link6,hold,continuous_collision,True,10,0,False,False,True,True,True,True,10,0,0,0,10,3,0,10,5,False,False,False,False,15552,14874,670,0.9564043209876543,8,10,1
armbench.pi05_optimized_cpu_replay.v1,row_02045__free_space__direct_dispatch__diagnostic_100ms,row_02045__free_space__direct_dispatch,8,2045,free_space,diagnostic_100ms,35bb006359368f4079d94be18fc9d2261932ba0be13c6387627761460fdfd649,21bb222523a68d85dbd4f6c83a8c1b450d40a364adf8ee4e45280df78bc18027,100.0,107.79295300744707,185.7929530015099,74.73119999485789,77.99999999406282,5.453099998703692,15.227500000037253,53.87969999719644,0.0,execute,qp_continuous_collision_and_braking_invariant_passed,accepted,,True,10,10,True,False,True,True,True,True,10,0,0,0,10,0,0,10,0,True,False,False,False,9555,9189,366,0.9616954474097331,29,10,10
armbench.pi05_optimized_cpu_replay.v1,row_02045__single_block__direct_dispatch__diagnostic_100ms,row_02045__single_block__direct_dispatch,8,2045,single_block,diagnostic_100ms,35bb006359368f4079d94be18fc9d2261932ba0be13c6387627761460fdfd649,21bb222523a68d85dbd4f6c83a8c1b450d40a364adf8ee4e45280df78bc18027,100.0,107.84735299966997,169.84735300502507,51.40659999597119,47.00000000593718,3.3045000018319115,11.483499998576008,36.50349999952596,0.0,execute,qp_continuous_collision_and_braking_invariant_passed,accepted,,True,10,10,True,False,True,True,True,True,10,0,0,0,10,0,0,10,0,True,False,False,False,12410,11830,580,0.9532634971796938,29,10,10
armbench.pi05_optimized_cpu_replay.v1,row_02045__narrow_gate__direct_dispatch__diagnostic_100ms,row_02045__narrow_gate__direct_dispatch,8,2045,narrow_gate,diagnostic_100ms,35bb006359368f4079d94be18fc9d2261932ba0be13c6387627761460fdfd649,21bb222523a68d85dbd4f6c83a8c1b450d40a364adf8ee4e45280df78bc18027,100.0,108.03035300341435,171.03035299805924,55.16460000217194,62.999999994644895,5.148399999598041,13.623000006191432,36.2271000049077,0.0,execute,qp_continuous_collision_and_braking_invariant_passed,accepted,,True,10,10,True,False,True,True,True,True,10,0,0,0,10,0,0,10,0,True,False,False,False,14040,13560,480,0.9658119658119658,29,10,10
armbench.pi05_optimized_cpu_replay.v1,row_02736__free_space__direct_dispatch__diagnostic_100ms,row_02736__free_space__direct_dispatch,9,2736,free_space,diagnostic_100ms,62b013ffb3379eba43666abbd0be0848858bc836836b094e25ea8d74cfde9e2c,0b565a6938d9bb0b57977d079796fcc4c108d1841f47a0f986253144c3870174,100.0,79.95957398816245,188.95957399217878,102.96820000075968,109.00000000401633,5.6537999989814125,33.847200000309385,62.452899997879285,0.8515999943483621,hold,supervision_budget_exceeded,hold,supervision_budget,True,10,0,False,False,True,True,True,True,10,0,0,0,10,0,0,10,0,True,False,True,False,30429,28891,1538,0.9494561109467942,20,10,6
armbench.pi05_optimized_cpu_replay.v1,row_02736__single_block__direct_dispatch__diagnostic_100ms,row_02736__single_block__direct_dispatch,9,2736,single_block,diagnostic_100ms,62b013ffb3379eba43666abbd0be0848858bc836836b094e25ea8d74cfde9e2c,0b565a6938d9bb0b57977d079796fcc4c108d1841f47a0f986253144c3870174,100.0,80.01317399612162,205.01317399612162,116.5534999963711,125.0,5.433500002254732,59.30090000038035,50.785700004780665,0.8748999971430749,hold,supervision_budget_exceeded,hold,supervision_budget,True,10,0,False,False,True,True,True,True,10,0,0,0,10,0,0,10,0,True,False,True,True,30430,28696,1734,0.9430167597765363,18,10,5
armbench.pi05_optimized_cpu_replay.v1,row_02736__narrow_gate__direct_dispatch__diagnostic_100ms,row_02736__narrow_gate__direct_dispatch,9,2736,narrow_gate,diagnostic_100ms,62b013ffb3379eba43666abbd0be0848858bc836836b094e25ea8d74cfde9e2c,0b565a6938d9bb0b57977d079796fcc4c108d1841f47a0f986253144c3870174,100.0,80.14397399529116,127.14397399395239,33.610099999350496,31.9999999992433,5.6801000027917325,27.07350000127917,0.0,0.6845999960205518,hold,continuous_edge_rejected:collision:static:gate_lower:link6,hold,continuous_collision,True,10,0,False,False,True,True,True,True,10,0,0,0,10,5,0,10,7,False,False,False,False,11664,11153,503,0.9561899862825789,6,10,1
armbench.pi05_optimized_cpu_replay.v1,row_02456__free_space__direct_dispatch__diagnostic_100ms,row_02456__free_space__direct_dispatch,10,2456,free_space,diagnostic_100ms,a805df171f5b2a0bb37e82ee33c913be28ab363a08c40943c47745c4be5f166b,606d95c489296b5f4e2fde5d9b28e0f52167c7824e5ba4cee1b52a1be5d798c3,100.0,160.5769509988022,207.57695099746343,41.33870000077877,46.999999998661224,4.5731999998679385,33.07620000123279,2.492899999197107,1.0171000030823052,hold,response_deadline_exceeded_during_supervision,hold,deadline,True,10,0,False,False,True,True,True,True,10,0,0,0,10,0,0,10,0,True,False,False,True,18081,17241,840,0.9535423925667829,12,10,2
armbench.pi05_optimized_cpu_replay.v1,row_02456__single_block__direct_dispatch__diagnostic_100ms,row_02456__single_block__direct_dispatch,10,2456,single_block,diagnostic_100ms,a805df171f5b2a0bb37e82ee33c913be28ab363a08c40943c47745c4be5f166b,606d95c489296b5f4e2fde5d9b28e0f52167c7824e5ba4cee1b52a1be5d798c3,100.0,160.99725099775242,207.99725099641364,41.2168999973801,46.999999998661224,6.39719999890076,33.4320000038133,0.0,1.210700000228826,hold,response_deadline_exceeded_during_supervision,hold,deadline,True,10,0,False,False,True,True,True,True,10,0,0,0,10,0,0,10,0,True,False,False,True,11390,10799,591,0.9481123792800702,6,10,1
armbench.pi05_optimized_cpu_replay.v1,row_02456__narrow_gate__direct_dispatch__diagnostic_100ms,row_02456__narrow_gate__direct_dispatch,10,2456,narrow_gate,diagnostic_100ms,a805df171f5b2a0bb37e82ee33c913be28ab363a08c40943c47745c4be5f166b,606d95c489296b5f4e2fde5d9b28e0f52167c7824e5ba4cee1b52a1be5d798c3,100.0,160.55815100116888,191.55815100384643,22.190099996805657,16.00000000325963,4.398400000354741,16.857900001923554,0.0,0.7554000039817765,hold,continuous_edge_rejected:collision:static:gate_lower:link6,hold,continuous_collision,True,10,0,False,False,True,True,True,True,10,0,0,0,10,5,0,10,7,False,False,False,False,11232,10725,499,0.9548611111111112,6,10,1
armbench.pi05_optimized_cpu_replay.v1,row_02938__free_space__direct_dispatch__diagnostic_100ms,row_02938__free_space__direct_dispatch,11,2938,free_space,diagnostic_100ms,30d16912ce8098c60d419bf30ed1491235b796b186f2378fa0ebdef754cc31fd,d5c708014600a7920be64b6acc05dd2153f49c780015898b4d746c2bc4c494ab,100.0,111.70350899919868,205.70350899652112,91.27080000325805,93.99999999732245,5.9834999992745,35.901700000977144,48.30260000017006,0.905699998838827,hold,response_deadline_exceeded_during_supervision,hold,deadline,True,10,0,False,False,True,True,True,True,10,0,0,0,10,0,0,10,0,True,False,False,True,28077,26617,1460,0.9480001424653631,20,10,6
armbench.pi05_optimized_cpu_replay.v1,row_02938__single_block__direct_dispatch__diagnostic_100ms,row_02938__single_block__direct_dispatch,11,2938,single_block,diagnostic_100ms,30d16912ce8098c60d419bf30ed1491235b796b186f2378fa0ebdef754cc31fd,d5c708014600a7920be64b6acc05dd2153f49c780015898b4d746c2bc4c494ab,100.0,111.67890899378108,220.6789089977974,101.21510000317357,94.0000000045984,6.11899999785237,33.520000004500616,60.35919999703765,0.9681000010459684,hold,response_deadline_exceeded_during_supervision,hold,deadline,True,10,0,False,False,True,True,True,True,10,0,0,0,10,0,0,10,0,True,False,True,True,32470,30967,1503,0.9537111179550354,20,10,6
armbench.pi05_optimized_cpu_replay.v1,row_02938__narrow_gate__direct_dispatch__diagnostic_100ms,row_02938__narrow_gate__direct_dispatch,11,2938,narrow_gate,diagnostic_100ms,30d16912ce8098c60d419bf30ed1491235b796b186f2378fa0ebdef754cc31fd,d5c708014600a7920be64b6acc05dd2153f49c780015898b4d746c2bc4c494ab,100.0,111.79980899760267,221.79980899818474,97.70550000393996,93.99999999732245,3.7188999995123595,35.28869999718154,57.97149999852991,0.607400004810188,hold,response_deadline_exceeded_during_supervision,hold,deadline,True,10,0,False,False,True,True,True,True,10,0,0,0,10,0,0,10,0,True,False,False,True,48168,46135,2033,0.9577935558877263,22,10,7
armbench.pi05_optimized_cpu_replay.v1,row_03122__free_space__direct_dispatch__diagnostic_100ms,row_03122__free_space__direct_dispatch,12,3122,free_space,diagnostic_100ms,4fd1a98f6e18bda6afca61b1213f09c92ed3fce35dcd8c4d53333ce515224354,fae786a4aad836002b16172491457936b523b19e2e002e95e4b9cb634083a717,100.0,81.44486000674078,190.44486000348115,117.13159999635536,108.99999999674037,5.363500000385102,33.48490000644233,76.99610000418033,1.1044999992009252,hold,supervision_budget_exceeded,hold,supervision_budget,True,10,0,False,False,True,True,True,True,10,0,0,0,10,0,0,10,0,True,False,True,False,26901,25435,1466,0.9455038846139548,24,10,8
armbench.pi05_optimized_cpu_replay.v1,row_03122__single_block__direct_dispatch__diagnostic_100ms,row_03122__single_block__direct_dispatch,12,3122,single_block,diagnostic_100ms,4fd1a98f6e18bda6afca61b1213f09c92ed3fce35dcd8c4d53333ce515224354,fae786a4aad836002b16172491457936b523b19e2e002e95e4b9cb634083a717,100.0,81.17976000357885,174.17976000433555,104.90050000225892,93.0000000007567,5.984600000374485,37.4733999997261,60.64949999563396,0.6091999966884032,hold,supervision_budget_exceeded,hold,supervision_budget,True,10,0,False,False,True,True,True,True,10,0,0,0,10,0,0,10,0,True,False,True,False,28390,27079,1311,0.9538217682282494,22,10,7
armbench.pi05_optimized_cpu_replay.v1,row_03122__narrow_gate__direct_dispatch__diagnostic_100ms,row_03122__narrow_gate__direct_dispatch,12,3122,narrow_gate,diagnostic_100ms,4fd1a98f6e18bda6afca61b1213f09c92ed3fce35dcd8c4d53333ce515224354,fae786a4aad836002b16172491457936b523b19e2e002e95e4b9cb634083a717,100.0,81.26705999893602,175.26706000353443,103.90530000586296,94.0000000045984,6.241100003535394,44.77599999518134,51.690399996005,1.0005000003729947,hold,supervision_budget_exceeded,hold,supervision_budget,True,10,0,False,False,True,True,True,True,10,0,0,0,10,0,0,10,0,True,False,True,False,36072,34756,1316,0.963517409625194,22,10,7
armbench.pi05_optimized_cpu_replay.v1,row_03163__free_space__direct_dispatch__diagnostic_100ms,row_03163__free_space__direct_dispatch,13,3163,free_space,diagnostic_100ms,e3ad14c7d499ec5ce4892eb2bef290b5e056a2b62568859245b6356da12457fb,ffa917dcd4fa88b9be0656ad8c111499b9a6bfff234650d693827eb9d1d5f76c,100.0,80.90778300538659,189.90778300212696,105.49970000283793,108.99999999674037,4.2354000033810735,24.89110000169603,75.61999999597901,0.5804999964311719,hold,supervision_budget_exceeded,hold,supervision_budget,True,10,0,False,False,True,True,True,True,10,0,0,0,10,0,0,10,0,True,False,True,False,30429,28831,1598,0.9474843077327549,30,10,11
armbench.pi05_optimized_cpu_replay.v1,row_03163__single_block__direct_dispatch__diagnostic_100ms,row_03163__single_block__direct_dispatch,13,3163,single_block,diagnostic_100ms,e3ad14c7d499ec5ce4892eb2bef290b5e056a2b62568859245b6356da12457fb,ffa917dcd4fa88b9be0656ad8c111499b9a6bfff234650d693827eb9d1d5f76c,100.0,80.80188299936708,205.80188299936708,112.7898999984609,125.0,6.038699997588992,33.78369999700226,72.26860000082524,0.5333000008249655,hold,supervision_budget_exceeded,hold,supervision_budget,True,10,0,False,False,True,True,True,True,10,0,0,0,10,0,0,10,0,True,False,True,True,29750,28446,1304,0.9561680672268907,26,10,9
armbench.pi05_optimized_cpu_replay.v1,row_03163__narrow_gate__direct_dispatch__diagnostic_100ms,row_03163__narrow_gate__direct_dispatch,13,3163,narrow_gate,diagnostic_100ms,e3ad14c7d499ec5ce4892eb2bef290b5e056a2b62568859245b6356da12457fb,ffa917dcd4fa88b9be0656ad8c111499b9a6bfff234650d693827eb9d1d5f76c,100.0,81.32088300044416,206.32088300044416,113.65749999822583,110.00000000058208,5.480500003613997,36.84839999914402,69.70210000145016,1.4423000029637478,hold,supervision_budget_exceeded,hold,supervision_budget,True,10,0,False,False,True,True,True,True,10,0,0,0,10,0,0,10,0,True,False,True,True,37800,36457,1343,0.9644708994708995,26,10,9
armbench.pi05_optimized_cpu_replay.v1,row_03741__free_space__direct_dispatch__diagnostic_100ms,row_03741__free_space__direct_dispatch,14,3741,free_space,diagnostic_100ms,4b7907e4aad9dc6e77f813e772c59d0c7169c40282363ff493a33e879b87cde7,919e5f396da973e2cf7f371f4f3431bd547e13a2c08ca1b5ae4da4003096c020,100.0,109.97415299789282,203.97415299521526,90.55909999733558,93.99999999732245,3.4952999994857237,29.753399998298846,56.768600006762426,0.40889999945648015,hold,response_deadline_exceeded_during_supervision,hold,deadline,True,10,0,False,False,True,True,True,True,10,0,0,0,10,0,0,10,0,True,False,False,True,28077,26489,1588,0.9434412508458881,26,10,9
armbench.pi05_optimized_cpu_replay.v1,row_03741__single_block__direct_dispatch__diagnostic_100ms,row_03741__single_block__direct_dispatch,14,3741,single_block,diagnostic_100ms,4b7907e4aad9dc6e77f813e772c59d0c7169c40282363ff493a33e879b87cde7,919e5f396da973e2cf7f371f4f3431bd547e13a2c08ca1b5ae4da4003096c020,100.0,110.02595299942186,219.0259530034382,92.49860000272747,94.0000000045984,5.895199996302836,34.9930999946082,50.530299995443784,0.9052000023075379,hold,response_deadline_exceeded_during_supervision,hold,deadline,True,10,0,False,False,True,True,True,True,10,0,0,0,10,0,0,10,0,True,False,False,True,27030,25751,1279,0.9526822049574547,22,10,7
armbench.pi05_optimized_cpu_replay.v1,row_03741__narrow_gate__direct_dispatch__diagnostic_100ms,row_03741__narrow_gate__direct_dispatch,14,3741,narrow_gate,diagnostic_100ms,4b7907e4aad9dc6e77f813e772c59d0c7169c40282363ff493a33e879b87cde7,919e5f396da973e2cf7f371f4f3431bd547e13a2c08ca1b5ae4da4003096c020,100.0,109.7219529983704,219.72195299895247,96.55089999432676,93.99999999732245,4.0280999965034425,25.108399997407105,66.5923999986262,0.6357999955071136,hold,response_deadline_exceeded_during_supervision,hold,deadline,True,10,0,False,False,True,True,True,True,10,0,0,0,10,0,0,10,0,True,False,False,True,34344,33057,1287,0.9625262054507338,22,10,7
armbench.pi05_optimized_cpu_replay.v1,row_04298__free_space__direct_dispatch__diagnostic_100ms,row_04298__free_space__direct_dispatch,15,4298,free_space,diagnostic_100ms,2c585a1039cfc500fc7fe28c85a25ec32786fd8b15a0dad94b58ee736a663d79,94e313ab8d7786043893f7af3f613152522a820610d690acb2a3edc9ef4ba28e,100.0,80.53666400519433,189.5366640019347,101.86260000045877,108.99999999674037,5.093799998576287,55.100699995819014,40.94980000081705,0.545900002180133,hold,supervision_budget_exceeded,hold,supervision_budget,True,10,0,False,False,True,True,True,True,10,0,0,0,10,0,0,10,0,True,False,True,False,28077,26497,1580,0.9437261815721053,18,10,5
armbench.pi05_optimized_cpu_replay.v1,row_04298__single_block__direct_dispatch__diagnostic_100ms,row_04298__single_block__direct_dispatch,15,4298,single_block,diagnostic_100ms,2c585a1039cfc500fc7fe28c85a25ec32786fd8b15a0dad94b58ee736a663d79,94e313ab8d7786043893f7af3f613152522a820610d690acb2a3edc9ef4ba28e,100.0,80.55936400342034,205.55936400342034,112.28809999738587,109.00000000401633,8.009199998923577,79.92169999488397,22.981400004937313,1.1328999971738085,hold,supervision_budget_exceeded,hold,supervision_budget,True,10,0,False,False,True,True,True,True,10,0,0,0,10,0,0,10,0,True,False,True,True,27030,25685,1345,0.9502404735479097,16,10,4
armbench.pi05_optimized_cpu_replay.v1,row_04298__narrow_gate__direct_dispatch__diagnostic_100ms,row_04298__narrow_gate__direct_dispatch,15,4298,narrow_gate,diagnostic_100ms,2c585a1039cfc500fc7fe28c85a25ec32786fd8b15a0dad94b58ee736a663d79,94e313ab8d7786043893f7af3f613152522a820610d690acb2a3edc9ef4ba28e,100.0,81.24266399681801,206.242663996818,116.29759999777889,109.00000000401633,6.6173000013804995,43.290599998726975,65.49159999849508,0.6919000006746501,hold,supervision_budget_exceeded,hold,supervision_budget,True,10,0,False,False,True,True,True,True,10,0,0,0,10,0,0,10,0,True,False,True,True,48168,46227,1941,0.9597035376183358,20,10,6
armbench.pi05_optimized_cpu_replay.v1,row_03805__free_space__direct_dispatch__diagnostic_100ms,row_03805__free_space__direct_dispatch,16,3805,free_space,diagnostic_100ms,ed3ed2f05c450ceca326c550433117debafac7329c3cf9d83392e865de84d20b,091b2783ea65091b38cc9287d80dd29b0944a0b9ec326d95fda267eec534df0f,100.0,142.3698360013077,220.36983600264648,63.219800002116244,63.00000000192085,4.873500001849607,37.20199999952456,20.26330000080634,0.6939000013517216,hold,response_deadline_exceeded_during_supervision,hold,deadline,True,10,0,False,False,True,True,True,True,10,0,0,0,10,0,0,10,0,True,False,False,True,14847,14170,677,0.9544015626052401,18,10,5
armbench.pi05_optimized_cpu_replay.v1,row_03805__single_block__direct_dispatch__diagnostic_100ms,row_03805__single_block__direct_dispatch,16,3805,single_block,diagnostic_100ms,ed3ed2f05c450ceca326c550433117debafac7329c3cf9d83392e865de84d20b,091b2783ea65091b38cc9287d80dd29b0944a0b9ec326d95fda267eec534df0f,100.0,142.41793600376695,173.4179360064445,27.29659999749856,16.00000000325963,5.3010999981779605,20.63550000457326,0.0,1.1731999984476715,hold,continuous_edge_rejected:collision:static:center_block:link6,hold,continuous_collision,True,10,0,False,False,True,True,True,True,10,0,0,0,10,3,0,10,4,False,False,False,False,6800,6467,326,0.9510294117647059,8,10,1
armbench.pi05_optimized_cpu_replay.v1,row_03805__narrow_gate__direct_dispatch__diagnostic_100ms,row_03805__narrow_gate__direct_dispatch,16,3805,narrow_gate,diagnostic_100ms,ed3ed2f05c450ceca326c550433117debafac7329c3cf9d83392e865de84d20b,091b2783ea65091b38cc9287d80dd29b0944a0b9ec326d95fda267eec534df0f,100.0,142.3951360047795,189.3951360034407,30.121600000711624,31.9999999992433,3.5547000006772578,25.749599997652695,0.0,0.7003999999142252,hold,continuous_edge_rejected:collision:static:gate_center:link6,hold,continuous_collision,True,10,0,False,False,True,True,True,True,10,0,0,0,10,1,0,10,3,False,False,False,False,14256,13680,570,0.9595959595959596,10,10,1
armbench.pi05_optimized_cpu_replay.v1,row_03853__free_space__direct_dispatch__diagnostic_100ms,row_03853__free_space__direct_dispatch,17,3853,free_space,diagnostic_100ms,fe36ac0713605fcc57897c367ab31e5b11dbf505ac76505ab7d16f946de13db9,f7709bd9d6a771cb40508d80a0dd423dd43ec32e003ed984a734551e880e8d3e,100.0,113.17077699641231,145.17077699565561,18.348899997363333,15.999999995983671,6.344200002786238,10.83249999646796,0.0,0.9840999991865829,hold,continuous_edge_rejected:collision:self:link5:geom_32:link7:geom_59,hold,continuous_collision,True,10,0,False,False,True,True,True,True,10,0,0,0,10,1,0,10,0,False,False,False,False,3822,3637,184,0.9515960230245945,3,10,1
armbench.pi05_optimized_cpu_replay.v1,row_03853__single_block__direct_dispatch__diagnostic_100ms,row_03853__single_block__direct_dispatch,17,3853,single_block,diagnostic_100ms,fe36ac0713605fcc57897c367ab31e5b11dbf505ac76505ab7d16f946de13db9,f7709bd9d6a771cb40508d80a0dd423dd43ec32e003ed984a734551e880e8d3e,100.0,113.29717699845787,144.29717700113542,16.39180000347551,14.999999999417923,3.3335999978589825,11.864499996590894,0.0,1.0326999981771223,hold,continuous_edge_rejected:collision:self:link5:geom_33:link7:geom_60,hold,continuous_collision,True,10,0,False,False,True,True,True,True,10,0,0,0,10,1,0,10,0,False,False,False,False,4420,4228,191,0.9565610859728507,3,10,1
armbench.pi05_optimized_cpu_replay.v1,row_03853__narrow_gate__direct_dispatch__diagnostic_100ms,row_03853__narrow_gate__direct_dispatch,17,3853,narrow_gate,diagnostic_100ms,fe36ac0713605fcc57897c367ab31e5b11dbf505ac76505ab7d16f946de13db9,f7709bd9d6a771cb40508d80a0dd423dd43ec32e003ed984a734551e880e8d3e,100.0,114.32727699866518,145.32727699406678,16.415499994764104,14.999999999417923,4.770200001075864,10.885499999858439,0.0,0.5974000014248304,hold,continuous_edge_rejected:collision:self:link5:geom_35:link7:geom_62,hold,continuous_collision,True,10,0,False,False,True,True,True,True,10,0,0,0,10,1,0,10,0,False,False,False,False,5616,5423,192,0.9656339031339032,3,10,1
armbench.pi05_optimized_cpu_replay.v1,row_04953__free_space__direct_dispatch__diagnostic_100ms,row_04953__free_space__direct_dispatch,18,4953,free_space,diagnostic_100ms,1d0a2989e76d920a59ac3a743781f15f16a583e4ded7a55d9122c2e8345072f1,af7c0afa97d566d0b6103c1987699272206fed545e580febec05c23d4443ae45,100.0,92.21125000476604,217.21125000476604,116.94599999464117,109.00000000401633,4.512699997576419,27.924899994104635,83.2869000005303,1.065500000549946,hold,response_deadline_exceeded_during_supervision,hold,deadline,True,10,0,False,False,True,True,True,True,10,0,0,0,10,0,0,10,0,True,False,True,True,26901,25167,1734,0.9355414296866288,26,10,9
armbench.pi05_optimized_cpu_replay.v1,row_04953__single_block__direct_dispatch__diagnostic_100ms,row_04953__single_block__direct_dispatch,18,4953,single_block,diagnostic_100ms,1d0a2989e76d920a59ac3a743781f15f16a583e4ded7a55d9122c2e8345072f1,af7c0afa97d566d0b6103c1987699272206fed545e580febec05c23d4443ae45,100.0,92.31015000113985,201.31015000515617,112.6081999973394,109.00000000401633,5.735700004152022,33.23880000243662,72.85419999971054,0.581899999815505,hold,response_deadline_exceeded_during_supervision,hold,deadline,True,10,0,False,False,True,True,True,True,10,0,0,0,10,0,0,10,0,True,False,True,True,28390,26816,1574,0.944557942937654,24,10,8
armbench.pi05_optimized_cpu_replay.v1,row_04953__narrow_gate__direct_dispatch__diagnostic_100ms,row_04953__narrow_gate__direct_dispatch,18,4953,narrow_gate,diagnostic_100ms,1d0a2989e76d920a59ac3a743781f15f16a583e4ded7a55d9122c2e8345072f1,af7c0afa97d566d0b6103c1987699272206fed545e580febec05c23d4443ae45,100.0,92.36935000080848,186.3693500054069,106.3369999974384,94.0000000045984,4.796399996848777,25.99039999768138,74.77790000120876,0.6245000040507875,hold,supervision_budget_exceeded,hold,supervision_budget,True,10,0,False,False,True,True,True,True,10,0,0,0,10,0,0,10,0,True,False,True,False,39528,37774,1754,0.9556263914187412,26,10,9
armbench.pi05_optimized_cpu_replay.v1,row_04773__free_space__direct_dispatch__diagnostic_100ms,row_04773__free_space__direct_dispatch,19,4773,free_space,diagnostic_100ms,0012494746ac6d95bef31165b95dad73d2233ce508b720c3e77a99bb8cb95b24,c523c8dc9161531afa6950372597ab78cbf73daa99043843e1df48ebd20b87dd,100.0,82.32979899912607,207.32979899912607,111.4716000010958,125.0,5.638299997372087,30.657900002552196,74.29079999565147,0.7005000006756745,hold,supervision_budget_exceeded,hold,supervision_budget,True,10,0,False,False,True,True,True,True,10,0,0,0,10,0,0,10,0,True,False,True,True,21903,20847,1056,0.951787426379948,26,10,9
armbench.pi05_optimized_cpu_replay.v1,row_04773__single_block__direct_dispatch__diagnostic_100ms,row_04773__single_block__direct_dispatch,19,4773,single_block,diagnostic_100ms,0012494746ac6d95bef31165b95dad73d2233ce508b720c3e77a99bb8cb95b24,c523c8dc9161531afa6950372597ab78cbf73daa99043843e1df48ebd20b87dd,100.0,82.25449900055537,192.25449900113745,101.05579999799374,93.99999999732245,3.4309000038774684,28.84710000216728,67.87289999920176,0.5097000030218624,hold,supervision_budget_exceeded,hold,supervision_budget,True,10,0,False,False,True,True,True,True,10,0,0,0,10,0,0,10,0,True,False,True,False,22610,21526,1084,0.9520566121185317,24,10,8
armbench.pi05_optimized_cpu_replay.v1,row_04773__narrow_gate__direct_dispatch__diagnostic_100ms,row_04773__narrow_gate__direct_dispatch,19,4773,narrow_gate,diagnostic_100ms,0012494746ac6d95bef31165b95dad73d2233ce508b720c3e77a99bb8cb95b24,c523c8dc9161531afa6950372597ab78cbf73daa99043843e1df48ebd20b87dd,100.0,82.55759899475379,207.5575989947538,110.17590000119526,108.99999999674037,5.351100000552833,32.50570000091102,71.60949999524746,0.5376999979489483,hold,supervision_budget_exceeded,hold,supervision_budget,True,10,0,False,False,True,True,True,True,10,0,0,0,10,0,0,10,0,True,False,True,True,32184,30771,1413,0.956096196868009,26,10,9
armbench.pi05_optimized_cpu_replay.v1,row_04462__free_space__direct_dispatch__diagnostic_100ms,row_04462__free_space__direct_dispatch,20,4462,free_space,diagnostic_100ms,70b9224f98dd7ca753ca304e5409a01563f652e68827468e70fea86b3cbcc658,4abfdd49b70a0970fc43182fee4ecd8db8b3a1103b6106940ef4768751d612f5,100.0,111.02229199605063,205.02229199337307,101.52009999728762,93.99999999732245,2.3658999998588115,25.737800002389122,72.51610000093933,0.5686000004061498,hold,response_deadline_exceeded_during_supervision,hold,deadline,True,10,0,False,False,True,True,True,True,10,0,0,0,10,0,0,10,0,True,False,True,True,28077,26561,1516,0.9460056273818428,24,10,8
armbench.pi05_optimized_cpu_replay.v1,row_04462__single_block__direct_dispatch__diagnostic_100ms,row_04462__single_block__direct_dispatch,20,4462,single_block,diagnostic_100ms,70b9224f98dd7ca753ca304e5409a01563f652e68827468e70fea86b3cbcc658,4abfdd49b70a0970fc43182fee4ecd8db8b3a1103b6106940ef4768751d612f5,100.0,111.17109200131381,127.17109200457344,27.941100001044106,16.00000000325963,4.607900002156384,22.49590000428725,0.0,0.6387999965227209,hold,continuous_edge_rejected:collision:static:center_block:link6,hold,continuous_collision,True,10,0,False,False,True,True,True,True,10,0,0,0,10,4,0,10,6,False,False,False,False,9180,8660,513,0.9433551198257081,7,10,1
armbench.pi05_optimized_cpu_replay.v1,row_04462__narrow_gate__direct_dispatch__diagnostic_100ms,row_04462__narrow_gate__direct_dispatch,20,4462,narrow_gate,diagnostic_100ms,70b9224f98dd7ca753ca304e5409a01563f652e68827468e70fea86b3cbcc658,4abfdd49b70a0970fc43182fee4ecd8db8b3a1103b6106940ef4768751d612f5,100.0,111.15519199665869,158.1551919953199,32.758599998487625,46.999999998661224,6.213400003616698,25.175399998261128,0.0,1.2050000004819594,hold,continuous_edge_rejected:collision:static:gate_center:link6,hold,continuous_collision,True,10,0,False,False,True,True,True,True,10,0,0,0,10,4,0,10,6,False,False,False,False,11232,10713,512,0.9537927350427351,7,10,1
armbench.pi05_optimized_cpu_replay.v1,row_05082__free_space__direct_dispatch__diagnostic_100ms,row_05082__free_space__direct_dispatch,21,5082,free_space,diagnostic_100ms,577d2da6f2f31ec5d381f089ea57502db82b6bcd60b682984a7bf79c80ba6092,01dade6ca27dafa314483483e6e8cc87c661081fba638c5b15cddc8479ab1bc9,100.0,110.6104869977571,219.61048699449748,104.6621999994386,108.99999999674037,2.334199998585973,54.11440000170842,47.205100003338885,0.879399995028507,hold,response_deadline_exceeded_during_supervision,hold,deadline,True,10,0,False,False,True,True,True,True,10,0,0,0,10,0,0,10,0,True,False,True,True,28665,27165,1500,0.9476713762428048,18,10,5
armbench.pi05_optimized_cpu_replay.v1,row_05082__single_block__direct_dispatch__diagnostic_100ms,row_05082__single_block__direct_dispatch,21,5082,single_block,diagnostic_100ms,577d2da6f2f31ec5d381f089ea57502db82b6bcd60b682984a7bf79c80ba6092,01dade6ca27dafa314483483e6e8cc87c661081fba638c5b15cddc8479ab1bc9,100.0,110.89368699322222,126.89368699648185,12.562900003104005,16.00000000325963,3.7573000008706003,7.9887999963830225,0.0,0.6637000042246655,hold,continuous_edge_rejected:collision:static:center_block:link6,hold,continuous_collision,True,10,0,False,False,True,True,True,True,10,0,0,0,10,7,0,10,7,False,False,False,False,5100,4826,267,0.9462745098039216,4,10,1
armbench.pi05_optimized_cpu_replay.v1,row_05082__narrow_gate__direct_dispatch__diagnostic_100ms,row_05082__narrow_gate__direct_dispatch,21,5082,narrow_gate,diagnostic_100ms,577d2da6f2f31ec5d381f089ea57502db82b6bcd60b682984a7bf79c80ba6092,01dade6ca27dafa314483483e6e8cc87c661081fba638c5b15cddc8479ab1bc9,100.0,111.32948700105771,142.3294869964593,25.492799999483395,30.999999995401595,5.994799998006783,18.822000005457085,0.0,0.47929999709594995,hold,continuous_edge_rejected:collision:static:gate_center:link7,hold,continuous_collision,True,10,0,False,False,True,True,True,True,10,0,0,0,10,5,0,10,7,False,False,False,False,14688,13974,706,0.9513888888888888,6,10,1
armbench.pi05_optimized_cpu_replay.v1,row_05128__free_space__direct_dispatch__diagnostic_100ms,row_05128__free_space__direct_dispatch,22,5128,free_space,diagnostic_100ms,0e92838da6d4cdb706e0b8d31366212826fa86c5ce6ccd320378f7981599112c,1d370b9f51508df4beed68f031701f37a5f21f8c4c255ff7d807681da0595010,100.0,81.91675999842118,190.9167600024375,101.44099999888567,109.00000000401633,4.56589999521384,19.72609999938868,76.58709999668645,0.37599999632220715,hold,supervision_budget_exceeded,hold,supervision_budget,True,10,0,False,False,True,True,True,True,10,0,0,0,10,0,0,10,0,True,False,True,False,26607,25221,1386,0.9479084451460142,26,10,9
armbench.pi05_optimized_cpu_replay.v1,row_05128__single_block__direct_dispatch__diagnostic_100ms,row_05128__single_block__direct_dispatch,22,5128,single_block,diagnostic_100ms,0e92838da6d4cdb706e0b8d31366212826fa86c5ce6ccd320378f7981599112c,1d370b9f51508df4beed68f031701f37a5f21f8c4c255ff7d807681da0595010,100.0,82.06626000173856,129.06626000039978,36.42519999993965,46.999999998661224,5.44120000267867,30.21180000359891,0.0,0.6257999993977137,hold,continuous_edge_rejected:collision:static:center_block:hand,hold,continuous_collision,True,10,0,False,False,True,True,True,True,10,0,0,0,10,3,0,10,5,False,False,False,False,9860,9347,508,0.9479716024340771,8,10,1
armbench.pi05_optimized_cpu_replay.v1,row_05128__narrow_gate__direct_dispatch__diagnostic_100ms,row_05128__narrow_gate__direct_dispatch,22,5128,narrow_gate,diagnostic_100ms,0e92838da6d4cdb706e0b8d31366212826fa86c5ce6ccd320378f7981599112c,1d370b9f51508df4beed68f031701f37a5f21f8c4c255ff7d807681da0595010,100.0,81.9978599975002,112.99786000017775,28.401600000506733,31.000000002677552,3.3731000003172085,23.71799999673385,0.0,1.1124999946332537,hold,continuous_edge_rejected:collision:static:gate_center:link7,hold,continuous_collision,True,10,0,False,False,True,True,True,True,10,0,0,0,10,1,0,10,3,False,False,False,False,19872,18926,940,0.9523953301127214,10,10,1
armbench.pi05_optimized_cpu_replay.v1,row_05011__free_space__direct_dispatch__diagnostic_100ms,row_05011__free_space__direct_dispatch,23,5011,free_space,diagnostic_100ms,24f71f3f30cc2312cc0339c738754d5367bbccc0f419fe35bd17438d01f7e5b0,5ccd6d1a2328ecc0a38473974ed081f411090ae36654167fb6a57fadcc5d3931,100.0,125.8769419946475,219.87694199196994,79.06160000129603,78.99999999790452,6.0534000003826804,42.64339999645017,29.606500000227243,0.5345999961718917,hold,response_deadline_exceeded_during_supervision,hold,deadline,True,10,0,False,False,True,True,True,True,10,0,0,0,10,0,0,10,1,False,False,False,True,25137,23749,1388,0.9447825913991328,18,10,5
armbench.pi05_optimized_cpu_replay.v1,row_05011__single_block__direct_dispatch__diagnostic_100ms,row_05011__single_block__direct_dispatch,23,5011,single_block,diagnostic_100ms,24f71f3f30cc2312cc0339c738754d5367bbccc0f419fe35bd17438d01f7e5b0,5ccd6d1a2328ecc0a38473974ed081f411090ae36654167fb6a57fadcc5d3931,100.0,125.52454199612839,219.52454199345084,83.83350000076462,78.00000000133878,6.217599999217782,52.288400001998525,24.645700003020465,0.5138000051374547,hold,response_deadline_exceeded_during_supervision,hold,deadline,True,10,0,False,False,True,True,True,True,10,0,0,0,10,0,0,10,1,False,False,False,True,23970,22734,1236,0.9484355444305381,16,10,4
armbench.pi05_optimized_cpu_replay.v1,row_05011__narrow_gate__direct_dispatch__diagnostic_100ms,row_05011__narrow_gate__direct_dispatch,23,5011,narrow_gate,diagnostic_100ms,24f71f3f30cc2312cc0339c738754d5367bbccc0f419fe35bd17438d01f7e5b0,5ccd6d1a2328ecc0a38473974ed081f411090ae36654167fb6a57fadcc5d3931,100.0,125.34244199923705,203.34244200057583,75.91430000320543,78.00000000133878,5.703199996787589,42.736700001114514,26.689899998018518,0.5646999998134561,hold,response_deadline_exceeded_during_supervision,hold,deadline,True,10,0,False,False,True,True,True,True,10,0,0,0,10,0,0,10,1,False,False,False,True,36936,35505,1431,0.9612573099415205,18,10,5
armbench.pi05_optimized_cpu_replay.v1,row_06407__free_space__direct_dispatch__diagnostic_100ms,row_06407__free_space__direct_dispatch,24,6407,free_space,diagnostic_100ms,7b5e04770f18653120842172231465c3df16a76a94e8a11104babba987988de8,163c4b568398a13e54290749468fb7e5ed31079b00f2ea8a45847de2f701b494,100.0,79.93548199738143,204.93548199738143,112.20930000126828,109.00000000401633,2.4784999986877665,30.3593999997247,78.92770000034943,0.3358999965712428,hold,supervision_budget_exceeded,hold,supervision_budget,True,10,0,False,False,True,True,True,True,10,0,0,0,10,0,0,10,0,True,False,True,True,41013,38885,2128,0.9481140126301416,24,10,8
armbench.pi05_optimized_cpu_replay.v1,row_06407__single_block__direct_dispatch__diagnostic_100ms,row_06407__single_block__direct_dispatch,24,6407,single_block,diagnostic_100ms,7b5e04770f18653120842172231465c3df16a76a94e8a11104babba987988de8,163c4b568398a13e54290749468fb7e5ed31079b00f2ea8a45847de2f701b494,100.0,79.68128198990598,110.68128199258354,23.613299999851733,31.000000002677552,5.923000004258938,16.897199995582923,0.0,0.635899996268563,hold,continuous_edge_rejected:collision:static:center_block:hand,hold,continuous_collision,True,10,0,False,False,True,True,True,True,10,0,0,0,10,5,0,10,7,False,False,False,False,8500,8041,454,0.946,6,10,1
armbench.pi05_optimized_cpu_replay.v1,row_06407__narrow_gate__direct_dispatch__diagnostic_100ms,row_06407__narrow_gate__direct_dispatch,24,6407,narrow_gate,diagnostic_100ms,7b5e04770f18653120842172231465c3df16a76a94e8a11104babba987988de8,163c4b568398a13e54290749468fb7e5ed31079b00f2ea8a45847de2f701b494,100.0,79.81598198966822,126.81598198832944,44.71529999864288,46.999999998661224,2.869199997803662,40.39550000015879,0.0,1.334200002020225,hold,continuous_edge_rejected:collision:static:gate_lower:link6,hold,continuous_collision,True,10,0,False,False,True,True,True,True,10,0,0,0,10,3,0,10,5,False,False,False,False,18144,17251,883,0.9507826278659612,8,10,1
armbench.pi05_optimized_cpu_replay.v1,row_06364__free_space__direct_dispatch__diagnostic_100ms,row_06364__free_space__direct_dispatch,25,6364,free_space,diagnostic_100ms,099bef15a0770071b640eb04fb9e343f82702d9e681553817b0e1967bc447ca8,ad141d2432b6f05d03249225fd1c40933676be458ff6debfc024bc3605ae5e44,100.0,82.34263800113695,207.34263800113695,108.68599999957951,110.00000000058208,5.036499998823274,24.123299997881986,78.3201000012923,1.0304000024916604,hold,supervision_budget_exceeded,hold,supervision_budget,True,10,0,False,False,True,True,True,True,10,0,0,0,10,0,0,10,0,True,False,True,True,22785,21751,1034,0.9546192670616633,30,10,11
armbench.pi05_optimized_cpu_replay.v1,row_06364__single_block__direct_dispatch__diagnostic_100ms,row_06364__single_block__direct_dispatch,25,6364,single_block,diagnostic_100ms,099bef15a0770071b640eb04fb9e343f82702d9e681553817b0e1967bc447ca8,ad141d2432b6f05d03249225fd1c40933676be458ff6debfc024bc3605ae5e44,100.0,82.07083799061365,113.0708379932912,28.611199995793868,31.000000002677552,5.318000003171619,22.48900000267895,0.0,0.6372999996528961,hold,continuous_edge_rejected:collision:static:center_block:hand,hold,continuous_collision,True,10,0,False,False,True,True,True,True,10,0,0,0,10,1,0,10,3,False,False,False,False,9180,8802,373,0.9588235294117647,10,10,1
armbench.pi05_optimized_cpu_replay.v1,row_06364__narrow_gate__direct_dispatch__diagnostic_100ms,row_06364__narrow_gate__direct_dispatch,25,6364,narrow_gate,diagnostic_100ms,099bef15a0770071b640eb04fb9e343f82702d9e681553817b0e1967bc447ca8,ad141d2432b6f05d03249225fd1c40933676be458ff6debfc024bc3605ae5e44,100.0,82.32073799445061,176.32073799177306,81.80459999857703,78.99999999790452,4.291000004741363,14.488399996480439,62.88420000055339,0.0,execute,qp_continuous_collision_and_braking_invariant_passed,accepted,,True,10,10,True,False,True,True,True,True,10,0,0,0,10,0,0,10,0,True,False,False,False,33480,31875,1605,0.9520609318996416,29,10,10
armbench.pi05_optimized_cpu_replay.v1,row_06056__free_space__direct_dispatch__diagnostic_100ms,row_06056__free_space__direct_dispatch,26,6056,free_space,diagnostic_100ms,d0b5162cd61b5df39a5caf842d2257e7f6d300cbbf1f21fa30dcf183810e85e2,c9a378e3af3f286959ccc6ce0aab8e5df4db1d375fa82cf308f21e70bfb38b4e,100.0,119.53662599989912,213.53662599722156,84.31549999659183,78.00000000133878,4.468999999517109,34.198399996967055,44.50939999514958,0.9884999963105656,hold,response_deadline_exceeded_during_supervision,hold,deadline,True,10,0,False,False,True,True,True,True,10,0,0,0,10,0,0,10,0,True,False,False,True,17199,16424,775,0.9549392406535264,20,10,6
armbench.pi05_optimized_cpu_replay.v1,row_06056__single_block__direct_dispatch__diagnostic_100ms,row_06056__single_block__direct_dispatch,26,6056,single_block,diagnostic_100ms,d0b5162cd61b5df39a5caf842d2257e7f6d300cbbf1f21fa30dcf183810e85e2,c9a378e3af3f286959ccc6ce0aab8e5df4db1d375fa82cf308f21e70bfb38b4e,100.0,119.18442600290291,213.18442600750132,81.8933000045945,78.00000000133878,5.681299997377209,28.841600003943313,46.64690000208793,0.559599997359328,hold,response_deadline_exceeded_during_supervision,hold,deadline,True,10,0,False,False,True,True,True,True,10,0,0,0,10,0,0,10,0,True,False,False,True,25330,24294,1036,0.9590998815633636,24,10,8
armbench.pi05_optimized_cpu_replay.v1,row_06056__narrow_gate__direct_dispatch__diagnostic_100ms,row_06056__narrow_gate__direct_dispatch,26,6056,narrow_gate,diagnostic_100ms,d0b5162cd61b5df39a5caf842d2257e7f6d300cbbf1f21fa30dcf183810e85e2,c9a378e3af3f286959ccc6ce0aab8e5df4db1d375fa82cf308f21e70bfb38b4e,100.0,119.34112600283697,228.34112599957734,92.56319999985863,93.0000000007567,5.40519999776734,32.90230000129668,53.70330000005197,0.389000000723172,hold,response_deadline_exceeded_during_supervision,hold,deadline,True,10,0,False,False,True,True,True,True,10,0,0,0,10,0,0,10,0,True,False,False,True,28728,27669,1059,0.9631370091896407,22,10,7
armbench.pi05_optimized_cpu_replay.v1,row_07683__free_space__direct_dispatch__diagnostic_100ms,row_07683__free_space__direct_dispatch,27,7683,free_space,diagnostic_100ms,a00422d34079c464db8df8c5409bf2828aea05bbf77b08b587c170edb57e57c7,61b0433210982b6803e6e79c30ad66cf82384038c635fbc9cec97f43c2d5f63a,100.0,80.2862310083583,205.2862310083583,108.51019999972777,109.00000000401633,4.858899999817368,56.66210000345018,45.4091999999946,1.402800000505522,hold,supervision_budget_exceeded,hold,supervision_budget,True,10,0,False,False,True,True,True,True,10,0,0,0,10,0,0,10,0,True,False,True,True,26901,25426,1475,0.9451693245604252,18,10,5
armbench.pi05_optimized_cpu_replay.v1,row_07683__single_block__direct_dispatch__diagnostic_100ms,row_07683__single_block__direct_dispatch,27,7683,single_block,diagnostic_100ms,a00422d34079c464db8df8c5409bf2828aea05bbf77b08b587c170edb57e57c7,61b0433210982b6803e6e79c30ad66cf82384038c635fbc9cec97f43c2d5f63a,100.0,80.42503100296017,205.42503100296017,108.33969999657711,109.00000000401633,5.1051000045845285,54.834199996548705,47.415799999726005,0.811099998827558,hold,supervision_budget_exceeded,hold,supervision_budget,True,10,0,False,False,True,True,True,True,10,0,0,0,10,0,0,10,0,True,False,True,True,31110,29604,1506,0.9515911282545805,18,10,5
armbench.pi05_optimized_cpu_replay.v1,row_07683__narrow_gate__direct_dispatch__diagnostic_100ms,row_07683__narrow_gate__direct_dispatch,27,7683,narrow_gate,diagnostic_100ms,a00422d34079c464db8df8c5409bf2828aea05bbf77b08b587c170edb57e57c7,61b0433210982b6803e6e79c30ad66cf82384038c635fbc9cec97f43c2d5f63a,100.0,80.37813100963831,174.37813101423671,104.05670000181999,94.0000000045984,5.62530000024708,59.54189999465598,37.68069999932777,1.0069999989354983,hold,supervision_budget_exceeded,hold,supervision_budget,True,10,0,False,False,True,True,True,True,10,0,0,0,10,0,0,10,0,True,False,True,False,39528,38031,1497,0.9621281117182756,18,10,5
armbench.pi05_optimized_cpu_replay.v1,row_07373__free_space__direct_dispatch__diagnostic_100ms,row_07373__free_space__direct_dispatch,28,7373,free_space,diagnostic_100ms,e342e284a6b9329bf43b6560e5358b71495f40177533837036afecf930c2b4c0,3dbd650490cea64352a1dbaccb6f541b5a9d1998528a622fd0fd896330c63f5e,100.0,95.29193700291216,173.29193699697498,75.37719999527326,77.99999999406282,3.6815999992541037,12.871999999333639,58.71220000699395,0.0,execute,qp_continuous_collision_and_braking_invariant_passed,accepted,,True,10,10,True,False,True,True,True,True,10,0,0,0,10,0,0,10,0,True,False,False,False,18081,17261,820,0.9546485260770975,29,10,10
armbench.pi05_optimized_cpu_replay.v1,row_07373__single_block__direct_dispatch__diagnostic_100ms,row_07373__single_block__direct_dispatch,28,7373,single_block,diagnostic_100ms,e342e284a6b9329bf43b6560e5358b71495f40177533837036afecf930c2b4c0,3dbd650490cea64352a1dbaccb6f541b5a9d1998528a622fd0fd896330c63f5e,100.0,94.81193700048607,156.81193699856522,73.7784000011743,61.99999999807915,5.170899996301159,21.954800002276897,45.3923000022769,1.091000005544629,hold,braking_invariant_failed:inter_sample_collision,hold,dynamics_braking,True,10,0,False,False,True,True,True,True,10,0,0,0,10,0,0,10,1,False,False,False,False,19720,18760,954,0.9513184584178499,30,10,11
armbench.pi05_optimized_cpu_replay.v1,row_07373__narrow_gate__direct_dispatch__diagnostic_100ms,row_07373__narrow_gate__direct_dispatch,28,7373,narrow_gate,diagnostic_100ms,e342e284a6b9329bf43b6560e5358b71495f40177533837036afecf930c2b4c0,3dbd650490cea64352a1dbaccb6f541b5a9d1998528a622fd0fd896330c63f5e,100.0,94.97553700202843,203.97553700604476,96.17959999741288,109.00000000401633,5.019900003389921,28.258899998036213,62.75420000019949,0.0,hold,response_deadline_exceeded_before_activation,accepted,,True,10,0,False,False,True,True,False,True,10,0,0,0,10,0,0,10,0,True,False,False,True,26568,25648,920,0.9653718759409816,29,10,10
armbench.pi05_optimized_cpu_replay.v1,row_07772__free_space__direct_dispatch__diagnostic_100ms,row_07772__free_space__direct_dispatch,29,7772,free_space,diagnostic_100ms,c3533edfda4b0016620bef05041c1b2e100c114929dc01b6c006379c8f39062d,f9efe20bb0146929d0da2aab6cb2d34cae1c034a2e8891af5c57bfffe379dbff,100.0,109.84383399772923,219.8438339983113,95.3594999955385,93.99999999732245,5.865999999514315,48.2521000012639,40.612499993585516,0.4441999990376644,hold,response_deadline_exceeded_during_supervision,hold,deadline,True,10,0,False,False,True,True,True,True,10,0,0,0,10,0,0,10,0,True,False,False,True,27783,26366,1417,0.9489975884533708,18,10,5
armbench.pi05_optimized_cpu_replay.v1,row_07772__single_block__direct_dispatch__diagnostic_100ms,row_07772__single_block__direct_dispatch,29,7772,single_block,diagnostic_100ms,c3533edfda4b0016620bef05041c1b2e100c114929dc01b6c006379c8f39062d,f9efe20bb0146929d0da2aab6cb2d34cae1c034a2e8891af5c57bfffe379dbff,100.0,109.91603399452288,218.91603399126325,102.73429999506334,108.99999999674037,3.9821000027586706,41.87320000346517,56.005499995080754,0.6759999960195273,hold,response_deadline_exceeded_during_supervision,hold,deadline,True,10,0,False,False,True,True,True,True,10,0,0,0,10,0,0,10,0,True,False,True,True,37570,35701,1869,0.9502528613255257,20,10,6
armbench.pi05_optimized_cpu_replay.v1,row_07772__narrow_gate__direct_dispatch__diagnostic_100ms,row_07772__narrow_gate__direct_dispatch,29,7772,narrow_gate,diagnostic_100ms,c3533edfda4b0016620bef05041c1b2e100c114929dc01b6c006379c8f39062d,f9efe20bb0146929d0da2aab6cb2d34cae1c034a2e8891af5c57bfffe379dbff,100.0,109.8769340023864,140.87693400506396,30.06219999952009,31.000000002677552,6.555400002980605,22.650200000498444,0.0,0.6955999997444451,hold,continuous_edge_rejected:collision:static:gate_lower:link6,hold,continuous_collision,True,10,0,False,False,True,True,True,True,10,0,0,0,10,4,0,10,5,False,False,False,False,14688,14101,582,0.9600354030501089,7,10,1
