schema_version,case_id,source_case_id,selection_index,source_row_index,scenario,profile,response_action_sha256,input_action_sha256,supervision_budget_ms,base_response_age_ms,activation_response_age_ms,supervisor_latency_ms,assurance_worker_latency_ms,qp_latency_ms,continuous_collision_latency_ms,dynamics_braking_latency_ms,fallback_brake_latency_ms,status,reason,supervisor_status,failure_stage,candidate_complete,candidate_action_count,published_action_count,policy_actions_executable,partial_prefix_exposed,all_or_none_publication,assurance_worker_thread_separate,fallback_validated,qp_feasible,qp_intervention_steps,joint_position_violation_steps,joint_velocity_violation_steps,joint_acceleration_violation_steps,continuous_edges_checked,continuous_unsafe_edges,continuous_indeterminate_edges,braking_boundaries_checked,braking_invalid_boundaries,all_registered_constraints_satisfied,unsafe_plan_published,software_budget_exceeded,response_deadline_exceeded,broad_phase_pair_tests,broad_phase_pruned_pairs,broad_phase_exact_pair_evaluations,broad_phase_prune_rate,safe_configuration_cache_hits,persistent_qp_solve_calls,persistent_brake_validation_calls
armbench.pi05_optimized_cpu_replay.v1,row_00763__free_space__direct_dispatch__operational_20ms,row_00763__free_space__direct_dispatch,0,763,free_space,operational_20ms,2ba514276e139d381b7b19bf859e964ad7e1b157ca9f234909fb87328f08ec28,e4ddff608fdc24bbe79f4f345b6ad772cc7e47679fd0522db9fe5c0e6a4512b3,20.0,103.75407699757488,135.75407699681818,21.91310000489466,15.999999995983671,4.507600002398249,15.893299998424482,0.0,0.5988999982946552,hold,supervision_budget_exceeded,hold,supervision_budget,True,10,0,False,False,True,True,True,True,10,0,0,0,10,0,0,10,0,True,False,True,False,7791,7454,337,0.9567449621357977,8,10,1
armbench.pi05_optimized_cpu_replay.v1,row_00763__single_block__direct_dispatch__operational_20ms,row_00763__single_block__direct_dispatch,0,763,single_block,operational_20ms,2ba514276e139d381b7b19bf859e964ad7e1b157ca9f234909fb87328f08ec28,e4ddff608fdc24bbe79f4f345b6ad772cc7e47679fd0522db9fe5c0e6a4512b3,20.0,102.52607700385852,133.5260769992601,21.965799998724833,14.999999999417923,7.067999998980667,13.344300001335796,0.0,1.3384000048972666,hold,supervision_budget_exceeded,hold,supervision_budget,True,10,0,False,False,True,True,True,True,10,0,0,0,10,0,0,10,0,True,False,True,False,4930,4746,184,0.9626774847870182,5,10,1
armbench.pi05_optimized_cpu_replay.v1,row_00763__narrow_gate__direct_dispatch__operational_20ms,row_00763__narrow_gate__direct_dispatch,0,763,narrow_gate,operational_20ms,2ba514276e139d381b7b19bf859e964ad7e1b157ca9f234909fb87328f08ec28,e4ddff608fdc24bbe79f4f345b6ad772cc7e47679fd0522db9fe5c0e6a4512b3,20.0,103.48747699754313,134.48747699294472,23.925599998619873,30.999999995401595,5.379899994295556,17.20249999925727,0.0,1.2142999985371716,hold,supervision_budget_exceeded,hold,supervision_budget,True,10,0,False,False,True,True,True,True,10,0,0,0,10,0,0,10,0,True,False,True,False,9720,9434,286,0.9705761316872428,7,10,1
armbench.pi05_optimized_cpu_replay.v1,row_00458__free_space__direct_dispatch__operational_20ms,row_00458__free_space__direct_dispatch,1,458,free_space,operational_20ms,539d85427650fb89affee25f827ab92f2803af4f4686cdda7625ebbcfc4e125f,c20bfe121e217568858d6301db3e88f8bbabf1604fdaa8e909eae454747800b5,20.0,82.58776900765952,113.58776901033707,24.32839999528369,31.000000002677552,3.4930000038002618,19.605400004365947,0.0,1.1144999953103252,hold,supervision_budget_exceeded,hold,supervision_budget,True,10,0,False,False,True,True,True,True,10,0,0,0,10,0,0,10,0,True,False,True,False,6027,5766,261,0.9566948730711797,6,10,1
armbench.pi05_optimized_cpu_replay.v1,row_00458__single_block__direct_dispatch__operational_20ms,row_00458__single_block__direct_dispatch,1,458,single_block,operational_20ms,539d85427650fb89affee25f827ab92f2803af4f4686cdda7625ebbcfc4e125f,c20bfe121e217568858d6301db3e88f8bbabf1604fdaa8e909eae454747800b5,20.0,82.50796900392743,113.50796900660498,21.77300000039395,31.000000002677552,2.1176000009290874,18.391599995084107,0.0,1.1557000034372322,hold,supervision_budget_exceeded,hold,supervision_budget,True,10,0,False,False,True,True,True,True,10,0,0,0,10,0,0,10,0,True,False,True,False,8330,7946,384,0.9539015606242497,7,10,1
armbench.pi05_optimized_cpu_replay.v1,row_00458__narrow_gate__direct_dispatch__operational_20ms,row_00458__narrow_gate__direct_dispatch,1,458,narrow_gate,operational_20ms,539d85427650fb89affee25f827ab92f2803af4f4686cdda7625ebbcfc4e125f,c20bfe121e217568858d6301db3e88f8bbabf1604fdaa8e909eae454747800b5,20.0,83.1604690029053,114.16046900558285,23.21720000327332,16.00000000325963,4.617300000973046,17.315799996140413,0.0,1.1078000025008805,hold,supervision_budget_exceeded,hold,supervision_budget,True,10,0,False,False,True,True,True,True,10,0,0,0,10,0,0,10,0,True,False,True,False,10584,10249,335,0.9683484504913077,7,10,1
armbench.pi05_optimized_cpu_replay.v1,row_00222__free_space__direct_dispatch__operational_20ms,row_00222__free_space__direct_dispatch,2,222,free_space,operational_20ms,7ed64e746df909ff0c71898c554048b30bb88de50d94a6f43787c50679b174e2,21da2b9970d3e9644b5f044a5dcc016b6b5053a5b4e9c17bce52d4303d2b3600,20.0,171.54230199957965,202.5423020022572,25.747699997737072,31.000000002677552,3.5896000044886023,20.82700000028126,0.0,1.210700000228826,hold,supervision_budget_exceeded,hold,supervision_budget,True,10,0,False,False,True,True,True,True,10,0,0,0,10,0,0,10,0,True,False,True,True,6027,5746,281,0.9533764725402356,6,10,1
armbench.pi05_optimized_cpu_replay.v1,row_00222__single_block__direct_dispatch__operational_20ms,row_00222__single_block__direct_dispatch,2,222,single_block,operational_20ms,7ed64e746df909ff0c71898c554048b30bb88de50d94a6f43787c50679b174e2,21da2b9970d3e9644b5f044a5dcc016b6b5053a5b4e9c17bce52d4303d2b3600,20.0,171.895202001906,218.89520200056722,35.72620000340976,46.999999998661224,5.198500002734363,29.078500003379304,0.0,1.2857000037911348,hold,response_deadline_exceeded_during_supervision,hold,deadline,True,10,0,False,False,True,True,True,True,10,0,0,0,10,0,0,10,0,True,False,True,True,11390,10791,599,0.9474100087796312,6,10,1
armbench.pi05_optimized_cpu_replay.v1,row_00222__narrow_gate__direct_dispatch__operational_20ms,row_00222__narrow_gate__direct_dispatch,2,222,narrow_gate,operational_20ms,7ed64e746df909ff0c71898c554048b30bb88de50d94a6f43787c50679b174e2,21da2b9970d3e9644b5f044a5dcc016b6b5053a5b4e9c17bce52d4303d2b3600,20.0,171.71460199460853,202.71460199728608,25.22789999784436,31.000000002677552,5.702199996449053,18.02499999757856,0.0,1.2999000027775764,hold,supervision_budget_exceeded,hold,supervision_budget,True,10,0,False,False,True,True,True,True,10,0,0,0,10,3,0,10,5,False,False,True,True,7128,6844,284,0.9601571268237935,5,10,1
armbench.pi05_optimized_cpu_replay.v1,row_01467__free_space__direct_dispatch__operational_20ms,row_01467__free_space__direct_dispatch,3,1467,free_space,operational_20ms,0d05a20d8a90b30eac6e6dfc2e65c5d447cb062d06863c48db1367dbdc8d27af,4f17f5dfea4ea95c98fd42f459cd72d84c6d64fa6c129fbeb17b753364002cf1,20.0,92.3235240043141,108.32352400757372,21.906400004809257,16.00000000325963,5.303099998855032,15.263000001141336,0.0,1.1463999981060624,hold,supervision_budget_exceeded,hold,supervision_budget,True,10,0,False,False,True,True,True,True,10,0,0,0,10,0,0,10,0,True,False,True,False,6321,6054,267,0.9577598481252966,7,10,1
armbench.pi05_optimized_cpu_replay.v1,row_01467__single_block__direct_dispatch__operational_20ms,row_01467__single_block__direct_dispatch,3,1467,single_block,operational_20ms,0d05a20d8a90b30eac6e6dfc2e65c5d447cb062d06863c48db1367dbdc8d27af,4f17f5dfea4ea95c98fd42f459cd72d84c6d64fa6c129fbeb17b753364002cf1,20.0,92.74982400529552,123.74982400797307,23.944699998537544,31.000000002677552,6.185300000652205,16.52530000137631,0.0,1.054400003340561,hold,supervision_budget_exceeded,hold,supervision_budget,True,10,0,False,False,True,True,True,True,10,0,0,0,10,0,0,10,0,True,False,True,False,4590,4394,196,0.9572984749455338,5,10,1
armbench.pi05_optimized_cpu_replay.v1,row_01467__narrow_gate__direct_dispatch__operational_20ms,row_01467__narrow_gate__direct_dispatch,3,1467,narrow_gate,operational_20ms,0d05a20d8a90b30eac6e6dfc2e65c5d447cb062d06863c48db1367dbdc8d27af,4f17f5dfea4ea95c98fd42f459cd72d84c6d64fa6c129fbeb17b753364002cf1,20.0,92.48282400221797,124.48282400146127,22.594900001422502,31.9999999992433,5.696600004739594,15.882600004260894,0.0,0.8385999972233549,hold,supervision_budget_exceeded,hold,supervision_budget,True,10,0,False,False,True,True,True,True,10,0,0,0,10,0,0,10,0,True,False,True,False,7560,7281,279,0.9630952380952381,6,10,1
armbench.pi05_optimized_cpu_replay.v1,row_00954__free_space__direct_dispatch__operational_20ms,row_00954__free_space__direct_dispatch,4,954,free_space,operational_20ms,8c426cf29f252a7c103234ca72eff693daec4272e1eff735e0f325be6c8368bb,541ef1c389b4780c1bc25075e466ca00805d06391dbce79e67b43e6b6a02ff42,20.0,84.07754999643657,116.07754999567987,30.55540000059409,15.999999995983671,5.069499995443039,24.004300001251977,0.0,1.2907999989693053,hold,supervision_budget_exceeded,hold,supervision_budget,True,10,0,False,False,True,True,True,True,10,0,0,0,10,0,0,10,0,True,False,True,False,6615,6294,321,0.9514739229024943,4,10,1
armbench.pi05_optimized_cpu_replay.v1,row_00954__single_block__direct_dispatch__operational_20ms,row_00954__single_block__direct_dispatch,4,954,single_block,operational_20ms,8c426cf29f252a7c103234ca72eff693daec4272e1eff735e0f325be6c8368bb,541ef1c389b4780c1bc25075e466ca00805d06391dbce79e67b43e6b6a02ff42,20.0,83.76884999597678,114.76884999137837,27.21140000357991,30.999999995401595,5.347599995729979,20.782100000360515,0.0,0.9293999974033795,hold,supervision_budget_exceeded,hold,supervision_budget,True,10,0,False,False,True,True,True,True,10,0,0,0,10,0,0,10,0,True,False,True,False,7650,7311,339,0.9556862745098039,4,10,1
armbench.pi05_optimized_cpu_replay.v1,row_00954__narrow_gate__direct_dispatch__operational_20ms,row_00954__narrow_gate__direct_dispatch,4,954,narrow_gate,operational_20ms,8c426cf29f252a7c103234ca72eff693daec4272e1eff735e0f325be6c8368bb,541ef1c389b4780c1bc25075e466ca00805d06391dbce79e67b43e6b6a02ff42,20.0,83.80704999581212,129.8070499979076,26.126599994313437,31.000000002677552,6.150799999886658,18.89639999717474,0.0,0.8704000065336004,hold,supervision_budget_exceeded,hold,supervision_budget,True,10,0,False,False,True,True,True,True,10,0,0,0,10,0,0,10,0,True,False,True,False,6264,6027,237,0.9621647509578544,3,10,1
armbench.pi05_optimized_cpu_replay.v1,row_01576__free_space__direct_dispatch__operational_20ms,row_01576__free_space__direct_dispatch,5,1576,free_space,operational_20ms,a51612a00a37d0ea3749eb912a6f60afe1d9cd2ca5587f61e5ab60e8a19f447a,ceffaae899c86b7cad94d1a21bba4a80279a12dae6dc59022e88ec0d8034bbec,20.0,109.7861300004297,140.78613000310725,21.277700005157385,31.000000002677552,7.026299994322471,12.996899997233413,0.0,0.9996000007959083,hold,supervision_budget_exceeded,hold,supervision_budget,True,10,0,False,False,True,True,True,True,10,0,0,0,10,0,0,10,0,True,False,True,False,4851,4636,215,0.9556792413935271,5,10,1
armbench.pi05_optimized_cpu_replay.v1,row_01576__single_block__direct_dispatch__operational_20ms,row_01576__single_block__direct_dispatch,5,1576,single_block,operational_20ms,a51612a00a37d0ea3749eb912a6f60afe1d9cd2ca5587f61e5ab60e8a19f447a,ceffaae899c86b7cad94d1a21bba4a80279a12dae6dc59022e88ec0d8034bbec,20.0,109.48412999277934,140.48412998818094,29.23690000170609,30.999999995401595,5.5668999993940815,19.430000000284053,0.0,4.017400002339855,hold,supervision_budget_exceeded,hold,supervision_budget,True,10,0,False,False,True,True,True,True,10,0,0,0,10,0,0,10,0,True,False,True,False,3570,3423,147,0.9588235294117647,3,10,1
armbench.pi05_optimized_cpu_replay.v1,row_01576__narrow_gate__direct_dispatch__operational_20ms,row_01576__narrow_gate__direct_dispatch,5,1576,narrow_gate,operational_20ms,a51612a00a37d0ea3749eb912a6f60afe1d9cd2ca5587f61e5ab60e8a19f447a,ceffaae899c86b7cad94d1a21bba4a80279a12dae6dc59022e88ec0d8034bbec,20.0,109.35532999428688,141.35532999353018,25.127000000793487,15.999999995983671,8.353400000487454,15.363599995907862,0.0,1.1684999990393408,hold,supervision_budget_exceeded,hold,supervision_budget,True,10,0,False,False,True,True,True,True,10,0,0,0,10,0,0,10,0,True,False,True,False,4536,4391,145,0.9680335097001763,3,10,1
armbench.pi05_optimized_cpu_replay.v1,row_02114__free_space__direct_dispatch__operational_20ms,row_02114__free_space__direct_dispatch,6,2114,free_space,operational_20ms,3c8a04cfba03e28f556b668ecfc39ba1f3c6f600ae28115bb0d484f228805822,b450e7ad3d6478be6418531fda01e2f47bd1fa86a3054195fa3e89dd7bafae17,20.0,84.57347300281981,115.57347300549736,25.107400004344527,16.00000000325963,5.358000002161134,18.55730000534095,0.0,0.9524999986751936,hold,supervision_budget_exceeded,hold,supervision_budget,True,10,0,False,False,True,True,True,True,10,0,0,0,10,0,0,10,0,True,False,True,False,5439,5204,235,0.9567935282220996,4,10,1
armbench.pi05_optimized_cpu_replay.v1,row_02114__single_block__direct_dispatch__operational_20ms,row_02114__single_block__direct_dispatch,6,2114,single_block,operational_20ms,3c8a04cfba03e28f556b668ecfc39ba1f3c6f600ae28115bb0d484f228805822,b450e7ad3d6478be6418531fda01e2f47bd1fa86a3054195fa3e89dd7bafae17,20.0,85.05257299839286,132.05257299705409,21.282200003042817,30.999999995401595,8.946599999035243,11.06459999573417,0.0,1.0895000013988465,hold,supervision_budget_exceeded,hold,supervision_budget,True,10,0,False,False,True,True,True,True,10,0,0,0,10,0,0,10,0,True,False,True,False,2210,2128,82,0.96289592760181,2,10,1
armbench.pi05_optimized_cpu_replay.v1,row_02114__narrow_gate__direct_dispatch__operational_20ms,row_02114__narrow_gate__direct_dispatch,6,2114,narrow_gate,operational_20ms,3c8a04cfba03e28f556b668ecfc39ba1f3c6f600ae28115bb0d484f228805822,b450e7ad3d6478be6418531fda01e2f47bd1fa86a3054195fa3e89dd7bafae17,20.0,85.04487299796892,116.04487300064648,23.138299999118317,31.000000002677552,7.445800001733005,14.048199998796917,0.0,1.4503999991575256,hold,supervision_budget_exceeded,hold,supervision_budget,True,10,0,False,False,True,True,True,True,10,0,0,0,10,5,0,10,7,False,False,True,False,4536,4376,160,0.9647266313932981,3,10,1
armbench.pi05_optimized_cpu_replay.v1,row_02316__free_space__direct_dispatch__operational_20ms,row_02316__free_space__direct_dispatch,7,2316,free_space,operational_20ms,307d796186bec85694ad45ec5f0f36b6c2d4136025b8788f52b21f8ce81cefc3,4eb6f0c33cfea87817ea47ba3691beea6689e4326d4b265a74641f01503e5d46,20.0,81.15441800327972,97.15441800653934,21.573199999693315,16.00000000325963,5.1767999975709245,15.106099999684375,0.0,1.1452999970060773,hold,supervision_budget_exceeded,hold,supervision_budget,True,10,0,False,False,True,True,True,True,10,0,0,0,10,0,0,10,0,True,False,True,False,4263,4077,186,0.956368754398311,4,10,1
armbench.pi05_optimized_cpu_replay.v1,row_02316__single_block__direct_dispatch__operational_20ms,row_02316__single_block__direct_dispatch,7,2316,single_block,operational_20ms,307d796186bec85694ad45ec5f0f36b6c2d4136025b8788f52b21f8ce81cefc3,4eb6f0c33cfea87817ea47ba3691beea6689e4326d4b265a74641f01503e5d46,20.0,81.35241799755022,113.35241799679352,26.395100001536775,15.999999995983671,8.275299995148089,16.422100001364015,0.0,1.488399997469969,hold,supervision_budget_exceeded,hold,supervision_budget,True,10,0,False,False,True,True,True,True,10,0,0,0,10,0,0,10,0,True,False,True,False,3570,3421,149,0.9582633053221289,3,10,1
armbench.pi05_optimized_cpu_replay.v1,row_02316__narrow_gate__direct_dispatch__operational_20ms,row_02316__narrow_gate__direct_dispatch,7,2316,narrow_gate,operational_20ms,307d796186bec85694ad45ec5f0f36b6c2d4136025b8788f52b21f8ce81cefc3,4eb6f0c33cfea87817ea47ba3691beea6689e4326d4b265a74641f01503e5d46,20.0,81.5732180053601,112.57321800803766,22.093999999924563,16.00000000325963,5.156599996553268,15.928900000290014,0.0,0.8228000006056391,hold,supervision_budget_exceeded,hold,supervision_budget,True,10,0,False,False,True,True,True,True,10,0,0,0,10,3,0,10,5,False,False,True,False,7992,7669,323,0.9595845845845846,5,10,1
armbench.pi05_optimized_cpu_replay.v1,row_02045__free_space__direct_dispatch__operational_20ms,row_02045__free_space__direct_dispatch,8,2045,free_space,operational_20ms,35bb006359368f4079d94be18fc9d2261932ba0be13c6387627761460fdfd649,21bb222523a68d85dbd4f6c83a8c1b450d40a364adf8ee4e45280df78bc18027,20.0,107.79295300744707,138.79295300284866,21.187600003031548,14.999999999417923,6.141599995316938,9.21310000558151,5.037099996116012,0.611100003879983,hold,supervision_budget_exceeded,hold,supervision_budget,True,10,0,False,False,True,True,True,True,10,0,0,0,10,0,0,10,0,True,False,True,False,5145,4958,187,0.9636540330417881,14,10,3
armbench.pi05_optimized_cpu_replay.v1,row_02045__single_block__direct_dispatch__operational_20ms,row_02045__single_block__direct_dispatch,8,2045,single_block,operational_20ms,35bb006359368f4079d94be18fc9d2261932ba0be13c6387627761460fdfd649,21bb222523a68d85dbd4f6c83a8c1b450d40a364adf8ee4e45280df78bc18027,20.0,107.84735299966997,139.84735299891327,22.01529999729246,15.999999995983671,6.771799999114592,14.202799997292459,0.0,0.8331999997608364,hold,supervision_budget_exceeded,hold,supervision_budget,True,10,0,False,False,True,True,True,True,10,0,0,0,10,0,0,10,0,True,False,True,False,5270,5035,235,0.9554079696394687,10,10,1
armbench.pi05_optimized_cpu_replay.v1,row_02045__narrow_gate__direct_dispatch__operational_20ms,row_02045__narrow_gate__direct_dispatch,8,2045,narrow_gate,operational_20ms,35bb006359368f4079d94be18fc9d2261932ba0be13c6387627761460fdfd649,21bb222523a68d85dbd4f6c83a8c1b450d40a364adf8ee4e45280df78bc18027,20.0,108.03035300341435,140.03035300265765,23.10429999488406,15.999999995983671,4.958099998475518,14.408900002308656,2.851800003554672,0.7186000002548099,hold,supervision_budget_exceeded,hold,supervision_budget,True,10,0,False,False,True,True,True,True,10,0,0,0,10,0,0,10,0,True,False,True,False,7128,6904,224,0.9685746352413019,12,10,2
armbench.pi05_optimized_cpu_replay.v1,row_02736__free_space__direct_dispatch__operational_20ms,row_02736__free_space__direct_dispatch,9,2736,free_space,operational_20ms,62b013ffb3379eba43666abbd0be0848858bc836836b094e25ea8d74cfde9e2c,0b565a6938d9bb0b57977d079796fcc4c108d1841f47a0f986253144c3870174,20.0,79.95957398816245,110.95957399084,23.552500002551824,16.00000000325963,2.916099998401478,19.730100000742823,0.0,0.7360999952652492,hold,supervision_budget_exceeded,hold,supervision_budget,True,10,0,False,False,True,True,True,True,10,0,0,0,10,0,0,10,0,True,False,True,False,7791,7431,360,0.9537928378898729,5,10,1
armbench.pi05_optimized_cpu_replay.v1,row_02736__single_block__direct_dispatch__operational_20ms,row_02736__single_block__direct_dispatch,9,2736,single_block,operational_20ms,62b013ffb3379eba43666abbd0be0848858bc836836b094e25ea8d74cfde9e2c,0b565a6938d9bb0b57977d079796fcc4c108d1841f47a0f986253144c3870174,20.0,80.01317399612162,111.01317399879918,29.970600000524428,14.999999999417923,2.5607000061427243,26.233899996441323,0.0,1.0350999946240336,hold,supervision_budget_exceeded,hold,supervision_budget,True,10,0,False,False,True,True,True,True,10,0,0,0,10,0,0,10,0,True,False,True,False,9010,8549,461,0.948834628190899,5,10,1
armbench.pi05_optimized_cpu_replay.v1,row_02736__narrow_gate__direct_dispatch__operational_20ms,row_02736__narrow_gate__direct_dispatch,9,2736,narrow_gate,operational_20ms,62b013ffb3379eba43666abbd0be0848858bc836836b094e25ea8d74cfde9e2c,0b565a6938d9bb0b57977d079796fcc4c108d1841f47a0f986253144c3870174,20.0,80.14397399529116,111.14397399069276,26.887100000749342,14.999999999417923,5.364399999962188,19.77439999609487,0.0,1.50269999721786,hold,supervision_budget_exceeded,hold,supervision_budget,True,10,0,False,False,True,True,True,True,10,0,0,0,10,5,0,10,7,False,False,True,False,7992,7661,331,0.9585835835835835,4,10,1
armbench.pi05_optimized_cpu_replay.v1,row_02456__free_space__direct_dispatch__operational_20ms,row_02456__free_space__direct_dispatch,10,2456,free_space,operational_20ms,a805df171f5b2a0bb37e82ee33c913be28ab363a08c40943c47745c4be5f166b,606d95c489296b5f4e2fde5d9b28e0f52167c7824e5ba4cee1b52a1be5d798c3,20.0,160.5769509988022,191.57695100147976,25.981200000387616,31.000000002677552,4.800700000487268,19.55699999962235,0.0,1.4498000018647872,hold,supervision_budget_exceeded,hold,supervision_budget,True,10,0,False,False,True,True,True,True,10,0,0,0,10,0,0,10,0,True,False,True,False,5145,4909,236,0.9541302235179786,4,10,1
armbench.pi05_optimized_cpu_replay.v1,row_02456__single_block__direct_dispatch__operational_20ms,row_02456__single_block__direct_dispatch,10,2456,single_block,operational_20ms,a805df171f5b2a0bb37e82ee33c913be28ab363a08c40943c47745c4be5f166b,606d95c489296b5f4e2fde5d9b28e0f52167c7824e5ba4cee1b52a1be5d798c3,20.0,160.99725099775242,191.99725100042997,21.446899998409208,31.000000002677552,8.873599996150006,11.340900004142895,0.0,0.9845000022323802,hold,supervision_budget_exceeded,hold,supervision_budget,True,10,0,False,False,True,True,True,True,10,0,0,0,10,0,0,10,0,True,False,True,False,3230,3076,154,0.9523219814241486,3,10,1
armbench.pi05_optimized_cpu_replay.v1,row_02456__narrow_gate__direct_dispatch__operational_20ms,row_02456__narrow_gate__direct_dispatch,10,2456,narrow_gate,operational_20ms,a805df171f5b2a0bb37e82ee33c913be28ab363a08c40943c47745c4be5f166b,606d95c489296b5f4e2fde5d9b28e0f52167c7824e5ba4cee1b52a1be5d798c3,20.0,160.55815100116888,191.55815100384643,21.589899995888118,16.00000000325963,6.819799993536435,13.297399993462022,0.0,1.2715999982901849,hold,supervision_budget_exceeded,hold,supervision_budget,True,10,0,False,False,True,True,True,True,10,0,0,0,10,5,0,10,7,False,False,True,False,4104,3941,163,0.9602826510721247,3,10,1
armbench.pi05_optimized_cpu_replay.v1,row_02938__free_space__direct_dispatch__operational_20ms,row_02938__free_space__direct_dispatch,11,2938,free_space,operational_20ms,30d16912ce8098c60d419bf30ed1491235b796b186f2378fa0ebdef754cc31fd,d5c708014600a7920be64b6acc05dd2153f49c780015898b4d746c2bc4c494ab,20.0,111.70350899919868,142.70350900187623,22.458999999798834,14.999999999417923,4.237100001773797,16.952000005403534,0.0,1.1354000016581267,hold,supervision_budget_exceeded,hold,supervision_budget,True,10,0,False,False,True,True,True,True,10,0,0,0,10,0,0,10,0,True,False,True,False,5439,5182,257,0.9527486670343813,4,10,1
armbench.pi05_optimized_cpu_replay.v1,row_02938__single_block__direct_dispatch__operational_20ms,row_02938__single_block__direct_dispatch,11,2938,single_block,operational_20ms,30d16912ce8098c60d419bf30ed1491235b796b186f2378fa0ebdef754cc31fd,d5c708014600a7920be64b6acc05dd2153f49c780015898b4d746c2bc4c494ab,20.0,111.67890899378108,142.67890899645863,22.275999996054452,31.000000002677552,5.560199999308679,15.445299999555573,0.0,1.0638999956427142,hold,supervision_budget_exceeded,hold,supervision_budget,True,10,0,False,False,True,True,True,True,10,0,0,0,10,0,0,10,0,True,False,True,False,6290,6014,276,0.956120826709062,4,10,1
armbench.pi05_optimized_cpu_replay.v1,row_02938__narrow_gate__direct_dispatch__operational_20ms,row_02938__narrow_gate__direct_dispatch,11,2938,narrow_gate,operational_20ms,30d16912ce8098c60d419bf30ed1491235b796b186f2378fa0ebdef754cc31fd,d5c708014600a7920be64b6acc05dd2153f49c780015898b4d746c2bc4c494ab,20.0,111.79980899760267,142.79980900028022,25.451000001339708,31.000000002677552,2.7526999983820133,21.019300002080854,0.0,1.5573000055155717,hold,supervision_budget_exceeded,hold,supervision_budget,True,10,0,False,False,True,True,True,True,10,0,0,0,10,0,0,10,0,True,False,True,False,7992,7684,308,0.9614614614614615,4,10,1
armbench.pi05_optimized_cpu_replay.v1,row_03122__free_space__direct_dispatch__operational_20ms,row_03122__free_space__direct_dispatch,12,3122,free_space,operational_20ms,4fd1a98f6e18bda6afca61b1213f09c92ed3fce35dcd8c4d53333ce515224354,fae786a4aad836002b16172491457936b523b19e2e002e95e4b9cb634083a717,20.0,81.44486000674078,113.44486000598408,23.667199995543342,31.9999999992433,4.734599999210332,17.63349999964703,0.0,1.03339999623131,hold,supervision_budget_exceeded,hold,supervision_budget,True,10,0,False,False,True,True,True,True,10,0,0,0,10,0,0,10,0,True,False,True,False,6615,6319,296,0.9552532123960695,6,10,1
armbench.pi05_optimized_cpu_replay.v1,row_03122__single_block__direct_dispatch__operational_20ms,row_03122__single_block__direct_dispatch,12,3122,single_block,operational_20ms,4fd1a98f6e18bda6afca61b1213f09c92ed3fce35dcd8c4d53333ce515224354,fae786a4aad836002b16172491457936b523b19e2e002e95e4b9cb634083a717,20.0,81.17976000357885,127.17976000567432,24.038000003201887,31.000000002677552,7.0437000031233765,15.890799993940163,0.0,0.923500003409572,hold,supervision_budget_exceeded,hold,supervision_budget,True,10,0,False,False,True,True,True,True,10,0,0,0,10,0,0,10,0,True,False,True,False,4930,4743,187,0.9620689655172414,4,10,1
armbench.pi05_optimized_cpu_replay.v1,row_03122__narrow_gate__direct_dispatch__operational_20ms,row_03122__narrow_gate__direct_dispatch,12,3122,narrow_gate,operational_20ms,4fd1a98f6e18bda6afca61b1213f09c92ed3fce35dcd8c4d53333ce515224354,fae786a4aad836002b16172491457936b523b19e2e002e95e4b9cb634083a717,20.0,81.26705999893602,97.26706000219565,23.67630000662757,16.00000000325963,4.37930000043707,18.270100001245737,0.0,0.8674999990034848,hold,supervision_budget_exceeded,hold,supervision_budget,True,10,0,False,False,True,True,True,True,10,0,0,0,10,0,0,10,0,True,False,True,False,9720,9417,303,0.9688271604938271,6,10,1
armbench.pi05_optimized_cpu_replay.v1,row_03163__free_space__direct_dispatch__operational_20ms,row_03163__free_space__direct_dispatch,13,3163,free_space,operational_20ms,e3ad14c7d499ec5ce4892eb2bef290b5e056a2b62568859245b6356da12457fb,ffa917dcd4fa88b9be0656ad8c111499b9a6bfff234650d693827eb9d1d5f76c,20.0,80.90778300538659,111.90778300078819,22.28330000070855,14.999999999417923,6.913600002008025,14.065200004552025,0.0,1.1183000024175271,hold,supervision_budget_exceeded,hold,supervision_budget,True,10,0,False,False,True,True,True,True,10,0,0,0,10,0,0,10,0,True,False,True,False,6615,6341,274,0.9585789871504157,6,10,1
armbench.pi05_optimized_cpu_replay.v1,row_03163__single_block__direct_dispatch__operational_20ms,row_03163__single_block__direct_dispatch,13,3163,single_block,operational_20ms,e3ad14c7d499ec5ce4892eb2bef290b5e056a2b62568859245b6356da12457fb,ffa917dcd4fa88b9be0656ad8c111499b9a6bfff234650d693827eb9d1d5f76c,20.0,80.80188299936708,111.80188299476868,23.044699999445584,14.999999999417923,4.398699995363131,17.74460000160616,0.0,0.7392999978037551,hold,supervision_budget_exceeded,hold,supervision_budget,True,10,0,False,False,True,True,True,True,10,0,0,0,10,0,0,10,0,True,False,True,False,7650,7372,278,0.9636601307189543,6,10,1
armbench.pi05_optimized_cpu_replay.v1,row_03163__narrow_gate__direct_dispatch__operational_20ms,row_03163__narrow_gate__direct_dispatch,13,3163,narrow_gate,operational_20ms,e3ad14c7d499ec5ce4892eb2bef290b5e056a2b62568859245b6356da12457fb,ffa917dcd4fa88b9be0656ad8c111499b9a6bfff234650d693827eb9d1d5f76c,20.0,81.32088300044416,112.32088299584575,24.145499999576714,14.999999999417923,4.52450000011595,18.90060000005178,0.0,0.5572000009124167,hold,supervision_budget_exceeded,hold,supervision_budget,True,10,0,False,False,True,True,True,True,10,0,0,0,10,0,0,10,0,True,False,True,False,6264,6083,181,0.9711047254150702,4,10,1
armbench.pi05_optimized_cpu_replay.v1,row_03741__free_space__direct_dispatch__operational_20ms,row_03741__free_space__direct_dispatch,14,3741,free_space,operational_20ms,4b7907e4aad9dc6e77f813e772c59d0c7169c40282363ff493a33e879b87cde7,919e5f396da973e2cf7f371f4f3431bd547e13a2c08ca1b5ae4da4003096c020,20.0,109.97415299789282,124.97415299731074,23.260799993295223,14.999999999417923,3.9240000041900203,18.416400002024602,0.0,0.7678999972995371,hold,supervision_budget_exceeded,hold,supervision_budget,True,10,0,False,False,True,True,True,True,10,0,0,0,10,0,0,10,0,True,False,True,False,7791,7418,373,0.9521242459247851,7,10,1
armbench.pi05_optimized_cpu_replay.v1,row_03741__single_block__direct_dispatch__operational_20ms,row_03741__single_block__direct_dispatch,14,3741,single_block,operational_20ms,4b7907e4aad9dc6e77f813e772c59d0c7169c40282363ff493a33e879b87cde7,919e5f396da973e2cf7f371f4f3431bd547e13a2c08ca1b5ae4da4003096c020,20.0,110.02595299942186,126.02595300268149,22.941199997148942,16.00000000325963,3.7100000045029446,18.19880000402918,0.0,0.890600000275299,hold,supervision_budget_exceeded,hold,supervision_budget,True,10,0,False,False,True,True,True,True,10,0,0,0,10,0,0,10,0,True,False,True,False,10370,9922,448,0.9567984570877531,8,10,1
armbench.pi05_optimized_cpu_replay.v1,row_03741__narrow_gate__direct_dispatch__operational_20ms,row_03741__narrow_gate__direct_dispatch,14,3741,narrow_gate,operational_20ms,4b7907e4aad9dc6e77f813e772c59d0c7169c40282363ff493a33e879b87cde7,919e5f396da973e2cf7f371f4f3431bd547e13a2c08ca1b5ae4da4003096c020,20.0,109.7219529983704,140.72195300104795,24.18480000051204,31.000000002677552,5.608299994491972,17.145099998742808,0.0,1.244099999894388,hold,supervision_budget_exceeded,hold,supervision_budget,True,10,0,False,False,True,True,True,True,10,0,0,0,10,0,0,10,0,True,False,True,False,7992,7729,263,0.9670920920920921,5,10,1
armbench.pi05_optimized_cpu_replay.v1,row_04298__free_space__direct_dispatch__operational_20ms,row_04298__free_space__direct_dispatch,15,4298,free_space,operational_20ms,2c585a1039cfc500fc7fe28c85a25ec32786fd8b15a0dad94b58ee736a663d79,94e313ab8d7786043893f7af3f613152522a820610d690acb2a3edc9ef4ba28e,20.0,80.53666400519433,112.53666400443763,24.806499997794162,31.9999999992433,3.572800000256393,20.300000003771856,0.0,0.7530000002589077,hold,supervision_budget_exceeded,hold,supervision_budget,True,10,0,False,False,True,True,True,True,10,0,0,0,10,0,0,10,0,True,False,True,False,7791,7405,386,0.9504556539596971,5,10,1
armbench.pi05_optimized_cpu_replay.v1,row_04298__single_block__direct_dispatch__operational_20ms,row_04298__single_block__direct_dispatch,15,4298,single_block,operational_20ms,2c585a1039cfc500fc7fe28c85a25ec32786fd8b15a0dad94b58ee736a663d79,94e313ab8d7786043893f7af3f613152522a820610d690acb2a3edc9ef4ba28e,20.0,80.55936400342034,127.55936400208157,28.95649999845773,31.9999999992433,5.845400002726819,21.8793000021833,0.0,1.0843999989447184,hold,supervision_budget_exceeded,hold,supervision_budget,True,10,0,False,False,True,True,True,True,10,0,0,0,10,0,0,10,0,True,False,True,False,6290,5995,295,0.9531001589825119,4,10,1
armbench.pi05_optimized_cpu_replay.v1,row_04298__narrow_gate__direct_dispatch__operational_20ms,row_04298__narrow_gate__direct_dispatch,15,4298,narrow_gate,operational_20ms,2c585a1039cfc500fc7fe28c85a25ec32786fd8b15a0dad94b58ee736a663d79,94e313ab8d7786043893f7af3f613152522a820610d690acb2a3edc9ef4ba28e,20.0,81.24266399681801,97.24266400007764,27.171999994607177,16.00000000325963,6.182299999636598,19.463299999188166,0.0,1.3499999986379407,hold,supervision_budget_exceeded,hold,supervision_budget,True,10,0,False,False,True,True,True,True,10,0,0,0,10,0,0,10,0,True,False,True,False,11448,11043,405,0.964622641509434,5,10,1
armbench.pi05_optimized_cpu_replay.v1,row_03805__free_space__direct_dispatch__operational_20ms,row_03805__free_space__direct_dispatch,16,3805,free_space,operational_20ms,ed3ed2f05c450ceca326c550433117debafac7329c3cf9d83392e865de84d20b,091b2783ea65091b38cc9287d80dd29b0944a0b9ec326d95fda267eec534df0f,20.0,142.3698360013077,174.369836000551,21.02030000241939,15.999999995983671,4.832599996007048,15.508699994825292,0.0,0.5392000020947307,hold,supervision_budget_exceeded,hold,supervision_budget,True,10,0,False,False,True,True,True,True,10,0,0,0,10,0,0,10,0,True,False,True,False,5733,5499,234,0.9591836734693877,7,10,1
armbench.pi05_optimized_cpu_replay.v1,row_03805__single_block__direct_dispatch__operational_20ms,row_03805__single_block__direct_dispatch,16,3805,single_block,operational_20ms,ed3ed2f05c450ceca326c550433117debafac7329c3cf9d83392e865de84d20b,091b2783ea65091b38cc9287d80dd29b0944a0b9ec326d95fda267eec534df0f,20.0,142.41793600376695,173.4179360064445,23.13739999954123,16.00000000325963,6.572999998752493,15.604699998220894,0.0,0.7833999989088625,hold,supervision_budget_exceeded,hold,supervision_budget,True,10,0,False,False,True,True,True,True,10,0,0,0,10,3,0,10,4,False,False,True,False,6630,6305,325,0.9509803921568627,7,10,1
armbench.pi05_optimized_cpu_replay.v1,row_03805__narrow_gate__direct_dispatch__operational_20ms,row_03805__narrow_gate__direct_dispatch,16,3805,narrow_gate,operational_20ms,ed3ed2f05c450ceca326c550433117debafac7329c3cf9d83392e865de84d20b,091b2783ea65091b38cc9287d80dd29b0944a0b9ec326d95fda267eec534df0f,20.0,142.3951360047795,189.3951360034407,23.770500003593042,30.999999995401595,4.664300002332311,17.968699998164084,0.0,0.9476999985054135,hold,supervision_budget_exceeded,hold,supervision_budget,True,10,0,False,False,True,True,True,True,10,0,0,0,10,1,0,10,3,False,False,True,False,14040,13471,569,0.9594729344729345,9,10,1
armbench.pi05_optimized_cpu_replay.v1,row_03853__free_space__direct_dispatch__operational_20ms,row_03853__free_space__direct_dispatch,17,3853,free_space,operational_20ms,fe36ac0713605fcc57897c367ab31e5b11dbf505ac76505ab7d16f946de13db9,f7709bd9d6a771cb40508d80a0dd423dd43ec32e003ed984a734551e880e8d3e,20.0,113.17077699641231,145.17077699565561,16.344699994078837,15.999999995983671,6.406000000424683,8.590299999923445,0.0,1.1726999946404248,hold,continuous_edge_rejected:collision:self:link5:geom_32:link7:geom_59,hold,continuous_collision,True,10,0,False,False,True,True,True,True,10,0,0,0,10,1,0,10,0,False,False,False,False,3822,3637,184,0.9515960230245945,3,10,1
armbench.pi05_optimized_cpu_replay.v1,row_03853__single_block__direct_dispatch__operational_20ms,row_03853__single_block__direct_dispatch,17,3853,single_block,operational_20ms,fe36ac0713605fcc57897c367ab31e5b11dbf505ac76505ab7d16f946de13db9,f7709bd9d6a771cb40508d80a0dd423dd43ec32e003ed984a734551e880e8d3e,20.0,113.29717699845787,144.29717700113542,17.80220000364352,16.00000000325963,2.4157000007107854,13.508399999409448,0.0,1.7557999963173643,hold,continuous_edge_rejected:collision:self:link5:geom_33:link7:geom_60,hold,continuous_collision,True,10,0,False,False,True,True,True,True,10,0,0,0,10,1,0,10,0,False,False,False,False,4420,4228,191,0.9565610859728507,3,10,1
armbench.pi05_optimized_cpu_replay.v1,row_03853__narrow_gate__direct_dispatch__operational_20ms,row_03853__narrow_gate__direct_dispatch,17,3853,narrow_gate,operational_20ms,fe36ac0713605fcc57897c367ab31e5b11dbf505ac76505ab7d16f946de13db9,f7709bd9d6a771cb40508d80a0dd423dd43ec32e003ed984a734551e880e8d3e,20.0,114.32727699866518,130.32727699464886,20.703500005765818,15.999999995983671,3.2296999997925013,16.318299996783026,0.0,0.9922000026563182,hold,continuous_edge_rejected:collision:self:link5:geom_35:link7:geom_62,hold,continuous_collision,True,10,0,False,False,True,True,True,True,10,0,0,0,10,1,0,10,0,False,False,True,False,5616,5423,192,0.9656339031339032,3,10,1
armbench.pi05_optimized_cpu_replay.v1,row_04953__free_space__direct_dispatch__operational_20ms,row_04953__free_space__direct_dispatch,18,4953,free_space,operational_20ms,1d0a2989e76d920a59ac3a743781f15f16a583e4ded7a55d9122c2e8345072f1,af7c0afa97d566d0b6103c1987699272206fed545e580febec05c23d4443ae45,20.0,92.21125000476604,139.21125000342727,21.86539999820525,31.9999999992433,5.550000001676381,15.363700003945269,0.0,0.7689999983995222,hold,supervision_budget_exceeded,hold,supervision_budget,True,10,0,False,False,True,True,True,True,10,0,0,0,10,0,0,10,0,True,False,True,False,5439,5182,257,0.9527486670343813,5,10,1
armbench.pi05_optimized_cpu_replay.v1,row_04953__single_block__direct_dispatch__operational_20ms,row_04953__single_block__direct_dispatch,18,4953,single_block,operational_20ms,1d0a2989e76d920a59ac3a743781f15f16a583e4ded7a55d9122c2e8345072f1,af7c0afa97d566d0b6103c1987699272206fed545e580febec05c23d4443ae45,20.0,92.31015000113985,108.31014999712352,24.616700000478886,15.999999995983671,7.223900000099093,16.1523999995552,0.0,1.0473000002093613,hold,supervision_budget_exceeded,hold,supervision_budget,True,10,0,False,False,True,True,True,True,10,0,0,0,10,0,0,10,0,True,False,True,False,6290,6020,270,0.9570747217806042,5,10,1
armbench.pi05_optimized_cpu_replay.v1,row_04953__narrow_gate__direct_dispatch__operational_20ms,row_04953__narrow_gate__direct_dispatch,18,4953,narrow_gate,operational_20ms,1d0a2989e76d920a59ac3a743781f15f16a583e4ded7a55d9122c2e8345072f1,af7c0afa97d566d0b6103c1987699272206fed545e580febec05c23d4443ae45,20.0,92.36935000080848,123.36934999621008,21.121300000231713,14.999999999417923,5.503100001078565,14.835900001344271,0.0,0.6380999984685332,hold,supervision_budget_exceeded,hold,supervision_budget,True,10,0,False,False,True,True,True,True,10,0,0,0,10,0,0,10,0,True,False,True,False,6264,6073,191,0.9695083014048531,4,10,1
armbench.pi05_optimized_cpu_replay.v1,row_04773__free_space__direct_dispatch__operational_20ms,row_04773__free_space__direct_dispatch,19,4773,free_space,operational_20ms,0012494746ac6d95bef31165b95dad73d2233ce508b720c3e77a99bb8cb95b24,c523c8dc9161531afa6950372597ab78cbf73daa99043843e1df48ebd20b87dd,20.0,82.32979899912607,114.32979899836937,23.497200003475882,31.9999999992433,3.359700000146404,19.17449999746168,0.0,0.7665999946766533,hold,supervision_budget_exceeded,hold,supervision_budget,True,10,0,False,False,True,True,True,True,10,0,0,0,10,0,0,10,0,True,False,True,False,5733,5501,232,0.9595325309611024,7,10,1
armbench.pi05_optimized_cpu_replay.v1,row_04773__single_block__direct_dispatch__operational_20ms,row_04773__single_block__direct_dispatch,19,4773,single_block,operational_20ms,0012494746ac6d95bef31165b95dad73d2233ce508b720c3e77a99bb8cb95b24,c523c8dc9161531afa6950372597ab78cbf73daa99043843e1df48ebd20b87dd,20.0,82.25449900055537,129.2544989992166,23.62350000475999,31.9999999992433,4.213199994410388,17.702799996186513,0.0,1.540200006274972,hold,supervision_budget_exceeded,hold,supervision_budget,True,10,0,False,False,True,True,True,True,10,0,0,0,10,0,0,10,0,True,False,True,False,10710,10228,482,0.9549953314659198,10,10,1
armbench.pi05_optimized_cpu_replay.v1,row_04773__narrow_gate__direct_dispatch__operational_20ms,row_04773__narrow_gate__direct_dispatch,19,4773,narrow_gate,operational_20ms,0012494746ac6d95bef31165b95dad73d2233ce508b720c3e77a99bb8cb95b24,c523c8dc9161531afa6950372597ab78cbf73daa99043843e1df48ebd20b87dd,20.0,82.55759899475379,113.55759899743134,21.262399997795,16.00000000325963,3.1975999954738654,17.324200001894496,0.0,0.6407999971997924,hold,supervision_budget_exceeded,hold,supervision_budget,True,10,0,False,False,True,True,True,True,10,0,0,0,10,0,0,10,0,True,False,True,False,13608,13064,544,0.9600235155790712,10,10,1
armbench.pi05_optimized_cpu_replay.v1,row_04462__free_space__direct_dispatch__operational_20ms,row_04462__free_space__direct_dispatch,20,4462,free_space,operational_20ms,70b9224f98dd7ca753ca304e5409a01563f652e68827468e70fea86b3cbcc658,4abfdd49b70a0970fc43182fee4ecd8db8b3a1103b6106940ef4768751d612f5,20.0,111.02229199605063,158.0222920019878,23.590200005855877,31.000000002677552,4.496800000197254,13.862899999367073,4.515499997069128,0.5910000036237761,hold,supervision_budget_exceeded,hold,supervision_budget,True,10,0,False,False,True,True,True,True,10,0,0,0,10,0,0,10,0,True,False,True,False,12789,12171,618,0.9516772226131832,14,10,3
armbench.pi05_optimized_cpu_replay.v1,row_04462__single_block__direct_dispatch__operational_20ms,row_04462__single_block__direct_dispatch,20,4462,single_block,operational_20ms,70b9224f98dd7ca753ca304e5409a01563f652e68827468e70fea86b3cbcc658,4abfdd49b70a0970fc43182fee4ecd8db8b3a1103b6106940ef4768751d612f5,20.0,111.17109200131381,142.17109200399136,22.696699998050462,16.00000000325963,4.682999999204185,17.23640000273008,0.0,0.5388999998103827,hold,supervision_budget_exceeded,hold,supervision_budget,True,10,0,False,False,True,True,True,True,10,0,0,0,10,4,0,10,6,False,False,True,False,6290,5944,346,0.9449920508744039,5,10,1
armbench.pi05_optimized_cpu_replay.v1,row_04462__narrow_gate__direct_dispatch__operational_20ms,row_04462__narrow_gate__direct_dispatch,20,4462,narrow_gate,operational_20ms,70b9224f98dd7ca753ca304e5409a01563f652e68827468e70fea86b3cbcc658,4abfdd49b70a0970fc43182fee4ecd8db8b3a1103b6106940ef4768751d612f5,20.0,111.15519199665869,158.15519200259587,23.158899995905813,31.000000002677552,3.0576000062865205,19.04579999973066,0.0,0.949699999182485,hold,supervision_budget_exceeded,hold,supervision_budget,True,10,0,False,False,True,True,True,True,10,0,0,0,10,4,0,10,6,False,False,True,False,11016,10506,510,0.9537037037037037,6,10,1
armbench.pi05_optimized_cpu_replay.v1,row_05082__free_space__direct_dispatch__operational_20ms,row_05082__free_space__direct_dispatch,21,5082,free_space,operational_20ms,577d2da6f2f31ec5d381f089ea57502db82b6bcd60b682984a7bf79c80ba6092,01dade6ca27dafa314483483e6e8cc87c661081fba638c5b15cddc8479ab1bc9,20.0,110.6104869977571,141.61048700043466,26.20559999922989,31.000000002677552,4.859299995587207,20.74509999511065,0.0,0.4831000042031519,hold,supervision_budget_exceeded,hold,supervision_budget,True,10,0,False,False,True,True,True,True,10,0,0,0,10,0,0,10,0,True,False,True,False,8967,8527,440,0.9509311921489907,5,10,1
armbench.pi05_optimized_cpu_replay.v1,row_05082__single_block__direct_dispatch__operational_20ms,row_05082__single_block__direct_dispatch,21,5082,single_block,operational_20ms,577d2da6f2f31ec5d381f089ea57502db82b6bcd60b682984a7bf79c80ba6092,01dade6ca27dafa314483483e6e8cc87c661081fba638c5b15cddc8479ab1bc9,20.0,110.89368699322222,125.89368699264014,12.012599996523932,14.999999999417923,3.1204999977489933,7.63580000057118,0.0,0.9148000026470982,hold,continuous_edge_rejected:collision:static:center_block:link6,hold,continuous_collision,True,10,0,False,False,True,True,True,True,10,0,0,0,10,7,0,10,7,False,False,False,False,5100,4826,267,0.9462745098039216,4,10,1
armbench.pi05_optimized_cpu_replay.v1,row_05082__narrow_gate__direct_dispatch__operational_20ms,row_05082__narrow_gate__direct_dispatch,21,5082,narrow_gate,operational_20ms,577d2da6f2f31ec5d381f089ea57502db82b6bcd60b682984a7bf79c80ba6092,01dade6ca27dafa314483483e6e8cc87c661081fba638c5b15cddc8479ab1bc9,20.0,111.32948700105771,126.32948700047564,21.087399996758904,14.999999999417923,3.807000000961125,16.73329999903217,0.0,0.4134999981033616,hold,supervision_budget_exceeded,hold,supervision_budget,True,10,0,False,False,True,True,True,True,10,0,0,0,10,5,0,10,7,False,False,True,False,14472,13768,704,0.9513543394140409,5,10,1
armbench.pi05_optimized_cpu_replay.v1,row_05128__free_space__direct_dispatch__operational_20ms,row_05128__free_space__direct_dispatch,22,5128,free_space,operational_20ms,0e92838da6d4cdb706e0b8d31366212826fa86c5ce6ccd320378f7981599112c,1d370b9f51508df4beed68f031701f37a5f21f8c4c255ff7d807681da0595010,20.0,81.91675999842118,97.91676000168081,22.853100002976134,16.00000000325963,2.603399996587541,16.637000000628177,2.7412999988882802,0.7591999965370633,hold,supervision_budget_exceeded,hold,supervision_budget,True,10,0,False,False,True,True,True,True,10,0,0,0,10,0,0,10,0,True,False,True,False,11613,11100,513,0.9558253681219323,12,10,2
armbench.pi05_optimized_cpu_replay.v1,row_05128__single_block__direct_dispatch__operational_20ms,row_05128__single_block__direct_dispatch,22,5128,single_block,operational_20ms,0e92838da6d4cdb706e0b8d31366212826fa86c5ce6ccd320378f7981599112c,1d370b9f51508df4beed68f031701f37a5f21f8c4c255ff7d807681da0595010,20.0,82.06626000173856,97.06626000115648,22.711199999321252,14.999999999417923,4.445599995960947,17.092399997636676,0.0,0.9499000007053837,hold,supervision_budget_exceeded,hold,supervision_budget,True,10,0,False,False,True,True,True,True,10,0,0,0,10,3,0,10,5,False,False,True,False,7650,7260,390,0.9490196078431372,6,10,1
armbench.pi05_optimized_cpu_replay.v1,row_05128__narrow_gate__direct_dispatch__operational_20ms,row_05128__narrow_gate__direct_dispatch,22,5128,narrow_gate,operational_20ms,0e92838da6d4cdb706e0b8d31366212826fa86c5ce6ccd320378f7981599112c,1d370b9f51508df4beed68f031701f37a5f21f8c4c255ff7d807681da0595010,20.0,81.9978599975002,112.9978599929018,26.622400000633206,30.999999995401595,4.313199999160133,21.28939999965951,0.0,0.8974000011221506,hold,supervision_budget_exceeded,hold,supervision_budget,True,10,0,False,False,True,True,True,True,10,0,0,0,10,1,0,10,3,False,False,True,False,19656,18721,935,0.9524318274318274,9,10,1
armbench.pi05_optimized_cpu_replay.v1,row_05011__free_space__direct_dispatch__operational_20ms,row_05011__free_space__direct_dispatch,23,5011,free_space,operational_20ms,24f71f3f30cc2312cc0339c738754d5367bbccc0f419fe35bd17438d01f7e5b0,5ccd6d1a2328ecc0a38473974ed081f411090ae36654167fb6a57fadcc5d3931,20.0,125.8769419946475,156.8769419900491,28.059000003850088,30.999999995401595,1.9424999991315417,25.02950000052806,0.0,0.9950999956345186,hold,supervision_budget_exceeded,hold,supervision_budget,True,10,0,False,False,True,True,True,True,10,0,0,0,10,0,0,10,1,False,False,True,False,13377,12693,684,0.9488674590715407,7,10,1
armbench.pi05_optimized_cpu_replay.v1,row_05011__single_block__direct_dispatch__operational_20ms,row_05011__single_block__direct_dispatch,23,5011,single_block,operational_20ms,24f71f3f30cc2312cc0339c738754d5367bbccc0f419fe35bd17438d01f7e5b0,5ccd6d1a2328ecc0a38473974ed081f411090ae36654167fb6a57fadcc5d3931,20.0,125.52454199612839,156.52454199880594,23.470200001611374,31.000000002677552,4.377900004328694,18.12659999995958,0.0,0.8219000010285527,hold,supervision_budget_exceeded,hold,supervision_budget,True,10,0,False,False,True,True,True,True,10,0,0,0,10,0,0,10,1,False,False,True,False,7310,6934,376,0.948563611491108,4,10,1
armbench.pi05_optimized_cpu_replay.v1,row_05011__narrow_gate__direct_dispatch__operational_20ms,row_05011__narrow_gate__direct_dispatch,23,5011,narrow_gate,operational_20ms,24f71f3f30cc2312cc0339c738754d5367bbccc0f419fe35bd17438d01f7e5b0,5ccd6d1a2328ecc0a38473974ed081f411090ae36654167fb6a57fadcc5d3931,20.0,125.34244199923705,156.3424420019146,23.481999996874947,31.000000002677552,3.4042000042973086,18.93920000293292,0.0,1.0047000032500364,hold,supervision_budget_exceeded,hold,supervision_budget,True,10,0,False,False,True,True,True,True,10,0,0,0,10,0,0,10,1,False,False,True,False,12744,12296,448,0.9648462021343377,5,10,1
armbench.pi05_optimized_cpu_replay.v1,row_06407__free_space__direct_dispatch__operational_20ms,row_06407__free_space__direct_dispatch,24,6407,free_space,operational_20ms,7b5e04770f18653120842172231465c3df16a76a94e8a11104babba987988de8,163c4b568398a13e54290749468fb7e5ed31079b00f2ea8a45847de2f701b494,20.0,79.93548199738143,110.93548200005898,21.626100002322346,14.999999999417923,4.018100000394043,16.53200000146171,0.0,0.9223999950336292,hold,supervision_budget_exceeded,hold,supervision_budget,True,10,0,False,False,True,True,True,True,10,0,0,0,10,0,0,10,0,True,False,True,False,9261,8828,433,0.9532447899794838,6,10,1
armbench.pi05_optimized_cpu_replay.v1,row_06407__single_block__direct_dispatch__operational_20ms,row_06407__single_block__direct_dispatch,24,6407,single_block,operational_20ms,7b5e04770f18653120842172231465c3df16a76a94e8a11104babba987988de8,163c4b568398a13e54290749468fb7e5ed31079b00f2ea8a45847de2f701b494,20.0,79.68128198990598,111.68128198914928,18.457300000591204,15.999999995983671,2.9913000034866855,14.91570000507636,0.0,0.378400000045076,hold,continuous_edge_rejected:collision:static:center_block:hand,hold,continuous_collision,True,10,0,False,False,True,True,True,True,10,0,0,0,10,5,0,10,7,False,False,False,False,8500,8041,454,0.946,6,10,1
armbench.pi05_optimized_cpu_replay.v1,row_06407__narrow_gate__direct_dispatch__operational_20ms,row_06407__narrow_gate__direct_dispatch,24,6407,narrow_gate,operational_20ms,7b5e04770f18653120842172231465c3df16a76a94e8a11104babba987988de8,163c4b568398a13e54290749468fb7e5ed31079b00f2ea8a45847de2f701b494,20.0,79.81598198966822,110.81598199234577,22.97839999664575,14.999999999417923,4.9403999946662225,17.49809999455465,0.0,0.38099999801488593,hold,supervision_budget_exceeded,hold,supervision_budget,True,10,0,False,False,True,True,True,True,10,0,0,0,10,3,0,10,5,False,False,True,False,17928,17046,882,0.9508032128514057,7,10,1
armbench.pi05_optimized_cpu_replay.v1,row_06364__free_space__direct_dispatch__operational_20ms,row_06364__free_space__direct_dispatch,25,6364,free_space,operational_20ms,099bef15a0770071b640eb04fb9e343f82702d9e681553817b0e1967bc447ca8,ad141d2432b6f05d03249225fd1c40933676be458ff6debfc024bc3605ae5e44,20.0,82.34263800113695,114.34263800038025,21.06199999980163,15.999999995983671,2.7473000009194948,10.414999997010455,7.01880000269739,0.7437999956891872,hold,supervision_budget_exceeded,hold,supervision_budget,True,10,0,False,False,True,True,True,True,10,0,0,0,10,0,0,10,0,True,False,True,False,8967,8613,354,0.9605219136835061,14,10,3
armbench.pi05_optimized_cpu_replay.v1,row_06364__single_block__direct_dispatch__operational_20ms,row_06364__single_block__direct_dispatch,25,6364,single_block,operational_20ms,099bef15a0770071b640eb04fb9e343f82702d9e681553817b0e1967bc447ca8,ad141d2432b6f05d03249225fd1c40933676be458ff6debfc024bc3605ae5e44,20.0,82.07083799061365,98.07083799387328,9.194999998726416,0.0,1.7619999998714775,6.979199999477714,0.0,0.35709999792743474,hold,continuous_edge_rejected:collision:static:center_block:hand,hold,continuous_collision,True,10,0,False,False,True,True,True,True,10,0,0,0,10,1,0,10,3,False,False,False,False,9180,8802,373,0.9588235294117647,10,10,1
armbench.pi05_optimized_cpu_replay.v1,row_06364__narrow_gate__direct_dispatch__operational_20ms,row_06364__narrow_gate__direct_dispatch,25,6364,narrow_gate,operational_20ms,099bef15a0770071b640eb04fb9e343f82702d9e681553817b0e1967bc447ca8,ad141d2432b6f05d03249225fd1c40933676be458ff6debfc024bc3605ae5e44,20.0,82.32073799445061,113.32073799712816,20.56099999754224,31.000000002677552,2.4182000051951036,14.716099998622667,3.017600000021048,0.29260000155773014,hold,supervision_budget_exceeded,hold,supervision_budget,True,10,0,False,False,True,True,True,True,10,0,0,0,10,0,0,10,0,True,False,True,False,13176,12667,509,0.9613691560412871,14,10,3
armbench.pi05_optimized_cpu_replay.v1,row_06056__free_space__direct_dispatch__operational_20ms,row_06056__free_space__direct_dispatch,26,6056,free_space,operational_20ms,d0b5162cd61b5df39a5caf842d2257e7f6d300cbbf1f21fa30dcf183810e85e2,c9a378e3af3f286959ccc6ce0aab8e5df4db1d375fa82cf308f21e70bfb38b4e,20.0,119.53662599989912,166.53662599856034,22.40680000249995,30.999999995401595,3.9883999997982755,11.738500004867092,6.236499997612555,0.2744000012171455,hold,supervision_budget_exceeded,hold,supervision_budget,True,10,0,False,False,True,True,True,True,10,0,0,0,10,0,0,10,0,True,False,True,False,12495,11968,527,0.9578231292517007,16,10,4
armbench.pi05_optimized_cpu_replay.v1,row_06056__single_block__direct_dispatch__operational_20ms,row_06056__single_block__direct_dispatch,26,6056,single_block,operational_20ms,d0b5162cd61b5df39a5caf842d2257e7f6d300cbbf1f21fa30dcf183810e85e2,c9a378e3af3f286959ccc6ce0aab8e5df4db1d375fa82cf308f21e70bfb38b4e,20.0,119.18442600290291,150.1844259983045,22.802200001024175,14.999999999417923,1.6919999980018474,15.220299996144604,5.458100000396371,0.35120000393362716,hold,supervision_budget_exceeded,hold,supervision_budget,True,10,0,False,False,True,True,True,True,10,0,0,0,10,0,0,10,0,True,False,True,False,14450,13912,538,0.9627681660899654,16,10,4
armbench.pi05_optimized_cpu_replay.v1,row_06056__narrow_gate__direct_dispatch__operational_20ms,row_06056__narrow_gate__direct_dispatch,26,6056,narrow_gate,operational_20ms,d0b5162cd61b5df39a5caf842d2257e7f6d300cbbf1f21fa30dcf183810e85e2,c9a378e3af3f286959ccc6ce0aab8e5df4db1d375fa82cf308f21e70bfb38b4e,20.0,119.34112600283697,134.3411260022549,23.199200004455633,14.999999999417923,2.6686999990488403,19.479800001136027,0.0,0.9195999955409206,hold,supervision_budget_exceeded,hold,supervision_budget,True,10,0,False,False,True,True,True,True,10,0,0,0,10,0,0,10,0,True,False,True,False,12312,11904,408,0.9668615984405458,8,10,1
armbench.pi05_optimized_cpu_replay.v1,row_07683__free_space__direct_dispatch__operational_20ms,row_07683__free_space__direct_dispatch,27,7683,free_space,operational_20ms,a00422d34079c464db8df8c5409bf2828aea05bbf77b08b587c170edb57e57c7,61b0433210982b6803e6e79c30ad66cf82384038c635fbc9cec97f43c2d5f63a,20.0,80.2862310083583,111.2862310037599,23.378300000331365,30.999999995401595,2.0413000020198524,20.66740000009304,0.0,0.582200002099853,hold,supervision_budget_exceeded,hold,supervision_budget,True,10,0,False,False,True,True,True,True,10,0,0,0,10,0,0,10,0,True,False,True,False,12495,11860,635,0.9491796718687475,7,10,1
armbench.pi05_optimized_cpu_replay.v1,row_07683__single_block__direct_dispatch__operational_20ms,row_07683__single_block__direct_dispatch,27,7683,single_block,operational_20ms,a00422d34079c464db8df8c5409bf2828aea05bbf77b08b587c170edb57e57c7,61b0433210982b6803e6e79c30ad66cf82384038c635fbc9cec97f43c2d5f63a,20.0,80.42503100296017,111.42503099836176,26.832499999727588,14.999999999417923,4.783300006238278,20.508400004473515,0.0,1.3762000016868114,hold,supervision_budget_exceeded,hold,supervision_budget,True,10,0,False,False,True,True,True,True,10,0,0,0,10,0,0,10,0,True,False,True,False,9010,8620,390,0.9567147613762487,5,10,1
armbench.pi05_optimized_cpu_replay.v1,row_07683__narrow_gate__direct_dispatch__operational_20ms,row_07683__narrow_gate__direct_dispatch,27,7683,narrow_gate,operational_20ms,a00422d34079c464db8df8c5409bf2828aea05bbf77b08b587c170edb57e57c7,61b0433210982b6803e6e79c30ad66cf82384038c635fbc9cec97f43c2d5f63a,20.0,80.37813100963831,111.37813101231586,21.244099996692967,31.000000002677552,4.663300001993775,16.06300000275951,0.0,0.3854000024148263,hold,supervision_budget_exceeded,hold,supervision_budget,True,10,0,False,False,True,True,True,True,10,0,0,0,10,0,0,10,0,True,False,True,False,11448,11065,383,0.9665443745632425,5,10,1
armbench.pi05_optimized_cpu_replay.v1,row_07373__free_space__direct_dispatch__operational_20ms,row_07373__free_space__direct_dispatch,28,7373,free_space,operational_20ms,e342e284a6b9329bf43b6560e5358b71495f40177533837036afecf930c2b4c0,3dbd650490cea64352a1dbaccb6f541b5a9d1998528a622fd0fd896330c63f5e,20.0,95.29193700291216,126.29193699831376,22.57409999583615,14.999999999417923,3.2216000035987236,12.084500005585141,6.829099998867605,0.29579999682027847,hold,supervision_budget_exceeded,hold,supervision_budget,True,10,0,False,False,True,True,True,True,10,0,0,0,10,0,0,10,0,True,False,True,False,9849,9427,422,0.9571530104579145,14,10,3
armbench.pi05_optimized_cpu_replay.v1,row_07373__single_block__direct_dispatch__operational_20ms,row_07373__single_block__direct_dispatch,28,7373,single_block,operational_20ms,e342e284a6b9329bf43b6560e5358b71495f40177533837036afecf930c2b4c0,3dbd650490cea64352a1dbaccb6f541b5a9d1998528a622fd0fd896330c63f5e,20.0,94.81193700048607,126.81193699972937,20.788099995115772,15.999999995983671,5.539999998291023,14.726599998539314,0.0,0.3830999994534068,hold,supervision_budget_exceeded,hold,supervision_budget,True,10,0,False,False,True,True,True,True,10,0,0,0,10,0,0,10,1,False,False,True,False,9690,9228,462,0.9523219814241486,10,10,1
armbench.pi05_optimized_cpu_replay.v1,row_07373__narrow_gate__direct_dispatch__operational_20ms,row_07373__narrow_gate__direct_dispatch,28,7373,narrow_gate,operational_20ms,e342e284a6b9329bf43b6560e5358b71495f40177533837036afecf930c2b4c0,3dbd650490cea64352a1dbaccb6f541b5a9d1998528a622fd0fd896330c63f5e,20.0,94.97553700202843,125.97553700470598,22.148999996716157,14.999999999417923,1.8720999942161143,17.893699994601775,1.8008999977610074,0.49840000428957865,hold,supervision_budget_exceeded,hold,supervision_budget,True,10,0,False,False,True,True,True,True,10,0,0,0,10,0,0,10,0,True,False,True,False,12744,12333,411,0.9677495291902072,12,10,2
armbench.pi05_optimized_cpu_replay.v1,row_07772__free_space__direct_dispatch__operational_20ms,row_07772__free_space__direct_dispatch,29,7772,free_space,operational_20ms,c3533edfda4b0016620bef05041c1b2e100c114929dc01b6c006379c8f39062d,f9efe20bb0146929d0da2aab6cb2d34cae1c034a2e8891af5c57bfffe379dbff,20.0,109.84383399772923,156.84383400366642,25.477700000919867,31.000000002677552,4.464500001631677,19.48660000198288,0.0,1.3820000021951273,hold,supervision_budget_exceeded,hold,supervision_budget,True,10,0,False,False,True,True,True,True,10,0,0,0,10,0,0,10,0,True,False,True,False,7497,7156,341,0.9545151393890889,5,10,1
armbench.pi05_optimized_cpu_replay.v1,row_07772__single_block__direct_dispatch__operational_20ms,row_07772__single_block__direct_dispatch,29,7772,single_block,operational_20ms,c3533edfda4b0016620bef05041c1b2e100c114929dc01b6c006379c8f39062d,f9efe20bb0146929d0da2aab6cb2d34cae1c034a2e8891af5c57bfffe379dbff,20.0,109.91603399452288,140.91603398992447,21.723700003349222,14.999999999417923,3.458499995758757,17.273799996473826,0.0,0.3986999945482239,hold,supervision_budget_exceeded,hold,supervision_budget,True,10,0,False,False,True,True,True,True,10,0,0,0,10,0,0,10,0,True,False,True,False,14110,13459,651,0.9538625088589653,7,10,1
armbench.pi05_optimized_cpu_replay.v1,row_07772__narrow_gate__direct_dispatch__operational_20ms,row_07772__narrow_gate__direct_dispatch,29,7772,narrow_gate,operational_20ms,c3533edfda4b0016620bef05041c1b2e100c114929dc01b6c006379c8f39062d,f9efe20bb0146929d0da2aab6cb2d34cae1c034a2e8891af5c57bfffe379dbff,20.0,109.8769340023864,156.87693400104763,25.016600004164502,31.9999999992433,5.358100002922583,18.68809999723453,0.0,0.8387999987462536,hold,supervision_budget_exceeded,hold,supervision_budget,True,10,0,False,False,True,True,True,True,10,0,0,0,10,4,0,10,5,False,False,True,False,14472,13891,581,0.9598535102266446,6,10,1
armbench.pi05_optimized_cpu_replay.v1,row_00763__free_space__direct_dispatch__diagnostic_100ms,row_00763__free_space__direct_dispatch,0,763,free_space,diagnostic_100ms,2ba514276e139d381b7b19bf859e964ad7e1b157ca9f234909fb87328f08ec28,e4ddff608fdc24bbe79f4f345b6ad772cc7e47679fd0522db9fe5c0e6a4512b3,100.0,103.75407699757488,213.75407699815696,98.33140000409912,110.00000000058208,1.7445000048610382,10.504899997613393,85.1838999951724,0.8116999961202964,hold,response_deadline_exceeded_during_supervision,hold,deadline,True,10,0,False,False,True,True,True,True,10,0,0,0,10,0,0,10,0,True,False,False,True,28665,27220,1445,0.9495900924472354,30,10,11
armbench.pi05_optimized_cpu_replay.v1,row_00763__single_block__direct_dispatch__diagnostic_100ms,row_00763__single_block__direct_dispatch,0,763,single_block,diagnostic_100ms,2ba514276e139d381b7b19bf859e964ad7e1b157ca9f234909fb87328f08ec28,e4ddff608fdc24bbe79f4f345b6ad772cc7e47679fd0522db9fe5c0e6a4512b3,100.0,102.52607700385852,211.5260770005989,98.81650000170339,93.99999999732245,4.844800001592375,11.126299999887124,81.97320000181207,0.7259999983943999,hold,response_deadline_exceeded_during_supervision,hold,deadline,True,10,0,False,False,True,True,True,True,10,0,0,0,10,0,0,10,0,True,False,False,True,33150,31681,1469,0.9556862745098039,30,10,11
armbench.pi05_optimized_cpu_replay.v1,row_00763__narrow_gate__direct_dispatch__diagnostic_100ms,row_00763__narrow_gate__direct_dispatch,0,763,narrow_gate,diagnostic_100ms,2ba514276e139d381b7b19bf859e964ad7e1b157ca9f234909fb87328f08ec28,e4ddff608fdc24bbe79f4f345b6ad772cc7e47679fd0522db9fe5c0e6a4512b3,100.0,103.48747699754313,197.48747699486557,98.92750000290107,93.99999999732245,4.753100001835264,13.464800002111588,79.99459999700775,0.5493999997270294,hold,response_deadline_exceeded_during_supervision,hold,deadline,True,10,0,False,False,True,True,True,True,10,0,0,0,10,0,0,10,0,True,False,False,True,38664,37345,1319,0.965885578315746,28,10,10
armbench.pi05_optimized_cpu_replay.v1,row_00458__free_space__direct_dispatch__diagnostic_100ms,row_00458__free_space__direct_dispatch,1,458,free_space,diagnostic_100ms,539d85427650fb89affee25f827ab92f2803af4f4686cdda7625ebbcfc4e125f,c20bfe121e217568858d6301db3e88f8bbabf1604fdaa8e909eae454747800b5,100.0,82.58776900765952,160.5877690089983,81.98109999648295,78.00000000133878,4.172900000412483,14.731299997947644,62.90889999945648,0.0,execute,qp_continuous_collision_and_braking_invariant_passed,accepted,,True,10,10,True,False,True,True,True,True,10,0,0,0,10,0,0,10,0,True,False,False,False,29253,27608,1645,0.9437664513041397,29,10,10
armbench.pi05_optimized_cpu_replay.v1,row_00458__single_block__direct_dispatch__diagnostic_100ms,row_00458__single_block__direct_dispatch,1,458,single_block,diagnostic_100ms,539d85427650fb89affee25f827ab92f2803af4f4686cdda7625ebbcfc4e125f,c20bfe121e217568858d6301db3e88f8bbabf1604fdaa8e909eae454747800b5,100.0,82.50796900392743,191.5079690006678,95.76019999803975,108.99999999674037,4.519299996900372,17.346599997836165,73.77500000438886,0.0,execute,qp_continuous_collision_and_braking_invariant_passed,accepted,,True,10,10,True,False,True,True,True,True,10,0,0,0,10,0,0,10,0,True,False,False,False,33830,31980,1850,0.9453148093408218,29,10,10
armbench.pi05_optimized_cpu_replay.v1,row_00458__narrow_gate__direct_dispatch__diagnostic_100ms,row_00458__narrow_gate__direct_dispatch,1,458,narrow_gate,diagnostic_100ms,539d85427650fb89affee25f827ab92f2803af4f4686cdda7625ebbcfc4e125f,c20bfe121e217568858d6301db3e88f8bbabf1604fdaa8e909eae454747800b5,100.0,83.1604690029053,192.16046900692163,96.79489999689395,109.00000000401633,4.261200003384147,22.307299994281493,70.13909999659518,0.0,execute,qp_continuous_collision_and_braking_invariant_passed,accepted,,True,10,10,True,False,True,True,True,True,10,0,0,0,10,0,0,10,0,True,False,False,False,42984,41284,1700,0.9604504001488926,29,10,10
armbench.pi05_optimized_cpu_replay.v1,row_00222__free_space__direct_dispatch__diagnostic_100ms,row_00222__free_space__direct_dispatch,2,222,free_space,diagnostic_100ms,7ed64e746df909ff0c71898c554048b30bb88de50d94a6f43787c50679b174e2,21da2b9970d3e9644b5f044a5dcc016b6b5053a5b4e9c17bce52d4303d2b3600,100.0,171.54230199957965,218.54230199824087,36.685699997178745,46.999999998661224,2.79949999821838,14.30160000018077,19.19330000237096,0.2934000003733672,hold,response_deadline_exceeded_during_supervision,hold,deadline,True,10,0,False,False,True,True,True,True,10,0,0,0,10,0,0,10,0,True,False,False,True,21021,19950,1071,0.949050949050949,20,10,6
armbench.pi05_optimized_cpu_replay.v1,row_00222__single_block__direct_dispatch__diagnostic_100ms,row_00222__single_block__direct_dispatch,2,222,single_block,diagnostic_100ms,7ed64e746df909ff0c71898c554048b30bb88de50d94a6f43787c50679b174e2,21da2b9970d3e9644b5f044a5dcc016b6b5053a5b4e9c17bce52d4303d2b3600,100.0,171.895202001906,218.89520200056722,32.18179999385029,31.9999999992433,4.1266999978688546,25.92980000190437,0.0,1.825999999709893,hold,response_deadline_exceeded_during_supervision,hold,deadline,True,10,0,False,False,True,True,True,True,10,0,0,0,10,0,0,10,0,True,False,False,True,21590,20455,1135,0.9474293654469662,8,10,1
armbench.pi05_optimized_cpu_replay.v1,row_00222__narrow_gate__direct_dispatch__diagnostic_100ms,row_00222__narrow_gate__direct_dispatch,2,222,narrow_gate,diagnostic_100ms,7ed64e746df909ff0c71898c554048b30bb88de50d94a6f43787c50679b174e2,21da2b9970d3e9644b5f044a5dcc016b6b5053a5b4e9c17bce52d4303d2b3600,100.0,171.71460199460853,202.71460199728608,26.102200004970655,31.000000002677552,4.4217000031494536,20.9748999986914,0.0,0.5758000042987987,hold,continuous_edge_rejected:collision:static:gate_upper:link6,hold,continuous_collision,True,10,0,False,False,True,True,True,True,10,0,0,0,10,3,0,10,5,False,False,False,True,10800,10310,485,0.9546296296296296,8,10,1
armbench.pi05_optimized_cpu_replay.v1,row_01467__free_space__direct_dispatch__diagnostic_100ms,row_01467__free_space__direct_dispatch,3,1467,free_space,diagnostic_100ms,0d05a20d8a90b30eac6e6dfc2e65c5d447cb062d06863c48db1367dbdc8d27af,4f17f5dfea4ea95c98fd42f459cd72d84c6d64fa6c129fbeb17b753364002cf1,100.0,92.3235240043141,186.32352400163654,89.00100000028033,93.99999999732245,2.333399999770336,18.024400000285823,68.52290000097128,0.0,execute,qp_continuous_collision_and_braking_invariant_passed,accepted,,True,10,10,True,False,True,True,True,True,10,0,0,0,10,0,0,10,0,True,False,False,False,26019,24758,1261,0.9515354164264576,29,10,10
armbench.pi05_optimized_cpu_replay.v1,row_01467__single_block__direct_dispatch__diagnostic_100ms,row_01467__single_block__direct_dispatch,3,1467,single_block,diagnostic_100ms,0d05a20d8a90b30eac6e6dfc2e65c5d447cb062d06863c48db1367dbdc8d27af,4f17f5dfea4ea95c98fd42f459cd72d84c6d64fa6c129fbeb17b753364002cf1,100.0,92.74982400529552,217.74982400529552,108.42180000327062,110.00000000058208,2.093299997795839,19.850299999234267,86.10130000306526,0.2869000018108636,hold,response_deadline_exceeded_during_supervision,hold,deadline,True,10,0,False,False,True,True,True,True,10,0,0,0,10,0,0,10,0,True,False,True,True,30090,28560,1530,0.9491525423728814,28,10,10
armbench.pi05_optimized_cpu_replay.v1,row_01467__narrow_gate__direct_dispatch__diagnostic_100ms,row_01467__narrow_gate__direct_dispatch,3,1467,narrow_gate,diagnostic_100ms,0d05a20d8a90b30eac6e6dfc2e65c5d447cb062d06863c48db1367dbdc8d27af,4f17f5dfea4ea95c98fd42f459cd72d84c6d64fa6c129fbeb17b753364002cf1,100.0,92.48282400221797,186.48282399954041,87.30659999855561,93.99999999732245,3.864199999952689,30.72249999968335,52.639499997894745,0.0,execute,qp_continuous_collision_and_braking_invariant_passed,accepted,,True,10,10,True,False,True,True,True,True,10,0,0,0,10,0,0,10,0,True,False,False,False,39528,37538,1990,0.9496559400930986,29,10,10
armbench.pi05_optimized_cpu_replay.v1,row_00954__free_space__direct_dispatch__diagnostic_100ms,row_00954__free_space__direct_dispatch,4,954,free_space,diagnostic_100ms,8c426cf29f252a7c103234ca72eff693daec4272e1eff735e0f325be6c8368bb,541ef1c389b4780c1bc25075e466ca00805d06391dbce79e67b43e6b6a02ff42,100.0,84.07754999643657,193.0775500004529,105.87459999806015,109.00000000401633,1.902299998619128,21.54829999926733,82.05900000029942,0.31540000054519624,hold,supervision_budget_exceeded,hold,supervision_budget,True,10,0,False,False,True,True,True,True,10,0,0,0,10,0,0,10,0,True,False,True,False,48069,45332,2737,0.9430610164555119,26,10,9
armbench.pi05_optimized_cpu_replay.v1,row_00954__single_block__direct_dispatch__diagnostic_100ms,row_00954__single_block__direct_dispatch,4,954,single_block,diagnostic_100ms,8c426cf29f252a7c103234ca72eff693daec4272e1eff735e0f325be6c8368bb,541ef1c389b4780c1bc25075e466ca00805d06391dbce79e67b43e6b6a02ff42,100.0,83.76884999597678,193.76884999655886,100.77920000185259,93.99999999732245,3.552100002707448,25.976700002502184,70.87229999888223,0.27070000214735046,hold,supervision_budget_exceeded,hold,supervision_budget,True,10,0,False,False,True,True,True,True,10,0,0,0,10,0,0,10,0,True,False,True,False,60690,57622,3068,0.9494480144999176,28,10,10
armbench.pi05_optimized_cpu_replay.v1,row_00954__narrow_gate__direct_dispatch__diagnostic_100ms,row_00954__narrow_gate__direct_dispatch,4,954,narrow_gate,diagnostic_100ms,8c426cf29f252a7c103234ca72eff693daec4272e1eff735e0f325be6c8368bb,541ef1c389b4780c1bc25075e466ca00805d06391dbce79e67b43e6b6a02ff42,100.0,83.80704999581212,192.8070499925525,101.45449999981793,93.0000000007567,2.180999996198807,45.00270000426099,53.46509999799309,0.705099999322556,hold,supervision_budget_exceeded,hold,supervision_budget,True,10,0,False,False,True,True,True,True,10,0,0,0,10,0,0,10,0,True,False,True,False,49896,47579,2317,0.9535634118967452,20,10,6
armbench.pi05_optimized_cpu_replay.v1,row_01576__free_space__direct_dispatch__diagnostic_100ms,row_01576__free_space__direct_dispatch,5,1576,free_space,diagnostic_100ms,a51612a00a37d0ea3749eb912a6f60afe1d9cd2ca5587f61e5ab60e8a19f447a,ceffaae899c86b7cad94d1a21bba4a80279a12dae6dc59022e88ec0d8034bbec,100.0,109.7861300004297,172.78613000235055,49.52710000361549,46.999999998661224,4.113899994990788,15.029499998490792,30.28679999988526,0.0,execute,qp_continuous_collision_and_braking_invariant_passed,accepted,,True,10,10,True,False,True,True,True,True,10,0,0,0,10,0,0,10,0,True,False,False,False,21609,20576,1033,0.9521958443241242,29,10,10
armbench.pi05_optimized_cpu_replay.v1,row_01576__single_block__direct_dispatch__diagnostic_100ms,row_01576__single_block__direct_dispatch,5,1576,single_block,diagnostic_100ms,a51612a00a37d0ea3749eb912a6f60afe1d9cd2ca5587f61e5ab60e8a19f447a,ceffaae899c86b7cad94d1a21bba4a80279a12dae6dc59022e88ec0d8034bbec,100.0,109.48412999277934,187.48412999411812,66.04030000016792,61.99999999807915,3.1997999976738356,15.262199995049741,47.45869999896968,0.0,execute,qp_continuous_collision_and_braking_invariant_passed,accepted,,True,10,10,True,False,True,True,True,True,10,0,0,0,10,0,0,10,0,True,False,False,False,24990,23932,1058,0.9576630652260905,29,10,10
armbench.pi05_optimized_cpu_replay.v1,row_01576__narrow_gate__direct_dispatch__diagnostic_100ms,row_01576__narrow_gate__direct_dispatch,5,1576,narrow_gate,diagnostic_100ms,a51612a00a37d0ea3749eb912a6f60afe1d9cd2ca5587f61e5ab60e8a19f447a,ceffaae899c86b7cad94d1a21bba4a80279a12dae6dc59022e88ec0d8034bbec,100.0,109.35532999428688,187.35532999562565,65.1648999992176,61.99999999807915,4.269799996109214,15.427700003783684,45.35960000066552,0.0,execute,qp_continuous_collision_and_braking_invariant_passed,accepted,,True,10,10,True,False,True,True,True,True,10,0,0,0,10,0,0,10,0,True,False,False,False,31752,30699,1053,0.9668367346938775,29,10,10
armbench.pi05_optimized_cpu_replay.v1,row_02114__free_space__direct_dispatch__diagnostic_100ms,row_02114__free_space__direct_dispatch,6,2114,free_space,diagnostic_100ms,3c8a04cfba03e28f556b668ecfc39ba1f3c6f600ae28115bb0d484f228805822,b450e7ad3d6478be6418531fda01e2f47bd1fa86a3054195fa3e89dd7bafae17,100.0,84.57347300281981,178.57347300014226,104.21879999921657,93.99999999732245,4.641999999876134,19.41179999994347,79.1908000028343,0.7953000022098422,hold,supervision_budget_exceeded,hold,supervision_budget,True,10,0,False,False,True,True,True,True,10,0,0,0,10,0,0,10,0,True,False,True,False,55713,52690,3023,0.9457397734819522,30,10,11
armbench.pi05_optimized_cpu_replay.v1,row_02114__single_block__direct_dispatch__diagnostic_100ms,row_02114__single_block__direct_dispatch,6,2114,single_block,diagnostic_100ms,3c8a04cfba03e28f556b668ecfc39ba1f3c6f600ae28115bb0d484f228805822,b450e7ad3d6478be6418531fda01e2f47bd1fa86a3054195fa3e89dd7bafae17,100.0,85.05257299839286,194.05257299513323,102.85450000083074,108.99999999674037,3.667600001790561,47.157000000879634,50.791199995728675,1.1249999952269718,hold,supervision_budget_exceeded,hold,supervision_budget,True,10,0,False,False,True,True,True,True,10,0,0,0,10,0,0,10,0,True,False,True,False,42670,40658,2012,0.9528474337942349,22,10,7
armbench.pi05_optimized_cpu_replay.v1,row_02114__narrow_gate__direct_dispatch__diagnostic_100ms,row_02114__narrow_gate__direct_dispatch,6,2114,narrow_gate,diagnostic_100ms,3c8a04cfba03e28f556b668ecfc39ba1f3c6f600ae28115bb0d484f228805822,b450e7ad3d6478be6418531fda01e2f47bd1fa86a3054195fa3e89dd7bafae17,100.0,85.04487299796892,116.04487300064648,23.078099999111146,31.000000002677552,2.2417999934987165,19.613200005551334,0.0,1.1295000003883615,hold,continuous_edge_rejected:collision:static:gate_lower:link6,hold,continuous_collision,True,10,0,False,False,True,True,True,True,10,0,0,0,10,5,0,10,7,False,False,False,False,11664,11186,471,0.9590192043895748,6,10,1
armbench.pi05_optimized_cpu_replay.v1,row_02316__free_space__direct_dispatch__diagnostic_100ms,row_02316__free_space__direct_dispatch,7,2316,free_space,diagnostic_100ms,307d796186bec85694ad45ec5f0f36b6c2d4136025b8788f52b21f8ce81cefc3,4eb6f0c33cfea87817ea47ba3691beea6689e4326d4b265a74641f01503e5d46,100.0,81.15441800327972,191.1544180038618,105.2244000020437,110.00000000058208,4.1373999993084,27.142700004333165,73.29279999976279,0.5305000013322569,hold,supervision_budget_exceeded,hold,supervision_budget,True,10,0,False,False,True,True,True,True,10,0,0,0,10,0,0,10,0,True,False,True,False,29253,27641,1612,0.9448945407308652,28,10,10
armbench.pi05_optimized_cpu_replay.v1,row_02316__single_block__direct_dispatch__diagnostic_100ms,row_02316__single_block__direct_dispatch,7,2316,single_block,diagnostic_100ms,307d796186bec85694ad45ec5f0f36b6c2d4136025b8788f52b21f8ce81cefc3,4eb6f0c33cfea87817ea47ba3691beea6689e4326d4b265a74641f01503e5d46,100.0,81.35241799755022,190.3524179942906,103.06089999357937,108.99999999674037,5.994200000714045,29.628099997353274,66.38589999784017,0.9158000029856339,hold,supervision_budget_exceeded,hold,supervision_budget,True,10,0,False,False,True,True,True,True,10,0,0,0,10,0,0,10,0,True,False,True,False,25670,24247,1423,0.9445656408258668,22,10,7
armbench.pi05_optimized_cpu_replay.v1,row_02316__narrow_gate__direct_dispatch__diagnostic_100ms,row_02316__narrow_gate__direct_dispatch,7,2316,narrow_gate,diagnostic_100ms,307d796186bec85694ad45ec5f0f36b6c2d4136025b8788f52b21f8ce81cefc3,4eb6f0c33cfea87817ea47ba3691beea6689e4326d4b265a74641f01503e5d46,100.0,81.5732180053601,112.57321800803766,22.864899998239707,16.00000000325963,4.695999996329192,17.402500001480803,0.0,0.6217999980435707,hold,continuous_edge_rejected:collision:static:gate_lower:link6,hold,continuous_collision,True,10,0,False,False,True,True,True,True,10,0,0,0,10,3,0,10,5,False,False,False,False,15552,14874,670,0.9564043209876543,8,10,1
armbench.pi05_optimized_cpu_replay.v1,row_02045__free_space__direct_dispatch__diagnostic_100ms,row_02045__free_space__direct_dispatch,8,2045,free_space,diagnostic_100ms,35bb006359368f4079d94be18fc9d2261932ba0be13c6387627761460fdfd649,21bb222523a68d85dbd4f6c83a8c1b450d40a364adf8ee4e45280df78bc18027,100.0,107.79295300744707,170.79295300936792,57.56470000051195,63.00000000192085,4.814300002180971,15.658399999665562,36.96050000144169,0.0,execute,qp_continuous_collision_and_braking_invariant_passed,accepted,,True,10,10,True,False,True,True,True,True,10,0,0,0,10,0,0,10,0,True,False,False,False,9555,9189,366,0.9616954474097331,29,10,10
armbench.pi05_optimized_cpu_replay.v1,row_02045__single_block__direct_dispatch__diagnostic_100ms,row_02045__single_block__direct_dispatch,8,2045,single_block,diagnostic_100ms,35bb006359368f4079d94be18fc9d2261932ba0be13c6387627761460fdfd649,21bb222523a68d85dbd4f6c83a8c1b450d40a364adf8ee4e45280df78bc18027,100.0,107.84735299966997,169.8473529977491,48.574400003417395,46.999999998661224,1.9529999990481883,14.150299997709226,32.35829999903217,0.0,execute,qp_continuous_collision_and_braking_invariant_passed,accepted,,True,10,10,True,False,True,True,True,True,10,0,0,0,10,0,0,10,0,True,False,False,False,12410,11830,580,0.9532634971796938,29,10,10
armbench.pi05_optimized_cpu_replay.v1,row_02045__narrow_gate__direct_dispatch__diagnostic_100ms,row_02045__narrow_gate__direct_dispatch,8,2045,narrow_gate,diagnostic_100ms,35bb006359368f4079d94be18fc9d2261932ba0be13c6387627761460fdfd649,21bb222523a68d85dbd4f6c83a8c1b450d40a364adf8ee4e45280df78bc18027,100.0,108.03035300341435,171.0303530053352,54.64900000515627,46.999999998661224,4.529500001808628,14.483999999356456,35.497400000167545,0.0,execute,qp_continuous_collision_and_braking_invariant_passed,accepted,,True,10,10,True,False,True,True,True,True,10,0,0,0,10,0,0,10,0,True,False,False,False,14040,13560,480,0.9658119658119658,29,10,10
armbench.pi05_optimized_cpu_replay.v1,row_02736__free_space__direct_dispatch__diagnostic_100ms,row_02736__free_space__direct_dispatch,9,2736,free_space,diagnostic_100ms,62b013ffb3379eba43666abbd0be0848858bc836836b094e25ea8d74cfde9e2c,0b565a6938d9bb0b57977d079796fcc4c108d1841f47a0f986253144c3870174,100.0,79.95957398816245,204.95957398816245,104.46270000102231,108.99999999674037,5.120599998917896,40.28889999608509,58.07910000294214,0.815100000181701,hold,supervision_budget_exceeded,hold,supervision_budget,True,10,0,False,False,True,True,True,True,10,0,0,0,10,0,0,10,0,True,False,True,True,30429,28891,1538,0.9494561109467942,20,10,6
armbench.pi05_optimized_cpu_replay.v1,row_02736__single_block__direct_dispatch__diagnostic_100ms,row_02736__single_block__direct_dispatch,9,2736,single_block,diagnostic_100ms,62b013ffb3379eba43666abbd0be0848858bc836836b094e25ea8d74cfde9e2c,0b565a6938d9bb0b57977d079796fcc4c108d1841f47a0f986253144c3870174,100.0,80.01317399612162,173.01317399687832,103.36279999319231,93.0000000007567,4.722900004708208,36.36180000466993,61.826400000427384,0.31070000113686547,hold,supervision_budget_exceeded,hold,supervision_budget,True,10,0,False,False,True,True,True,True,10,0,0,0,10,0,0,10,0,True,False,True,False,40970,38507,2463,0.9398828411032463,22,10,7
armbench.pi05_optimized_cpu_replay.v1,row_02736__narrow_gate__direct_dispatch__diagnostic_100ms,row_02736__narrow_gate__direct_dispatch,9,2736,narrow_gate,diagnostic_100ms,62b013ffb3379eba43666abbd0be0848858bc836836b094e25ea8d74cfde9e2c,0b565a6938d9bb0b57977d079796fcc4c108d1841f47a0f986253144c3870174,100.0,80.14397399529116,80.14397399529116,13.01209999655839,0.0,3.0573999974876642,9.299299999838695,0.0,0.3941000031773001,hold,continuous_edge_rejected:collision:static:gate_lower:link6,hold,continuous_collision,True,10,0,False,False,True,True,True,True,10,0,0,0,10,5,0,10,7,False,False,False,False,11664,11153,503,0.9561899862825789,6,10,1
armbench.pi05_optimized_cpu_replay.v1,row_02456__free_space__direct_dispatch__diagnostic_100ms,row_02456__free_space__direct_dispatch,10,2456,free_space,diagnostic_100ms,a805df171f5b2a0bb37e82ee33c913be28ab363a08c40943c47745c4be5f166b,606d95c489296b5f4e2fde5d9b28e0f52167c7824e5ba4cee1b52a1be5d798c3,100.0,160.5769509988022,207.57695099746343,44.636099999479484,46.999999998661224,2.002000001084525,21.386300002632197,20.721100001537707,0.3536999938660301,hold,response_deadline_exceeded_during_supervision,hold,deadline,True,10,0,False,False,True,True,True,True,10,0,0,0,10,0,0,10,0,True,False,False,True,26313,25049,1264,0.9519629080682552,18,10,5
armbench.pi05_optimized_cpu_replay.v1,row_02456__single_block__direct_dispatch__diagnostic_100ms,row_02456__single_block__direct_dispatch,10,2456,single_block,diagnostic_100ms,a805df171f5b2a0bb37e82ee33c913be28ab363a08c40943c47745c4be5f166b,606d95c489296b5f4e2fde5d9b28e0f52167c7824e5ba4cee1b52a1be5d798c3,100.0,160.99725099775242,207.9972510036896,41.742000001249835,47.00000000593718,3.263300000980962,35.57590000127675,2.416700001049321,0.34159999631810933,hold,response_deadline_exceeded_during_supervision,hold,deadline,True,10,0,False,False,True,True,True,True,10,0,0,0,10,0,0,10,0,True,False,False,True,21590,20429,1161,0.9462251042149143,12,10,2
armbench.pi05_optimized_cpu_replay.v1,row_02456__narrow_gate__direct_dispatch__diagnostic_100ms,row_02456__narrow_gate__direct_dispatch,10,2456,narrow_gate,diagnostic_100ms,a805df171f5b2a0bb37e82ee33c913be28ab363a08c40943c47745c4be5f166b,606d95c489296b5f4e2fde5d9b28e0f52167c7824e5ba4cee1b52a1be5d798c3,100.0,160.55815100116888,176.55815099715255,29.78439999424154,15.999999995983671,4.474500005017035,23.85909999429714,0.0,1.2883999952464364,hold,continuous_edge_rejected:collision:static:gate_lower:link6,hold,continuous_collision,True,10,0,False,False,True,True,True,True,10,0,0,0,10,5,0,10,7,False,False,False,False,11232,10725,499,0.9548611111111112,6,10,1
armbench.pi05_optimized_cpu_replay.v1,row_02938__free_space__direct_dispatch__diagnostic_100ms,row_02938__free_space__direct_dispatch,11,2938,free_space,diagnostic_100ms,30d16912ce8098c60d419bf30ed1491235b796b186f2378fa0ebdef754cc31fd,d5c708014600a7920be64b6acc05dd2153f49c780015898b4d746c2bc4c494ab,100.0,111.70350899919868,204.70350899995537,97.46309999900404,93.0000000007567,1.8745999987004325,34.43379999953322,60.13199999870267,0.9191999997710809,hold,response_deadline_exceeded_during_supervision,hold,deadline,True,10,0,False,False,True,True,True,True,10,0,0,0,10,0,0,10,0,True,False,False,True,39837,37654,2183,0.9452016969149283,28,10,10
armbench.pi05_optimized_cpu_replay.v1,row_02938__single_block__direct_dispatch__diagnostic_100ms,row_02938__single_block__direct_dispatch,11,2938,single_block,diagnostic_100ms,30d16912ce8098c60d419bf30ed1491235b796b186f2378fa0ebdef754cc31fd,d5c708014600a7920be64b6acc05dd2153f49c780015898b4d746c2bc4c494ab,100.0,111.67890899378108,221.67890899436316,99.42120000050636,94.0000000045984,4.078300000401214,34.12570000364212,60.217199999897275,0.8683999985805713,hold,response_deadline_exceeded_during_supervision,hold,deadline,True,10,0,False,False,True,True,True,True,10,0,0,0,10,0,0,10,0,True,False,False,True,37910,36148,1762,0.9535214982854128,22,10,7
armbench.pi05_optimized_cpu_replay.v1,row_02938__narrow_gate__direct_dispatch__diagnostic_100ms,row_02938__narrow_gate__direct_dispatch,11,2938,narrow_gate,diagnostic_100ms,30d16912ce8098c60d419bf30ed1491235b796b186f2378fa0ebdef754cc31fd,d5c708014600a7920be64b6acc05dd2153f49c780015898b4d746c2bc4c494ab,100.0,111.79980899760267,220.79980899434304,91.83610000036424,93.99999999732245,3.027599996130448,27.86729999934323,60.09190000622766,0.7078000053297728,hold,response_deadline_exceeded_during_supervision,hold,deadline,True,10,0,False,False,True,True,True,True,10,0,0,0,10,0,0,10,0,True,False,False,True,41256,39525,1731,0.95804246655032,20,10,6
armbench.pi05_optimized_cpu_replay.v1,row_03122__free_space__direct_dispatch__diagnostic_100ms,row_03122__free_space__direct_dispatch,12,3122,free_space,diagnostic_100ms,4fd1a98f6e18bda6afca61b1213f09c92ed3fce35dcd8c4d53333ce515224354,fae786a4aad836002b16172491457936b523b19e2e002e95e4b9cb634083a717,100.0,81.44486000674078,191.44486000732286,102.20879999542376,110.00000000058208,5.167999996047001,41.31570000026841,54.97579999791924,0.6025999973644502,hold,supervision_budget_exceeded,hold,supervision_budget,True,10,0,False,False,True,True,True,True,10,0,0,0,10,0,0,10,0,True,False,True,False,24549,23255,1294,0.9472890952788301,22,10,7
armbench.pi05_optimized_cpu_replay.v1,row_03122__single_block__direct_dispatch__diagnostic_100ms,row_03122__single_block__direct_dispatch,12,3122,single_block,diagnostic_100ms,4fd1a98f6e18bda6afca61b1213f09c92ed3fce35dcd8c4d53333ce515224354,fae786a4aad836002b16172491457936b523b19e2e002e95e4b9cb634083a717,100.0,81.17976000357885,190.17976000031922,102.06520000065211,108.99999999674037,5.567300002439879,33.7848000053782,62.14989999716636,0.3977999949711375,hold,supervision_budget_exceeded,hold,supervision_budget,True,10,0,False,False,True,True,True,True,10,0,0,0,10,0,0,10,0,True,False,True,False,31110,29626,1484,0.9522982963677274,24,10,8
armbench.pi05_optimized_cpu_replay.v1,row_03122__narrow_gate__direct_dispatch__diagnostic_100ms,row_03122__narrow_gate__direct_dispatch,12,3122,narrow_gate,diagnostic_100ms,4fd1a98f6e18bda6afca61b1213f09c92ed3fce35dcd8c4d53333ce515224354,fae786a4aad836002b16172491457936b523b19e2e002e95e4b9cb634083a717,100.0,81.26705999893602,190.26706000295235,100.62540000217268,109.00000000401633,6.042399996658787,42.5556999980472,51.557899998442736,0.30929999775253236,hold,supervision_budget_exceeded,hold,supervision_budget,True,10,0,False,False,True,True,True,True,10,0,0,0,10,0,0,10,0,True,False,True,False,42984,41312,1672,0.9611018053229109,26,10,9
armbench.pi05_optimized_cpu_replay.v1,row_03163__free_space__direct_dispatch__diagnostic_100ms,row_03163__free_space__direct_dispatch,13,3163,free_space,diagnostic_100ms,e3ad14c7d499ec5ce4892eb2bef290b5e056a2b62568859245b6356da12457fb,ffa917dcd4fa88b9be0656ad8c111499b9a6bfff234650d693827eb9d1d5f76c,100.0,80.90778300538659,205.9077830053866,108.80840000027092,110.00000000058208,2.5822000025073066,11.930399996344931,93.33729999343632,0.8129999987431802,hold,supervision_budget_exceeded,hold,supervision_budget,True,10,0,False,False,True,True,True,True,10,0,0,0,10,0,0,10,0,True,False,True,True,30429,28831,1598,0.9474843077327549,30,10,11
armbench.pi05_optimized_cpu_replay.v1,row_03163__single_block__direct_dispatch__diagnostic_100ms,row_03163__single_block__direct_dispatch,13,3163,single_block,diagnostic_100ms,e3ad14c7d499ec5ce4892eb2bef290b5e056a2b62568859245b6356da12457fb,ffa917dcd4fa88b9be0656ad8c111499b9a6bfff234650d693827eb9d1d5f76c,100.0,80.80188299936708,190.80188299994916,105.10310000245227,110.00000000058208,4.4276999979047105,27.63319999939995,72.09380000131205,0.7922000004327856,hold,supervision_budget_exceeded,hold,supervision_budget,True,10,0,False,False,True,True,True,True,10,0,0,0,10,0,0,10,0,True,False,True,False,32470,31016,1454,0.9552202032645519,28,10,10
armbench.pi05_optimized_cpu_replay.v1,row_03163__narrow_gate__direct_dispatch__diagnostic_100ms,row_03163__narrow_gate__direct_dispatch,13,3163,narrow_gate,diagnostic_100ms,e3ad14c7d499ec5ce4892eb2bef290b5e056a2b62568859245b6356da12457fb,ffa917dcd4fa88b9be0656ad8c111499b9a6bfff234650d693827eb9d1d5f76c,100.0,81.32088300044416,206.32088300044416,109.32939999474911,108.99999999674037,3.8820999980089255,21.655099997587968,83.28610000171466,0.3375000014784746,hold,supervision_budget_exceeded,hold,supervision_budget,True,10,0,False,False,True,True,True,True,10,0,0,0,10,0,0,10,0,True,False,True,True,44712,43070,1642,0.9632760780103775,30,10,11
armbench.pi05_optimized_cpu_replay.v1,row_03741__free_space__direct_dispatch__diagnostic_100ms,row_03741__free_space__direct_dispatch,14,3741,free_space,diagnostic_100ms,4b7907e4aad9dc6e77f813e772c59d0c7169c40282363ff493a33e879b87cde7,919e5f396da973e2cf7f371f4f3431bd547e13a2c08ca1b5ae4da4003096c020,100.0,109.97415299789282,218.9741529946332,93.47020000132034,93.0000000007567,4.31370000296738,17.372700000123587,71.06969999585999,0.5534000010811724,hold,response_deadline_exceeded_during_supervision,hold,deadline,True,10,0,False,False,True,True,True,True,10,0,0,0,10,0,0,10,0,True,False,False,True,28077,26489,1588,0.9434412508458881,26,10,9
armbench.pi05_optimized_cpu_replay.v1,row_03741__single_block__direct_dispatch__diagnostic_100ms,row_03741__single_block__direct_dispatch,14,3741,single_block,diagnostic_100ms,4b7907e4aad9dc6e77f813e772c59d0c7169c40282363ff493a33e879b87cde7,919e5f396da973e2cf7f371f4f3431bd547e13a2c08ca1b5ae4da4003096c020,100.0,110.02595299942186,219.0259530034382,98.76300000178162,94.0000000045984,2.7765000049839728,16.657100000884384,78.17169999907492,0.9934000045177527,hold,response_deadline_exceeded_during_supervision,hold,deadline,True,10,0,False,False,True,True,True,True,10,0,0,0,10,0,0,10,0,True,False,False,True,32470,30867,1603,0.9506313520172467,26,10,9
armbench.pi05_optimized_cpu_replay.v1,row_03741__narrow_gate__direct_dispatch__diagnostic_100ms,row_03741__narrow_gate__direct_dispatch,14,3741,narrow_gate,diagnostic_100ms,4b7907e4aad9dc6e77f813e772c59d0c7169c40282363ff493a33e879b87cde7,919e5f396da973e2cf7f371f4f3431bd547e13a2c08ca1b5ae4da4003096c020,100.0,109.7219529983704,219.72195299895247,93.35590000409866,93.99999999732245,1.7917999939527363,20.36019999650307,70.80799999675946,0.3319000024930574,hold,response_deadline_exceeded_during_supervision,hold,deadline,True,10,0,False,False,True,True,True,True,10,0,0,0,10,0,0,10,0,True,False,False,True,41256,39645,1611,0.9609511343804538,26,10,9
armbench.pi05_optimized_cpu_replay.v1,row_04298__free_space__direct_dispatch__diagnostic_100ms,row_04298__free_space__direct_dispatch,15,4298,free_space,diagnostic_100ms,2c585a1039cfc500fc7fe28c85a25ec32786fd8b15a0dad94b58ee736a663d79,94e313ab8d7786043893f7af3f613152522a820610d690acb2a3edc9ef4ba28e,100.0,80.53666400519433,189.5366640019347,121.79479999758769,108.99999999674037,3.9853999987826683,54.328099999111146,62.40629999956582,0.9147000018856488,hold,response_deadline_exceeded_during_supervision,hold,deadline,True,10,0,False,False,True,True,True,True,10,0,0,0,10,0,0,10,0,True,False,True,True,32781,30884,1897,0.9421311125346999,20,10,6
armbench.pi05_optimized_cpu_replay.v1,row_04298__single_block__direct_dispatch__diagnostic_100ms,row_04298__single_block__direct_dispatch,15,4298,single_block,diagnostic_100ms,2c585a1039cfc500fc7fe28c85a25ec32786fd8b15a0dad94b58ee736a663d79,94e313ab8d7786043893f7af3f613152522a820610d690acb2a3edc9ef4ba28e,100.0,80.55936400342034,174.5593640007428,106.26090000005206,93.99999999732245,5.294700000376906,56.145599999581464,44.31819999444997,0.31659999513067305,hold,supervision_budget_exceeded,hold,supervision_budget,True,10,0,False,False,True,True,True,True,10,0,0,0,10,0,0,10,0,True,False,True,False,43350,41033,2317,0.9465513264129181,22,10,7
armbench.pi05_optimized_cpu_replay.v1,row_04298__narrow_gate__direct_dispatch__diagnostic_100ms,row_04298__narrow_gate__direct_dispatch,15,4298,narrow_gate,diagnostic_100ms,2c585a1039cfc500fc7fe28c85a25ec32786fd8b15a0dad94b58ee736a663d79,94e313ab8d7786043893f7af3f613152522a820610d690acb2a3edc9ef4ba28e,100.0,81.24266399681801,206.242663996818,107.33949999848846,108.99999999674037,5.005400002119131,63.46859999757726,38.41090000059921,0.3074999985983595,hold,supervision_budget_exceeded,hold,supervision_budget,True,10,0,False,False,True,True,True,True,10,0,0,0,10,0,0,10,0,True,False,True,True,41256,39637,1619,0.9607572231917781,18,10,5
armbench.pi05_optimized_cpu_replay.v1,row_03805__free_space__direct_dispatch__diagnostic_100ms,row_03805__free_space__direct_dispatch,16,3805,free_space,diagnostic_100ms,ed3ed2f05c450ceca326c550433117debafac7329c3cf9d83392e865de84d20b,091b2783ea65091b38cc9287d80dd29b0944a0b9ec326d95fda267eec534df0f,100.0,142.3698360013077,220.36983600264648,68.31610000517685,78.00000000133878,3.0232999997679144,19.192599997040816,45.30749999685213,0.7017999960226007,hold,response_deadline_exceeded_during_supervision,hold,deadline,True,10,0,False,False,True,True,True,True,10,0,0,0,10,0,0,10,0,True,False,False,True,23667,22479,1188,0.9498035238940297,26,10,9
armbench.pi05_optimized_cpu_replay.v1,row_03805__single_block__direct_dispatch__diagnostic_100ms,row_03805__single_block__direct_dispatch,16,3805,single_block,diagnostic_100ms,ed3ed2f05c450ceca326c550433117debafac7329c3cf9d83392e865de84d20b,091b2783ea65091b38cc9287d80dd29b0944a0b9ec326d95fda267eec534df0f,100.0,142.41793600376695,157.41793600318488,13.962900004116818,14.999999999417923,2.6440999936312437,10.233900000457652,0.0,0.9841999999480322,hold,continuous_edge_rejected:collision:static:center_block:link6,hold,continuous_collision,True,10,0,False,False,True,True,True,True,10,0,0,0,10,3,0,10,4,False,False,False,False,6800,6467,326,0.9510294117647059,8,10,1
armbench.pi05_optimized_cpu_replay.v1,row_03805__narrow_gate__direct_dispatch__diagnostic_100ms,row_03805__narrow_gate__direct_dispatch,16,3805,narrow_gate,diagnostic_100ms,ed3ed2f05c450ceca326c550433117debafac7329c3cf9d83392e865de84d20b,091b2783ea65091b38cc9287d80dd29b0944a0b9ec326d95fda267eec534df0f,100.0,142.3951360047795,189.3951360034407,35.228900000220165,46.999999998661224,5.21120000485098,29.4480999946245,0.0,0.4165999998804182,hold,continuous_edge_rejected:collision:static:gate_center:link6,hold,continuous_collision,True,10,0,False,False,True,True,True,True,10,0,0,0,10,1,0,10,3,False,False,False,False,14256,13680,570,0.9595959595959596,10,10,1
armbench.pi05_optimized_cpu_replay.v1,row_03853__free_space__direct_dispatch__diagnostic_100ms,row_03853__free_space__direct_dispatch,17,3853,free_space,diagnostic_100ms,fe36ac0713605fcc57897c367ab31e5b11dbf505ac76505ab7d16f946de13db9,f7709bd9d6a771cb40508d80a0dd423dd43ec32e003ed984a734551e880e8d3e,100.0,113.17077699641231,144.17077699908987,16.888600002857856,16.00000000325963,5.06150000001071,11.222400004044175,0.0,0.4234999942127615,hold,continuous_edge_rejected:collision:self:link5:geom_32:link7:geom_59,hold,continuous_collision,True,10,0,False,False,True,True,True,True,10,0,0,0,10,1,0,10,0,False,False,False,False,3822,3637,184,0.9515960230245945,3,10,1
armbench.pi05_optimized_cpu_replay.v1,row_03853__single_block__direct_dispatch__diagnostic_100ms,row_03853__single_block__direct_dispatch,17,3853,single_block,diagnostic_100ms,fe36ac0713605fcc57897c367ab31e5b11dbf505ac76505ab7d16f946de13db9,f7709bd9d6a771cb40508d80a0dd423dd43ec32e003ed984a734551e880e8d3e,100.0,113.29717699845787,145.29717699770117,18.34200000303099,15.999999995983671,4.986899999494199,12.001299997791648,0.0,1.207000001159031,hold,continuous_edge_rejected:collision:self:link5:geom_33:link7:geom_60,hold,continuous_collision,True,10,0,False,False,True,True,True,True,10,0,0,0,10,1,0,10,0,False,False,False,False,4420,4228,191,0.9565610859728507,3,10,1
armbench.pi05_optimized_cpu_replay.v1,row_03853__narrow_gate__direct_dispatch__diagnostic_100ms,row_03853__narrow_gate__direct_dispatch,17,3853,narrow_gate,diagnostic_100ms,fe36ac0713605fcc57897c367ab31e5b11dbf505ac76505ab7d16f946de13db9,f7709bd9d6a771cb40508d80a0dd423dd43ec32e003ed984a734551e880e8d3e,100.0,114.32727699866518,145.32727699406678,16.62009999563452,14.999999999417923,4.948799993144348,10.661399996024556,0.0,0.8567000040784478,hold,continuous_edge_rejected:collision:self:link5:geom_35:link7:geom_62,hold,continuous_collision,True,10,0,False,False,True,True,True,True,10,0,0,0,10,1,0,10,0,False,False,False,False,5616,5423,192,0.9656339031339032,3,10,1
armbench.pi05_optimized_cpu_replay.v1,row_04953__free_space__direct_dispatch__diagnostic_100ms,row_04953__free_space__direct_dispatch,18,4953,free_space,diagnostic_100ms,1d0a2989e76d920a59ac3a743781f15f16a583e4ded7a55d9122c2e8345072f1,af7c0afa97d566d0b6103c1987699272206fed545e580febec05c23d4443ae45,100.0,92.21125000476604,186.21125000936445,86.60740000050282,94.0000000045984,3.2222999943769537,16.466299995954614,66.80450000567362,0.0,execute,qp_continuous_collision_and_braking_invariant_passed,accepted,,True,10,10,True,False,True,True,True,True,10,0,0,0,10,0,0,10,0,True,False,False,False,31605,29458,2147,0.9320677108052523,29,10,10
armbench.pi05_optimized_cpu_replay.v1,row_04953__single_block__direct_dispatch__diagnostic_100ms,row_04953__single_block__direct_dispatch,18,4953,single_block,diagnostic_100ms,1d0a2989e76d920a59ac3a743781f15f16a583e4ded7a55d9122c2e8345072f1,af7c0afa97d566d0b6103c1987699272206fed545e580febec05c23d4443ae45,100.0,92.31015000113985,217.31015000113985,108.91609999816865,108.99999999674037,4.334899997047614,22.688999997626524,81.43330000166316,0.3324999997857958,hold,response_deadline_exceeded_during_supervision,hold,deadline,True,10,0,False,False,True,True,True,True,10,0,0,0,10,0,0,10,0,True,False,True,True,31110,29341,1769,0.9431372549019608,26,10,9
armbench.pi05_optimized_cpu_replay.v1,row_04953__narrow_gate__direct_dispatch__diagnostic_100ms,row_04953__narrow_gate__direct_dispatch,18,4953,narrow_gate,diagnostic_100ms,1d0a2989e76d920a59ac3a743781f15f16a583e4ded7a55d9122c2e8345072f1,af7c0afa97d566d0b6103c1987699272206fed545e580febec05c23d4443ae45,100.0,92.36935000080848,217.36935000080848,114.92459999863058,108.99999999674037,5.0238999974681064,35.58230000635376,73.18279999890365,0.963699996646028,hold,response_deadline_exceeded_during_supervision,hold,deadline,True,10,0,False,False,True,True,True,True,10,0,0,0,10,0,0,10,0,True,False,True,True,46440,44273,2167,0.953337639965547,30,10,11
armbench.pi05_optimized_cpu_replay.v1,row_04773__free_space__direct_dispatch__diagnostic_100ms,row_04773__free_space__direct_dispatch,19,4773,free_space,diagnostic_100ms,0012494746ac6d95bef31165b95dad73d2233ce508b720c3e77a99bb8cb95b24,c523c8dc9161531afa6950372597ab78cbf73daa99043843e1df48ebd20b87dd,100.0,82.32979899912607,191.32979899586644,104.04949999792734,108.99999999674037,5.65929999720538,21.780900002340786,75.49130000552395,0.9567999950377271,hold,supervision_budget_exceeded,hold,supervision_budget,True,10,0,False,False,True,True,True,True,10,0,0,0,10,0,0,10,0,True,False,True,False,26607,25258,1349,0.9492990566392303,30,10,11
armbench.pi05_optimized_cpu_replay.v1,row_04773__single_block__direct_dispatch__diagnostic_100ms,row_04773__single_block__direct_dispatch,19,4773,single_block,diagnostic_100ms,0012494746ac6d95bef31165b95dad73d2233ce508b720c3e77a99bb8cb95b24,c523c8dc9161531afa6950372597ab78cbf73daa99043843e1df48ebd20b87dd,100.0,82.25449900055537,207.25449900055537,113.29770000156714,109.00000000401633,5.749199997808319,26.880099998379592,79.32699999946635,1.1618999997153878,hold,supervision_budget_exceeded,hold,supervision_budget,True,10,0,False,False,True,True,True,True,10,0,0,0,10,0,0,10,0,True,False,True,True,28050,26611,1439,0.948698752228164,28,10,10
armbench.pi05_optimized_cpu_replay.v1,row_04773__narrow_gate__direct_dispatch__diagnostic_100ms,row_04773__narrow_gate__direct_dispatch,19,4773,narrow_gate,diagnostic_100ms,0012494746ac6d95bef31165b95dad73d2233ce508b720c3e77a99bb8cb95b24,c523c8dc9161531afa6950372597ab78cbf73daa99043843e1df48ebd20b87dd,100.0,82.55759899475379,176.5575989993522,87.6371000049403,78.00000000133878,5.2680000007967465,20.79119999689283,61.31699999968987,0.0,execute,qp_continuous_collision_and_braking_invariant_passed,accepted,,True,10,10,True,False,True,True,True,True,10,0,0,0,10,0,0,10,0,True,False,False,False,39096,37235,1861,0.9523992224268467,29,10,10
armbench.pi05_optimized_cpu_replay.v1,row_04462__free_space__direct_dispatch__diagnostic_100ms,row_04462__free_space__direct_dispatch,20,4462,free_space,diagnostic_100ms,70b9224f98dd7ca753ca304e5409a01563f652e68827468e70fea86b3cbcc658,4abfdd49b70a0970fc43182fee4ecd8db8b3a1103b6106940ef4768751d612f5,100.0,111.02229199605063,205.02229199337307,90.95540000271285,77.99999999406282,3.4661000026972033,29.73849999398226,56.62129999836907,1.0515999965718947,hold,response_deadline_exceeded_during_supervision,hold,deadline,True,10,0,False,False,True,True,True,True,10,0,0,0,10,0,0,10,0,True,False,False,True,28077,26561,1516,0.9460056273818428,24,10,8
armbench.pi05_optimized_cpu_replay.v1,row_04462__single_block__direct_dispatch__diagnostic_100ms,row_04462__single_block__direct_dispatch,20,4462,single_block,diagnostic_100ms,70b9224f98dd7ca753ca304e5409a01563f652e68827468e70fea86b3cbcc658,4abfdd49b70a0970fc43182fee4ecd8db8b3a1103b6106940ef4768751d612f5,100.0,111.17109200131381,142.17109200399136,29.509299994970206,31.000000002677552,5.2474000040092506,23.010400000202935,0.0,1.0796999995363876,hold,continuous_edge_rejected:collision:static:center_block:link6,hold,continuous_collision,True,10,0,False,False,True,True,True,True,10,0,0,0,10,4,0,10,6,False,False,False,False,9180,8660,513,0.9433551198257081,7,10,1
armbench.pi05_optimized_cpu_replay.v1,row_04462__narrow_gate__direct_dispatch__diagnostic_100ms,row_04462__narrow_gate__direct_dispatch,20,4462,narrow_gate,diagnostic_100ms,70b9224f98dd7ca753ca304e5409a01563f652e68827468e70fea86b3cbcc658,4abfdd49b70a0970fc43182fee4ecd8db8b3a1103b6106940ef4768751d612f5,100.0,111.15519199665869,158.1551919953199,30.780599998252,30.999999995401595,6.368399997882079,23.755000001983717,0.0,0.5022999976063147,hold,continuous_edge_rejected:collision:static:gate_center:link6,hold,continuous_collision,True,10,0,False,False,True,True,True,True,10,0,0,0,10,4,0,10,6,False,False,False,False,11232,10713,512,0.9537927350427351,7,10,1
armbench.pi05_optimized_cpu_replay.v1,row_05082__free_space__direct_dispatch__diagnostic_100ms,row_05082__free_space__direct_dispatch,21,5082,free_space,diagnostic_100ms,577d2da6f2f31ec5d381f089ea57502db82b6bcd60b682984a7bf79c80ba6092,01dade6ca27dafa314483483e6e8cc87c661081fba638c5b15cddc8479ab1bc9,100.0,110.6104869977571,219.61048699449748,108.45550000522053,108.99999999674037,2.628900001582224,43.86320000048727,61.51839999802178,0.3660000002128072,hold,response_deadline_exceeded_during_supervision,hold,deadline,True,10,0,False,False,True,True,True,True,10,0,0,0,10,0,0,10,0,True,False,True,True,33075,31280,1795,0.94572940287226,20,10,6
armbench.pi05_optimized_cpu_replay.v1,row_05082__single_block__direct_dispatch__diagnostic_100ms,row_05082__single_block__direct_dispatch,21,5082,single_block,diagnostic_100ms,577d2da6f2f31ec5d381f089ea57502db82b6bcd60b682984a7bf79c80ba6092,01dade6ca27dafa314483483e6e8cc87c661081fba638c5b15cddc8479ab1bc9,100.0,110.89368699322222,141.8936869886238,15.72130000567995,14.999999999417923,4.9046999993151985,10.225200006971136,0.0,0.4358000005595386,hold,continuous_edge_rejected:collision:static:center_block:link6,hold,continuous_collision,True,10,0,False,False,True,True,True,True,10,0,0,0,10,7,0,10,7,False,False,False,False,5100,4826,267,0.9462745098039216,4,10,1
armbench.pi05_optimized_cpu_replay.v1,row_05082__narrow_gate__direct_dispatch__diagnostic_100ms,row_05082__narrow_gate__direct_dispatch,21,5082,narrow_gate,diagnostic_100ms,577d2da6f2f31ec5d381f089ea57502db82b6bcd60b682984a7bf79c80ba6092,01dade6ca27dafa314483483e6e8cc87c661081fba638c5b15cddc8479ab1bc9,100.0,111.32948700105771,142.32948700373527,28.108700003940612,16.00000000325963,5.028499996114988,22.277000003668945,0.0,0.650499998300802,hold,continuous_edge_rejected:collision:static:gate_center:link7,hold,continuous_collision,True,10,0,False,False,True,True,True,True,10,0,0,0,10,5,0,10,7,False,False,False,False,14688,13974,706,0.9513888888888888,6,10,1
armbench.pi05_optimized_cpu_replay.v1,row_05128__free_space__direct_dispatch__diagnostic_100ms,row_05128__free_space__direct_dispatch,22,5128,free_space,diagnostic_100ms,0e92838da6d4cdb706e0b8d31366212826fa86c5ce6ccd320378f7981599112c,1d370b9f51508df4beed68f031701f37a5f21f8c4c255ff7d807681da0595010,100.0,81.91675999842118,191.91675999900326,110.24280000128783,110.00000000058208,4.19520000286866,26.597099997161422,78.49150000402005,0.8128000044962391,hold,supervision_budget_exceeded,hold,supervision_budget,True,10,0,False,False,True,True,True,True,10,0,0,0,10,0,0,10,0,True,False,True,False,26607,25221,1386,0.9479084451460142,26,10,9
armbench.pi05_optimized_cpu_replay.v1,row_05128__single_block__direct_dispatch__diagnostic_100ms,row_05128__single_block__direct_dispatch,22,5128,single_block,diagnostic_100ms,0e92838da6d4cdb706e0b8d31366212826fa86c5ce6ccd320378f7981599112c,1d370b9f51508df4beed68f031701f37a5f21f8c4c255ff7d807681da0595010,100.0,82.06626000173856,128.06626000383403,34.35590000299271,46.000000002095476,2.3493000044254586,30.651000000943895,0.0,1.0822000040207058,hold,continuous_edge_rejected:collision:static:center_block:hand,hold,continuous_collision,True,10,0,False,False,True,True,True,True,10,0,0,0,10,3,0,10,5,False,False,False,False,9860,9347,508,0.9479716024340771,8,10,1
armbench.pi05_optimized_cpu_replay.v1,row_05128__narrow_gate__direct_dispatch__diagnostic_100ms,row_05128__narrow_gate__direct_dispatch,22,5128,narrow_gate,diagnostic_100ms,0e92838da6d4cdb706e0b8d31366212826fa86c5ce6ccd320378f7981599112c,1d370b9f51508df4beed68f031701f37a5f21f8c4c255ff7d807681da0595010,100.0,81.9978599975002,128.99785999616142,38.441800003056414,46.999999998661224,5.2614000014727935,32.09139999671606,0.0,0.8983999941847287,hold,continuous_edge_rejected:collision:static:gate_center:link7,hold,continuous_collision,True,10,0,False,False,True,True,True,True,10,0,0,0,10,1,0,10,3,False,False,False,False,19872,18926,940,0.9523953301127214,10,10,1
armbench.pi05_optimized_cpu_replay.v1,row_05011__free_space__direct_dispatch__diagnostic_100ms,row_05011__free_space__direct_dispatch,23,5011,free_space,diagnostic_100ms,24f71f3f30cc2312cc0339c738754d5367bbccc0f419fe35bd17438d01f7e5b0,5ccd6d1a2328ecc0a38473974ed081f411090ae36654167fb6a57fadcc5d3931,100.0,125.8769419946475,219.87694199196994,79.86150000215275,78.00000000133878,2.7824999997392297,36.29430000000866,39.68170000007376,0.9671000007074326,hold,response_deadline_exceeded_during_supervision,hold,deadline,True,10,0,False,False,True,True,True,True,10,0,0,0,10,0,0,10,1,False,False,False,True,25137,23749,1388,0.9447825913991328,18,10,5
armbench.pi05_optimized_cpu_replay.v1,row_05011__single_block__direct_dispatch__diagnostic_100ms,row_05011__single_block__direct_dispatch,23,5011,single_block,diagnostic_100ms,24f71f3f30cc2312cc0339c738754d5367bbccc0f419fe35bd17438d01f7e5b0,5ccd6d1a2328ecc0a38473974ed081f411090ae36654167fb6a57fadcc5d3931,100.0,125.52454199612839,203.52454199746717,77.01719999749912,78.00000000133878,6.068900001992006,52.181800005200785,17.545399998198263,1.043999996909406,hold,response_deadline_exceeded_during_supervision,hold,deadline,True,10,0,False,False,True,True,True,True,10,0,0,0,10,0,0,10,1,False,False,False,True,23970,22734,1236,0.9484355444305381,16,10,4
armbench.pi05_optimized_cpu_replay.v1,row_05011__narrow_gate__direct_dispatch__diagnostic_100ms,row_05011__narrow_gate__direct_dispatch,23,5011,narrow_gate,diagnostic_100ms,24f71f3f30cc2312cc0339c738754d5367bbccc0f419fe35bd17438d01f7e5b0,5ccd6d1a2328ecc0a38473974ed081f411090ae36654167fb6a57fadcc5d3931,100.0,125.34244199923705,203.34244200057583,76.38809999480145,78.00000000133878,5.483699998876546,42.95129999809433,26.70149999903515,1.0976999983540736,hold,response_deadline_exceeded_during_supervision,hold,deadline,True,10,0,False,False,True,True,True,True,10,0,0,0,10,0,0,10,1,False,False,False,True,30456,29330,1126,0.9630286314683478,16,10,4
armbench.pi05_optimized_cpu_replay.v1,row_06407__free_space__direct_dispatch__diagnostic_100ms,row_06407__free_space__direct_dispatch,24,6407,free_space,diagnostic_100ms,7b5e04770f18653120842172231465c3df16a76a94e8a11104babba987988de8,163c4b568398a13e54290749468fb7e5ed31079b00f2ea8a45847de2f701b494,100.0,79.93548199738143,189.9354819979635,103.54440000082832,110.00000000058208,5.6610000028740615,30.910199995560106,65.94380000024103,0.8826999983284622,hold,supervision_budget_exceeded,hold,supervision_budget,True,10,0,False,False,True,True,True,True,10,0,0,0,10,0,0,10,0,True,False,True,False,41013,38885,2128,0.9481140126301416,24,10,8
armbench.pi05_optimized_cpu_replay.v1,row_06407__single_block__direct_dispatch__diagnostic_100ms,row_06407__single_block__direct_dispatch,24,6407,single_block,diagnostic_100ms,7b5e04770f18653120842172231465c3df16a76a94e8a11104babba987988de8,163c4b568398a13e54290749468fb7e5ed31079b00f2ea8a45847de2f701b494,100.0,79.68128198990598,110.68128198530758,25.16489999834448,30.999999995401595,4.232100000081118,20.10370000061812,0.0,0.6555999934789725,hold,continuous_edge_rejected:collision:static:center_block:hand,hold,continuous_collision,True,10,0,False,False,True,True,True,True,10,0,0,0,10,5,0,10,7,False,False,False,False,8500,8041,454,0.946,6,10,1
armbench.pi05_optimized_cpu_replay.v1,row_06407__narrow_gate__direct_dispatch__diagnostic_100ms,row_06407__narrow_gate__direct_dispatch,24,6407,narrow_gate,diagnostic_100ms,7b5e04770f18653120842172231465c3df16a76a94e8a11104babba987988de8,163c4b568398a13e54290749468fb7e5ed31079b00f2ea8a45847de2f701b494,100.0,79.81598198966822,126.8159819956054,30.319299999973737,31.000000002677552,2.3479000010411255,26.882199999818113,0.0,0.7184999994933605,hold,continuous_edge_rejected:collision:static:gate_lower:link6,hold,continuous_collision,True,10,0,False,False,True,True,True,True,10,0,0,0,10,3,0,10,5,False,False,False,False,18144,17251,883,0.9507826278659612,8,10,1
armbench.pi05_optimized_cpu_replay.v1,row_06364__free_space__direct_dispatch__diagnostic_100ms,row_06364__free_space__direct_dispatch,25,6364,free_space,diagnostic_100ms,099bef15a0770071b640eb04fb9e343f82702d9e681553817b0e1967bc447ca8,ad141d2432b6f05d03249225fd1c40933676be458ff6debfc024bc3605ae5e44,100.0,82.34263800113695,191.34263799787732,94.35690000100294,93.99999999732245,3.8141000040923245,14.966699993237853,75.42660000035539,0.0,execute,qp_continuous_collision_and_braking_invariant_passed,accepted,,True,10,10,True,False,True,True,True,True,10,0,0,0,10,0,0,10,0,True,False,False,False,22785,21751,1034,0.9546192670616633,29,10,10
armbench.pi05_optimized_cpu_replay.v1,row_06364__single_block__direct_dispatch__diagnostic_100ms,row_06364__single_block__direct_dispatch,25,6364,single_block,diagnostic_100ms,099bef15a0770071b640eb04fb9e343f82702d9e681553817b0e1967bc447ca8,ad141d2432b6f05d03249225fd1c40933676be458ff6debfc024bc3605ae5e44,100.0,82.07083799061365,113.0708379932912,23.226199999044184,31.000000002677552,4.624000001058448,17.830099997809157,0.0,0.5974999949103221,hold,continuous_edge_rejected:collision:static:center_block:hand,hold,continuous_collision,True,10,0,False,False,True,True,True,True,10,0,0,0,10,1,0,10,3,False,False,False,False,9180,8802,373,0.9588235294117647,10,10,1
armbench.pi05_optimized_cpu_replay.v1,row_06364__narrow_gate__direct_dispatch__diagnostic_100ms,row_06364__narrow_gate__direct_dispatch,25,6364,narrow_gate,diagnostic_100ms,099bef15a0770071b640eb04fb9e343f82702d9e681553817b0e1967bc447ca8,ad141d2432b6f05d03249225fd1c40933676be458ff6debfc024bc3605ae5e44,100.0,82.32073799445061,192.3207379950327,103.58130000531673,110.00000000058208,5.546699998376425,17.885900000692345,78.89389999763807,1.084299998183269,hold,supervision_budget_exceeded,hold,supervision_budget,True,10,0,False,False,True,True,True,True,10,0,0,0,10,0,0,10,0,True,False,True,False,30024,28642,1382,0.9539701572075673,28,10,10
armbench.pi05_optimized_cpu_replay.v1,row_06056__free_space__direct_dispatch__diagnostic_100ms,row_06056__free_space__direct_dispatch,26,6056,free_space,diagnostic_100ms,d0b5162cd61b5df39a5caf842d2257e7f6d300cbbf1f21fa30dcf183810e85e2,c9a378e3af3f286959ccc6ce0aab8e5df4db1d375fa82cf308f21e70bfb38b4e,100.0,119.53662599989912,213.53662599722156,82.615800005442,93.99999999732245,5.234800002654083,21.056199999293312,55.654100004176144,0.5069000035291538,hold,response_deadline_exceeded_during_supervision,hold,deadline,True,10,0,False,False,True,True,True,True,10,0,0,0,10,0,0,10,0,True,False,False,True,23961,22824,1137,0.9525478903217729,26,10,9
armbench.pi05_optimized_cpu_replay.v1,row_06056__single_block__direct_dispatch__diagnostic_100ms,row_06056__single_block__direct_dispatch,26,6056,single_block,diagnostic_100ms,d0b5162cd61b5df39a5caf842d2257e7f6d300cbbf1f21fa30dcf183810e85e2,c9a378e3af3f286959ccc6ce0aab8e5df4db1d375fa82cf308f21e70bfb38b4e,100.0,119.18442600290291,212.1844260036596,82.24279999558348,78.00000000133878,3.229799993277993,18.200800004706252,60.10820000665262,0.5760999993071891,hold,response_deadline_exceeded_during_supervision,hold,deadline,True,10,0,False,False,True,True,True,True,10,0,0,0,10,0,0,10,0,True,False,False,True,25330,24294,1036,0.9590998815633636,24,10,8
armbench.pi05_optimized_cpu_replay.v1,row_06056__narrow_gate__direct_dispatch__diagnostic_100ms,row_06056__narrow_gate__direct_dispatch,26,6056,narrow_gate,diagnostic_100ms,d0b5162cd61b5df39a5caf842d2257e7f6d300cbbf1f21fa30dcf183810e85e2,c9a378e3af3f286959ccc6ce0aab8e5df4db1d375fa82cf308f21e70bfb38b4e,100.0,119.34112600283697,213.34112600015942,89.29889999853913,93.99999999732245,3.0396999936783686,26.96019999712007,58.148999996774364,1.0068000046885572,hold,response_deadline_exceeded_during_supervision,hold,deadline,True,10,0,False,False,True,True,True,True,10,0,0,0,10,0,0,10,0,True,False,False,True,32184,30983,1201,0.9626833209047975,24,10,8
armbench.pi05_optimized_cpu_replay.v1,row_07683__free_space__direct_dispatch__diagnostic_100ms,row_07683__free_space__direct_dispatch,27,7683,free_space,diagnostic_100ms,a00422d34079c464db8df8c5409bf2828aea05bbf77b08b587c170edb57e57c7,61b0433210982b6803e6e79c30ad66cf82384038c635fbc9cec97f43c2d5f63a,100.0,80.2862310083583,189.28623101237463,103.10119999485323,109.00000000401633,5.171900003915653,20.04970000416506,76.8815999981598,0.87340000027325,hold,supervision_budget_exceeded,hold,supervision_budget,True,10,0,False,False,True,True,True,True,10,0,0,0,10,0,0,10,0,True,False,True,False,40425,38036,2389,0.9409029066171923,24,10,8
armbench.pi05_optimized_cpu_replay.v1,row_07683__single_block__direct_dispatch__diagnostic_100ms,row_07683__single_block__direct_dispatch,27,7683,single_block,diagnostic_100ms,a00422d34079c464db8df8c5409bf2828aea05bbf77b08b587c170edb57e57c7,61b0433210982b6803e6e79c30ad66cf82384038c635fbc9cec97f43c2d5f63a,100.0,80.42503100296017,190.42503100354224,104.07789999590022,110.00000000058208,5.483199995069299,40.35920000023907,56.65980000048876,1.3700999988941476,hold,supervision_budget_exceeded,hold,supervision_budget,True,10,0,False,False,True,True,True,True,10,0,0,0,10,0,0,10,0,True,False,True,False,36550,34732,1818,0.9502599179206567,20,10,6
armbench.pi05_optimized_cpu_replay.v1,row_07683__narrow_gate__direct_dispatch__diagnostic_100ms,row_07683__narrow_gate__direct_dispatch,27,7683,narrow_gate,diagnostic_100ms,a00422d34079c464db8df8c5409bf2828aea05bbf77b08b587c170edb57e57c7,61b0433210982b6803e6e79c30ad66cf82384038c635fbc9cec97f43c2d5f63a,100.0,80.37813100963831,189.37813100637868,103.8196000008611,108.99999999674037,3.2524000052944757,47.541899999487214,51.95590000221273,0.9327000007033348,hold,supervision_budget_exceeded,hold,supervision_budget,True,10,0,False,False,True,True,True,True,10,0,0,0,10,0,0,10,0,True,False,True,False,46440,44631,1809,0.961046511627907,20,10,6
armbench.pi05_optimized_cpu_replay.v1,row_07373__free_space__direct_dispatch__diagnostic_100ms,row_07373__free_space__direct_dispatch,28,7373,free_space,diagnostic_100ms,e342e284a6b9329bf43b6560e5358b71495f40177533837036afecf930c2b4c0,3dbd650490cea64352a1dbaccb6f541b5a9d1998528a622fd0fd896330c63f5e,100.0,95.29193700291216,189.2919370002346,79.0525999982492,78.00000000133878,4.943800006003585,26.00170000368962,47.96329999953741,0.0,execute,qp_continuous_collision_and_braking_invariant_passed,accepted,,True,10,10,True,False,True,True,True,True,10,0,0,0,10,0,0,10,0,True,False,False,False,18081,17261,820,0.9546485260770975,29,10,10
armbench.pi05_optimized_cpu_replay.v1,row_07373__single_block__direct_dispatch__diagnostic_100ms,row_07373__single_block__direct_dispatch,28,7373,single_block,diagnostic_100ms,e342e284a6b9329bf43b6560e5358b71495f40177533837036afecf930c2b4c0,3dbd650490cea64352a1dbaccb6f541b5a9d1998528a622fd0fd896330c63f5e,100.0,94.81193700048607,156.81193700584117,52.094999999098945,47.00000000593718,2.208099998824764,9.158699998806696,40.30860000057146,0.31039999885251746,hold,braking_invariant_failed:inter_sample_collision,hold,dynamics_braking,True,10,0,False,False,True,True,True,True,10,0,0,0,10,0,0,10,1,False,False,False,False,19720,18760,954,0.9513184584178499,30,10,11
armbench.pi05_optimized_cpu_replay.v1,row_07373__narrow_gate__direct_dispatch__diagnostic_100ms,row_07373__narrow_gate__direct_dispatch,28,7373,narrow_gate,diagnostic_100ms,e342e284a6b9329bf43b6560e5358b71495f40177533837036afecf930c2b4c0,3dbd650490cea64352a1dbaccb6f541b5a9d1998528a622fd0fd896330c63f5e,100.0,94.97553700202843,157.97553699667333,59.999600001901854,62.999999994644895,2.609499999380205,17.914500000188127,39.33880000113277,0.0,execute,qp_continuous_collision_and_braking_invariant_passed,accepted,,True,10,10,True,False,True,True,True,True,10,0,0,0,10,0,0,10,0,True,False,False,False,26568,25648,920,0.9653718759409816,29,10,10
armbench.pi05_optimized_cpu_replay.v1,row_07772__free_space__direct_dispatch__diagnostic_100ms,row_07772__free_space__direct_dispatch,29,7772,free_space,diagnostic_100ms,c3533edfda4b0016620bef05041c1b2e100c114929dc01b6c006379c8f39062d,f9efe20bb0146929d0da2aab6cb2d34cae1c034a2e8891af5c57bfffe379dbff,100.0,109.84383399772923,218.84383400174556,97.98149999551242,94.0000000045984,3.835100003925618,29.495299997506663,64.14679999579675,0.36839999665971845,hold,response_deadline_exceeded_during_supervision,hold,deadline,True,10,0,False,False,True,True,True,True,10,0,0,0,10,0,0,10,0,True,False,False,True,37191,35187,2004,0.9461159958054368,22,10,7
armbench.pi05_optimized_cpu_replay.v1,row_07772__single_block__direct_dispatch__diagnostic_100ms,row_07772__single_block__direct_dispatch,29,7772,single_block,diagnostic_100ms,c3533edfda4b0016620bef05041c1b2e100c114929dc01b6c006379c8f39062d,f9efe20bb0146929d0da2aab6cb2d34cae1c034a2e8891af5c57bfffe379dbff,100.0,109.91603399452288,234.91603399452288,115.19940000289353,110.00000000058208,4.604800000379328,33.43799999856856,76.15970000188099,0.8383000022149645,hold,response_deadline_exceeded_during_supervision,hold,deadline,True,10,0,False,False,True,True,True,True,10,0,0,0,10,0,0,10,0,True,False,True,True,48450,45946,2504,0.9483178534571723,24,10,8
armbench.pi05_optimized_cpu_replay.v1,row_07772__narrow_gate__direct_dispatch__diagnostic_100ms,row_07772__narrow_gate__direct_dispatch,29,7772,narrow_gate,diagnostic_100ms,c3533edfda4b0016620bef05041c1b2e100c114929dc01b6c006379c8f39062d,f9efe20bb0146929d0da2aab6cb2d34cae1c034a2e8891af5c57bfffe379dbff,100.0,109.8769340023864,141.8769340016297,27.762500001699664,15.999999995983671,5.012099994928576,21.099599995068274,0.0,1.519700002972968,hold,continuous_edge_rejected:collision:static:gate_lower:link6,hold,continuous_collision,True,10,0,False,False,True,True,True,True,10,0,0,0,10,4,0,10,5,False,False,False,False,14688,14101,582,0.9600354030501089,7,10,1
