case_id,selection_index,source_row_index,task_suite,task_id,method,pair_id,episode_id,episode_index,query_index,scenario,response_action_sha256,horizon,inference_latency_ms,policy_inference_latency_ms,server_inference_latency_ms,input_max_abs,input_clipped_steps,velocity_limited_steps,adapter_max_residual_norm,adapter_min_singular_value,adapter_latency_ms,raw_path_safe,deadline_exceeded,fallback_latched,fallback_reason,unsafe_raw_steps,intervention_steps,hold_steps,slew_limited_steps,acceleration_override_steps,max_raw_acceleration_rad_s2,max_guarded_acceleration_rad_s2,guard_latency_ms,safe_after_guard,guarded_path_safe,raw_hand_displacement_m,guarded_hand_displacement_m
row_00389__free_space,0,389,libero_10,0,overlap_unconditioned,libero_10__task_00__episode_04,libero_10__task_00__episode_04__overlap_unconditioned,4,22,free_space,5a9d8eb48d80b8a6f391b7999a765fe0bfcc504a3e6d4ae0c3629381b1531f5c,10,89.17021199886221,55.52917599561624,78.35593500203686,1.002495288848877,6,10,0.4091226441743526,0.1670191101941586,2.9115999932400882,True,False,False,,1,1,0,1,0,26.099999999999998,15.0,7.634599998709746,True,True,0.27681793580610486,0.2714399843916023
row_00389__single_block,0,389,libero_10,0,overlap_unconditioned,libero_10__task_00__episode_04,libero_10__task_00__episode_04__overlap_unconditioned,4,22,single_block,5a9d8eb48d80b8a6f391b7999a765fe0bfcc504a3e6d4ae0c3629381b1531f5c,10,89.17021199886221,55.52917599561624,78.35593500203686,1.002495288848877,6,10,0.4091226441743526,0.1670191101941586,2.4880999990273267,False,False,False,,9,9,6,2,0,26.099999999999998,15.0,6.559499990544282,True,True,0.27681793580610486,0.08154853469610235
row_00389__narrow_gate,0,389,libero_10,0,overlap_unconditioned,libero_10__task_00__episode_04,libero_10__task_00__episode_04__overlap_unconditioned,4,22,narrow_gate,5a9d8eb48d80b8a6f391b7999a765fe0bfcc504a3e6d4ae0c3629381b1531f5c,10,89.17021199886221,55.52917599561624,78.35593500203686,1.002495288848877,6,10,0.4091226441743526,0.1670191101941586,2.4923000019043684,False,False,False,,6,6,4,1,0,26.099999999999998,15.0,7.581500001833774,True,True,0.27681793580610486,0.1622592895686868
row_00498__free_space,1,498,libero_10,0,overlap_unconditioned,libero_10__task_00__episode_05,libero_10__task_00__episode_05__overlap_unconditioned,5,11,free_space,10c573643a49020407d005f50af7da08dc8373343a14a3d2b5c184eea376cbba,10,94.8057100031292,55.48866299795918,77.85086299554678,1.007049798965454,10,8,0.21333955151037226,0.20418865272522915,2.218300011008978,True,False,False,,1,1,0,1,0,21.749999999999996,15.0,8.796000009169802,True,True,0.15772603897220566,0.1501842165588179
row_00498__single_block,1,498,libero_10,0,overlap_unconditioned,libero_10__task_00__episode_05,libero_10__task_00__episode_05__overlap_unconditioned,5,11,single_block,10c573643a49020407d005f50af7da08dc8373343a14a3d2b5c184eea376cbba,10,94.8057100031292,55.48866299795918,77.85086299554678,1.007049798965454,10,8,0.21333955151037226,0.20418865272522915,2.4262000079033896,True,False,False,,1,1,0,1,0,21.749999999999996,15.0,8.58729999163188,True,True,0.15772603897220566,0.1501842165588179
row_00498__narrow_gate,1,498,libero_10,0,overlap_unconditioned,libero_10__task_00__episode_05,libero_10__task_00__episode_05__overlap_unconditioned,5,11,narrow_gate,10c573643a49020407d005f50af7da08dc8373343a14a3d2b5c184eea376cbba,10,94.8057100031292,55.48866299795918,77.85086299554678,1.007049798965454,10,8,0.21333955151037226,0.20418865272522915,2.3210999934235588,True,False,False,,1,1,0,1,0,21.749999999999996,15.0,7.797299986123107,True,True,0.15772603897220566,0.1501842165588179
row_00777__free_space,2,777,libero_10,0,overlap_unconditioned,libero_10__task_00__episode_06,libero_10__task_00__episode_06__overlap_unconditioned,6,24,free_space,21dcde51316a61a06fbf6b6c54f8ce1b11ad66a6ea1ff4f4659efd8c7f7e146e,10,78.85194299888099,55.696642004477326,78.1741540049552,1.0032633543014526,7,10,0.2690649190947065,0.1804148078272957,2.3293000122066587,True,False,False,,1,1,0,1,0,26.099999999999998,15.0,8.02139998995699,True,True,0.30114480992317433,0.2959256007447529
row_00777__single_block,2,777,libero_10,0,overlap_unconditioned,libero_10__task_00__episode_06,libero_10__task_00__episode_06__overlap_unconditioned,6,24,single_block,21dcde51316a61a06fbf6b6c54f8ce1b11ad66a6ea1ff4f4659efd8c7f7e146e,10,78.85194299888099,55.696642004477326,78.1741540049552,1.0032633543014526,7,10,0.2690649190947065,0.1804148078272957,2.3963999992702156,False,False,False,,8,8,6,2,0,26.099999999999998,15.0,6.59760000417009,True,True,0.30114480992317433,0.0929529932000205
row_00777__narrow_gate,2,777,libero_10,0,overlap_unconditioned,libero_10__task_00__episode_06,libero_10__task_00__episode_06__overlap_unconditioned,6,24,narrow_gate,21dcde51316a61a06fbf6b6c54f8ce1b11ad66a6ea1ff4f4659efd8c7f7e146e,10,78.85194299888099,55.696642004477326,78.1741540049552,1.0032633543014526,7,10,0.2690649190947065,0.1804148078272957,2.510699996491894,False,False,False,,6,6,4,2,0,26.099999999999998,15.0,7.660300005227327,True,True,0.30114480992317433,0.1545526696600564
row_00052__free_space,3,52,libero_10,0,projected_overlap,libero_10__task_00__episode_02,libero_10__task_00__episode_02__projected_overlap,2,4,free_space,c1af1b1d35e857c8f84f24b1176750295b5443f38a199b4844286541367b800a,10,79.29393599624746,55.68678599956911,78.55986199865583,1.0040019750595093,8,1,0.037460941986849884,0.21743772198345124,2.303000001120381,True,False,False,,1,1,0,1,0,20.870940523107777,15.0,6.936000005225651,True,True,0.2045625691506247,0.20004610267513642
row_00052__single_block,3,52,libero_10,0,projected_overlap,libero_10__task_00__episode_02,libero_10__task_00__episode_02__projected_overlap,2,4,single_block,c1af1b1d35e857c8f84f24b1176750295b5443f38a199b4844286541367b800a,10,79.29393599624746,55.68678599956911,78.55986199865583,1.0040019750595093,8,1,0.037460941986849884,0.21743772198345124,2.384799998253584,True,False,False,,1,1,0,1,0,20.870940523107777,15.0,7.366499994532205,True,True,0.2045625691506247,0.20004610267513642
row_00052__narrow_gate,3,52,libero_10,0,projected_overlap,libero_10__task_00__episode_02,libero_10__task_00__episode_02__projected_overlap,2,4,narrow_gate,c1af1b1d35e857c8f84f24b1176750295b5443f38a199b4844286541367b800a,10,79.29393599624746,55.68678599956911,78.55986199865583,1.0040019750595093,8,1,0.037460941986849884,0.21743772198345124,2.4107999925035983,True,False,False,,1,1,0,1,0,20.870940523107777,15.0,7.095900000422262,True,True,0.2045625691506247,0.20004610267513642
row_00150__free_space,4,150,libero_10,0,projected_overlap,libero_10__task_00__episode_03,libero_10__task_00__episode_03__projected_overlap,3,4,free_space,b9adaa537a2f2ce180a3fb45e59deeda5f17d14a1fe276b5bc23d7fc25e1efc0,10,103.0112279986497,54.44305800483562,79.5118870009901,1.0043681859970093,10,0,0.012755924563901492,0.21152647751662534,2.409199994872324,True,False,False,,1,1,0,1,0,21.138647649340843,15.0,6.656499987002462,True,True,0.26495212764439796,0.26005388791693607
row_00150__single_block,4,150,libero_10,0,projected_overlap,libero_10__task_00__episode_03,libero_10__task_00__episode_03__projected_overlap,3,4,single_block,b9adaa537a2f2ce180a3fb45e59deeda5f17d14a1fe276b5bc23d7fc25e1efc0,10,103.0112279986497,54.44305800483562,79.5118870009901,1.0043681859970093,10,0,0.012755924563901492,0.21152647751662534,2.4105000047711655,True,False,False,,1,1,0,1,0,21.138647649340843,15.0,6.711800000630319,True,True,0.26495212764439796,0.26005388791693607
row_00150__narrow_gate,4,150,libero_10,0,projected_overlap,libero_10__task_00__episode_03,libero_10__task_00__episode_03__projected_overlap,3,4,narrow_gate,b9adaa537a2f2ce180a3fb45e59deeda5f17d14a1fe276b5bc23d7fc25e1efc0,10,103.0112279986497,54.44305800483562,79.5118870009901,1.0043681859970093,10,0,0.012755924563901492,0.21152647751662534,2.2219999955268577,True,False,False,,1,1,0,1,0,21.138647649340843,15.0,6.7851000057999045,True,True,0.26495212764439796,0.26005388791693607
row_00154__free_space,5,154,libero_10,0,projected_overlap,libero_10__task_00__episode_03,libero_10__task_00__episode_03__projected_overlap,3,8,free_space,cdcbe08ef8154f621660984e7a5e8d85e83bf132d95156b57af018ff2fd5d341,10,79.73966300050961,55.60350199812092,79.06638600252336,1.0039373636245728,8,10,0.35218613608340416,0.203249464692743,2.318900005775504,True,False,False,,1,1,0,1,0,21.749999999999996,15.0,8.713000002899207,True,True,0.16084957644984182,0.1532077912254153
row_00154__single_block,5,154,libero_10,0,projected_overlap,libero_10__task_00__episode_03,libero_10__task_00__episode_03__projected_overlap,3,8,single_block,cdcbe08ef8154f621660984e7a5e8d85e83bf132d95156b57af018ff2fd5d341,10,79.73966300050961,55.60350199812092,79.06638600252336,1.0039373636245728,8,10,0.35218613608340416,0.203249464692743,2.1926000044913962,True,False,False,,1,1,0,1,0,21.749999999999996,15.0,6.85910000174772,True,True,0.16084957644984182,0.1532077912254153
row_00154__narrow_gate,5,154,libero_10,0,projected_overlap,libero_10__task_00__episode_03,libero_10__task_00__episode_03__projected_overlap,3,8,narrow_gate,cdcbe08ef8154f621660984e7a5e8d85e83bf132d95156b57af018ff2fd5d341,10,79.73966300050961,55.60350199812092,79.06638600252336,1.0039373636245728,8,10,0.35218613608340416,0.203249464692743,2.1307999995769933,True,False,False,,1,1,0,1,0,21.749999999999996,15.0,8.501700009219348,True,True,0.16084957644984182,0.1532077912254153
row_00124__free_space,6,124,libero_10,0,rtc_guided_overlap,libero_10__task_00__episode_02,libero_10__task_00__episode_02__rtc_guided_overlap,2,26,free_space,5bf47acc643566f2a5a37ec6ff337191064361171cf3037d662746a96496a20b,10,107.67478600610048,71.61689700296847,106.94594799861079,0.9992131590843201,0,9,0.24478784905733567,0.17261396561914694,2.405799998086877,True,False,False,,1,1,0,1,0,17.9063758351945,15.0,8.043100009672344,True,True,0.11875003901090728,0.11632329934392385
row_00124__single_block,6,124,libero_10,0,rtc_guided_overlap,libero_10__task_00__episode_02,libero_10__task_00__episode_02__rtc_guided_overlap,2,26,single_block,5bf47acc643566f2a5a37ec6ff337191064361171cf3037d662746a96496a20b,10,107.67478600610048,71.61689700296847,106.94594799861079,0.9992131590843201,0,9,0.24478784905733567,0.17261396561914694,2.2717999963788316,True,False,False,,1,1,0,1,0,17.9063758351945,15.0,6.849199999123812,True,True,0.11875003901090728,0.11632329934392385
row_00124__narrow_gate,6,124,libero_10,0,rtc_guided_overlap,libero_10__task_00__episode_02,libero_10__task_00__episode_02__rtc_guided_overlap,2,26,narrow_gate,5bf47acc643566f2a5a37ec6ff337191064361171cf3037d662746a96496a20b,10,107.67478600610048,71.61689700296847,106.94594799861079,0.9992131590843201,0,9,0.24478784905733567,0.17261396561914694,2.198400004999712,True,False,False,,1,1,0,1,0,17.9063758351945,15.0,6.585600000107661,True,True,0.11875003901090728,0.11632329934392385
row_00236__free_space,7,236,libero_10,0,rtc_guided_overlap,libero_10__task_00__episode_03,libero_10__task_00__episode_03__rtc_guided_overlap,3,36,free_space,ba5eb25376b5fdcec587bc80d0ee8486f21952462444e7617b8a91c317718ba6,10,110.22575900278753,71.65045199508313,107.2022599983029,1.004539132118225,8,7,0.08815291255906611,0.21663752118378302,2.2483999928226694,True,False,False,,1,1,0,1,0,22.5596103715929,15.0,6.6968999890377745,True,True,0.29166885926200353,0.2856748939530496
row_00236__single_block,7,236,libero_10,0,rtc_guided_overlap,libero_10__task_00__episode_03,libero_10__task_00__episode_03__rtc_guided_overlap,3,36,single_block,ba5eb25376b5fdcec587bc80d0ee8486f21952462444e7617b8a91c317718ba6,10,110.22575900278753,71.65045199508313,107.2022599983029,1.004539132118225,8,7,0.08815291255906611,0.21663752118378302,2.3464999976567924,True,False,False,,1,1,0,1,0,22.5596103715929,15.0,6.62200000078883,True,True,0.29166885926200353,0.2856748939530496
row_00236__narrow_gate,7,236,libero_10,0,rtc_guided_overlap,libero_10__task_00__episode_03,libero_10__task_00__episode_03__rtc_guided_overlap,3,36,narrow_gate,ba5eb25376b5fdcec587bc80d0ee8486f21952462444e7617b8a91c317718ba6,10,110.22575900278753,71.65045199508313,107.2022599983029,1.004539132118225,8,7,0.08815291255906611,0.21663752118378302,2.6837000041268766,True,False,False,,1,1,0,1,0,22.5596103715929,15.0,6.818099995143712,True,True,0.29166885926200353,0.2856748939530496
row_00734__free_space,8,734,libero_10,0,rtc_guided_overlap,libero_10__task_00__episode_06,libero_10__task_00__episode_06__rtc_guided_overlap,6,36,free_space,c52d4aac674e2dd19ab09880242078dd22bde949b6c0318d0d753318d311345d,10,136.76659500197275,71.21336700220127,106.38235900114523,1.0053240060806274,8,8,0.22110684074061254,0.21143632218711006,2.382399994530715,True,False,False,,1,1,0,1,0,21.749999999999996,15.0,6.534500003908761,True,True,0.2859179768219576,0.27925955705148925
row_00734__single_block,8,734,libero_10,0,rtc_guided_overlap,libero_10__task_00__episode_06,libero_10__task_00__episode_06__rtc_guided_overlap,6,36,single_block,c52d4aac674e2dd19ab09880242078dd22bde949b6c0318d0d753318d311345d,10,136.76659500197275,71.21336700220127,106.38235900114523,1.0053240060806274,8,8,0.22110684074061254,0.21143632218711006,2.2738999978173524,True,False,False,,1,1,0,1,0,21.749999999999996,15.0,6.963699997868389,True,True,0.2859179768219576,0.27925955705148925
row_00734__narrow_gate,8,734,libero_10,0,rtc_guided_overlap,libero_10__task_00__episode_06,libero_10__task_00__episode_06__rtc_guided_overlap,6,36,narrow_gate,c52d4aac674e2dd19ab09880242078dd22bde949b6c0318d0d753318d311345d,10,136.76659500197275,71.21336700220127,106.38235900114523,1.0053240060806274,8,8,0.22110684074061254,0.21143632218711006,2.879400009987876,True,False,False,,1,1,0,1,0,21.749999999999996,15.0,6.74720000824891,True,True,0.2859179768219576,0.27925955705148925
row_00900__free_space,9,900,libero_10,1,overlap_unconditioned,libero_10__task_01__episode_02,libero_10__task_01__episode_02__overlap_unconditioned,2,43,free_space,a6df8e7cecfed274877f98e9b6f802eae438f3a44a2f81b9772749a456bdff04,10,78.42755500314524,54.642975999740884,77.54367300367448,1.00558602809906,10,9,0.5869733749755467,0.20327592700526237,2.208799996878952,True,False,False,,1,1,0,1,0,21.749999999999996,15.0,7.4068999965675175,True,True,0.16281960764735479,0.1551595739636407
row_00900__single_block,9,900,libero_10,1,overlap_unconditioned,libero_10__task_01__episode_02,libero_10__task_01__episode_02__overlap_unconditioned,2,43,single_block,a6df8e7cecfed274877f98e9b6f802eae438f3a44a2f81b9772749a456bdff04,10,78.42755500314524,54.642975999740884,77.54367300367448,1.00558602809906,10,9,0.5869733749755467,0.20327592700526237,2.136600000085309,True,False,False,,1,1,0,1,0,21.749999999999996,15.0,6.465000013122335,True,True,0.16281960764735479,0.1551595739636407
row_00900__narrow_gate,9,900,libero_10,1,overlap_unconditioned,libero_10__task_01__episode_02,libero_10__task_01__episode_02__overlap_unconditioned,2,43,narrow_gate,a6df8e7cecfed274877f98e9b6f802eae438f3a44a2f81b9772749a456bdff04,10,78.42755500314524,54.642975999740884,77.54367300367448,1.00558602809906,10,9,0.5869733749755467,0.20327592700526237,2.1190999977989122,True,False,False,,1,1,0,1,0,21.749999999999996,15.0,6.970599992200732,True,True,0.16281960764735479,0.1551595739636407
row_00987__free_space,10,987,libero_10,1,overlap_unconditioned,libero_10__task_01__episode_03,libero_10__task_01__episode_03__overlap_unconditioned,3,15,free_space,1a4c541cd6dce34826c4a02e5a2f906f432194c542ec446b5787d11bce6c60f8,10,79.19176799623528,56.123595000826754,78.42695400177035,1.004254698753357,9,10,0.7633081694922279,0.1712679692885471,2.195599998231046,True,False,False,,1,1,0,1,0,21.749999999999996,15.0,6.409099994925782,True,True,0.15680633679858705,0.1500564139635808
row_00987__single_block,10,987,libero_10,1,overlap_unconditioned,libero_10__task_01__episode_03,libero_10__task_01__episode_03__overlap_unconditioned,3,15,single_block,1a4c541cd6dce34826c4a02e5a2f906f432194c542ec446b5787d11bce6c60f8,10,79.19176799623528,56.123595000826754,78.42695400177035,1.004254698753357,9,10,0.7633081694922279,0.1712679692885471,2.2354000102495775,True,False,False,,1,1,0,1,0,21.749999999999996,15.0,7.379699993180111,True,True,0.15680633679858705,0.1500564139635808
row_00987__narrow_gate,10,987,libero_10,1,overlap_unconditioned,libero_10__task_01__episode_03,libero_10__task_01__episode_03__overlap_unconditioned,3,15,narrow_gate,1a4c541cd6dce34826c4a02e5a2f906f432194c542ec446b5787d11bce6c60f8,10,79.19176799623528,56.123595000826754,78.42695400177035,1.004254698753357,9,10,0.7633081694922279,0.1712679692885471,2.341100000194274,True,False,False,,1,1,0,1,0,21.749999999999996,15.0,6.293500002357177,True,True,0.15680633679858705,0.1500564139635808
row_01440__free_space,11,1440,libero_10,1,overlap_unconditioned,libero_10__task_01__episode_06,libero_10__task_01__episode_06__overlap_unconditioned,6,11,free_space,90b659f8d7dc8af4db105846364bf1d24672c20601b9914e27a4d00295e1cb03,10,95.08972799812909,55.56377999891993,78.14651499938918,1.0043480396270752,3,7,0.6131171461743083,0.20581073077826953,2.0370999991428107,True,False,False,,1,1,0,1,0,21.749999999999996,15.0,6.066300004022196,True,True,0.1638597304656754,0.1558638934916706
row_01440__single_block,11,1440,libero_10,1,overlap_unconditioned,libero_10__task_01__episode_06,libero_10__task_01__episode_06__overlap_unconditioned,6,11,single_block,90b659f8d7dc8af4db105846364bf1d24672c20601b9914e27a4d00295e1cb03,10,95.08972799812909,55.56377999891993,78.14651499938918,1.0043480396270752,3,7,0.6131171461743083,0.20581073077826953,2.413100010016933,True,False,False,,1,1,0,1,0,21.749999999999996,15.0,6.014100013999268,True,True,0.1638597304656754,0.1558638934916706
row_01440__narrow_gate,11,1440,libero_10,1,overlap_unconditioned,libero_10__task_01__episode_06,libero_10__task_01__episode_06__overlap_unconditioned,6,11,narrow_gate,90b659f8d7dc8af4db105846364bf1d24672c20601b9914e27a4d00295e1cb03,10,95.08972799812909,55.56377999891993,78.14651499938918,1.0043480396270752,3,7,0.6131171461743083,0.20581073077826953,2.059300008113496,True,False,False,,1,1,0,1,0,21.749999999999996,15.0,6.07750000199303,True,True,0.1638597304656754,0.1558638934916706
row_00956__free_space,12,956,libero_10,1,projected_overlap,libero_10__task_01__episode_02,libero_10__task_01__episode_02__projected_overlap,2,32,free_space,36e125b530a0d227df42bc22392771099686acbc4843d7e2b3b1c22c335b5577,10,77.89128000149503,54.52545199659653,77.01993800583296,1.0004535913467407,3,9,0.6851860918658279,0.21387355539012792,2.1852999925613403,True,False,False,,1,1,0,1,0,21.749999999999996,15.0,7.521300009102561,True,True,0.20270281107116714,0.2003215359848865
row_00956__single_block,12,956,libero_10,1,projected_overlap,libero_10__task_01__episode_02,libero_10__task_01__episode_02__projected_overlap,2,32,single_block,36e125b530a0d227df42bc22392771099686acbc4843d7e2b3b1c22c335b5577,10,77.89128000149503,54.52545199659653,77.01993800583296,1.0004535913467407,3,9,0.6851860918658279,0.21387355539012792,2.43649999902118,True,False,False,,1,1,0,1,0,21.749999999999996,15.0,7.018899996182881,True,True,0.20270281107116714,0.2003215359848865
row_00956__narrow_gate,12,956,libero_10,1,projected_overlap,libero_10__task_01__episode_02,libero_10__task_01__episode_02__projected_overlap,2,32,narrow_gate,36e125b530a0d227df42bc22392771099686acbc4843d7e2b3b1c22c335b5577,10,77.89128000149503,54.52545199659653,77.01993800583296,1.0004535913467407,3,9,0.6851860918658279,0.21387355539012792,2.3607000039191917,True,False,False,,1,1,0,1,0,21.749999999999996,15.0,7.908600004157051,True,True,0.20270281107116714,0.2003215359848865
row_01145__free_space,13,1145,libero_10,1,projected_overlap,libero_10__task_01__episode_04,libero_10__task_01__episode_04__projected_overlap,4,25,free_space,90a94f4e8f6685f2f42683556499e5c5e8807d3a0dc2bdd41422dba02c9a528e,10,86.79158599989023,55.75400000088848,78.307568001037,1.0013339519500732,1,2,0.24064636684051197,0.21743772198345124,2.6944999990519136,True,False,False,,1,1,0,1,0,21.749999999999996,15.0,4.81450000370387,True,True,0.13501236540095415,0.13293529969000742
row_01145__single_block,13,1145,libero_10,1,projected_overlap,libero_10__task_01__episode_04,libero_10__task_01__episode_04__projected_overlap,4,25,single_block,90a94f4e8f6685f2f42683556499e5c5e8807d3a0dc2bdd41422dba02c9a528e,10,86.79158599989023,55.75400000088848,78.307568001037,1.0013339519500732,1,2,0.24064636684051197,0.21743772198345124,1.942199989571236,True,False,False,,1,1,0,1,0,21.749999999999996,15.0,5.262199993012473,True,True,0.13501236540095415,0.13293529969000742
row_01145__narrow_gate,13,1145,libero_10,1,projected_overlap,libero_10__task_01__episode_04,libero_10__task_01__episode_04__projected_overlap,4,25,narrow_gate,90a94f4e8f6685f2f42683556499e5c5e8807d3a0dc2bdd41422dba02c9a528e,10,86.79158599989023,55.75400000088848,78.307568001037,1.0013339519500732,1,2,0.24064636684051197,0.21743772198345124,2.020500003709458,True,False,False,,1,1,0,1,0,21.749999999999996,15.0,5.095700005767867,True,True,0.13501236540095415,0.13293529969000742
row_01507__free_space,14,1507,libero_10,1,projected_overlap,libero_10__task_01__episode_06,libero_10__task_01__episode_06__projected_overlap,6,28,free_space,bbb229a5c7dd16db9f94a2b04dc35e324bb2ff7cb84be61fbc89bfddc8b615f6,10,79.14954399893759,55.79188800038537,78.4204369992949,1.0025861263275146,5,0,0.019280725711136117,0.19497386325586605,2.355600008741021,True,False,False,,0,0,0,0,0,6.915993549757233,6.915993549757233,5.243499996140599,True,True,0.12077960174602381,0.12077960174602381
row_01507__single_block,14,1507,libero_10,1,projected_overlap,libero_10__task_01__episode_06,libero_10__task_01__episode_06__projected_overlap,6,28,single_block,bbb229a5c7dd16db9f94a2b04dc35e324bb2ff7cb84be61fbc89bfddc8b615f6,10,79.14954399893759,55.79188800038537,78.4204369992949,1.0025861263275146,5,0,0.019280725711136117,0.19497386325586605,2.406699990388006,True,False,False,,0,0,0,0,0,6.915993549757233,6.915993549757233,5.262999999104068,True,True,0.12077960174602381,0.12077960174602381
row_01507__narrow_gate,14,1507,libero_10,1,projected_overlap,libero_10__task_01__episode_06,libero_10__task_01__episode_06__projected_overlap,6,28,narrow_gate,bbb229a5c7dd16db9f94a2b04dc35e324bb2ff7cb84be61fbc89bfddc8b615f6,10,79.14954399893759,55.79188800038537,78.4204369992949,1.0025861263275146,5,0,0.019280725711136117,0.19497386325586605,2.001899993047118,True,False,False,,0,0,0,0,0,6.915993549757233,6.915993549757233,5.104700001538731,True,True,0.12077960174602381,0.12077960174602381
row_01086__free_space,15,1086,libero_10,1,rtc_guided_overlap,libero_10__task_01__episode_03,libero_10__task_01__episode_03__rtc_guided_overlap,3,15,free_space,ec0b512f5237264f17920ba443591c65816424db89d62988e93a55b93263be6c,10,108.5581090010237,71.99175500136334,107.68996200204128,1.0054670572280884,10,10,0.7143416866834268,0.1711568809535786,1.9944999949075282,True,False,False,,1,1,0,1,0,21.749999999999996,15.0,5.636600006255321,True,True,0.15534463873820112,0.14874231060358842
row_01086__single_block,15,1086,libero_10,1,rtc_guided_overlap,libero_10__task_01__episode_03,libero_10__task_01__episode_03__rtc_guided_overlap,3,15,single_block,ec0b512f5237264f17920ba443591c65816424db89d62988e93a55b93263be6c,10,108.5581090010237,71.99175500136334,107.68996200204128,1.0054670572280884,10,10,0.7143416866834268,0.1711568809535786,2.1397999953478575,True,False,False,,1,1,0,1,0,21.749999999999996,15.0,5.684799994924106,True,True,0.15534463873820112,0.14874231060358842
row_01086__narrow_gate,15,1086,libero_10,1,rtc_guided_overlap,libero_10__task_01__episode_03,libero_10__task_01__episode_03__rtc_guided_overlap,3,15,narrow_gate,ec0b512f5237264f17920ba443591c65816424db89d62988e93a55b93263be6c,10,108.5581090010237,71.99175500136334,107.68996200204128,1.0054670572280884,10,10,0.7143416866834268,0.1711568809535786,1.9976999901700765,True,False,False,,1,1,0,1,0,21.749999999999996,15.0,5.963300005532801,True,True,0.15534463873820112,0.14874231060358842
row_01191__free_space,16,1191,libero_10,1,rtc_guided_overlap,libero_10__task_01__episode_04,libero_10__task_01__episode_04__rtc_guided_overlap,4,20,free_space,fe4e8eff87997b03854846e36c1e04bb16804ba893b79e3bb4085372c986e9a7,10,107.11069100216264,71.17197299521649,106.31029299838701,1.0040584802627563,8,10,0.323525448698753,0.18141727818090872,2.2475000005215406,True,False,False,,1,1,0,1,0,23.40744946519909,15.0,7.085200006258674,True,True,0.3218877605545671,0.3148992240662159
row_01191__single_block,16,1191,libero_10,1,rtc_guided_overlap,libero_10__task_01__episode_04,libero_10__task_01__episode_04__rtc_guided_overlap,4,20,single_block,fe4e8eff87997b03854846e36c1e04bb16804ba893b79e3bb4085372c986e9a7,10,107.11069100216264,71.17197299521649,106.31029299838701,1.0040584802627563,8,10,0.323525448698753,0.18141727818090872,2.0557999960146844,True,False,False,,1,1,0,1,0,23.40744946519909,15.0,8.144999999785796,True,True,0.3218877605545671,0.3148992240662159
row_01191__narrow_gate,16,1191,libero_10,1,rtc_guided_overlap,libero_10__task_01__episode_04,libero_10__task_01__episode_04__rtc_guided_overlap,4,20,narrow_gate,fe4e8eff87997b03854846e36c1e04bb16804ba893b79e3bb4085372c986e9a7,10,107.11069100216264,71.17197299521649,106.31029299838701,1.0040584802627563,8,10,0.323525448698753,0.18141727818090872,2.0001999946543947,True,False,False,,1,1,0,1,0,23.40744946519909,15.0,6.975800002692267,True,True,0.3218877605545671,0.3148992240662159
row_01307__free_space,17,1307,libero_10,1,rtc_guided_overlap,libero_10__task_01__episode_05,libero_10__task_01__episode_05__rtc_guided_overlap,5,26,free_space,aeecabb235ae92f2f61bc92716310007ea6615ccf856db6a5ec6520ccc509c45,10,108.09741300181486,71.28860499506118,107.24835199653171,1.0030616521835327,3,5,0.41241175165790156,0.21743772198345124,2.1249999990686774,True,False,False,,1,1,0,1,0,21.749999999999996,15.0,6.765999991330318,True,True,0.09615427134887645,0.0892231051257267
row_01307__single_block,17,1307,libero_10,1,rtc_guided_overlap,libero_10__task_01__episode_05,libero_10__task_01__episode_05__rtc_guided_overlap,5,26,single_block,aeecabb235ae92f2f61bc92716310007ea6615ccf856db6a5ec6520ccc509c45,10,108.09741300181486,71.28860499506118,107.24835199653171,1.0030616521835327,3,5,0.41241175165790156,0.21743772198345124,2.248200005851686,True,False,False,,1,1,0,1,0,21.749999999999996,15.0,5.76569999975618,True,True,0.09615427134887645,0.0892231051257267
row_01307__narrow_gate,17,1307,libero_10,1,rtc_guided_overlap,libero_10__task_01__episode_05,libero_10__task_01__episode_05__rtc_guided_overlap,5,26,narrow_gate,aeecabb235ae92f2f61bc92716310007ea6615ccf856db6a5ec6520ccc509c45,10,108.09741300181486,71.28860499506118,107.24835199653171,1.0030616521835327,3,5,0.41241175165790156,0.21743772198345124,2.0908000005874783,True,False,False,,1,1,0,1,0,21.749999999999996,15.0,6.217000001925044,True,True,0.09615427134887645,0.0892231051257267
row_01675__free_space,18,1675,libero_10,2,overlap_unconditioned,libero_10__task_02__episode_02,libero_10__task_02__episode_02__overlap_unconditioned,2,1,free_space,b529e80e8f8d4fd66e57f477b1c32fd6b7e1574f23f85ef1582259bdddf7925e,10,78.09889200143516,54.49658699944848,77.30320200062124,1.0024470090866089,8,0,0.005840608048400328,0.21743772198345124,2.4218000035034493,True,False,False,,0,0,0,0,0,5.033607011819807,5.033607011819807,4.630199997336604,True,True,0.07796263959287651,0.07796263959287651
row_01675__single_block,18,1675,libero_10,2,overlap_unconditioned,libero_10__task_02__episode_02,libero_10__task_02__episode_02__overlap_unconditioned,2,1,single_block,b529e80e8f8d4fd66e57f477b1c32fd6b7e1574f23f85ef1582259bdddf7925e,10,78.09889200143516,54.49658699944848,77.30320200062124,1.0024470090866089,8,0,0.005840608048400328,0.21743772198345124,2.00089999998454,True,False,False,,0,0,0,0,0,5.033607011819807,5.033607011819807,4.530299993348308,True,True,0.07796263959287651,0.07796263959287651
row_01675__narrow_gate,18,1675,libero_10,2,overlap_unconditioned,libero_10__task_02__episode_02,libero_10__task_02__episode_02__overlap_unconditioned,2,1,narrow_gate,b529e80e8f8d4fd66e57f477b1c32fd6b7e1574f23f85ef1582259bdddf7925e,10,78.09889200143516,54.49658699944848,77.30320200062124,1.0024470090866089,8,0,0.005840608048400328,0.21743772198345124,2.11650000710506,True,False,False,,0,0,0,0,0,5.033607011819807,5.033607011819807,4.6024999901419505,True,True,0.07796263959287651,0.07796263959287651
row_01708__free_space,19,1708,libero_10,2,overlap_unconditioned,libero_10__task_02__episode_02,libero_10__task_02__episode_02__overlap_unconditioned,2,34,free_space,f2a50edfe0256c15d7b51d9322c938e8000d5c8dd8d094e6fe385762844dcda2,10,82.38331400207244,56.20264000026509,79.54464499925962,1.0032870769500732,8,10,0.20411251884612147,0.20326838646279544,2.1087999921292067,True,False,False,,1,1,0,1,0,21.749999999999996,15.0,6.295800005318597,True,True,0.15253668313198096,0.1443924734673346
row_01708__single_block,19,1708,libero_10,2,overlap_unconditioned,libero_10__task_02__episode_02,libero_10__task_02__episode_02__overlap_unconditioned,2,34,single_block,f2a50edfe0256c15d7b51d9322c938e8000d5c8dd8d094e6fe385762844dcda2,10,82.38331400207244,56.20264000026509,79.54464499925962,1.0032870769500732,8,10,0.20411251884612147,0.20326838646279544,2.0660000009229407,True,False,False,,1,1,0,1,0,21.749999999999996,15.0,5.796400000690483,True,True,0.15253668313198096,0.1443924734673346
row_01708__narrow_gate,19,1708,libero_10,2,overlap_unconditioned,libero_10__task_02__episode_02,libero_10__task_02__episode_02__overlap_unconditioned,2,34,narrow_gate,f2a50edfe0256c15d7b51d9322c938e8000d5c8dd8d094e6fe385762844dcda2,10,82.38331400207244,56.20264000026509,79.54464499925962,1.0032870769500732,8,10,0.20411251884612147,0.20326838646279544,2.0263000042177737,True,False,False,,1,1,0,1,0,21.749999999999996,15.0,7.266400003572926,True,True,0.15253668313198096,0.1443924734673346
row_02252__free_space,20,2252,libero_10,2,overlap_unconditioned,libero_10__task_02__episode_06,libero_10__task_02__episode_06__overlap_unconditioned,6,11,free_space,4a9798c8bfd3f1389bd92400bc1b6c481b637f55a0c48d7ab67d4417344d1282,10,144.50046199635835,54.316118999850005,76.08589799929177,1.0063321590423584,8,5,0.1722651505449473,0.21743772198345124,2.047000001766719,True,False,False,,1,1,0,1,0,21.749999999999996,15.0,6.805900004110299,True,True,0.11420067163439622,0.10921460072887113
row_02252__single_block,20,2252,libero_10,2,overlap_unconditioned,libero_10__task_02__episode_06,libero_10__task_02__episode_06__overlap_unconditioned,6,11,single_block,4a9798c8bfd3f1389bd92400bc1b6c481b637f55a0c48d7ab67d4417344d1282,10,144.50046199635835,54.316118999850005,76.08589799929177,1.0063321590423584,8,5,0.1722651505449473,0.21743772198345124,2.104300001519732,True,False,False,,1,1,0,1,0,21.749999999999996,15.0,16.763799998443574,True,True,0.11420067163439622,0.10921460072887113
row_02252__narrow_gate,20,2252,libero_10,2,overlap_unconditioned,libero_10__task_02__episode_06,libero_10__task_02__episode_06__overlap_unconditioned,6,11,narrow_gate,4a9798c8bfd3f1389bd92400bc1b6c481b637f55a0c48d7ab67d4417344d1282,10,144.50046199635835,54.316118999850005,76.08589799929177,1.0063321590423584,8,5,0.1722651505449473,0.21743772198345124,2.5753999943844974,True,False,False,,1,1,0,1,0,21.749999999999996,15.0,13.83219999843277,True,True,0.11420067163439622,0.10921460072887113
row_01849__free_space,21,1849,libero_10,2,projected_overlap,libero_10__task_02__episode_03,libero_10__task_02__episode_03__projected_overlap,3,27,free_space,4a6ff889c709eeae8eb41a8483527216f2e5f37a3bf3a36cbdacc9caf61b14b7,10,79.88902000215603,56.2025809995248,79.19760599907022,1.004217267036438,6,10,0.7409748349402562,0.1632941783719819,2.138999989256263,True,False,False,,1,1,0,1,0,26.099999999999998,15.0,6.534499989356846,True,True,0.25634617703738954,0.2517696045599687
row_01849__single_block,21,1849,libero_10,2,projected_overlap,libero_10__task_02__episode_03,libero_10__task_02__episode_03__projected_overlap,3,27,single_block,4a6ff889c709eeae8eb41a8483527216f2e5f37a3bf3a36cbdacc9caf61b14b7,10,79.88902000215603,56.2025809995248,79.19760599907022,1.004217267036438,6,10,0.7409748349402562,0.1632941783719819,3.658400004496798,True,False,False,,1,1,0,1,0,26.099999999999998,15.0,17.000399995595217,True,True,0.25634617703738954,0.2517696045599687
row_01849__narrow_gate,21,1849,libero_10,2,projected_overlap,libero_10__task_02__episode_03,libero_10__task_02__episode_03__projected_overlap,3,27,narrow_gate,4a6ff889c709eeae8eb41a8483527216f2e5f37a3bf3a36cbdacc9caf61b14b7,10,79.88902000215603,56.2025809995248,79.19760599907022,1.004217267036438,6,10,0.7409748349402562,0.1632941783719819,1.9475000008242205,True,False,False,,1,1,0,1,0,26.099999999999998,15.0,6.417299999156967,True,True,0.25634617703738954,0.2517696045599687
row_02029__free_space,22,2029,libero_10,2,projected_overlap,libero_10__task_02__episode_05,libero_10__task_02__episode_05__projected_overlap,5,29,free_space,86acdfcdfcbca0d0782d3201e8567f83123f5c470b3c80abcba2f9f9caae7b6a,10,79.96573999844259,56.423709997034166,79.23989000119036,1.004724144935608,10,10,0.6689097272985339,0.2032791254557419,2.0474000048125163,True,False,False,,1,1,0,1,0,21.749999999999996,15.0,5.616099995677359,True,True,0.15249291131091441,0.14423879419830052
row_02029__single_block,22,2029,libero_10,2,projected_overlap,libero_10__task_02__episode_05,libero_10__task_02__episode_05__projected_overlap,5,29,single_block,86acdfcdfcbca0d0782d3201e8567f83123f5c470b3c80abcba2f9f9caae7b6a,10,79.96573999844259,56.423709997034166,79.23989000119036,1.004724144935608,10,10,0.6689097272985339,0.2032791254557419,4.190300009213388,True,False,False,,1,1,0,1,0,21.749999999999996,15.0,6.14869999117218,True,True,0.15249291131091441,0.14423879419830052
row_02029__narrow_gate,22,2029,libero_10,2,projected_overlap,libero_10__task_02__episode_05,libero_10__task_02__episode_05__projected_overlap,5,29,narrow_gate,86acdfcdfcbca0d0782d3201e8567f83123f5c470b3c80abcba2f9f9caae7b6a,10,79.96573999844259,56.423709997034166,79.23989000119036,1.004724144935608,10,10,0.6689097272985339,0.2032791254557419,1.9509999983711168,True,False,False,,1,1,0,1,0,21.749999999999996,15.0,5.491699994308874,True,True,0.15249291131091441,0.14423879419830052
row_02327__free_space,23,2327,libero_10,2,projected_overlap,libero_10__task_02__episode_06,libero_10__task_02__episode_06__projected_overlap,6,32,free_space,41ed03ec2c804f7570385f83a61112cae62024474be9183529c4ab92e0239f1e,10,85.4951590008568,55.97964699700242,78.42390699806856,1.0023658275604248,7,10,0.5284868563795567,0.20330207887295967,1.8654000014066696,True,False,False,,1,1,0,1,0,24.57783709576104,15.0,7.164800001191907,True,True,0.12584110070244556,0.1203297053778931
row_02327__single_block,23,2327,libero_10,2,projected_overlap,libero_10__task_02__episode_06,libero_10__task_02__episode_06__projected_overlap,6,32,single_block,41ed03ec2c804f7570385f83a61112cae62024474be9183529c4ab92e0239f1e,10,85.4951590008568,55.97964699700242,78.42390699806856,1.0023658275604248,7,10,0.5284868563795567,0.20330207887295967,1.9067999965045601,True,False,False,,1,1,0,1,0,24.57783709576104,15.0,6.049100004020147,True,True,0.12584110070244556,0.1203297053778931
row_02327__narrow_gate,23,2327,libero_10,2,projected_overlap,libero_10__task_02__episode_06,libero_10__task_02__episode_06__projected_overlap,6,32,narrow_gate,41ed03ec2c804f7570385f83a61112cae62024474be9183529c4ab92e0239f1e,10,85.4951590008568,55.97964699700242,78.42390699806856,1.0023658275604248,7,10,0.5284868563795567,0.20330207887295967,2.1376000076998025,True,False,False,,1,1,0,1,0,24.57783709576104,15.0,12.828200007788837,True,True,0.12584110070244556,0.1203297053778931
row_01764__free_space,24,1764,libero_10,2,rtc_guided_overlap,libero_10__task_02__episode_03,libero_10__task_02__episode_03__rtc_guided_overlap,3,41,free_space,75a78d7ece08a9ef7362dbf7e8592c40127fa6547a7277e6ef2570b213a6606f,10,126.336525005172,72.46523300273111,107.9433280028752,1.0023224353790283,7,10,0.5835403570768363,0.17117100951756495,4.852700003539212,True,False,False,,1,1,0,1,0,21.749999999999996,15.0,15.962200006470084,True,True,0.17971154397318004,0.17514070802532658
row_01764__single_block,24,1764,libero_10,2,rtc_guided_overlap,libero_10__task_02__episode_03,libero_10__task_02__episode_03__rtc_guided_overlap,3,41,single_block,75a78d7ece08a9ef7362dbf7e8592c40127fa6547a7277e6ef2570b213a6606f,10,126.336525005172,72.46523300273111,107.9433280028752,1.0023224353790283,7,10,0.5835403570768363,0.17117100951756495,1.9530999998096377,True,False,False,,1,1,0,1,0,21.749999999999996,15.0,5.149000004166737,True,True,0.17971154397318004,0.17514070802532658
row_01764__narrow_gate,24,1764,libero_10,2,rtc_guided_overlap,libero_10__task_02__episode_03,libero_10__task_02__episode_03__rtc_guided_overlap,3,41,narrow_gate,75a78d7ece08a9ef7362dbf7e8592c40127fa6547a7277e6ef2570b213a6606f,10,126.336525005172,72.46523300273111,107.9433280028752,1.0023224353790283,7,10,0.5835403570768363,0.17117100951756495,2.7581000031204894,True,False,False,,1,1,0,1,0,21.749999999999996,15.0,5.419900000561029,True,True,0.17971154397318004,0.17514070802532658
row_02052__free_space,25,2052,libero_10,2,rtc_guided_overlap,libero_10__task_02__episode_05,libero_10__task_02__episode_05__rtc_guided_overlap,5,8,free_space,b24e7278dfda6faa16463ba15c2aba4214d3914d69e5cd8c078ea2eeffff360e,10,109.99461100436747,72.65227899915772,109.15700900659431,1.0023045539855957,7,10,0.5026948948699421,0.20308901892696088,1.8145999929402024,True,False,False,,1,1,0,1,0,21.749999999999996,15.0,6.157399999210611,True,True,0.17630982991325586,0.1685095504914928
row_02052__single_block,25,2052,libero_10,2,rtc_guided_overlap,libero_10__task_02__episode_05,libero_10__task_02__episode_05__rtc_guided_overlap,5,8,single_block,b24e7278dfda6faa16463ba15c2aba4214d3914d69e5cd8c078ea2eeffff360e,10,109.99461100436747,72.65227899915772,109.15700900659431,1.0023045539855957,7,10,0.5026948948699421,0.20308901892696088,1.9118999916827306,True,False,False,,1,1,0,1,0,21.749999999999996,15.0,5.772299991804175,True,True,0.17630982991325586,0.1685095504914928
row_02052__narrow_gate,25,2052,libero_10,2,rtc_guided_overlap,libero_10__task_02__episode_05,libero_10__task_02__episode_05__rtc_guided_overlap,5,8,narrow_gate,b24e7278dfda6faa16463ba15c2aba4214d3914d69e5cd8c078ea2eeffff360e,10,109.99461100436747,72.65227899915772,109.15700900659431,1.0023045539855957,7,10,0.5026948948699421,0.20308901892696088,4.927699992549606,True,False,False,,1,1,0,1,0,21.749999999999996,15.0,13.257600003271364,True,True,0.17630982991325586,0.1685095504914928
row_02147__free_space,26,2147,libero_10,2,rtc_guided_overlap,libero_10__task_02__episode_06,libero_10__task_02__episode_06__rtc_guided_overlap,6,10,free_space,1c8647823b25e5aa6b40d08da1a01c66d8ff370f54b36e72c0202761ed0d5f76,10,199.64047000394203,72.47038299829,107.80696299480041,1.0066787004470825,8,7,0.26444341433790397,0.21743772198345124,1.858199990238063,True,False,False,,1,1,0,1,0,21.749999999999996,15.0,5.6545000115875155,True,True,0.15506830935356647,0.1481912762787977
row_02147__single_block,26,2147,libero_10,2,rtc_guided_overlap,libero_10__task_02__episode_06,libero_10__task_02__episode_06__rtc_guided_overlap,6,10,single_block,1c8647823b25e5aa6b40d08da1a01c66d8ff370f54b36e72c0202761ed0d5f76,10,199.64047000394203,72.47038299829,107.80696299480041,1.0066787004470825,8,7,0.26444341433790397,0.21743772198345124,5.1807999989250675,True,False,False,,1,1,0,1,0,21.749999999999996,15.0,8.195300004445016,True,True,0.15506830935356647,0.1481912762787977
row_02147__narrow_gate,26,2147,libero_10,2,rtc_guided_overlap,libero_10__task_02__episode_06,libero_10__task_02__episode_06__rtc_guided_overlap,6,10,narrow_gate,1c8647823b25e5aa6b40d08da1a01c66d8ff370f54b36e72c0202761ed0d5f76,10,199.64047000394203,72.47038299829,107.80696299480041,1.0066787004470825,8,7,0.26444341433790397,0.21743772198345124,2.803199997288175,True,False,False,,1,1,0,1,0,21.749999999999996,15.0,7.44210000266321,True,True,0.15506830935356647,0.1481912762787977
row_02684__free_space,27,2684,libero_10,3,overlap_unconditioned,libero_10__task_03__episode_03,libero_10__task_03__episode_03__overlap_unconditioned,3,38,free_space,bb069ee85c0da0772e6c92cd975c0e275f2fb778b135417af5ee99355177df18,10,78.93961099762237,56.00249199778773,78.29245500033721,1.0061078071594238,10,10,0.4309924028921187,0.20561721614391462,2.401499994448386,True,False,False,,1,1,0,1,0,21.749999999999996,15.0,7.0069000066723675,True,True,0.27679804093898036,0.27546491607229895
row_02684__single_block,27,2684,libero_10,3,overlap_unconditioned,libero_10__task_03__episode_03,libero_10__task_03__episode_03__overlap_unconditioned,3,38,single_block,bb069ee85c0da0772e6c92cd975c0e275f2fb778b135417af5ee99355177df18,10,78.93961099762237,56.00249199778773,78.29245500033721,1.0061078071594238,10,10,0.4309924028921187,0.20561721614391462,2.4178000021493062,True,False,False,,1,1,0,1,0,21.749999999999996,15.0,7.0325000124285,True,True,0.27679804093898036,0.27546491607229895
row_02684__narrow_gate,27,2684,libero_10,3,overlap_unconditioned,libero_10__task_03__episode_03,libero_10__task_03__episode_03__overlap_unconditioned,3,38,narrow_gate,bb069ee85c0da0772e6c92cd975c0e275f2fb778b135417af5ee99355177df18,10,78.93961099762237,56.00249199778773,78.29245500033721,1.0061078071594238,10,10,0.4309924028921187,0.20561721614391462,2.372500006458722,True,False,False,,1,1,0,1,0,21.749999999999996,15.0,7.187399998656474,True,True,0.27679804093898036,0.27546491607229895
row_03045__free_space,28,3045,libero_10,3,overlap_unconditioned,libero_10__task_03__episode_06,libero_10__task_03__episode_06__overlap_unconditioned,6,14,free_space,bd4de50b04a226b095b880d9b9f80125d0000d58df9373dc6037ad6ba18d7b71,10,137.0474759969511,55.76250300509855,78.65891300025396,1.0032649040222168,7,5,0.10622205445640118,0.20961440533827427,1.8114999984391034,True,False,False,,1,1,0,1,0,21.749999999999996,15.0,5.2687999996123835,True,True,0.17877038441455095,0.1708799247895165
row_03045__single_block,28,3045,libero_10,3,overlap_unconditioned,libero_10__task_03__episode_06,libero_10__task_03__episode_06__overlap_unconditioned,6,14,single_block,bd4de50b04a226b095b880d9b9f80125d0000d58df9373dc6037ad6ba18d7b71,10,137.0474759969511,55.76250300509855,78.65891300025396,1.0032649040222168,7,5,0.10622205445640118,0.20961440533827427,2.03719999990426,True,False,False,,1,1,0,1,0,21.749999999999996,15.0,12.928099997225218,True,True,0.17877038441455095,0.1708799247895165
row_03045__narrow_gate,28,3045,libero_10,3,overlap_unconditioned,libero_10__task_03__episode_06,libero_10__task_03__episode_06__overlap_unconditioned,6,14,narrow_gate,bd4de50b04a226b095b880d9b9f80125d0000d58df9373dc6037ad6ba18d7b71,10,137.0474759969511,55.76250300509855,78.65891300025396,1.0032649040222168,7,5,0.10622205445640118,0.20961440533827427,4.41300000238698,True,False,False,,1,1,0,1,0,21.749999999999996,15.0,14.79010000184644,True,True,0.17877038441455095,0.1708799247895165
row_03055__free_space,29,3055,libero_10,3,overlap_unconditioned,libero_10__task_03__episode_06,libero_10__task_03__episode_06__overlap_unconditioned,6,24,free_space,140353b64274ea8c49ba667a42ec895be82df0496a9d9f2f09dc01ea17561bf6,10,114.88191899843514,56.21291600255063,79.38592300342862,1.0059425830841064,9,0,0.013908775352540014,0.21414420991528088,2.369800000451505,True,False,False,,1,1,0,1,0,19.01484366506676,15.0,6.194300003699027,True,True,0.25931810199474314,0.2560281460384476
row_03055__single_block,29,3055,libero_10,3,overlap_unconditioned,libero_10__task_03__episode_06,libero_10__task_03__episode_06__overlap_unconditioned,6,24,single_block,140353b64274ea8c49ba667a42ec895be82df0496a9d9f2f09dc01ea17561bf6,10,114.88191899843514,56.21291600255063,79.38592300342862,1.0059425830841064,9,0,0.013908775352540014,0.21414420991528088,2.3292999976547435,True,False,False,,1,1,0,1,0,19.01484366506676,15.0,6.325800000922754,True,True,0.25931810199474314,0.2560281460384476
row_03055__narrow_gate,29,3055,libero_10,3,overlap_unconditioned,libero_10__task_03__episode_06,libero_10__task_03__episode_06__overlap_unconditioned,6,24,narrow_gate,140353b64274ea8c49ba667a42ec895be82df0496a9d9f2f09dc01ea17561bf6,10,114.88191899843514,56.21291600255063,79.38592300342862,1.0059425830841064,9,0,0.013908775352540014,0.21414420991528088,2.350099995965138,True,False,False,,1,1,0,1,0,19.01484366506676,15.0,6.309199990937486,True,True,0.25931810199474314,0.2560281460384476
row_02485__free_space,30,2485,libero_10,3,projected_overlap,libero_10__task_03__episode_02,libero_10__task_03__episode_02__projected_overlap,2,32,free_space,3a465373310132ab8765347bfbe1b5de406975dd4e15df1bcc3de88be3f19f56,10,79.60032200207934,54.709163996449206,78.69229900097707,1.0025990009307861,8,0,0.007165995163867461,0.21743772198345124,2.41279999318067,True,False,False,,1,1,0,1,0,15.069974097923847,15.0,4.366900000604801,True,True,0.06948850466832537,0.06948850466832537
row_02485__single_block,30,2485,libero_10,3,projected_overlap,libero_10__task_03__episode_02,libero_10__task_03__episode_02__projected_overlap,2,32,single_block,3a465373310132ab8765347bfbe1b5de406975dd4e15df1bcc3de88be3f19f56,10,79.60032200207934,54.709163996449206,78.69229900097707,1.0025990009307861,8,0,0.007165995163867461,0.21743772198345124,1.8781999970087782,True,False,False,,1,1,0,1,0,15.069974097923847,15.0,12.097500002710149,True,True,0.06948850466832537,0.06948850466832537
row_02485__narrow_gate,30,2485,libero_10,3,projected_overlap,libero_10__task_03__episode_02,libero_10__task_03__episode_02__projected_overlap,2,32,narrow_gate,3a465373310132ab8765347bfbe1b5de406975dd4e15df1bcc3de88be3f19f56,10,79.60032200207934,54.709163996449206,78.69229900097707,1.0025990009307861,8,0,0.007165995163867461,0.21743772198345124,2.01349999406375,True,False,False,,1,1,0,1,0,15.069974097923847,15.0,4.44699999934528,True,True,0.06948850466832537,0.06948850466832537
row_02777__free_space,31,2777,libero_10,3,projected_overlap,libero_10__task_03__episode_04,libero_10__task_03__episode_04__projected_overlap,4,1,free_space,e03b52b522731434a220f1730ff99755cf5302ffde188f1d617afcc16f421c3b,10,79.31479100079741,55.19068099965807,78.50992499879794,1.0031516551971436,7,0,0.01351813042068023,0.2138568691626958,5.887200008146465,True,False,False,,0,0,0,0,0,7.042149277655909,7.042149277655909,7.293400005437434,True,True,0.03209158416022007,0.03209158416022007
row_02777__single_block,31,2777,libero_10,3,projected_overlap,libero_10__task_03__episode_04,libero_10__task_03__episode_04__projected_overlap,4,1,single_block,e03b52b522731434a220f1730ff99755cf5302ffde188f1d617afcc16f421c3b,10,79.31479100079741,55.19068099965807,78.50992499879794,1.0031516551971436,7,0,0.01351813042068023,0.2138568691626958,1.8246000108774751,True,False,False,,0,0,0,0,0,7.042149277655909,7.042149277655909,3.956500004278496,True,True,0.03209158416022007,0.03209158416022007
row_02777__narrow_gate,31,2777,libero_10,3,projected_overlap,libero_10__task_03__episode_04,libero_10__task_03__episode_04__projected_overlap,4,1,narrow_gate,e03b52b522731434a220f1730ff99755cf5302ffde188f1d617afcc16f421c3b,10,79.31479100079741,55.19068099965807,78.50992499879794,1.0031516551971436,7,0,0.01351813042068023,0.2138568691626958,1.8493999959900975,True,False,False,,0,0,0,0,0,7.042149277655909,7.042149277655909,4.358700010925531,True,True,0.03209158416022007,0.03209158416022007
row_02904__free_space,32,2904,libero_10,3,projected_overlap,libero_10__task_03__episode_05,libero_10__task_03__episode_05__projected_overlap,5,42,free_space,6397fa1a6f6bfc16cf760328acf387d6941cc19dcea197613bb3fe0ebaf60a12,10,79.60837599966908,55.7444329970167,78.92707300197799,1.003438115119934,8,9,0.43213596169169805,0.21245329053962142,2.019599996856414,True,False,False,,1,1,0,1,0,21.027673379191103,15.0,5.482799999299459,True,True,0.34494649843409947,0.33886833258869675
row_02904__single_block,32,2904,libero_10,3,projected_overlap,libero_10__task_03__episode_05,libero_10__task_03__episode_05__projected_overlap,5,42,single_block,6397fa1a6f6bfc16cf760328acf387d6941cc19dcea197613bb3fe0ebaf60a12,10,79.60837599966908,55.7444329970167,78.92707300197799,1.003438115119934,8,9,0.43213596169169805,0.21245329053962142,1.7695999995339662,True,False,False,,1,1,0,1,0,21.027673379191103,15.0,6.669000009424053,True,True,0.34494649843409947,0.33886833258869675
row_02904__narrow_gate,32,2904,libero_10,3,projected_overlap,libero_10__task_03__episode_05,libero_10__task_03__episode_05__projected_overlap,5,42,narrow_gate,6397fa1a6f6bfc16cf760328acf387d6941cc19dcea197613bb3fe0ebaf60a12,10,79.60837599966908,55.7444329970167,78.92707300197799,1.003438115119934,8,9,0.43213596169169805,0.21245329053962142,2.173700006096624,True,False,False,,1,1,0,1,0,21.027673379191103,15.0,5.705800009309314,True,True,0.34494649843409947,0.33886833258869675
row_02605__free_space,33,2605,libero_10,3,rtc_guided_overlap,libero_10__task_03__episode_03,libero_10__task_03__episode_03__rtc_guided_overlap,3,2,free_space,871cce04617da57a1c41b6af7e4f55725dc9385e2a14bb8e9521d9f05173b97a,10,108.2117520054453,72.25646799633978,107.50033100339351,1.0025373697280884,5,8,1.0091503331900404,0.1858428610988948,1.9033999997191131,True,False,False,,0,0,0,0,0,12.082772189185455,12.082772189185455,9.82530000328552,True,True,0.16230620186512526,0.16230620186512526
row_02605__single_block,33,2605,libero_10,3,rtc_guided_overlap,libero_10__task_03__episode_03,libero_10__task_03__episode_03__rtc_guided_overlap,3,2,single_block,871cce04617da57a1c41b6af7e4f55725dc9385e2a14bb8e9521d9f05173b97a,10,108.2117520054453,72.25646799633978,107.50033100339351,1.0025373697280884,5,8,1.0091503331900404,0.1858428610988948,2.4034999951254576,False,False,False,,4,4,3,0,0,26.099999999999998,12.082772189185455,6.955000004381873,True,True,0.16230620186512526,0.1019539152331954
row_02605__narrow_gate,33,2605,libero_10,3,rtc_guided_overlap,libero_10__task_03__episode_03,libero_10__task_03__episode_03__rtc_guided_overlap,3,2,narrow_gate,871cce04617da57a1c41b6af7e4f55725dc9385e2a14bb8e9521d9f05173b97a,10,108.2117520054453,72.25646799633978,107.50033100339351,1.0025373697280884,5,8,1.0091503331900404,0.1858428610988948,5.1700000040000305,False,False,False,,5,5,4,0,1,26.099999999999998,21.749999999999996,5.4825999977765605,False,True,0.16230620186512526,0.07880127553847689
row_02617__free_space,34,2617,libero_10,3,rtc_guided_overlap,libero_10__task_03__episode_03,libero_10__task_03__episode_03__rtc_guided_overlap,3,14,free_space,67d433cf4d15e549306b8088d4e70a4313a76eed423b79ba1a4965edc6ab7fd7,10,121.90506199840456,83.7361130033969,120.93830700177932,1.0013387203216553,5,3,0.08785694468452959,0.2161856184787107,1.9198000081814826,True,False,False,,1,1,0,1,0,21.749999999999996,15.0,12.51349999802187,True,True,0.1733978843145171,0.16571974826575084
row_02617__single_block,34,2617,libero_10,3,rtc_guided_overlap,libero_10__task_03__episode_03,libero_10__task_03__episode_03__rtc_guided_overlap,3,14,single_block,67d433cf4d15e549306b8088d4e70a4313a76eed423b79ba1a4965edc6ab7fd7,10,121.90506199840456,83.7361130033969,120.93830700177932,1.0013387203216553,5,3,0.08785694468452959,0.2161856184787107,3.064900010940619,True,False,False,,1,1,0,1,0,21.749999999999996,15.0,7.007799998973496,True,True,0.1733978843145171,0.16571974826575084
row_02617__narrow_gate,34,2617,libero_10,3,rtc_guided_overlap,libero_10__task_03__episode_03,libero_10__task_03__episode_03__rtc_guided_overlap,3,14,narrow_gate,67d433cf4d15e549306b8088d4e70a4313a76eed423b79ba1a4965edc6ab7fd7,10,121.90506199840456,83.7361130033969,120.93830700177932,1.0013387203216553,5,3,0.08785694468452959,0.2161856184787107,3.3054000086849555,True,False,False,,1,1,0,1,0,21.749999999999996,15.0,8.962499996414408,True,True,0.1733978843145171,0.16571974826575084
row_02917__free_space,35,2917,libero_10,3,rtc_guided_overlap,libero_10__task_03__episode_05,libero_10__task_03__episode_05__rtc_guided_overlap,5,13,free_space,828295ecacbba332510f9bc3c0a3c9f2bd734313099dca66695822787d8782aa,10,108.23020299721975,71.85337100236211,107.55217199766776,1.0041959285736084,10,5,0.11746517908051879,0.2083284355539021,5.454899990581907,True,False,False,,1,1,0,1,0,21.749999999999996,15.0,7.761600005323999,True,True,0.19046387205256018,0.18327495382293132
row_02917__single_block,35,2917,libero_10,3,rtc_guided_overlap,libero_10__task_03__episode_05,libero_10__task_03__episode_05__rtc_guided_overlap,5,13,single_block,828295ecacbba332510f9bc3c0a3c9f2bd734313099dca66695822787d8782aa,10,108.23020299721975,71.85337100236211,107.55217199766776,1.0041959285736084,10,5,0.11746517908051879,0.2083284355539021,5.583299993304536,True,False,False,,1,1,0,1,0,21.749999999999996,15.0,13.763799986918457,True,True,0.19046387205256018,0.18327495382293132
row_02917__narrow_gate,35,2917,libero_10,3,rtc_guided_overlap,libero_10__task_03__episode_05,libero_10__task_03__episode_05__rtc_guided_overlap,5,13,narrow_gate,828295ecacbba332510f9bc3c0a3c9f2bd734313099dca66695822787d8782aa,10,108.23020299721975,71.85337100236211,107.55217199766776,1.0041959285736084,10,5,0.11746517908051879,0.2083284355539021,4.874799997196533,True,False,False,,1,1,0,1,0,21.749999999999996,15.0,9.657999995397404,True,True,0.19046387205256018,0.18327495382293132
row_03135__free_space,36,3135,libero_10,4,overlap_unconditioned,libero_10__task_04__episode_02,libero_10__task_04__episode_02__overlap_unconditioned,2,18,free_space,be1cb9e1040c44498f97efc65d4857247dee7f9e0927d646467bb163ba9fa260,10,80.29168800567277,55.90988699987065,79.29911999963224,1.0004210472106934,2,0,0.007666016935661984,0.21743772198345124,2.8003999905195087,True,False,False,,0,0,0,0,0,11.289755787903802,11.289755787903802,4.434300004504621,True,True,0.0996534978839954,0.0996534978839954
row_03135__single_block,36,3135,libero_10,4,overlap_unconditioned,libero_10__task_04__episode_02,libero_10__task_04__episode_02__overlap_unconditioned,2,18,single_block,be1cb9e1040c44498f97efc65d4857247dee7f9e0927d646467bb163ba9fa260,10,80.29168800567277,55.90988699987065,79.29911999963224,1.0004210472106934,2,0,0.007666016935661984,0.21743772198345124,1.9511999998940155,True,False,False,,0,0,0,0,0,11.289755787903802,11.289755787903802,4.629099988960661,True,True,0.0996534978839954,0.0996534978839954
row_03135__narrow_gate,36,3135,libero_10,4,overlap_unconditioned,libero_10__task_04__episode_02,libero_10__task_04__episode_02__overlap_unconditioned,2,18,narrow_gate,be1cb9e1040c44498f97efc65d4857247dee7f9e0927d646467bb163ba9fa260,10,80.29168800567277,55.90988699987065,79.29911999963224,1.0004210472106934,2,0,0.007666016935661984,0.21743772198345124,1.8909999926108867,True,False,False,,0,0,0,0,0,11.289755787903802,11.289755787903802,4.9337999953422695,True,True,0.0996534978839954,0.0996534978839954
row_03211__free_space,37,3211,libero_10,4,overlap_unconditioned,libero_10__task_04__episode_03,libero_10__task_04__episode_03__overlap_unconditioned,3,6,free_space,c432dddf33d5a938715db4a27d9582535d4e5a95a55141f5435040c5d2ebe58a,10,80.55275899823755,55.53820000204723,77.75357400532812,1.0017452239990234,8,10,0.23843919464378788,0.19784759142213237,1.9997999916085973,True,False,False,,1,1,0,1,0,23.283156398721385,15.0,5.6354999978793785,True,True,0.20855635837129466,0.20349576348067008
row_03211__single_block,37,3211,libero_10,4,overlap_unconditioned,libero_10__task_04__episode_03,libero_10__task_04__episode_03__overlap_unconditioned,3,6,single_block,c432dddf33d5a938715db4a27d9582535d4e5a95a55141f5435040c5d2ebe58a,10,80.55275899823755,55.53820000204723,77.75357400532812,1.0017452239990234,8,10,0.23843919464378788,0.19784759142213237,2.2878000017954037,True,False,False,,1,1,0,1,0,23.283156398721385,15.0,5.536099997698329,True,True,0.20855635837129466,0.20349576348067008
row_03211__narrow_gate,37,3211,libero_10,4,overlap_unconditioned,libero_10__task_04__episode_03,libero_10__task_04__episode_03__overlap_unconditioned,3,6,narrow_gate,c432dddf33d5a938715db4a27d9582535d4e5a95a55141f5435040c5d2ebe58a,10,80.55275899823755,55.53820000204723,77.75357400532812,1.0017452239990234,8,10,0.23843919464378788,0.19784759142213237,3.2525999995414168,True,False,False,,1,1,0,1,0,23.283156398721385,15.0,10.566400000243448,True,True,0.20855635837129466,0.20349576348067008
row_03641__free_space,38,3641,libero_10,4,overlap_unconditioned,libero_10__task_04__episode_06,libero_10__task_04__episode_06__overlap_unconditioned,6,7,free_space,ff6986887e1e326a96c9f71abf0738306e8fb3afda4c8ce59bceecad58012e4d,10,97.9172200022731,55.544366005051415,78.2612910043099,1.003426432609558,5,9,0.34204936644524125,0.20307237730604538,1.8718999926932156,True,False,False,,1,1,0,1,0,21.749999999999996,15.0,6.563100003404543,True,True,0.16563141567156583,0.1584557935830178
row_03641__single_block,38,3641,libero_10,4,overlap_unconditioned,libero_10__task_04__episode_06,libero_10__task_04__episode_06__overlap_unconditioned,6,7,single_block,ff6986887e1e326a96c9f71abf0738306e8fb3afda4c8ce59bceecad58012e4d,10,97.9172200022731,55.544366005051415,78.2612910043099,1.003426432609558,5,9,0.34204936644524125,0.20307237730604538,4.554400002234615,True,False,False,,1,1,0,1,0,21.749999999999996,15.0,6.355899997288361,True,True,0.16563141567156583,0.1584557935830178
row_03641__narrow_gate,38,3641,libero_10,4,overlap_unconditioned,libero_10__task_04__episode_06,libero_10__task_04__episode_06__overlap_unconditioned,6,7,narrow_gate,ff6986887e1e326a96c9f71abf0738306e8fb3afda4c8ce59bceecad58012e4d,10,97.9172200022731,55.544366005051415,78.2612910043099,1.003426432609558,5,9,0.34204936644524125,0.20307237730604538,1.9198000081814826,True,False,False,,1,1,0,1,0,21.749999999999996,15.0,14.337800006614998,True,True,0.16563141567156583,0.1584557935830178
row_03184__free_space,39,3184,libero_10,4,projected_overlap,libero_10__task_04__episode_02,libero_10__task_04__episode_02__projected_overlap,2,24,free_space,8bab9786f83d3d85f93c2b81cf758c915451842134afe1c73c130d819c3c344e,10,79.7159100038698,55.83769599616062,79.00254100241,1.0036330223083496,6,10,0.4001594213487149,0.1694573952894682,1.8828000029316172,True,False,False,,1,1,0,1,0,21.749999999999996,15.0,5.2284999983385205,True,True,0.17444035439778918,0.1690511712364042
row_03184__single_block,39,3184,libero_10,4,projected_overlap,libero_10__task_04__episode_02,libero_10__task_04__episode_02__projected_overlap,2,24,single_block,8bab9786f83d3d85f93c2b81cf758c915451842134afe1c73c130d819c3c344e,10,79.7159100038698,55.83769599616062,79.00254100241,1.0036330223083496,6,10,0.4001594213487149,0.1694573952894682,1.9560000073397532,True,False,False,,1,1,0,1,0,21.749999999999996,15.0,5.507900001248345,True,True,0.17444035439778918,0.1690511712364042
row_03184__narrow_gate,39,3184,libero_10,4,projected_overlap,libero_10__task_04__episode_02,libero_10__task_04__episode_02__projected_overlap,2,24,narrow_gate,8bab9786f83d3d85f93c2b81cf758c915451842134afe1c73c130d819c3c344e,10,79.7159100038698,55.83769599616062,79.00254100241,1.0036330223083496,6,10,0.4001594213487149,0.1694573952894682,1.8131999968318269,True,False,False,,1,1,0,1,0,21.749999999999996,15.0,5.33670000731945,True,True,0.17444035439778918,0.1690511712364042
row_03374__free_space,40,3374,libero_10,4,projected_overlap,libero_10__task_04__episode_04,libero_10__task_04__episode_04__projected_overlap,4,35,free_space,26093677ee226a1c3f0e1b041212f8b65c955711c64b74019d444d91b7e7c2c6,10,118.91320799622918,55.61177500203485,78.24426699517062,1.0072355270385742,8,4,0.4018336932806993,0.21743772198345124,1.863400000729598,True,False,False,,1,1,0,1,0,21.749999999999996,15.0,7.105199998477474,True,True,0.07049279243129458,0.06252415148301833
row_03374__single_block,40,3374,libero_10,4,projected_overlap,libero_10__task_04__episode_04,libero_10__task_04__episode_04__projected_overlap,4,35,single_block,26093677ee226a1c3f0e1b041212f8b65c955711c64b74019d444d91b7e7c2c6,10,118.91320799622918,55.61177500203485,78.24426699517062,1.0072355270385742,8,4,0.4018336932806993,0.21743772198345124,1.9097000040346757,True,False,False,,1,1,0,1,0,21.749999999999996,15.0,5.660800001351163,True,True,0.07049279243129458,0.06252415148301833
row_03374__narrow_gate,40,3374,libero_10,4,projected_overlap,libero_10__task_04__episode_04,libero_10__task_04__episode_04__projected_overlap,4,35,narrow_gate,26093677ee226a1c3f0e1b041212f8b65c955711c64b74019d444d91b7e7c2c6,10,118.91320799622918,55.61177500203485,78.24426699517062,1.0072355270385742,8,4,0.4018336932806993,0.21743772198345124,1.9041000050492585,True,False,False,,1,1,0,1,0,21.749999999999996,15.0,7.974300009664148,True,True,0.07049279243129458,0.06252415148301833
row_03700__free_space,41,3700,libero_10,4,projected_overlap,libero_10__task_04__episode_06,libero_10__task_04__episode_06__projected_overlap,6,14,free_space,17434db48748a7efa0996246e0534a5bc2a81aa75a64b8a174815256f6ae7b7f,10,82.6401119993534,55.74952399911126,80.44577200053027,1.002443790435791,3,10,0.6377654754751384,0.16969164458144811,2.652499999385327,True,False,False,,1,1,0,1,0,21.749999999999996,15.0,9.857700002612546,True,True,0.20069253403237397,0.19811394381839253
row_03700__single_block,41,3700,libero_10,4,projected_overlap,libero_10__task_04__episode_06,libero_10__task_04__episode_06__projected_overlap,6,14,single_block,17434db48748a7efa0996246e0534a5bc2a81aa75a64b8a174815256f6ae7b7f,10,82.6401119993534,55.74952399911126,80.44577200053027,1.002443790435791,3,10,0.6377654754751384,0.16969164458144811,5.896300004678778,True,False,False,,1,1,0,1,0,21.749999999999996,15.0,16.3823000038974,True,True,0.20069253403237397,0.19811394381839253
row_03700__narrow_gate,41,3700,libero_10,4,projected_overlap,libero_10__task_04__episode_06,libero_10__task_04__episode_06__projected_overlap,6,14,narrow_gate,17434db48748a7efa0996246e0534a5bc2a81aa75a64b8a174815256f6ae7b7f,10,82.6401119993534,55.74952399911126,80.44577200053027,1.002443790435791,3,10,0.6377654754751384,0.16969164458144811,3.5594999935710803,False,False,False,,6,6,4,2,0,21.749999999999996,15.0,7.69840000430122,True,True,0.20069253403237397,0.08608602874076893
row_03089__free_space,42,3089,libero_10,4,rtc_guided_overlap,libero_10__task_04__episode_02,libero_10__task_04__episode_02__rtc_guided_overlap,2,16,free_space,913fa5a5a71adca78034c9b3cf9699167cc8d8f06d7e2ec978f46229aabdb80c,10,124.8444080047193,71.62047699966934,107.18643599830102,1.001420259475708,1,0,0.009398620345400103,0.21743772198345124,2.041500003542751,True,False,False,,0,0,0,0,0,14.2146411272444,14.2146411272444,15.304200001992285,True,True,0.16643880781977768,0.16643880781977768
row_03089__single_block,42,3089,libero_10,4,rtc_guided_overlap,libero_10__task_04__episode_02,libero_10__task_04__episode_02__rtc_guided_overlap,2,16,single_block,913fa5a5a71adca78034c9b3cf9699167cc8d8f06d7e2ec978f46229aabdb80c,10,124.8444080047193,71.62047699966934,107.18643599830102,1.001420259475708,1,0,0.009398620345400103,0.21743772198345124,5.43529998685699,True,False,False,,0,0,0,0,0,14.2146411272444,14.2146411272444,13.829699993948452,True,True,0.16643880781977768,0.16643880781977768
row_03089__narrow_gate,42,3089,libero_10,4,rtc_guided_overlap,libero_10__task_04__episode_02,libero_10__task_04__episode_02__rtc_guided_overlap,2,16,narrow_gate,913fa5a5a71adca78034c9b3cf9699167cc8d8f06d7e2ec978f46229aabdb80c,10,124.8444080047193,71.62047699966934,107.18643599830102,1.001420259475708,1,0,0.009398620345400103,0.21743772198345124,4.310999996960163,True,False,False,,0,0,0,0,0,14.2146411272444,14.2146411272444,9.84739999694284,True,True,0.16643880781977768,0.16643880781977768
row_03418__free_space,43,3418,libero_10,4,rtc_guided_overlap,libero_10__task_04__episode_04,libero_10__task_04__episode_04__rtc_guided_overlap,4,32,free_space,0af6ee5855367f9094ce70516e15a3a2b1071819e6528db170ca8facb747701b,10,108.04933599865763,71.4743280041148,107.29472499951953,1.0033745765686035,10,10,0.3586893959982959,0.20195501657760515,2.569499993114732,True,False,False,,1,1,0,1,0,26.099999999999998,15.0,10.31499999226071,True,True,0.29396835345430505,0.2870313569766581
row_03418__single_block,43,3418,libero_10,4,rtc_guided_overlap,libero_10__task_04__episode_04,libero_10__task_04__episode_04__rtc_guided_overlap,4,32,single_block,0af6ee5855367f9094ce70516e15a3a2b1071819e6528db170ca8facb747701b,10,108.04933599865763,71.4743280041148,107.29472499951953,1.0033745765686035,10,10,0.3586893959982959,0.20195501657760515,1.9782999879680574,True,False,False,,1,1,0,1,0,26.099999999999998,15.0,13.153299994883128,True,True,0.29396835345430505,0.2870313569766581
row_03418__narrow_gate,43,3418,libero_10,4,rtc_guided_overlap,libero_10__task_04__episode_04,libero_10__task_04__episode_04__rtc_guided_overlap,4,32,narrow_gate,0af6ee5855367f9094ce70516e15a3a2b1071819e6528db170ca8facb747701b,10,108.04933599865763,71.4743280041148,107.29472499951953,1.0033745765686035,10,10,0.3586893959982959,0.20195501657760515,5.27900000452064,False,False,False,,5,5,2,2,0,26.099999999999998,15.0,13.509699987480417,True,True,0.29396835345430505,0.20225017703858292
row_03774__free_space,44,3774,libero_10,4,rtc_guided_overlap,libero_10__task_04__episode_06,libero_10__task_04__episode_06__rtc_guided_overlap,6,37,free_space,3ca1d5e5fb57b62619eac1ebc82e603c92432fb46b767e4280c857d6c6b2de77,10,108.02239799522795,70.2809890062781,107.126363000134,1.002626657485962,9,9,0.5351523525882417,0.17090850541584027,1.9483000069158152,True,False,False,,1,1,0,1,0,18.66962924713745,15.0,5.234600001131184,True,True,0.15677450792763228,0.1540230649365988
row_03774__single_block,44,3774,libero_10,4,rtc_guided_overlap,libero_10__task_04__episode_06,libero_10__task_04__episode_06__rtc_guided_overlap,6,37,single_block,3ca1d5e5fb57b62619eac1ebc82e603c92432fb46b767e4280c857d6c6b2de77,10,108.02239799522795,70.2809890062781,107.126363000134,1.002626657485962,9,9,0.5351523525882417,0.17090850541584027,4.133000009460375,False,False,False,,5,5,3,1,0,21.749999999999996,15.0,10.075199999846518,True,True,0.15677450792763228,0.09461661467549333
row_03774__narrow_gate,44,3774,libero_10,4,rtc_guided_overlap,libero_10__task_04__episode_06,libero_10__task_04__episode_06__rtc_guided_overlap,6,37,narrow_gate,3ca1d5e5fb57b62619eac1ebc82e603c92432fb46b767e4280c857d6c6b2de77,10,108.02239799522795,70.2809890062781,107.126363000134,1.002626657485962,9,9,0.5351523525882417,0.17090850541584027,2.8549999988172203,True,False,False,,1,1,0,1,0,18.66962924713745,15.0,5.463299996335991,True,True,0.15677450792763228,0.1540230649365988
row_03991__free_space,45,3991,libero_10,5,overlap_unconditioned,libero_10__task_05__episode_04,libero_10__task_05__episode_04__overlap_unconditioned,4,2,free_space,ba6dd607262dea800f6367f95c95fb21bd3c08332925282b8a371a2969574ca1,10,81.36275699507678,55.92756400437793,78.17153600626625,1.004367709159851,9,8,0.28124527682158346,0.18014051496111982,1.7674999980954453,True,False,False,,1,1,0,1,0,15.358082845559855,15.0,5.929699997068383,True,True,0.2044441363686394,0.2042452171194984
row_03991__single_block,45,3991,libero_10,5,overlap_unconditioned,libero_10__task_05__episode_04,libero_10__task_05__episode_04__overlap_unconditioned,4,2,single_block,ba6dd607262dea800f6367f95c95fb21bd3c08332925282b8a371a2969574ca1,10,81.36275699507678,55.92756400437793,78.17153600626625,1.004367709159851,9,8,0.28124527682158346,0.18014051496111982,5.677099994500168,False,False,False,,8,8,6,2,0,21.749999999999996,15.0,11.50029999553226,True,True,0.2044441363686394,0.06227010082043138
row_03991__narrow_gate,45,3991,libero_10,5,overlap_unconditioned,libero_10__task_05__episode_04,libero_10__task_05__episode_04__overlap_unconditioned,4,2,narrow_gate,ba6dd607262dea800f6367f95c95fb21bd3c08332925282b8a371a2969574ca1,10,81.36275699507678,55.92756400437793,78.17153600626625,1.004367709159851,9,8,0.28124527682158346,0.18014051496111982,3.6506000033114105,False,False,False,,8,8,6,1,0,21.749999999999996,15.0,8.39329999871552,True,True,0.2044441363686394,0.0694557675543883
row_04194__free_space,46,4194,libero_10,5,overlap_unconditioned,libero_10__task_05__episode_05,libero_10__task_05__episode_05__overlap_unconditioned,5,4,free_space,47b06853c120c96369743ceb6fa7c6c2b1e4b7fc6bb79511fd706e4a46363cff,10,77.04093800566625,54.326044002664275,76.31311399745755,1.0073274374008179,8,10,0.21592074488842558,0.18130251669099404,2.747199992882088,True,False,False,,1,1,0,1,0,21.749999999999996,15.0,6.5310000063618645,True,True,0.22445874499919083,0.22095527923351607
row_04194__single_block,46,4194,libero_10,5,overlap_unconditioned,libero_10__task_05__episode_05,libero_10__task_05__episode_05__overlap_unconditioned,5,4,single_block,47b06853c120c96369743ceb6fa7c6c2b1e4b7fc6bb79511fd706e4a46363cff,10,77.04093800566625,54.326044002664275,76.31311399745755,1.0073274374008179,8,10,0.21592074488842558,0.18130251669099404,3.0285999964689836,False,False,False,,9,9,7,1,0,26.099999999999998,15.0,7.294199996977113,True,True,0.22445874499919083,0.0598099233888376
row_04194__narrow_gate,46,4194,libero_10,5,overlap_unconditioned,libero_10__task_05__episode_05,libero_10__task_05__episode_05__overlap_unconditioned,5,4,narrow_gate,47b06853c120c96369743ceb6fa7c6c2b1e4b7fc6bb79511fd706e4a46363cff,10,77.04093800566625,54.326044002664275,76.31311399745755,1.0073274374008179,8,10,0.21592074488842558,0.18130251669099404,4.152800000156276,False,False,False,,8,8,6,2,0,26.099999999999998,15.0,12.28619999892544,True,True,0.22445874499919083,0.07870786337206034
row_04275__free_space,47,4275,libero_10,5,overlap_unconditioned,libero_10__task_05__episode_06,libero_10__task_05__episode_06__overlap_unconditioned,6,9,free_space,11323d1e9fa8be79a5f30797c0506ec227223d0e568d4d2497834fb4cbaa7d14,10,133.505926001817,54.38184199738316,76.39341200410854,1.005445122718811,9,10,0.37789253278119467,0.20328198483449342,5.096400011098012,True,False,False,,1,1,0,1,0,21.749999999999996,15.0,6.287500000325963,True,True,0.17017143119164682,0.16187224809306755
row_04275__single_block,47,4275,libero_10,5,overlap_unconditioned,libero_10__task_05__episode_06,libero_10__task_05__episode_06__overlap_unconditioned,6,9,single_block,11323d1e9fa8be79a5f30797c0506ec227223d0e568d4d2497834fb4cbaa7d14,10,133.505926001817,54.38184199738316,76.39341200410854,1.005445122718811,9,10,0.37789253278119467,0.20328198483449342,2.0102999988012016,True,False,False,,1,1,0,1,0,21.749999999999996,15.0,6.0391000006347895,True,True,0.17017143119164682,0.16187224809306755
row_04275__narrow_gate,47,4275,libero_10,5,overlap_unconditioned,libero_10__task_05__episode_06,libero_10__task_05__episode_06__overlap_unconditioned,6,9,narrow_gate,11323d1e9fa8be79a5f30797c0506ec227223d0e568d4d2497834fb4cbaa7d14,10,133.505926001817,54.38184199738316,76.39341200410854,1.005445122718811,9,10,0.37789253278119467,0.20328198483449342,2.128299995092675,True,False,False,,1,1,0,1,0,21.749999999999996,15.0,14.201500001945533,True,True,0.17017143119164682,0.16187224809306755
row_03976__free_space,48,3976,libero_10,5,projected_overlap,libero_10__task_05__episode_03,libero_10__task_05__episode_03__projected_overlap,3,20,free_space,f2a1b6455fdc9a57e2d0def4e0004252c60561623263cf23c8480f2080a8f1bf,10,80.78378799837083,56.35015299776569,79.9031400019885,1.0014729499816895,6,0,0.00539654896364765,0.21727886930691603,4.002699992270209,True,False,False,,0,0,0,0,0,11.037741620384622,11.037741620384622,14.278200003900565,True,True,0.2237524665659078,0.2237524665659078
row_03976__single_block,48,3976,libero_10,5,projected_overlap,libero_10__task_05__episode_03,libero_10__task_05__episode_03__projected_overlap,3,20,single_block,f2a1b6455fdc9a57e2d0def4e0004252c60561623263cf23c8480f2080a8f1bf,10,80.78378799837083,56.35015299776569,79.9031400019885,1.0014729499816895,6,0,0.00539654896364765,0.21727886930691603,2.92839999019634,True,False,False,,0,0,0,0,0,11.037741620384622,11.037741620384622,6.968999994569458,True,True,0.2237524665659078,0.2237524665659078
row_03976__narrow_gate,48,3976,libero_10,5,projected_overlap,libero_10__task_05__episode_03,libero_10__task_05__episode_03__projected_overlap,3,20,narrow_gate,f2a1b6455fdc9a57e2d0def4e0004252c60561623263cf23c8480f2080a8f1bf,10,80.78378799837083,56.35015299776569,79.9031400019885,1.0014729499816895,6,0,0.00539654896364765,0.21727886930691603,2.1887999901082367,True,False,False,,0,0,0,0,0,11.037741620384622,11.037741620384622,8.074500001384877,True,True,0.2237524665659078,0.2237524665659078
row_04117__free_space,49,4117,libero_10,5,projected_overlap,libero_10__task_05__episode_05,libero_10__task_05__episode_05__projected_overlap,5,18,free_space,64fe9e27ebfcbba5c451a4a5460a595b51b4c2a2f37404ef8f1e737d64d7324f,10,108.09706999862101,56.19518300227355,79.16852299968014,1.0011985301971436,1,9,0.5395445385958311,0.17074981180496843,2.065499997115694,True,False,False,,1,1,0,1,0,21.749999999999996,15.0,6.355299992719665,True,True,0.21932435270205333,0.2153363687300256
row_04117__single_block,49,4117,libero_10,5,projected_overlap,libero_10__task_05__episode_05,libero_10__task_05__episode_05__projected_overlap,5,18,single_block,64fe9e27ebfcbba5c451a4a5460a595b51b4c2a2f37404ef8f1e737d64d7324f,10,108.09706999862101,56.19518300227355,79.16852299968014,1.0011985301971436,1,9,0.5395445385958311,0.17074981180496843,5.425900002592243,True,False,False,,1,1,0,1,0,21.749999999999996,15.0,15.227399999275804,True,True,0.21932435270205333,0.2153363687300256
row_04117__narrow_gate,49,4117,libero_10,5,projected_overlap,libero_10__task_05__episode_05,libero_10__task_05__episode_05__projected_overlap,5,18,narrow_gate,64fe9e27ebfcbba5c451a4a5460a595b51b4c2a2f37404ef8f1e737d64d7324f,10,108.09706999862101,56.19518300227355,79.16852299968014,1.0011985301971436,1,9,0.5395445385958311,0.17074981180496843,2.0108000026084483,True,False,False,,1,1,0,1,0,21.749999999999996,15.0,5.645900004310533,True,True,0.21932435270205333,0.2153363687300256
row_04302__free_space,50,4302,libero_10,5,projected_overlap,libero_10__task_05__episode_06,libero_10__task_05__episode_06__projected_overlap,6,4,free_space,a65f621e366833f6434d2238a8fbb9a140e6d947deaa307fcf0d74621b712160,10,78.50169500306947,54.61205300525762,77.67869499366498,1.004899024963379,9,9,0.2384819893886828,0.18582775521569078,2.0419000065885484,True,False,False,,1,1,0,1,0,23.315999046864572,15.0,6.569000004674308,True,True,0.2087355952084226,0.20558447175622158
row_04302__single_block,50,4302,libero_10,5,projected_overlap,libero_10__task_05__episode_06,libero_10__task_05__episode_06__projected_overlap,6,4,single_block,a65f621e366833f6434d2238a8fbb9a140e6d947deaa307fcf0d74621b712160,10,78.50169500306947,54.61205300525762,77.67869499366498,1.004899024963379,9,9,0.2384819893886828,0.18582775521569078,2.31500000518281,False,False,False,,9,9,7,1,0,26.099999999999998,15.0,5.572199996095151,True,True,0.2087355952084226,0.05947357599388145
row_04302__narrow_gate,50,4302,libero_10,5,projected_overlap,libero_10__task_05__episode_06,libero_10__task_05__episode_06__projected_overlap,6,4,narrow_gate,a65f621e366833f6434d2238a8fbb9a140e6d947deaa307fcf0d74621b712160,10,78.50169500306947,54.61205300525762,77.67869499366498,1.004899024963379,9,9,0.2384819893886828,0.18582775521569078,2.180499999667518,False,False,False,,8,8,6,1,0,26.099999999999998,15.0,6.24499999685213,True,True,0.2087355952084226,0.08125362963974692
row_03906__free_space,51,3906,libero_10,5,rtc_guided_overlap,libero_10__task_05__episode_03,libero_10__task_05__episode_03__rtc_guided_overlap,3,16,free_space,07fe1bc69d33831638ad5dd28b9bb528dfceb279b30d41c5e80bea9672e7ec72,10,109.29103400121676,72.36439099506242,108.48887800239027,1.0030814409255981,4,10,0.8678232439899293,0.1711808779873503,2.081200000247918,True,False,False,,1,1,0,1,0,21.749999999999996,15.0,12.560200004372746,True,True,0.1571488349288686,0.15157473549784747
row_03906__single_block,51,3906,libero_10,5,rtc_guided_overlap,libero_10__task_05__episode_03,libero_10__task_05__episode_03__rtc_guided_overlap,3,16,single_block,07fe1bc69d33831638ad5dd28b9bb528dfceb279b30d41c5e80bea9672e7ec72,10,109.29103400121676,72.36439099506242,108.48887800239027,1.0030814409255981,4,10,0.8678232439899293,0.1711808779873503,3.0559000006178394,True,False,False,,1,1,0,1,0,21.749999999999996,15.0,6.167600004118867,True,True,0.1571488349288686,0.15157473549784747
row_03906__narrow_gate,51,3906,libero_10,5,rtc_guided_overlap,libero_10__task_05__episode_03,libero_10__task_05__episode_03__rtc_guided_overlap,3,16,narrow_gate,07fe1bc69d33831638ad5dd28b9bb528dfceb279b30d41c5e80bea9672e7ec72,10,109.29103400121676,72.36439099506242,108.48887800239027,1.0030814409255981,4,10,0.8678232439899293,0.1711808779873503,5.866100007551722,True,False,False,,1,1,0,1,0,21.749999999999996,15.0,7.243100000778213,True,True,0.1571488349288686,0.15157473549784747
row_04236__free_space,52,4236,libero_10,5,rtc_guided_overlap,libero_10__task_05__episode_06,libero_10__task_05__episode_06__rtc_guided_overlap,6,2,free_space,f5c9e13d0401000b7e305ad884dd310aefd5035455615db43c1160e7d19faaf3,10,107.18462899967562,70.26993999897968,106.23606099397875,1.0023436546325684,8,9,0.23704115823407948,0.17743242602881715,5.321999997249804,True,False,False,,1,1,0,1,0,21.07179190542751,15.0,8.18520000029821,True,True,0.21260022760440753,0.20944495355368944
row_04236__single_block,52,4236,libero_10,5,rtc_guided_overlap,libero_10__task_05__episode_06,libero_10__task_05__episode_06__rtc_guided_overlap,6,2,single_block,f5c9e13d0401000b7e305ad884dd310aefd5035455615db43c1160e7d19faaf3,10,107.18462899967562,70.26993999897968,106.23606099397875,1.0023436546325684,8,9,0.23704115823407948,0.17743242602881715,3.0626000079791993,False,False,False,,8,8,7,1,1,21.749999999999996,21.749999999999996,7.761900007608347,False,True,0.21260022760440753,0.06216825037094563
row_04236__narrow_gate,52,4236,libero_10,5,rtc_guided_overlap,libero_10__task_05__episode_06,libero_10__task_05__episode_06__rtc_guided_overlap,6,2,narrow_gate,f5c9e13d0401000b7e305ad884dd310aefd5035455615db43c1160e7d19faaf3,10,107.18462899967562,70.26993999897968,106.23606099397875,1.0023436546325684,8,9,0.23704115823407948,0.17743242602881715,2.9731999966315925,False,False,False,,8,8,6,1,0,21.749999999999996,15.0,7.89539999095723,True,True,0.21260022760440753,0.0728944912261608
row_04261__free_space,53,4261,libero_10,5,rtc_guided_overlap,libero_10__task_05__episode_06,libero_10__task_05__episode_06__rtc_guided_overlap,6,27,free_space,00fad4464861d0536560c282ba9fe751b565dd5655411a42c4e4dfa58e1212d0,10,126.53189100092277,72.43290399492253,107.76484399684705,1.0024409294128418,6,10,0.3062359760028422,0.20705163993562362,2.7283999952487648,True,False,False,,1,1,0,1,0,21.749999999999996,15.0,8.050700009334832,True,True,0.17362297370822696,0.16835053340322229
row_04261__single_block,53,4261,libero_10,5,rtc_guided_overlap,libero_10__task_05__episode_06,libero_10__task_05__episode_06__rtc_guided_overlap,6,27,single_block,00fad4464861d0536560c282ba9fe751b565dd5655411a42c4e4dfa58e1212d0,10,126.53189100092277,72.43290399492253,107.76484399684705,1.0024409294128418,6,10,0.3062359760028422,0.20705163993562362,2.17720000364352,True,False,False,,1,1,0,1,0,21.749999999999996,15.0,6.368899994413368,True,True,0.17362297370822696,0.16835053340322229
row_04261__narrow_gate,53,4261,libero_10,5,rtc_guided_overlap,libero_10__task_05__episode_06,libero_10__task_05__episode_06__rtc_guided_overlap,6,27,narrow_gate,00fad4464861d0536560c282ba9fe751b565dd5655411a42c4e4dfa58e1212d0,10,126.53189100092277,72.43290399492253,107.76484399684705,1.0024409294128418,6,10,0.3062359760028422,0.20705163993562362,2.106100000673905,True,False,False,,1,1,0,1,0,21.749999999999996,15.0,10.242599993944168,True,True,0.17362297370822696,0.16835053340322229
row_04559__free_space,54,4559,libero_10,6,overlap_unconditioned,libero_10__task_06__episode_03,libero_10__task_06__episode_03__overlap_unconditioned,3,11,free_space,1dac18ba3af024985fe7e6d5157422e6bef081f023db50804df5562a5c3197b2,10,78.86147100361995,55.914493001182564,77.9583680050564,1.001961350440979,4,6,0.510563547490006,0.18091195902242146,2.2305000020423904,True,False,False,,0,0,0,0,0,6.561146837928735,6.561146837928735,7.435500010615215,True,True,0.11361910193589599,0.11361910193589599
row_04559__single_block,54,4559,libero_10,6,overlap_unconditioned,libero_10__task_06__episode_03,libero_10__task_06__episode_03__overlap_unconditioned,3,11,single_block,1dac18ba3af024985fe7e6d5157422e6bef081f023db50804df5562a5c3197b2,10,78.86147100361995,55.914493001182564,77.9583680050564,1.001961350440979,4,6,0.510563547490006,0.18091195902242146,2.017199993133545,False,False,False,,1,1,0,1,0,6.561146837928735,15.0,6.558100008987822,True,True,0.11361910193589599,0.10583379435666264
row_04559__narrow_gate,54,4559,libero_10,6,overlap_unconditioned,libero_10__task_06__episode_03,libero_10__task_06__episode_03__overlap_unconditioned,3,11,narrow_gate,1dac18ba3af024985fe7e6d5157422e6bef081f023db50804df5562a5c3197b2,10,78.86147100361995,55.914493001182564,77.9583680050564,1.001961350440979,4,6,0.510563547490006,0.18091195902242146,2.1081000013509765,True,False,False,,0,0,0,0,0,6.561146837928735,6.561146837928735,7.9193999990820885,True,True,0.11361910193589599,0.11361910193589599
row_04563__free_space,55,4563,libero_10,6,overlap_unconditioned,libero_10__task_06__episode_03,libero_10__task_06__episode_03__overlap_unconditioned,3,15,free_space,dc167686ce3a1c03f58e7096207c3bb1b3b7953ee9484d4acf1a182742a4fea5,10,79.46581400028663,55.81272400013404,78.73289399867645,1.0074224472045898,10,10,0.7681570932101105,0.17509615032674167,2.071900002192706,True,False,False,,1,1,0,1,0,21.749999999999996,15.0,9.778199993888848,True,True,0.18429272811888694,0.17985497551499682
row_04563__single_block,55,4563,libero_10,6,overlap_unconditioned,libero_10__task_06__episode_03,libero_10__task_06__episode_03__overlap_unconditioned,3,15,single_block,dc167686ce3a1c03f58e7096207c3bb1b3b7953ee9484d4acf1a182742a4fea5,10,79.46581400028663,55.81272400013404,78.73289399867645,1.0074224472045898,10,10,0.7681570932101105,0.17509615032674167,3.1168999994406477,False,False,False,,8,8,5,2,0,21.749999999999996,15.0,16.528699998161756,True,True,0.18429272811888694,0.06545659160957228
row_04563__narrow_gate,55,4563,libero_10,6,overlap_unconditioned,libero_10__task_06__episode_03,libero_10__task_06__episode_03__overlap_unconditioned,3,15,narrow_gate,dc167686ce3a1c03f58e7096207c3bb1b3b7953ee9484d4acf1a182742a4fea5,10,79.46581400028663,55.81272400013404,78.73289399867645,1.0074224472045898,10,10,0.7681570932101105,0.17509615032674167,4.598899991833605,False,False,False,,8,8,5,2,0,21.749999999999996,15.0,14.23679999425076,True,True,0.18429272811888694,0.06545659160957228
row_04724__free_space,56,4724,libero_10,6,overlap_unconditioned,libero_10__task_06__episode_05,libero_10__task_06__episode_05__overlap_unconditioned,5,5,free_space,568463d80fb08b9cd8f883545a26628da43d93c391c7c57113f487f74faa2dff,10,93.63928099628538,55.644328000198584,77.8946190039278,1.0012805461883545,5,9,0.3955697934635437,0.2029022498756299,2.91950000973884,True,False,False,,1,1,0,1,0,21.563524857978578,15.0,17.62369999778457,True,True,0.1683849336445337,0.16102576789340237
row_04724__single_block,56,4724,libero_10,6,overlap_unconditioned,libero_10__task_06__episode_05,libero_10__task_06__episode_05__overlap_unconditioned,5,5,single_block,568463d80fb08b9cd8f883545a26628da43d93c391c7c57113f487f74faa2dff,10,93.63928099628538,55.644328000198584,77.8946190039278,1.0012805461883545,5,9,0.3955697934635437,0.2029022498756299,2.5825000047916546,True,False,False,,1,1,0,1,0,21.563524857978578,15.0,7.7305000013438985,True,True,0.1683849336445337,0.16102576789340237
row_04724__narrow_gate,56,4724,libero_10,6,overlap_unconditioned,libero_10__task_06__episode_05,libero_10__task_06__episode_05__overlap_unconditioned,5,5,narrow_gate,568463d80fb08b9cd8f883545a26628da43d93c391c7c57113f487f74faa2dff,10,93.63928099628538,55.644328000198584,77.8946190039278,1.0012805461883545,5,9,0.3955697934635437,0.2029022498756299,5.138599997735582,True,False,False,,1,1,0,1,0,21.563524857978578,15.0,9.887100008199923,True,True,0.1683849336445337,0.16102576789340237
row_04400__free_space,57,4400,libero_10,6,projected_overlap,libero_10__task_06__episode_02,libero_10__task_06__episode_02__projected_overlap,2,20,free_space,7e0e26b28d47bf8ff8c6a48ac3e1c63371d2d54ce7286e6c01bf84d220c2380d,10,100.961948002805,56.116022999049164,79.43014099873835,1.002911925315857,9,10,0.6030893765740277,0.21743772198345124,5.820799997309223,True,False,False,,1,1,0,1,0,26.099999999999998,15.0,19.80149999144487,True,True,0.13422229533146668,0.13566638310221998
row_04400__single_block,57,4400,libero_10,6,projected_overlap,libero_10__task_06__episode_02,libero_10__task_06__episode_02__projected_overlap,2,20,single_block,7e0e26b28d47bf8ff8c6a48ac3e1c63371d2d54ce7286e6c01bf84d220c2380d,10,100.961948002805,56.116022999049164,79.43014099873835,1.002911925315857,9,10,0.6030893765740277,0.21743772198345124,5.7554999948479235,True,False,False,,1,1,0,1,0,26.099999999999998,15.0,10.55409999389667,True,True,0.13422229533146668,0.13566638310221998
row_04400__narrow_gate,57,4400,libero_10,6,projected_overlap,libero_10__task_06__episode_02,libero_10__task_06__episode_02__projected_overlap,2,20,narrow_gate,7e0e26b28d47bf8ff8c6a48ac3e1c63371d2d54ce7286e6c01bf84d220c2380d,10,100.961948002805,56.116022999049164,79.43014099873835,1.002911925315857,9,10,0.6030893765740277,0.21743772198345124,2.4892999936128035,True,False,False,,1,1,0,1,0,26.099999999999998,15.0,7.546099994215183,True,True,0.13422229533146668,0.13566638310221998
row_04703__free_space,58,4703,libero_10,6,projected_overlap,libero_10__task_06__episode_04,libero_10__task_06__episode_04__projected_overlap,4,29,free_space,559fa430110d92521c1b0dc1e7b30b89daacef48061a53e464c0af6bd58bfb59,10,79.4634770063567,55.93381899961969,78.69527499860851,1.0027133226394653,6,10,0.4880832428296482,0.21743772198345124,2.2471999982371926,True,False,False,,1,1,0,1,0,21.749999999999996,15.0,6.374900010996498,True,True,0.16257076311271268,0.15938140036659232
row_04703__single_block,58,4703,libero_10,6,projected_overlap,libero_10__task_06__episode_04,libero_10__task_06__episode_04__projected_overlap,4,29,single_block,559fa430110d92521c1b0dc1e7b30b89daacef48061a53e464c0af6bd58bfb59,10,79.4634770063567,55.93381899961969,78.69527499860851,1.0027133226394653,6,10,0.4880832428296482,0.21743772198345124,2.7017999964300543,True,False,False,,1,1,0,1,0,21.749999999999996,15.0,8.222899996326305,True,True,0.16257076311271268,0.15938140036659232
row_04703__narrow_gate,58,4703,libero_10,6,projected_overlap,libero_10__task_06__episode_04,libero_10__task_06__episode_04__projected_overlap,4,29,narrow_gate,559fa430110d92521c1b0dc1e7b30b89daacef48061a53e464c0af6bd58bfb59,10,79.4634770063567,55.93381899961969,78.69527499860851,1.0027133226394653,6,10,0.4880832428296482,0.21743772198345124,2.9045999981462955,True,False,False,,1,1,0,1,0,21.749999999999996,15.0,16.509599998244084,True,True,0.16257076311271268,0.15938140036659232
row_04801__free_space,59,4801,libero_10,6,projected_overlap,libero_10__task_06__episode_05,libero_10__task_06__episode_05__projected_overlap,5,39,free_space,631ddf346db42b9eeeb90c3010ff0d8c8e64cd57a0fc0dade93a07e70eebb7d7,10,81.24759600468678,55.87589200149523,80.16027600388043,1.0037529468536377,8,1,0.11524394547715623,0.20622584623827128,2.869099989766255,True,False,False,,0,0,0,0,0,6.959481981508959,6.959481981508959,6.430800000089221,True,True,0.06298581511225965,0.06298581511225965
row_04801__single_block,59,4801,libero_10,6,projected_overlap,libero_10__task_06__episode_05,libero_10__task_06__episode_05__projected_overlap,5,39,single_block,631ddf346db42b9eeeb90c3010ff0d8c8e64cd57a0fc0dade93a07e70eebb7d7,10,81.24759600468678,55.87589200149523,80.16027600388043,1.0037529468536377,8,1,0.11524394547715623,0.20622584623827128,2.7646999951684847,True,False,False,,0,0,0,0,0,6.959481981508959,6.959481981508959,6.633400000282563,True,True,0.06298581511225965,0.06298581511225965
row_04801__narrow_gate,59,4801,libero_10,6,projected_overlap,libero_10__task_06__episode_05,libero_10__task_06__episode_05__projected_overlap,5,39,narrow_gate,631ddf346db42b9eeeb90c3010ff0d8c8e64cd57a0fc0dade93a07e70eebb7d7,10,81.24759600468678,55.87589200149523,80.16027600388043,1.0037529468536377,8,1,0.11524394547715623,0.20622584623827128,2.6526000001467764,True,False,False,,0,0,0,0,0,6.959481981508959,6.959481981508959,6.328200004645623,True,True,0.06298581511225965,0.06298581511225965
row_04461__free_space,60,4461,libero_10,6,rtc_guided_overlap,libero_10__task_06__episode_02,libero_10__task_06__episode_02__rtc_guided_overlap,2,40,free_space,cd5352e3fe1d4685438747af84fdbc4b6007ef31d2e19507ba5cbce1ad533ba2,10,108.94032200303627,72.12152899592184,108.12491799879353,1.005616545677185,9,9,0.7664029713814471,0.1713109040465116,2.089200002956204,True,False,False,,1,1,0,1,0,19.37069473940701,15.0,5.927499994868413,True,True,0.13134794107779127,0.12865948271285868
row_04461__single_block,60,4461,libero_10,6,rtc_guided_overlap,libero_10__task_06__episode_02,libero_10__task_06__episode_02__rtc_guided_overlap,2,40,single_block,cd5352e3fe1d4685438747af84fdbc4b6007ef31d2e19507ba5cbce1ad533ba2,10,108.94032200303627,72.12152899592184,108.12491799879353,1.005616545677185,9,9,0.7664029713814471,0.1713109040465116,3.210199996829033,False,False,False,,6,6,5,1,1,21.749999999999996,21.749999999999996,5.494899989571422,False,True,0.13134794107779127,0.06546372108736777
row_04461__narrow_gate,60,4461,libero_10,6,rtc_guided_overlap,libero_10__task_06__episode_02,libero_10__task_06__episode_02__rtc_guided_overlap,2,40,narrow_gate,cd5352e3fe1d4685438747af84fdbc4b6007ef31d2e19507ba5cbce1ad533ba2,10,108.94032200303627,72.12152899592184,108.12491799879353,1.005616545677185,9,9,0.7664029713814471,0.1713109040465116,2.1238999906927347,False,False,False,,5,5,2,2,0,21.749999999999996,15.0,5.658299996866845,True,True,0.13134794107779127,0.08970280297559549
row_04828__free_space,61,4828,libero_10,6,rtc_guided_overlap,libero_10__task_06__episode_05,libero_10__task_06__episode_05__rtc_guided_overlap,5,21,free_space,c4a4949fdd8d02e88fdc2a6221a2511e6d1ca1724217231f8488731d0d05a77a,10,107.73285500181373,72.04010499845026,106.85287299565971,1.0023226737976074,5,4,0.038439008312408575,0.20904722045618843,4.2837000073632225,True,False,False,,1,1,0,1,0,16.408624208214935,15.0,12.230499996803701,True,True,0.18229215940667448,0.18261188463480074
row_04828__single_block,61,4828,libero_10,6,rtc_guided_overlap,libero_10__task_06__episode_05,libero_10__task_06__episode_05__rtc_guided_overlap,5,21,single_block,c4a4949fdd8d02e88fdc2a6221a2511e6d1ca1724217231f8488731d0d05a77a,10,107.73285500181373,72.04010499845026,106.85287299565971,1.0023226737976074,5,4,0.038439008312408575,0.20904722045618843,3.194200005964376,True,False,False,,1,1,0,1,0,16.408624208214935,15.0,6.288799995672889,True,True,0.18229215940667448,0.18261188463480074
row_04828__narrow_gate,61,4828,libero_10,6,rtc_guided_overlap,libero_10__task_06__episode_05,libero_10__task_06__episode_05__rtc_guided_overlap,5,21,narrow_gate,c4a4949fdd8d02e88fdc2a6221a2511e6d1ca1724217231f8488731d0d05a77a,10,107.73285500181373,72.04010499845026,106.85287299565971,1.0023226737976074,5,4,0.038439008312408575,0.20904722045618843,2.107299995259382,True,False,False,,1,1,0,1,0,16.408624208214935,15.0,14.959299995098263,True,True,0.18229215940667448,0.18261188463480074
row_04845__free_space,62,4845,libero_10,6,rtc_guided_overlap,libero_10__task_06__episode_05,libero_10__task_06__episode_05__rtc_guided_overlap,5,38,free_space,6ac07350d39f5e0cfc9f8c4cf0ddd9d48f0c28949b4a40b30792821cd718a026,10,109.19952800031751,71.87991699902341,108.35641500307247,1.0034046173095703,4,5,0.20888004100283558,0.21743772198345124,2.0443000103114173,True,False,False,,1,1,0,1,0,21.749999999999996,15.0,4.973999995854683,True,True,0.09700340728615736,0.09078330189921666
row_04845__single_block,62,4845,libero_10,6,rtc_guided_overlap,libero_10__task_06__episode_05,libero_10__task_06__episode_05__rtc_guided_overlap,5,38,single_block,6ac07350d39f5e0cfc9f8c4cf0ddd9d48f0c28949b4a40b30792821cd718a026,10,109.19952800031751,71.87991699902341,108.35641500307247,1.0034046173095703,4,5,0.20888004100283558,0.21743772198345124,2.2452999983215705,True,False,False,,1,1,0,1,0,21.749999999999996,15.0,5.341899988707155,True,True,0.09700340728615736,0.09078330189921666
row_04845__narrow_gate,62,4845,libero_10,6,rtc_guided_overlap,libero_10__task_06__episode_05,libero_10__task_06__episode_05__rtc_guided_overlap,5,38,narrow_gate,6ac07350d39f5e0cfc9f8c4cf0ddd9d48f0c28949b4a40b30792821cd718a026,10,109.19952800031751,71.87991699902341,108.35641500307247,1.0034046173095703,4,5,0.20888004100283558,0.21743772198345124,2.813300001434982,True,False,False,,1,1,0,1,0,21.749999999999996,15.0,7.0936999982222915,True,True,0.09700340728615736,0.09078330189921666
row_05084__free_space,63,5084,libero_10,7,overlap_unconditioned,libero_10__task_07__episode_02,libero_10__task_07__episode_02__overlap_unconditioned,2,45,free_space,04fe9168fb0c4c097b242e1ffcb4e67617e87c85f45ad128ece32505b67fe98a,10,108.15708999871276,56.06405199796427,77.49005899677286,1.006731629371643,10,10,0.6567052568700321,0.21412228204872252,4.355299999588169,True,False,False,,1,1,0,1,0,26.099999999999998,15.0,18.27499999490101,True,True,0.16304470898694515,0.16252511616406598
row_05084__single_block,63,5084,libero_10,7,overlap_unconditioned,libero_10__task_07__episode_02,libero_10__task_07__episode_02__overlap_unconditioned,2,45,single_block,04fe9168fb0c4c097b242e1ffcb4e67617e87c85f45ad128ece32505b67fe98a,10,108.15708999871276,56.06405199796427,77.49005899677286,1.006731629371643,10,10,0.6567052568700321,0.21412228204872252,5.394799998612143,True,False,False,,1,1,0,1,0,26.099999999999998,15.0,7.218500002636574,True,True,0.16304470898694515,0.16252511616406598
row_05084__narrow_gate,63,5084,libero_10,7,overlap_unconditioned,libero_10__task_07__episode_02,libero_10__task_07__episode_02__overlap_unconditioned,2,45,narrow_gate,04fe9168fb0c4c097b242e1ffcb4e67617e87c85f45ad128ece32505b67fe98a,10,108.15708999871276,56.06405199796427,77.49005899677286,1.006731629371643,10,10,0.6567052568700321,0.21412228204872252,2.1514999971259385,True,False,False,,1,1,0,1,0,26.099999999999998,15.0,15.754799998831004,True,True,0.16304470898694515,0.16252511616406598
row_05459__free_space,64,5459,libero_10,7,overlap_unconditioned,libero_10__task_07__episode_04,libero_10__task_07__episode_04__overlap_unconditioned,4,43,free_space,d9c9b89cb5fc46c35792845166334f8b946dbabb4b34e7b8bd4981dba5bc6f20,10,77.89819600293413,54.589423998550046,77.02063499891665,1.0011317729949951,6,10,1.0026328703498248,0.21743772198345124,2.6806999958353117,True,False,False,,1,1,0,1,0,26.099999999999998,15.0,14.316500004497357,True,True,0.17521692902288277,0.17369606596014756
row_05459__single_block,64,5459,libero_10,7,overlap_unconditioned,libero_10__task_07__episode_04,libero_10__task_07__episode_04__overlap_unconditioned,4,43,single_block,d9c9b89cb5fc46c35792845166334f8b946dbabb4b34e7b8bd4981dba5bc6f20,10,77.89819600293413,54.589423998550046,77.02063499891665,1.0011317729949951,6,10,1.0026328703498248,0.21743772198345124,2.0115000079385936,True,False,False,,1,1,0,1,0,26.099999999999998,15.0,8.273399987956509,True,True,0.17521692902288277,0.17369606596014756
row_05459__narrow_gate,64,5459,libero_10,7,overlap_unconditioned,libero_10__task_07__episode_04,libero_10__task_07__episode_04__overlap_unconditioned,4,43,narrow_gate,d9c9b89cb5fc46c35792845166334f8b946dbabb4b34e7b8bd4981dba5bc6f20,10,77.89819600293413,54.589423998550046,77.02063499891665,1.0011317729949951,6,10,1.0026328703498248,0.21743772198345124,2.3835000029066578,True,False,False,,1,1,0,1,0,26.099999999999998,15.0,7.270600006449968,True,True,0.17521692902288277,0.17369606596014756
row_05654__free_space,65,5654,libero_10,7,overlap_unconditioned,libero_10__task_07__episode_06,libero_10__task_07__episode_06__overlap_unconditioned,6,22,free_space,3bac9f19fb30daaee3e926a382add4231fb5d29b42ffeb53957dc6d86adf8bc0,10,78.40953200502554,55.9562510024989,77.41689599788515,1.0046653747558594,8,10,0.559576155028822,0.16817050732347769,3.048799990210682,True,False,False,,1,1,0,1,0,21.749999999999996,15.0,10.231299995211884,True,True,0.26458883831038565,0.25654215931066393
row_05654__single_block,65,5654,libero_10,7,overlap_unconditioned,libero_10__task_07__episode_06,libero_10__task_07__episode_06__overlap_unconditioned,6,22,single_block,3bac9f19fb30daaee3e926a382add4231fb5d29b42ffeb53957dc6d86adf8bc0,10,78.40953200502554,55.9562510024989,77.41689599788515,1.0046653747558594,8,10,0.559576155028822,0.16817050732347769,5.106199998408556,True,False,False,,1,1,0,1,0,21.749999999999996,15.0,12.776300005498342,True,True,0.26458883831038565,0.25654215931066393
row_05654__narrow_gate,65,5654,libero_10,7,overlap_unconditioned,libero_10__task_07__episode_06,libero_10__task_07__episode_06__overlap_unconditioned,6,22,narrow_gate,3bac9f19fb30daaee3e926a382add4231fb5d29b42ffeb53957dc6d86adf8bc0,10,78.40953200502554,55.9562510024989,77.41689599788515,1.0046653747558594,8,10,0.559576155028822,0.16817050732347769,2.470099992933683,False,False,False,,4,4,2,1,0,21.749999999999996,15.0,5.989400000544265,True,True,0.26458883831038565,0.2057401930492628
row_05219__free_space,66,5219,libero_10,7,projected_overlap,libero_10__task_07__episode_03,libero_10__task_07__episode_03__projected_overlap,3,31,free_space,1bc7f4641e2fa0cc1912c943fe7d77b69405aedd001ca933b6bd495401382ebc,10,81.09735700418241,56.39512700145133,80.040397006087,1.008142352104187,4,3,1.5726313842000585,0.20937297240120165,3.2146000012289733,True,False,False,,1,1,0,1,0,26.099999999999998,15.0,5.717399995774031,True,True,0.1864755752604672,0.1816578741612689
row_05219__single_block,66,5219,libero_10,7,projected_overlap,libero_10__task_07__episode_03,libero_10__task_07__episode_03__projected_overlap,3,31,single_block,1bc7f4641e2fa0cc1912c943fe7d77b69405aedd001ca933b6bd495401382ebc,10,81.09735700418241,56.39512700145133,80.040397006087,1.008142352104187,4,3,1.5726313842000585,0.20937297240120165,4.794199994648807,True,False,False,,1,1,0,1,0,26.099999999999998,15.0,19.854800004395656,True,True,0.1864755752604672,0.1816578741612689
row_05219__narrow_gate,66,5219,libero_10,7,projected_overlap,libero_10__task_07__episode_03,libero_10__task_07__episode_03__projected_overlap,3,31,narrow_gate,1bc7f4641e2fa0cc1912c943fe7d77b69405aedd001ca933b6bd495401382ebc,10,81.09735700418241,56.39512700145133,80.040397006087,1.008142352104187,4,3,1.5726313842000585,0.20937297240120165,4.998599993996322,True,False,False,,1,1,0,1,0,26.099999999999998,15.0,15.812899990123697,True,True,0.1864755752604672,0.1816578741612689
row_05223__free_space,67,5223,libero_10,7,projected_overlap,libero_10__task_07__episode_03,libero_10__task_07__episode_03__projected_overlap,3,35,free_space,a4937e7695f636b797de27213e29c6547faa0279a3a3738b716a3ab73c3292de,10,79.85586999711813,55.61516600573668,79.0687929984415,1.0062320232391357,9,10,0.3364855012482808,0.20438007871683453,3.4551999997347593,True,False,False,,1,1,0,1,0,21.749999999999996,15.0,8.418800003710203,True,True,0.15489244796139812,0.14902477613256243
row_05223__single_block,67,5223,libero_10,7,projected_overlap,libero_10__task_07__episode_03,libero_10__task_07__episode_03__projected_overlap,3,35,single_block,a4937e7695f636b797de27213e29c6547faa0279a3a3738b716a3ab73c3292de,10,79.85586999711813,55.61516600573668,79.0687929984415,1.0062320232391357,9,10,0.3364855012482808,0.20438007871683453,4.543000002740882,True,False,False,,1,1,0,1,0,21.749999999999996,15.0,10.966899993945844,True,True,0.15489244796139812,0.14902477613256243
row_05223__narrow_gate,67,5223,libero_10,7,projected_overlap,libero_10__task_07__episode_03,libero_10__task_07__episode_03__projected_overlap,3,35,narrow_gate,a4937e7695f636b797de27213e29c6547faa0279a3a3738b716a3ab73c3292de,10,79.85586999711813,55.61516600573668,79.0687929984415,1.0062320232391357,9,10,0.3364855012482808,0.20438007871683453,4.116999989491887,True,False,False,,1,1,0,1,0,21.749999999999996,15.0,14.016600005561486,True,True,0.15489244796139812,0.14902477613256243
row_05230__free_space,68,5230,libero_10,7,projected_overlap,libero_10__task_07__episode_03,libero_10__task_07__episode_03__projected_overlap,3,42,free_space,49bd9628861c50291cc546cae865b50d76ae3c4ed727957195a224a10f596150,10,80.71286699851044,55.91903300228296,79.85336300043855,1.0047171115875244,6,10,1.1503547377531556,0.17098125696748553,2.9156999953556806,True,False,False,,1,1,0,1,0,21.749999999999996,15.0,8.358700011740439,True,True,0.13484716981505965,0.13050187771797145
row_05230__single_block,68,5230,libero_10,7,projected_overlap,libero_10__task_07__episode_03,libero_10__task_07__episode_03__projected_overlap,3,42,single_block,49bd9628861c50291cc546cae865b50d76ae3c4ed727957195a224a10f596150,10,80.71286699851044,55.91903300228296,79.85336300043855,1.0047171115875244,6,10,1.1503547377531556,0.17098125696748553,2.6811999996425584,False,False,False,,6,6,4,2,0,21.749999999999996,15.0,14.1418999992311,True,True,0.13484716981505965,0.06949046104026801
row_05230__narrow_gate,68,5230,libero_10,7,projected_overlap,libero_10__task_07__episode_03,libero_10__task_07__episode_03__projected_overlap,3,42,narrow_gate,49bd9628861c50291cc546cae865b50d76ae3c4ed727957195a224a10f596150,10,80.71286699851044,55.91903300228296,79.85336300043855,1.0047171115875244,6,10,1.1503547377531556,0.17098125696748553,6.2252000061562285,False,False,False,,4,4,2,2,0,21.749999999999996,15.0,8.4731999959331,True,True,0.13484716981505965,0.09590999373558197
row_05276__free_space,69,5276,libero_10,7,rtc_guided_overlap,libero_10__task_07__episode_03,libero_10__task_07__episode_03__rtc_guided_overlap,3,38,free_space,be3bb25984bf5d7e334f89d9753a93e5f77358e0816f7b1c128cbb7bc74b169e,10,108.14622299949406,72.11468899913598,107.45707999740262,1.0021835565567017,1,6,0.9364978172452018,0.19520067214255404,3.0104999896138906,True,False,False,,0,0,0,0,0,14.487428252445515,14.487428252445515,8.04499999503605,True,True,0.08138623339706755,0.08138623339706755
row_05276__single_block,69,5276,libero_10,7,rtc_guided_overlap,libero_10__task_07__episode_03,libero_10__task_07__episode_03__rtc_guided_overlap,3,38,single_block,be3bb25984bf5d7e334f89d9753a93e5f77358e0816f7b1c128cbb7bc74b169e,10,108.14622299949406,72.11468899913598,107.45707999740262,1.0021835565567017,1,6,0.9364978172452018,0.19520067214255404,4.647499998100102,True,False,False,,0,0,0,0,0,14.487428252445515,14.487428252445515,12.424099986674264,True,True,0.08138623339706755,0.08138623339706755
row_05276__narrow_gate,69,5276,libero_10,7,rtc_guided_overlap,libero_10__task_07__episode_03,libero_10__task_07__episode_03__rtc_guided_overlap,3,38,narrow_gate,be3bb25984bf5d7e334f89d9753a93e5f77358e0816f7b1c128cbb7bc74b169e,10,108.14622299949406,72.11468899913598,107.45707999740262,1.0021835565567017,1,6,0.9364978172452018,0.19520067214255404,3.078599998843856,True,False,False,,0,0,0,0,0,14.487428252445515,14.487428252445515,16.56060000823345,True,True,0.08138623339706755,0.08138623339706755
row_05365__free_space,70,5365,libero_10,7,rtc_guided_overlap,libero_10__task_07__episode_04,libero_10__task_07__episode_04__rtc_guided_overlap,4,13,free_space,b1e96a516ffcf5d6d758c477ef9bc606d4f184e1bc1cd9f6f07637341b31cc78,10,108.83663300046464,71.80384999810485,106.82127900508931,1.0016493797302246,3,0,0.013321817878567831,0.21743772198345124,6.939699989743531,True,False,False,,1,1,0,1,0,19.92314138673642,15.0,5.548800007090904,True,True,0.03330630372510783,0.02842847568610349
row_05365__single_block,70,5365,libero_10,7,rtc_guided_overlap,libero_10__task_07__episode_04,libero_10__task_07__episode_04__rtc_guided_overlap,4,13,single_block,b1e96a516ffcf5d6d758c477ef9bc606d4f184e1bc1cd9f6f07637341b31cc78,10,108.83663300046464,71.80384999810485,106.82127900508931,1.0016493797302246,3,0,0.013321817878567831,0.21743772198345124,3.6848000017926097,True,False,False,,1,1,0,1,0,19.92314138673642,15.0,15.21840000350494,True,True,0.03330630372510783,0.02842847568610349
row_05365__narrow_gate,70,5365,libero_10,7,rtc_guided_overlap,libero_10__task_07__episode_04,libero_10__task_07__episode_04__rtc_guided_overlap,4,13,narrow_gate,b1e96a516ffcf5d6d758c477ef9bc606d4f184e1bc1cd9f6f07637341b31cc78,10,108.83663300046464,71.80384999810485,106.82127900508931,1.0016493797302246,3,0,0.013321817878567831,0.21743772198345124,4.479499999433756,True,False,False,,1,1,0,1,0,19.92314138673642,15.0,10.327800002414733,True,True,0.03330630372510783,0.02842847568610349
row_05370__free_space,71,5370,libero_10,7,rtc_guided_overlap,libero_10__task_07__episode_04,libero_10__task_07__episode_04__rtc_guided_overlap,4,18,free_space,d8b7efcc31973387ddedb04119865c16e5c1cad9d75b8f7275e82bd5943ba910,10,107.63488500379026,71.74269799725153,106.9300130038755,1.001523733139038,2,10,0.7562173420020799,0.17099534470932104,4.806500000995584,True,False,False,,1,1,0,1,0,21.749999999999996,15.0,20.426600007340312,True,True,0.16424798638804616,0.15816785608713535
row_05370__single_block,71,5370,libero_10,7,rtc_guided_overlap,libero_10__task_07__episode_04,libero_10__task_07__episode_04__rtc_guided_overlap,4,18,single_block,d8b7efcc31973387ddedb04119865c16e5c1cad9d75b8f7275e82bd5943ba910,10,107.63488500379026,71.74269799725153,106.9300130038755,1.001523733139038,2,10,0.7562173420020799,0.17099534470932104,5.58860000455752,True,False,False,,1,1,0,1,0,21.749999999999996,15.0,12.710899987723678,True,True,0.16424798638804616,0.15816785608713535
row_05370__narrow_gate,71,5370,libero_10,7,rtc_guided_overlap,libero_10__task_07__episode_04,libero_10__task_07__episode_04__rtc_guided_overlap,4,18,narrow_gate,d8b7efcc31973387ddedb04119865c16e5c1cad9d75b8f7275e82bd5943ba910,10,107.63488500379026,71.74269799725153,106.9300130038755,1.001523733139038,2,10,0.7562173420020799,0.17099534470932104,9.408199999597855,True,False,False,,1,1,0,1,0,21.749999999999996,15.0,13.808399991830811,True,True,0.16424798638804616,0.15816785608713535
row_06252__free_space,72,6252,libero_10,8,overlap_unconditioned,libero_10__task_08__episode_03,libero_10__task_08__episode_03__overlap_unconditioned,3,5,free_space,0a55d52cc40fb944f8e43e3bfedcb99896706a3ad464ae5f83585f8f397236d2,10,85.86967699375236,56.179562998295296,78.76529700297397,1.0016463994979858,1,10,1.6127192394999563,0.19485572860210662,6.2898999894969165,True,False,False,,1,1,0,1,0,22.38128489671207,15.0,14.246899998397566,True,True,0.1208179338423821,0.11574875608838528
row_06252__single_block,72,6252,libero_10,8,overlap_unconditioned,libero_10__task_08__episode_03,libero_10__task_08__episode_03__overlap_unconditioned,3,5,single_block,0a55d52cc40fb944f8e43e3bfedcb99896706a3ad464ae5f83585f8f397236d2,10,85.86967699375236,56.179562998295296,78.76529700297397,1.0016463994979858,1,10,1.6127192394999563,0.19485572860210662,4.526799995801412,False,False,False,,3,3,1,1,0,22.38128489671207,15.0,9.419599999091588,True,True,0.1208179338423821,0.10579161598042817
row_06252__narrow_gate,72,6252,libero_10,8,overlap_unconditioned,libero_10__task_08__episode_03,libero_10__task_08__episode_03__overlap_unconditioned,3,5,narrow_gate,0a55d52cc40fb944f8e43e3bfedcb99896706a3ad464ae5f83585f8f397236d2,10,85.86967699375236,56.179562998295296,78.76529700297397,1.0016463994979858,1,10,1.6127192394999563,0.19485572860210662,6.4602999918861315,False,False,False,,6,6,3,2,0,26.099999999999998,15.0,7.341500007896684,True,True,0.1208179338423821,0.07553286641608163
row_06255__free_space,73,6255,libero_10,8,overlap_unconditioned,libero_10__task_08__episode_03,libero_10__task_08__episode_03__overlap_unconditioned,3,8,free_space,8a27f190ec0e5fe11e554637e03418fd02fe87884cfb67f30eb2e742756f79fc,10,89.20994700019946,55.97614500584314,78.12630099942908,1.0014350414276123,1,10,1.9186909730650108,0.21707980165332796,2.7704000094672665,True,False,False,,1,1,0,1,0,26.099999999999998,15.0,19.506900003761984,True,True,0.020896026770691432,0.020896026770691432
row_06255__single_block,73,6255,libero_10,8,overlap_unconditioned,libero_10__task_08__episode_03,libero_10__task_08__episode_03__overlap_unconditioned,3,8,single_block,8a27f190ec0e5fe11e554637e03418fd02fe87884cfb67f30eb2e742756f79fc,10,89.20994700019946,55.97614500584314,78.12630099942908,1.0014350414276123,1,10,1.9186909730650108,0.21707980165332796,2.2920000046724454,True,False,False,,1,1,0,1,0,26.099999999999998,15.0,12.026099997456186,True,True,0.020896026770691432,0.020896026770691432
row_06255__narrow_gate,73,6255,libero_10,8,overlap_unconditioned,libero_10__task_08__episode_03,libero_10__task_08__episode_03__overlap_unconditioned,3,8,narrow_gate,8a27f190ec0e5fe11e554637e03418fd02fe87884cfb67f30eb2e742756f79fc,10,89.20994700019946,55.97614500584314,78.12630099942908,1.0014350414276123,1,10,1.9186909730650108,0.21707980165332796,3.092400002060458,True,False,False,,1,1,0,1,0,26.099999999999998,15.0,10.654600002453662,True,True,0.020896026770691432,0.020896026770691432
row_07010__free_space,74,7010,libero_10,8,overlap_unconditioned,libero_10__task_08__episode_06,libero_10__task_08__episode_06__overlap_unconditioned,6,26,free_space,7322a06ed69cdb9ad8f6dd4a10dd6eed8dcb029bfa521608597ec7473b34f963,10,78.67646800150396,55.74886399699608,77.99870899907546,1.0065621137619019,8,0,0.00613291362470631,0.21743772198345124,2.401699995971285,True,False,False,,0,0,0,0,0,8.204709902453661,8.204709902453661,6.958199999644421,True,True,0.024213629769441646,0.024213629769441646
row_07010__single_block,74,7010,libero_10,8,overlap_unconditioned,libero_10__task_08__episode_06,libero_10__task_08__episode_06__overlap_unconditioned,6,26,single_block,7322a06ed69cdb9ad8f6dd4a10dd6eed8dcb029bfa521608597ec7473b34f963,10,78.67646800150396,55.74886399699608,77.99870899907546,1.0065621137619019,8,0,0.00613291362470631,0.21743772198345124,2.4065000034170225,True,False,False,,0,0,0,0,0,8.204709902453661,8.204709902453661,6.452799992985092,True,True,0.024213629769441646,0.024213629769441646
row_07010__narrow_gate,74,7010,libero_10,8,overlap_unconditioned,libero_10__task_08__episode_06,libero_10__task_08__episode_06__overlap_unconditioned,6,26,narrow_gate,7322a06ed69cdb9ad8f6dd4a10dd6eed8dcb029bfa521608597ec7473b34f963,10,78.67646800150396,55.74886399699608,77.99870899907546,1.0065621137619019,8,0,0.00613291362470631,0.21743772198345124,5.812899995362386,True,False,False,,0,0,0,0,0,8.204709902453661,8.204709902453661,15.44360000116285,True,True,0.024213629769441646,0.024213629769441646
row_05930__free_space,75,5930,libero_10,8,projected_overlap,libero_10__task_08__episode_02,libero_10__task_08__episode_02__projected_overlap,2,54,free_space,3fa8cac759c9510b0b885c12f5c5c66e5426c74341ab86646876f0292ce3f88d,10,80.06911000120454,56.26149800082203,79.32793800137006,1.0020729303359985,4,0,0.017590162956685706,0.21743772198345124,4.961200000252575,True,False,False,,1,1,0,1,0,20.69489423393182,15.0,16.93909999448806,True,True,0.24421583875503192,0.24255799978193662
row_05930__single_block,75,5930,libero_10,8,projected_overlap,libero_10__task_08__episode_02,libero_10__task_08__episode_02__projected_overlap,2,54,single_block,3fa8cac759c9510b0b885c12f5c5c66e5426c74341ab86646876f0292ce3f88d,10,80.06911000120454,56.26149800082203,79.32793800137006,1.0020729303359985,4,0,0.017590162956685706,0.21743772198345124,2.9836999892722815,True,False,False,,1,1,0,1,0,20.69489423393182,15.0,7.802500011166558,True,True,0.24421583875503192,0.24255799978193662
row_05930__narrow_gate,75,5930,libero_10,8,projected_overlap,libero_10__task_08__episode_02,libero_10__task_08__episode_02__projected_overlap,2,54,narrow_gate,3fa8cac759c9510b0b885c12f5c5c66e5426c74341ab86646876f0292ce3f88d,10,80.06911000120454,56.26149800082203,79.32793800137006,1.0020729303359985,4,0,0.017590162956685706,0.21743772198345124,2.7094999968539923,True,False,False,,1,1,0,1,0,20.69489423393182,15.0,15.092100002220832,True,True,0.24421583875503192,0.24255799978193662
row_06690__free_space,76,6690,libero_10,8,projected_overlap,libero_10__task_08__episode_05,libero_10__task_08__episode_05__projected_overlap,5,49,free_space,5bf474866c44061fb26d249098642975c5e35982ce1f49559adfb544ba2d139e,10,80.0617919958313,55.98264400032349,79.35928300139494,1.0053895711898804,7,9,0.5385229047748529,0.18388376433873715,2.145799997379072,True,False,False,,1,1,0,1,0,20.67924187588329,15.0,5.919899995205924,True,True,0.2234150537204465,0.2200909486771381
row_06690__single_block,76,6690,libero_10,8,projected_overlap,libero_10__task_08__episode_05,libero_10__task_08__episode_05__projected_overlap,5,49,single_block,5bf474866c44061fb26d249098642975c5e35982ce1f49559adfb544ba2d139e,10,80.0617919958313,55.98264400032349,79.35928300139494,1.0053895711898804,7,9,0.5385229047748529,0.18388376433873715,2.3406000109389424,False,False,False,,9,9,7,2,0,21.749999999999996,15.0,5.737100000260398,True,True,0.2234150537204465,0.06253098071081742
row_06690__narrow_gate,76,6690,libero_10,8,projected_overlap,libero_10__task_08__episode_05,libero_10__task_08__episode_05__projected_overlap,5,49,narrow_gate,5bf474866c44061fb26d249098642975c5e35982ce1f49559adfb544ba2d139e,10,80.0617919958313,55.98264400032349,79.35928300139494,1.0053895711898804,7,9,0.5385229047748529,0.18388376433873715,2.8824000037275255,False,False,False,,8,8,6,2,0,21.749999999999996,15.0,5.5330999894067645,True,True,0.2234150537204465,0.08533648769556153
row_07135__free_space,77,7135,libero_10,8,projected_overlap,libero_10__task_08__episode_06,libero_10__task_08__episode_06__projected_overlap,6,47,free_space,65e33ce79ebf489f6044b75e747744ad82d870a283af2600278f2a0dc7188b70,10,87.9248830024153,56.11079499794869,78.84975200431654,1.003523588180542,10,0,0.012022979453252007,0.20912865188057117,1.9560999935492873,True,False,False,,0,0,0,0,0,5.02872931694848,5.02872931694848,5.772199991042726,True,True,0.032602946190589774,0.032602946190589774
row_07135__single_block,77,7135,libero_10,8,projected_overlap,libero_10__task_08__episode_06,libero_10__task_08__episode_06__projected_overlap,6,47,single_block,65e33ce79ebf489f6044b75e747744ad82d870a283af2600278f2a0dc7188b70,10,87.9248830024153,56.11079499794869,78.84975200431654,1.003523588180542,10,0,0.012022979453252007,0.20912865188057117,2.084299994749017,True,False,False,,0,0,0,0,0,5.02872931694848,5.02872931694848,4.420800003572367,True,True,0.032602946190589774,0.032602946190589774
row_07135__narrow_gate,77,7135,libero_10,8,projected_overlap,libero_10__task_08__episode_06,libero_10__task_08__episode_06__projected_overlap,6,47,narrow_gate,65e33ce79ebf489f6044b75e747744ad82d870a283af2600278f2a0dc7188b70,10,87.9248830024153,56.11079499794869,78.84975200431654,1.003523588180542,10,0,0.012022979453252007,0.20912865188057117,1.9446000078460202,True,False,False,,0,0,0,0,0,5.02872931694848,5.02872931694848,4.555500010610558,True,True,0.032602946190589774,0.032602946190589774
row_06000__free_space,78,6000,libero_10,8,rtc_guided_overlap,libero_10__task_08__episode_02,libero_10__task_08__episode_02__rtc_guided_overlap,2,32,free_space,2791ad6841f436ab749e802f26a1f5dcb5dc6d33e518ce392c2ac39862060a3e,10,116.41646899806801,72.39794099587016,108.47503400145797,1.0030781030654907,8,0,0.00494449620602976,0.21743772198345124,1.9178999937139452,True,False,False,,0,0,0,0,0,5.1222352426966165,5.1222352426966165,5.285499995807186,True,True,0.01152802823028914,0.01152802823028914
row_06000__single_block,78,6000,libero_10,8,rtc_guided_overlap,libero_10__task_08__episode_02,libero_10__task_08__episode_02__rtc_guided_overlap,2,32,single_block,2791ad6841f436ab749e802f26a1f5dcb5dc6d33e518ce392c2ac39862060a3e,10,116.41646899806801,72.39794099587016,108.47503400145797,1.0030781030654907,8,0,0.00494449620602976,0.21743772198345124,1.9477000023471192,True,False,False,,0,0,0,0,0,5.1222352426966165,5.1222352426966165,4.272799997124821,True,True,0.01152802823028914,0.01152802823028914
row_06000__narrow_gate,78,6000,libero_10,8,rtc_guided_overlap,libero_10__task_08__episode_02,libero_10__task_08__episode_02__rtc_guided_overlap,2,32,narrow_gate,2791ad6841f436ab749e802f26a1f5dcb5dc6d33e518ce392c2ac39862060a3e,10,116.41646899806801,72.39794099587016,108.47503400145797,1.0030781030654907,8,0,0.00494449620602976,0.21743772198345124,3.2555000070715323,True,False,False,,0,0,0,0,0,5.1222352426966165,5.1222352426966165,8.084700006293133,True,True,0.01152802823028914,0.01152802823028914
row_06236__free_space,79,6236,libero_10,8,rtc_guided_overlap,libero_10__task_08__episode_03,libero_10__task_08__episode_03__rtc_guided_overlap,3,70,free_space,6b0879ece0d3c5024c91e04d43dc4e6e6d1afee8bb9a2235d6dccbbb0c873df9,10,107.77908700401895,70.7848699967144,106.85210899828235,1.0011389255523682,1,10,0.6538942333913625,0.16506354941318277,2.078099991194904,True,False,False,,1,1,0,1,0,21.749999999999996,15.0,6.1147999949753284,True,True,0.23945405659686378,0.2369368530286239
row_06236__single_block,79,6236,libero_10,8,rtc_guided_overlap,libero_10__task_08__episode_03,libero_10__task_08__episode_03__rtc_guided_overlap,3,70,single_block,6b0879ece0d3c5024c91e04d43dc4e6e6d1afee8bb9a2235d6dccbbb0c873df9,10,107.77908700401895,70.7848699967144,106.85210899828235,1.0011389255523682,1,10,0.6538942333913625,0.16506354941318277,2.0737000013468787,True,False,False,,1,1,0,1,0,21.749999999999996,15.0,5.961499991826713,True,True,0.23945405659686378,0.2369368530286239
row_06236__narrow_gate,79,6236,libero_10,8,rtc_guided_overlap,libero_10__task_08__episode_03,libero_10__task_08__episode_03__rtc_guided_overlap,3,70,narrow_gate,6b0879ece0d3c5024c91e04d43dc4e6e6d1afee8bb9a2235d6dccbbb0c873df9,10,107.77908700401895,70.7848699967144,106.85210899828235,1.0011389255523682,1,10,0.6538942333913625,0.16506354941318277,5.331499996827915,True,False,False,,1,1,0,1,0,21.749999999999996,15.0,9.935099995345809,True,True,0.23945405659686378,0.2369368530286239
row_06762__free_space,80,6762,libero_10,8,rtc_guided_overlap,libero_10__task_08__episode_05,libero_10__task_08__episode_05__rtc_guided_overlap,5,39,free_space,7806b0e84af642ddef23b6b127ef1d9ff61636ddec5449910b5cf53ef46d7add,10,112.09945799782872,72.71410099929199,108.66539999551605,1.0070205926895142,5,7,0.36540284930441197,0.17629706213518648,3.284999998868443,True,False,False,,0,0,0,0,0,9.60819943448738,9.60819943448738,12.763899998390116,True,True,0.1320342673170785,0.1320342673170785
row_06762__single_block,80,6762,libero_10,8,rtc_guided_overlap,libero_10__task_08__episode_05,libero_10__task_08__episode_05__rtc_guided_overlap,5,39,single_block,7806b0e84af642ddef23b6b127ef1d9ff61636ddec5449910b5cf53ef46d7add,10,112.09945799782872,72.71410099929199,108.66539999551605,1.0070205926895142,5,7,0.36540284930441197,0.17629706213518648,3.336699999636039,True,False,False,,0,0,0,0,0,9.60819943448738,9.60819943448738,15.839799991226755,True,True,0.1320342673170785,0.1320342673170785
row_06762__narrow_gate,80,6762,libero_10,8,rtc_guided_overlap,libero_10__task_08__episode_05,libero_10__task_08__episode_05__rtc_guided_overlap,5,39,narrow_gate,7806b0e84af642ddef23b6b127ef1d9ff61636ddec5449910b5cf53ef46d7add,10,112.09945799782872,72.71410099929199,108.66539999551605,1.0070205926895142,5,7,0.36540284930441197,0.17629706213518648,2.707899999222718,True,False,False,,0,0,0,0,0,9.60819943448738,9.60819943448738,16.071499994723126,True,True,0.1320342673170785,0.1320342673170785
row_07230__free_space,81,7230,libero_10,9,overlap_unconditioned,libero_10__task_09__episode_02,libero_10__task_09__episode_02__overlap_unconditioned,2,40,free_space,f9b290f5ce3d6d1bf19c4c39b97d216e7ce536e315f4fb38ccf2585753b418b0,10,93.102971004555,55.59706599888159,77.62645399634494,1.0033183097839355,8,10,1.0021212865545452,0.21743772198345124,2.140299999155104,True,False,False,,1,1,0,1,0,21.749999999999996,15.0,6.263899995246902,True,True,0.17310168643363452,0.16859933855112832
row_07230__single_block,81,7230,libero_10,9,overlap_unconditioned,libero_10__task_09__episode_02,libero_10__task_09__episode_02__overlap_unconditioned,2,40,single_block,f9b290f5ce3d6d1bf19c4c39b97d216e7ce536e315f4fb38ccf2585753b418b0,10,93.102971004555,55.59706599888159,77.62645399634494,1.0033183097839355,8,10,1.0021212865545452,0.21743772198345124,2.193799999076873,True,False,False,,1,1,0,1,0,21.749999999999996,15.0,6.408400004147552,True,True,0.17310168643363452,0.16859933855112832
row_07230__narrow_gate,81,7230,libero_10,9,overlap_unconditioned,libero_10__task_09__episode_02,libero_10__task_09__episode_02__overlap_unconditioned,2,40,narrow_gate,f9b290f5ce3d6d1bf19c4c39b97d216e7ce536e315f4fb38ccf2585753b418b0,10,93.102971004555,55.59706599888159,77.62645399634494,1.0033183097839355,8,10,1.0021212865545452,0.21743772198345124,2.6157000102102757,True,False,False,,1,1,0,1,0,21.749999999999996,15.0,7.545299988123588,True,True,0.17310168643363452,0.16859933855112832
row_07454__free_space,82,7454,libero_10,9,overlap_unconditioned,libero_10__task_09__episode_03,libero_10__task_09__episode_03__overlap_unconditioned,3,12,free_space,70189d20cacc8879105663427e7a70950324ef867d86668314e97d9ee667da28,10,88.29100499860942,56.13032000110252,79.11253200290957,1.005859136581421,7,10,0.9693502948105943,0.20364387149993768,3.711299999849871,True,False,False,,1,1,0,1,0,26.099999999999998,15.0,10.085200003231876,True,True,0.17180903284890733,0.17180903284890733
row_07454__single_block,82,7454,libero_10,9,overlap_unconditioned,libero_10__task_09__episode_03,libero_10__task_09__episode_03__overlap_unconditioned,3,12,single_block,70189d20cacc8879105663427e7a70950324ef867d86668314e97d9ee667da28,10,88.29100499860942,56.13032000110252,79.11253200290957,1.005859136581421,7,10,0.9693502948105943,0.20364387149993768,5.97379999817349,False,False,False,,5,5,4,1,1,26.099999999999998,21.749999999999996,10.810099993250333,False,True,0.17180903284890733,0.10058786695209573
row_07454__narrow_gate,82,7454,libero_10,9,overlap_unconditioned,libero_10__task_09__episode_03,libero_10__task_09__episode_03__overlap_unconditioned,3,12,narrow_gate,70189d20cacc8879105663427e7a70950324ef867d86668314e97d9ee667da28,10,88.29100499860942,56.13032000110252,79.11253200290957,1.005859136581421,7,10,0.9693502948105943,0.20364387149993768,2.770299994153902,False,False,False,,4,4,3,1,1,26.099999999999998,21.749999999999996,12.565700002596714,False,True,0.17180903284890733,0.11717117543898196
row_07911__free_space,83,7911,libero_10,9,overlap_unconditioned,libero_10__task_09__episode_06,libero_10__task_09__episode_06__overlap_unconditioned,6,26,free_space,3acd3db2ccf3c271b5df89ed5d4c68e388a9c5a198f88cd2a8f85345e0056a64,10,79.40649100055452,54.716033999284264,78.53379500011215,1.0030263662338257,2,0,0.020039534224283406,0.19774861813388284,5.7120999990729615,True,False,False,,0,0,0,0,0,14.987554389009455,14.987554389009455,15.33989999734331,True,True,0.23575437817303538,0.23575437817303538
row_07911__single_block,83,7911,libero_10,9,overlap_unconditioned,libero_10__task_09__episode_06,libero_10__task_09__episode_06__overlap_unconditioned,6,26,single_block,3acd3db2ccf3c271b5df89ed5d4c68e388a9c5a198f88cd2a8f85345e0056a64,10,79.40649100055452,54.716033999284264,78.53379500011215,1.0030263662338257,2,0,0.020039534224283406,0.19774861813388284,4.33149999298621,True,False,False,,0,0,0,0,0,14.987554389009455,14.987554389009455,9.130200007348321,True,True,0.23575437817303538,0.23575437817303538
row_07911__narrow_gate,83,7911,libero_10,9,overlap_unconditioned,libero_10__task_09__episode_06,libero_10__task_09__episode_06__overlap_unconditioned,6,26,narrow_gate,3acd3db2ccf3c271b5df89ed5d4c68e388a9c5a198f88cd2a8f85345e0056a64,10,79.40649100055452,54.716033999284264,78.53379500011215,1.0030263662338257,2,0,0.020039534224283406,0.19774861813388284,6.386699998984113,False,False,False,,2,2,0,1,0,14.987554389009455,15.0,8.425200008787215,True,True,0.23575437817303538,0.1991023339794737
row_07269__free_space,84,7269,libero_10,9,projected_overlap,libero_10__task_09__episode_02,libero_10__task_09__episode_02__projected_overlap,2,30,free_space,215abd235cdf139f9132a06a1024d317705b4004afc6a192b2139f6176fe0940,10,103.75401599594625,56.2202930013882,79.35079700109782,1.003835916519165,4,8,0.40180058073244035,0.20915585750722548,5.660199996782467,True,False,False,,1,1,0,1,0,21.41985991577548,15.0,10.301999995135702,True,True,0.2900136887430314,0.2858147823422798
row_07269__single_block,84,7269,libero_10,9,projected_overlap,libero_10__task_09__episode_02,libero_10__task_09__episode_02__projected_overlap,2,30,single_block,215abd235cdf139f9132a06a1024d317705b4004afc6a192b2139f6176fe0940,10,103.75401599594625,56.2202930013882,79.35079700109782,1.003835916519165,4,8,0.40180058073244035,0.20915585750722548,2.2354999964591116,True,False,False,,1,1,0,1,0,21.41985991577548,15.0,15.363800004706718,True,True,0.2900136887430314,0.2858147823422798
row_07269__narrow_gate,84,7269,libero_10,9,projected_overlap,libero_10__task_09__episode_02,libero_10__task_09__episode_02__projected_overlap,2,30,narrow_gate,215abd235cdf139f9132a06a1024d317705b4004afc6a192b2139f6176fe0940,10,103.75401599594625,56.2202930013882,79.35079700109782,1.003835916519165,4,8,0.40180058073244035,0.20915585750722548,3.0329000001074746,True,False,False,,1,1,0,1,0,21.41985991577548,15.0,9.766799994395114,True,True,0.2900136887430314,0.2858147823422798
row_07610__free_space,85,7610,libero_10,9,projected_overlap,libero_10__task_09__episode_04,libero_10__task_09__episode_04__projected_overlap,4,17,free_space,4ee2c8d4c8e827084dae63860239c5e16ed0291ec25de7616a1d4cb715492eac,10,83.76048399804858,57.90021799475653,82.92673499818193,1.0021181106567383,2,0,0.006849738667168582,0.21743772198345124,4.274200007785112,True,False,False,,0,0,0,0,0,9.013331748234238,9.013331748234238,5.009999993490055,True,True,0.06447558427550001,0.06447558427550001
row_07610__single_block,85,7610,libero_10,9,projected_overlap,libero_10__task_09__episode_04,libero_10__task_09__episode_04__projected_overlap,4,17,single_block,4ee2c8d4c8e827084dae63860239c5e16ed0291ec25de7616a1d4cb715492eac,10,83.76048399804858,57.90021799475653,82.92673499818193,1.0021181106567383,2,0,0.006849738667168582,0.21743772198345124,2.479599992511794,True,False,False,,0,0,0,0,0,9.013331748234238,9.013331748234238,11.545699991984293,True,True,0.06447558427550001,0.06447558427550001
row_07610__narrow_gate,85,7610,libero_10,9,projected_overlap,libero_10__task_09__episode_04,libero_10__task_09__episode_04__projected_overlap,4,17,narrow_gate,4ee2c8d4c8e827084dae63860239c5e16ed0291ec25de7616a1d4cb715492eac,10,83.76048399804858,57.90021799475653,82.92673499818193,1.0021181106567383,2,0,0.006849738667168582,0.21743772198345124,3.4872999967774376,True,False,False,,0,0,0,0,0,9.013331748234238,9.013331748234238,6.875300008687191,True,True,0.06447558427550001,0.06447558427550001
row_07726__free_space,86,7726,libero_10,9,projected_overlap,libero_10__task_09__episode_05,libero_10__task_09__episode_05__projected_overlap,5,34,free_space,4128bfcd5e738093872b3c62fcc9bb763ca895ddf54ffae140dca41818e739d3,10,107.35882099834271,55.9619269988616,78.66191000357503,1.0026710033416748,5,10,0.5182029695486635,0.17181878828531819,2.806600008625537,True,False,False,,1,1,0,1,0,21.749999999999996,15.0,5.73229999281466,True,True,0.22832356750098634,0.22196856677684726
row_07726__single_block,86,7726,libero_10,9,projected_overlap,libero_10__task_09__episode_05,libero_10__task_09__episode_05__projected_overlap,5,34,single_block,4128bfcd5e738093872b3c62fcc9bb763ca895ddf54ffae140dca41818e739d3,10,107.35882099834271,55.9619269988616,78.66191000357503,1.0026710033416748,5,10,0.5182029695486635,0.17181878828531819,2.501399998436682,True,False,False,,1,1,0,1,0,21.749999999999996,15.0,5.856099989614449,True,True,0.22832356750098634,0.22196856677684726
row_07726__narrow_gate,86,7726,libero_10,9,projected_overlap,libero_10__task_09__episode_05,libero_10__task_09__episode_05__projected_overlap,5,34,narrow_gate,4128bfcd5e738093872b3c62fcc9bb763ca895ddf54ffae140dca41818e739d3,10,107.35882099834271,55.9619269988616,78.66191000357503,1.0026710033416748,5,10,0.5182029695486635,0.17181878828531819,5.761799999163486,True,False,False,,1,1,0,1,0,21.749999999999996,15.0,16.13270000962075,True,True,0.22832356750098634,0.22196856677684726
row_07391__free_space,87,7391,libero_10,9,rtc_guided_overlap,libero_10__task_09__episode_03,libero_10__task_09__episode_03__rtc_guided_overlap,3,1,free_space,c5fced6e29e251ba1f1ab67bc9ea754e7985f0c14d7d72ec5a915c0bacd4105a,10,213.83461299410556,72.37598999927286,108.77600900130346,1.0041309595108032,9,4,0.8559174125625476,0.1987883162885952,3.5066000127699226,True,True,True,deadline,10,10,10,0,0,21.749999999999996,0.0,4.278899999917485,True,True,0.09940477553033582,0.0
row_07391__single_block,87,7391,libero_10,9,rtc_guided_overlap,libero_10__task_09__episode_03,libero_10__task_09__episode_03__rtc_guided_overlap,3,1,single_block,c5fced6e29e251ba1f1ab67bc9ea754e7985f0c14d7d72ec5a915c0bacd4105a,10,213.83461299410556,72.37598999927286,108.77600900130346,1.0041309595108032,9,4,0.8559174125625476,0.1987883162885952,3.678799999761395,False,True,True,deadline,10,10,10,0,0,21.749999999999996,0.0,2.8260000108275563,True,True,0.09940477553033582,0.0
row_07391__narrow_gate,87,7391,libero_10,9,rtc_guided_overlap,libero_10__task_09__episode_03,libero_10__task_09__episode_03__rtc_guided_overlap,3,1,narrow_gate,c5fced6e29e251ba1f1ab67bc9ea754e7985f0c14d7d72ec5a915c0bacd4105a,10,213.83461299410556,72.37598999927286,108.77600900130346,1.0041309595108032,9,4,0.8559174125625476,0.1987883162885952,5.614099995000288,False,True,True,deadline,10,10,10,0,0,21.749999999999996,0.0,1.6066999960457906,True,True,0.09940477553033582,0.0
row_07496__free_space,88,7496,libero_10,9,rtc_guided_overlap,libero_10__task_09__episode_04,libero_10__task_09__episode_04__rtc_guided_overlap,4,2,free_space,6c2b7757beda1d1c8ab7d91c166058e67b7bc67b7aff178f6dd11b01cbb01b97,10,116.70098899776349,72.87357399764005,110.37820999627002,1.0029890537261963,7,9,0.983311984844856,0.18071179964642856,2.2012999979779124,True,False,False,,1,1,0,1,0,18.000334249398364,15.0,9.547900001052767,True,True,0.15854589483448925,0.15635079257731513
row_07496__single_block,88,7496,libero_10,9,rtc_guided_overlap,libero_10__task_09__episode_04,libero_10__task_09__episode_04__rtc_guided_overlap,4,2,single_block,6c2b7757beda1d1c8ab7d91c166058e67b7bc67b7aff178f6dd11b01cbb01b97,10,116.70098899776349,72.87357399764005,110.37820999627002,1.0029890537261963,7,9,0.983311984844856,0.18071179964642856,2.8550000133691356,False,False,False,,7,7,4,2,0,21.749999999999996,15.0,14.257299990276806,True,True,0.15854589483448925,0.07667999276704437
row_07496__narrow_gate,88,7496,libero_10,9,rtc_guided_overlap,libero_10__task_09__episode_04,libero_10__task_09__episode_04__rtc_guided_overlap,4,2,narrow_gate,6c2b7757beda1d1c8ab7d91c166058e67b7bc67b7aff178f6dd11b01cbb01b97,10,116.70098899776349,72.87357399764005,110.37820999627002,1.0029890537261963,7,9,0.983311984844856,0.18071179964642856,5.889699998078868,False,False,False,,7,7,5,1,1,21.749999999999996,16.312499999999996,16.092799996840768,False,True,0.15854589483448925,0.07574613681236807
row_07752__free_space,89,7752,libero_10,9,rtc_guided_overlap,libero_10__task_09__episode_05,libero_10__task_09__episode_05__rtc_guided_overlap,5,11,free_space,532b72080cce7378e05f0648d408b7d5f5467d7753b38ba505b40c3829a4f262,10,115.3370600004564,72.24002500151983,107.60686099820305,1.0030972957611084,6,0,0.010300514711931615,0.21743772198345124,2.584700006991625,True,False,False,,1,1,0,1,0,23.1065770935007,15.0,7.317799987504259,True,True,0.20301820830538975,0.19925513135103967
row_07752__single_block,89,7752,libero_10,9,rtc_guided_overlap,libero_10__task_09__episode_05,libero_10__task_09__episode_05__rtc_guided_overlap,5,11,single_block,532b72080cce7378e05f0648d408b7d5f5467d7753b38ba505b40c3829a4f262,10,115.3370600004564,72.24002500151983,107.60686099820305,1.0030972957611084,6,0,0.010300514711931615,0.21743772198345124,1.8657000036910176,True,False,False,,1,1,0,1,0,23.1065770935007,15.0,4.922299995087087,True,True,0.20301820830538975,0.19925513135103967
row_07752__narrow_gate,89,7752,libero_10,9,rtc_guided_overlap,libero_10__task_09__episode_05,libero_10__task_09__episode_05__rtc_guided_overlap,5,11,narrow_gate,532b72080cce7378e05f0648d408b7d5f5467d7753b38ba505b40c3829a4f262,10,115.3370600004564,72.24002500151983,107.60686099820305,1.0030972957611084,6,0,0.010300514711931615,0.21743772198345124,1.8856999959098175,True,False,False,,1,1,0,1,0,23.1065770935007,15.0,5.634400004055351,True,True,0.20301820830538975,0.19925513135103967
