case_id,trajectory_index,selection_index,source_row_index,task_suite,task_id,method,pair_id,episode_id,episode_index,query_index,scenario,response_action_sha256,inference_latency_ms,response_deadline_exceeded,input_clipped_steps,raw_path_safe,legacy_safe_after_guard,legacy_path_safe,legacy_unsafe_raw_steps,legacy_intervention_steps,legacy_hold_steps,legacy_acceleration_override_steps,legacy_max_acceleration_rad_s2,legacy_guard_latency_ms,repair_safe_after_guard,repair_path_safe,repair_terminal_path_safe,repair_selected_scale,repair_terminal_brake_steps,repair_intervention_steps,repair_max_acceleration_rad_s2,repair_selection_deadline_exceeded,repair_evaluated_scale_count,repair_collision_edge_checks,repair_latency_ms,repair_fallback_reason,legacy_conflict_resolved,repair_regression,raw_hand_displacement_m,legacy_hand_displacement_m,repair_hand_displacement_m
row_00389__free_space,0,0,389,libero_10,0,overlap_unconditioned,libero_10__task_00__episode_04,libero_10__task_00__episode_04__overlap_unconditioned,4,22,free_space,5a9d8eb48d80b8a6f391b7999a765fe0bfcc504a3e6d4ae0c3629381b1531f5c,89.17021199886221,False,6,True,True,True,1,1,0,0,15.0,6.536600005347282,True,True,True,1.0,2,1,15.0,False,2,22,5.572900001425296,,False,False,0.27681793580610486,0.2714399843916023,0.2714399843916023
row_00389__single_block,1,0,389,libero_10,0,overlap_unconditioned,libero_10__task_00__episode_04,libero_10__task_00__episode_04__overlap_unconditioned,4,22,single_block,5a9d8eb48d80b8a6f391b7999a765fe0bfcc504a3e6d4ae0c3629381b1531f5c,89.17021199886221,False,6,False,True,True,9,9,6,0,15.0,6.020800006808713,True,True,True,0.25,1,10,6.5249999999999995,False,5,34,7.493400000385009,,False,False,0.27681793580610486,0.08154853469610235,0.06965458011556767
row_00389__narrow_gate,2,0,389,libero_10,0,overlap_unconditioned,libero_10__task_00__episode_04,libero_10__task_00__episode_04__overlap_unconditioned,4,22,narrow_gate,5a9d8eb48d80b8a6f391b7999a765fe0bfcc504a3e6d4ae0c3629381b1531f5c,89.17021199886221,False,6,False,True,True,6,6,4,0,15.0,6.640999999945052,True,True,True,0.5,1,10,13.049999999999999,False,4,35,8.353199998964556,,False,False,0.27681793580610486,0.1622592895686868,0.14032609302613294
row_00498__free_space,3,1,498,libero_10,0,overlap_unconditioned,libero_10__task_00__episode_05,libero_10__task_00__episode_05__overlap_unconditioned,5,11,free_space,10c573643a49020407d005f50af7da08dc8373343a14a3d2b5c184eea376cbba,94.8057100031292,False,10,True,True,True,1,1,0,0,15.0,5.705100003979169,True,True,True,1.0,2,1,15.0,False,2,22,5.1048000023001805,,False,False,0.15772603897220566,0.1501842165588179,0.1501842165588179
row_00498__single_block,4,1,498,libero_10,0,overlap_unconditioned,libero_10__task_00__episode_05,libero_10__task_00__episode_05__overlap_unconditioned,5,11,single_block,10c573643a49020407d005f50af7da08dc8373343a14a3d2b5c184eea376cbba,94.8057100031292,False,10,True,True,True,1,1,0,0,15.0,6.065099994884804,True,True,True,1.0,2,1,15.0,False,2,22,5.129700002726167,,False,False,0.15772603897220566,0.1501842165588179,0.1501842165588179
row_00498__narrow_gate,5,1,498,libero_10,0,overlap_unconditioned,libero_10__task_00__episode_05,libero_10__task_00__episode_05__overlap_unconditioned,5,11,narrow_gate,10c573643a49020407d005f50af7da08dc8373343a14a3d2b5c184eea376cbba,94.8057100031292,False,10,True,True,True,1,1,0,0,15.0,5.920900002820417,True,True,True,1.0,2,1,15.0,False,2,22,4.912600008537993,,False,False,0.15772603897220566,0.1501842165588179,0.1501842165588179
row_00777__free_space,6,2,777,libero_10,0,overlap_unconditioned,libero_10__task_00__episode_06,libero_10__task_00__episode_06__overlap_unconditioned,6,24,free_space,21dcde51316a61a06fbf6b6c54f8ce1b11ad66a6ea1ff4f4659efd8c7f7e146e,78.85194299888099,False,7,True,True,True,1,1,0,0,15.0,7.0260000065900385,True,True,True,1.0,2,1,15.0,False,2,22,5.360399998608045,,False,False,0.30114480992317433,0.2959256007447529,0.2959256007447529
row_00777__single_block,7,2,777,libero_10,0,overlap_unconditioned,libero_10__task_00__episode_06,libero_10__task_00__episode_06__overlap_unconditioned,6,24,single_block,21dcde51316a61a06fbf6b6c54f8ce1b11ad66a6ea1ff4f4659efd8c7f7e146e,78.85194299888099,False,7,False,True,True,8,8,6,0,15.0,5.973699997412041,True,True,True,0.0,0,10,0.0,False,5,35,7.657399997697212,,False,False,0.30114480992317433,0.0929529932000205,0.0
row_00777__narrow_gate,8,2,777,libero_10,0,overlap_unconditioned,libero_10__task_00__episode_06,libero_10__task_00__episode_06__overlap_unconditioned,6,24,narrow_gate,21dcde51316a61a06fbf6b6c54f8ce1b11ad66a6ea1ff4f4659efd8c7f7e146e,78.85194299888099,False,7,False,True,True,6,6,4,0,15.0,5.732900011935271,True,True,True,0.25,1,10,6.5249999999999995,False,5,44,9.357899994938634,,False,False,0.30114480992317433,0.1545526696600564,0.07428801194269578
row_00052__free_space,9,3,52,libero_10,0,projected_overlap,libero_10__task_00__episode_02,libero_10__task_00__episode_02__projected_overlap,2,4,free_space,c1af1b1d35e857c8f84f24b1176750295b5443f38a199b4844286541367b800a,79.29393599624746,False,8,True,True,True,1,1,0,0,15.0,5.604500009212643,True,True,True,1.0,2,1,15.0,False,2,22,5.444900001748465,,False,False,0.2045625691506247,0.20004610267513642,0.20004610267513642
row_00052__single_block,10,3,52,libero_10,0,projected_overlap,libero_10__task_00__episode_02,libero_10__task_00__episode_02__projected_overlap,2,4,single_block,c1af1b1d35e857c8f84f24b1176750295b5443f38a199b4844286541367b800a,79.29393599624746,False,8,True,True,True,1,1,0,0,15.0,5.635099994833581,True,True,True,1.0,2,1,15.0,False,2,22,4.816600005142391,,False,False,0.2045625691506247,0.20004610267513642,0.20004610267513642
row_00052__narrow_gate,11,3,52,libero_10,0,projected_overlap,libero_10__task_00__episode_02,libero_10__task_00__episode_02__projected_overlap,2,4,narrow_gate,c1af1b1d35e857c8f84f24b1176750295b5443f38a199b4844286541367b800a,79.29393599624746,False,8,True,True,True,1,1,0,0,15.0,5.595099995844066,True,True,True,1.0,2,1,15.0,False,2,22,5.570500012254342,,False,False,0.2045625691506247,0.20004610267513642,0.20004610267513642
row_00150__free_space,12,4,150,libero_10,0,projected_overlap,libero_10__task_00__episode_03,libero_10__task_00__episode_03__projected_overlap,3,4,free_space,b9adaa537a2f2ce180a3fb45e59deeda5f17d14a1fe276b5bc23d7fc25e1efc0,103.0112279986497,False,10,True,True,True,1,1,0,0,15.0,5.347600003005937,True,True,True,1.0,2,1,15.0,False,2,22,4.790600010892376,,False,False,0.26495212764439796,0.26005388791693607,0.26005388791693607
row_00150__single_block,13,4,150,libero_10,0,projected_overlap,libero_10__task_00__episode_03,libero_10__task_00__episode_03__projected_overlap,3,4,single_block,b9adaa537a2f2ce180a3fb45e59deeda5f17d14a1fe276b5bc23d7fc25e1efc0,103.0112279986497,False,10,True,True,True,1,1,0,0,15.0,5.353999993531033,True,True,True,1.0,2,1,15.0,False,2,22,4.722599987871945,,False,False,0.26495212764439796,0.26005388791693607,0.26005388791693607
row_00150__narrow_gate,14,4,150,libero_10,0,projected_overlap,libero_10__task_00__episode_03,libero_10__task_00__episode_03__projected_overlap,3,4,narrow_gate,b9adaa537a2f2ce180a3fb45e59deeda5f17d14a1fe276b5bc23d7fc25e1efc0,103.0112279986497,False,10,True,True,True,1,1,0,0,15.0,5.376500004786067,True,True,True,1.0,2,1,15.0,False,2,22,5.1562000007834285,,False,False,0.26495212764439796,0.26005388791693607,0.26005388791693607
row_00154__free_space,15,5,154,libero_10,0,projected_overlap,libero_10__task_00__episode_03,libero_10__task_00__episode_03__projected_overlap,3,8,free_space,cdcbe08ef8154f621660984e7a5e8d85e83bf132d95156b57af018ff2fd5d341,79.73966300050961,False,8,True,True,True,1,1,0,0,15.0,6.448700005421415,True,True,True,1.0,2,1,15.0,False,2,22,4.602300003170967,,False,False,0.16084957644984182,0.1532077912254153,0.1532077912254153
row_00154__single_block,16,5,154,libero_10,0,projected_overlap,libero_10__task_00__episode_03,libero_10__task_00__episode_03__projected_overlap,3,8,single_block,cdcbe08ef8154f621660984e7a5e8d85e83bf132d95156b57af018ff2fd5d341,79.73966300050961,False,8,True,True,True,1,1,0,0,15.0,6.332999997539446,True,True,True,1.0,2,1,15.0,False,2,22,4.598200001055375,,False,False,0.16084957644984182,0.1532077912254153,0.1532077912254153
row_00154__narrow_gate,17,5,154,libero_10,0,projected_overlap,libero_10__task_00__episode_03,libero_10__task_00__episode_03__projected_overlap,3,8,narrow_gate,cdcbe08ef8154f621660984e7a5e8d85e83bf132d95156b57af018ff2fd5d341,79.73966300050961,False,8,True,True,True,1,1,0,0,15.0,5.181300002732314,True,True,True,1.0,2,1,15.0,False,2,22,5.31750000664033,,False,False,0.16084957644984182,0.1532077912254153,0.1532077912254153
row_00124__free_space,18,6,124,libero_10,0,rtc_guided_overlap,libero_10__task_00__episode_02,libero_10__task_00__episode_02__rtc_guided_overlap,2,26,free_space,5bf47acc643566f2a5a37ec6ff337191064361171cf3037d662746a96496a20b,107.67478600610048,False,0,True,True,True,1,1,0,0,15.0,6.529300007969141,True,True,True,1.0,2,1,15.0,False,2,22,4.6904000046197325,,False,False,0.11875003901090728,0.11632329934392385,0.11632329934392385
row_00124__single_block,19,6,124,libero_10,0,rtc_guided_overlap,libero_10__task_00__episode_02,libero_10__task_00__episode_02__rtc_guided_overlap,2,26,single_block,5bf47acc643566f2a5a37ec6ff337191064361171cf3037d662746a96496a20b,107.67478600610048,False,0,True,True,True,1,1,0,0,15.0,5.345999990822747,True,True,True,1.0,2,1,15.0,False,2,22,4.923799991956912,,False,False,0.11875003901090728,0.11632329934392385,0.11632329934392385
row_00124__narrow_gate,20,6,124,libero_10,0,rtc_guided_overlap,libero_10__task_00__episode_02,libero_10__task_00__episode_02__rtc_guided_overlap,2,26,narrow_gate,5bf47acc643566f2a5a37ec6ff337191064361171cf3037d662746a96496a20b,107.67478600610048,False,0,True,True,True,1,1,0,0,15.0,6.067599999369122,True,True,True,1.0,2,1,15.0,False,2,22,4.92859999940265,,False,False,0.11875003901090728,0.11632329934392385,0.11632329934392385
row_00236__free_space,21,7,236,libero_10,0,rtc_guided_overlap,libero_10__task_00__episode_03,libero_10__task_00__episode_03__rtc_guided_overlap,3,36,free_space,ba5eb25376b5fdcec587bc80d0ee8486f21952462444e7617b8a91c317718ba6,110.22575900278753,False,8,True,True,True,1,1,0,0,15.0,6.125699990661815,True,True,True,1.0,2,1,15.0,False,2,22,5.1346000109333545,,False,False,0.29166885926200353,0.2856748939530496,0.2856748939530496
row_00236__single_block,22,7,236,libero_10,0,rtc_guided_overlap,libero_10__task_00__episode_03,libero_10__task_00__episode_03__rtc_guided_overlap,3,36,single_block,ba5eb25376b5fdcec587bc80d0ee8486f21952462444e7617b8a91c317718ba6,110.22575900278753,False,8,True,True,True,1,1,0,0,15.0,5.493799995747395,True,True,True,1.0,2,1,15.0,False,2,22,6.060700005036779,,False,False,0.29166885926200353,0.2856748939530496,0.2856748939530496
row_00236__narrow_gate,23,7,236,libero_10,0,rtc_guided_overlap,libero_10__task_00__episode_03,libero_10__task_00__episode_03__rtc_guided_overlap,3,36,narrow_gate,ba5eb25376b5fdcec587bc80d0ee8486f21952462444e7617b8a91c317718ba6,110.22575900278753,False,8,True,True,True,1,1,0,0,15.0,5.7622999884188175,True,True,True,1.0,2,1,15.0,False,2,22,4.834299994399771,,False,False,0.29166885926200353,0.2856748939530496,0.2856748939530496
row_00734__free_space,24,8,734,libero_10,0,rtc_guided_overlap,libero_10__task_00__episode_06,libero_10__task_00__episode_06__rtc_guided_overlap,6,36,free_space,c52d4aac674e2dd19ab09880242078dd22bde949b6c0318d0d753318d311345d,136.76659500197275,False,8,True,True,True,1,1,0,0,15.0,5.332400003680959,True,True,True,1.0,2,1,15.0,False,2,22,4.6498000010615215,,False,False,0.2859179768219576,0.27925955705148925,0.27925955705148925
row_00734__single_block,25,8,734,libero_10,0,rtc_guided_overlap,libero_10__task_00__episode_06,libero_10__task_00__episode_06__rtc_guided_overlap,6,36,single_block,c52d4aac674e2dd19ab09880242078dd22bde949b6c0318d0d753318d311345d,136.76659500197275,False,8,True,True,True,1,1,0,0,15.0,5.333900000550784,True,True,True,1.0,2,1,15.0,False,2,22,5.1737000030698255,,False,False,0.2859179768219576,0.27925955705148925,0.27925955705148925
row_00734__narrow_gate,26,8,734,libero_10,0,rtc_guided_overlap,libero_10__task_00__episode_06,libero_10__task_00__episode_06__rtc_guided_overlap,6,36,narrow_gate,c52d4aac674e2dd19ab09880242078dd22bde949b6c0318d0d753318d311345d,136.76659500197275,False,8,True,True,True,1,1,0,0,15.0,5.954699998255819,True,True,True,1.0,2,1,15.0,False,2,22,4.796300010639243,,False,False,0.2859179768219576,0.27925955705148925,0.27925955705148925
row_00900__free_space,27,9,900,libero_10,1,overlap_unconditioned,libero_10__task_01__episode_02,libero_10__task_01__episode_02__overlap_unconditioned,2,43,free_space,a6df8e7cecfed274877f98e9b6f802eae438f3a44a2f81b9772749a456bdff04,78.42755500314524,False,10,True,True,True,1,1,0,0,15.0,5.789899994852021,True,True,True,1.0,2,1,15.0,False,2,22,4.629500006558374,,False,False,0.16281960764735479,0.1551595739636407,0.1551595739636407
row_00900__single_block,28,9,900,libero_10,1,overlap_unconditioned,libero_10__task_01__episode_02,libero_10__task_01__episode_02__overlap_unconditioned,2,43,single_block,a6df8e7cecfed274877f98e9b6f802eae438f3a44a2f81b9772749a456bdff04,78.42755500314524,False,10,True,True,True,1,1,0,0,15.0,5.1891000039177015,True,True,True,1.0,2,1,15.0,False,2,22,4.807400007848628,,False,False,0.16281960764735479,0.1551595739636407,0.1551595739636407
row_00900__narrow_gate,29,9,900,libero_10,1,overlap_unconditioned,libero_10__task_01__episode_02,libero_10__task_01__episode_02__overlap_unconditioned,2,43,narrow_gate,a6df8e7cecfed274877f98e9b6f802eae438f3a44a2f81b9772749a456bdff04,78.42755500314524,False,10,True,True,True,1,1,0,0,15.0,5.624299999908544,True,True,True,1.0,2,1,15.0,False,2,22,4.723799997009337,,False,False,0.16281960764735479,0.1551595739636407,0.1551595739636407
row_00987__free_space,30,10,987,libero_10,1,overlap_unconditioned,libero_10__task_01__episode_03,libero_10__task_01__episode_03__overlap_unconditioned,3,15,free_space,1a4c541cd6dce34826c4a02e5a2f906f432194c542ec446b5787d11bce6c60f8,79.19176799623528,False,9,True,True,True,1,1,0,0,15.0,6.072700009099208,True,True,True,1.0,2,1,15.0,False,2,22,4.57819999428466,,False,False,0.15680633679858705,0.1500564139635808,0.1500564139635808
row_00987__single_block,31,10,987,libero_10,1,overlap_unconditioned,libero_10__task_01__episode_03,libero_10__task_01__episode_03__overlap_unconditioned,3,15,single_block,1a4c541cd6dce34826c4a02e5a2f906f432194c542ec446b5787d11bce6c60f8,79.19176799623528,False,9,True,True,True,1,1,0,0,15.0,5.436299994471483,True,True,True,1.0,2,1,15.0,False,2,22,4.5658999879378825,,False,False,0.15680633679858705,0.1500564139635808,0.1500564139635808
row_00987__narrow_gate,32,10,987,libero_10,1,overlap_unconditioned,libero_10__task_01__episode_03,libero_10__task_01__episode_03__overlap_unconditioned,3,15,narrow_gate,1a4c541cd6dce34826c4a02e5a2f906f432194c542ec446b5787d11bce6c60f8,79.19176799623528,False,9,True,True,True,1,1,0,0,15.0,5.295199996908195,True,True,True,1.0,2,1,15.0,False,2,22,4.6094999997876585,,False,False,0.15680633679858705,0.1500564139635808,0.1500564139635808
row_01440__free_space,33,11,1440,libero_10,1,overlap_unconditioned,libero_10__task_01__episode_06,libero_10__task_01__episode_06__overlap_unconditioned,6,11,free_space,90b659f8d7dc8af4db105846364bf1d24672c20601b9914e27a4d00295e1cb03,95.08972799812909,False,3,True,True,True,1,1,0,0,15.0,5.1737000030698255,True,True,True,1.0,2,1,15.0,False,2,22,4.564499991829507,,False,False,0.1638597304656754,0.1558638934916706,0.1558638934916706
row_01440__single_block,34,11,1440,libero_10,1,overlap_unconditioned,libero_10__task_01__episode_06,libero_10__task_01__episode_06__overlap_unconditioned,6,11,single_block,90b659f8d7dc8af4db105846364bf1d24672c20601b9914e27a4d00295e1cb03,95.08972799812909,False,3,True,True,True,1,1,0,0,15.0,5.8136000006925315,True,True,True,1.0,2,1,15.0,False,2,22,4.694899995229207,,False,False,0.1638597304656754,0.1558638934916706,0.1558638934916706
row_01440__narrow_gate,35,11,1440,libero_10,1,overlap_unconditioned,libero_10__task_01__episode_06,libero_10__task_01__episode_06__overlap_unconditioned,6,11,narrow_gate,90b659f8d7dc8af4db105846364bf1d24672c20601b9914e27a4d00295e1cb03,95.08972799812909,False,3,True,True,True,1,1,0,0,15.0,5.310299995471723,True,True,True,1.0,2,1,15.0,False,2,22,4.6162999933585525,,False,False,0.1638597304656754,0.1558638934916706,0.1558638934916706
row_00956__free_space,36,12,956,libero_10,1,projected_overlap,libero_10__task_01__episode_02,libero_10__task_01__episode_02__projected_overlap,2,32,free_space,36e125b530a0d227df42bc22392771099686acbc4843d7e2b3b1c22c335b5577,77.89128000149503,False,3,True,True,True,1,1,0,0,15.0,5.827500004670583,True,True,True,1.0,2,1,15.0,False,2,22,5.754699988756329,,False,False,0.20270281107116714,0.2003215359848865,0.2003215359848865
row_00956__single_block,37,12,956,libero_10,1,projected_overlap,libero_10__task_01__episode_02,libero_10__task_01__episode_02__projected_overlap,2,32,single_block,36e125b530a0d227df42bc22392771099686acbc4843d7e2b3b1c22c335b5577,77.89128000149503,False,3,True,True,True,1,1,0,0,15.0,6.117199998698197,True,True,True,1.0,2,1,15.0,False,2,22,4.813400009879842,,False,False,0.20270281107116714,0.2003215359848865,0.2003215359848865
row_00956__narrow_gate,38,12,956,libero_10,1,projected_overlap,libero_10__task_01__episode_02,libero_10__task_01__episode_02__projected_overlap,2,32,narrow_gate,36e125b530a0d227df42bc22392771099686acbc4843d7e2b3b1c22c335b5577,77.89128000149503,False,3,True,True,True,1,1,0,0,15.0,5.758900006185286,True,True,True,1.0,2,1,15.0,False,2,22,5.603300000075251,,False,False,0.20270281107116714,0.2003215359848865,0.2003215359848865
row_01145__free_space,39,13,1145,libero_10,1,projected_overlap,libero_10__task_01__episode_04,libero_10__task_01__episode_04__projected_overlap,4,25,free_space,90a94f4e8f6685f2f42683556499e5c5e8807d3a0dc2bdd41422dba02c9a528e,86.79158599989023,False,1,True,True,True,1,1,0,0,15.0,4.3083000055048615,True,True,True,1.0,1,1,15.0,False,2,21,4.441299999598414,,False,False,0.13501236540095415,0.13293529969000742,0.13293529969000742
row_01145__single_block,40,13,1145,libero_10,1,projected_overlap,libero_10__task_01__episode_04,libero_10__task_01__episode_04__projected_overlap,4,25,single_block,90a94f4e8f6685f2f42683556499e5c5e8807d3a0dc2bdd41422dba02c9a528e,86.79158599989023,False,1,True,True,True,1,1,0,0,15.0,4.572699996060692,True,True,True,1.0,1,1,15.0,False,2,21,4.092899995157495,,False,False,0.13501236540095415,0.13293529969000742,0.13293529969000742
row_01145__narrow_gate,41,13,1145,libero_10,1,projected_overlap,libero_10__task_01__episode_04,libero_10__task_01__episode_04__projected_overlap,4,25,narrow_gate,90a94f4e8f6685f2f42683556499e5c5e8807d3a0dc2bdd41422dba02c9a528e,86.79158599989023,False,1,True,True,True,1,1,0,0,15.0,4.541699992842041,True,True,True,1.0,1,1,15.0,False,2,21,4.012299992609769,,False,False,0.13501236540095415,0.13293529969000742,0.13293529969000742
row_01507__free_space,42,14,1507,libero_10,1,projected_overlap,libero_10__task_01__episode_06,libero_10__task_01__episode_06__projected_overlap,6,28,free_space,bbb229a5c7dd16db9f94a2b04dc35e324bb2ff7cb84be61fbc89bfddc8b615f6,79.14954399893759,False,5,True,True,True,0,0,0,0,6.915993549757233,5.372300001909025,True,True,True,1.0,2,0,15.0,False,2,22,4.537400003755465,,False,False,0.12077960174602381,0.12077960174602381,0.12077960174602381
row_01507__single_block,43,14,1507,libero_10,1,projected_overlap,libero_10__task_01__episode_06,libero_10__task_01__episode_06__projected_overlap,6,28,single_block,bbb229a5c7dd16db9f94a2b04dc35e324bb2ff7cb84be61fbc89bfddc8b615f6,79.14954399893759,False,5,True,True,True,0,0,0,0,6.915993549757233,5.016600000089966,True,True,True,1.0,2,0,15.0,False,2,22,4.257399996276945,,False,False,0.12077960174602381,0.12077960174602381,0.12077960174602381
row_01507__narrow_gate,44,14,1507,libero_10,1,projected_overlap,libero_10__task_01__episode_06,libero_10__task_01__episode_06__projected_overlap,6,28,narrow_gate,bbb229a5c7dd16db9f94a2b04dc35e324bb2ff7cb84be61fbc89bfddc8b615f6,79.14954399893759,False,5,True,True,True,0,0,0,0,6.915993549757233,4.705699990154244,True,True,True,1.0,2,0,15.0,False,2,22,4.129100008867681,,False,False,0.12077960174602381,0.12077960174602381,0.12077960174602381
row_01086__free_space,45,15,1086,libero_10,1,rtc_guided_overlap,libero_10__task_01__episode_03,libero_10__task_01__episode_03__rtc_guided_overlap,3,15,free_space,ec0b512f5237264f17920ba443591c65816424db89d62988e93a55b93263be6c,108.5581090010237,False,10,True,True,True,1,1,0,0,15.0,5.090499995276332,True,True,True,1.0,2,1,15.0,False,2,22,4.388100001960993,,False,False,0.15534463873820112,0.14874231060358842,0.14874231060358842
row_01086__single_block,46,15,1086,libero_10,1,rtc_guided_overlap,libero_10__task_01__episode_03,libero_10__task_01__episode_03__rtc_guided_overlap,3,15,single_block,ec0b512f5237264f17920ba443591c65816424db89d62988e93a55b93263be6c,108.5581090010237,False,10,True,True,True,1,1,0,0,15.0,4.968300010659732,True,True,True,1.0,2,1,15.0,False,2,22,4.742600009194575,,False,False,0.15534463873820112,0.14874231060358842,0.14874231060358842
row_01086__narrow_gate,47,15,1086,libero_10,1,rtc_guided_overlap,libero_10__task_01__episode_03,libero_10__task_01__episode_03__rtc_guided_overlap,3,15,narrow_gate,ec0b512f5237264f17920ba443591c65816424db89d62988e93a55b93263be6c,108.5581090010237,False,10,True,True,True,1,1,0,0,15.0,4.990600005839951,True,True,True,1.0,2,1,15.0,False,2,22,4.5024000137345865,,False,False,0.15534463873820112,0.14874231060358842,0.14874231060358842
row_01191__free_space,48,16,1191,libero_10,1,rtc_guided_overlap,libero_10__task_01__episode_04,libero_10__task_01__episode_04__rtc_guided_overlap,4,20,free_space,fe4e8eff87997b03854846e36c1e04bb16804ba893b79e3bb4085372c986e9a7,107.11069100216264,False,8,True,True,True,1,1,0,0,15.0,6.2310999928740785,True,True,True,1.0,2,1,15.0,False,2,22,8.53409999399446,,False,False,0.3218877605545671,0.3148992240662159,0.3148992240662159
row_01191__single_block,49,16,1191,libero_10,1,rtc_guided_overlap,libero_10__task_01__episode_04,libero_10__task_01__episode_04__rtc_guided_overlap,4,20,single_block,fe4e8eff87997b03854846e36c1e04bb16804ba893b79e3bb4085372c986e9a7,107.11069100216264,False,8,True,True,True,1,1,0,0,15.0,5.424400005722418,True,True,True,1.0,2,1,15.0,False,2,22,4.820499991183169,,False,False,0.3218877605545671,0.3148992240662159,0.3148992240662159
row_01191__narrow_gate,50,16,1191,libero_10,1,rtc_guided_overlap,libero_10__task_01__episode_04,libero_10__task_01__episode_04__rtc_guided_overlap,4,20,narrow_gate,fe4e8eff87997b03854846e36c1e04bb16804ba893b79e3bb4085372c986e9a7,107.11069100216264,False,8,True,True,True,1,1,0,0,15.0,5.961400005617179,True,True,True,1.0,2,1,15.0,False,2,22,5.153299993253313,,False,False,0.3218877605545671,0.3148992240662159,0.3148992240662159
row_01307__free_space,51,17,1307,libero_10,1,rtc_guided_overlap,libero_10__task_01__episode_05,libero_10__task_01__episode_05__rtc_guided_overlap,5,26,free_space,aeecabb235ae92f2f61bc92716310007ea6615ccf856db6a5ec6520ccc509c45,108.09741300181486,False,3,True,True,True,1,1,0,0,15.0,7.111400002031587,True,True,True,1.0,1,1,15.0,False,2,21,5.70789999619592,,False,False,0.09615427134887645,0.0892231051257267,0.0892231051257267
row_01307__single_block,52,17,1307,libero_10,1,rtc_guided_overlap,libero_10__task_01__episode_05,libero_10__task_01__episode_05__rtc_guided_overlap,5,26,single_block,aeecabb235ae92f2f61bc92716310007ea6615ccf856db6a5ec6520ccc509c45,108.09741300181486,False,3,True,True,True,1,1,0,0,15.0,5.833900009747595,True,True,True,1.0,1,1,15.0,False,2,21,6.154999995487742,,False,False,0.09615427134887645,0.0892231051257267,0.0892231051257267
row_01307__narrow_gate,53,17,1307,libero_10,1,rtc_guided_overlap,libero_10__task_01__episode_05,libero_10__task_01__episode_05__rtc_guided_overlap,5,26,narrow_gate,aeecabb235ae92f2f61bc92716310007ea6615ccf856db6a5ec6520ccc509c45,108.09741300181486,False,3,True,True,True,1,1,0,0,15.0,5.246800006716512,True,True,True,1.0,1,1,15.0,False,2,21,4.291599994758144,,False,False,0.09615427134887645,0.0892231051257267,0.0892231051257267
row_01675__free_space,54,18,1675,libero_10,2,overlap_unconditioned,libero_10__task_02__episode_02,libero_10__task_02__episode_02__overlap_unconditioned,2,1,free_space,b529e80e8f8d4fd66e57f477b1c32fd6b7e1574f23f85ef1582259bdddf7925e,78.09889200143516,False,8,True,True,True,0,0,0,0,5.033607011819807,4.037299993797205,True,True,True,1.0,1,0,11.173227618282974,False,2,21,5.340500007150695,,False,False,0.07796263959287651,0.07796263959287651,0.07796263959287651
row_01675__single_block,55,18,1675,libero_10,2,overlap_unconditioned,libero_10__task_02__episode_02,libero_10__task_02__episode_02__overlap_unconditioned,2,1,single_block,b529e80e8f8d4fd66e57f477b1c32fd6b7e1574f23f85ef1582259bdddf7925e,78.09889200143516,False,8,True,True,True,0,0,0,0,5.033607011819807,6.229100006748922,True,True,True,1.0,1,0,11.173227618282974,False,2,21,5.03010000102222,,False,False,0.07796263959287651,0.07796263959287651,0.07796263959287651
row_01675__narrow_gate,56,18,1675,libero_10,2,overlap_unconditioned,libero_10__task_02__episode_02,libero_10__task_02__episode_02__overlap_unconditioned,2,1,narrow_gate,b529e80e8f8d4fd66e57f477b1c32fd6b7e1574f23f85ef1582259bdddf7925e,78.09889200143516,False,8,True,True,True,0,0,0,0,5.033607011819807,6.018100000801496,True,True,True,1.0,1,0,11.173227618282974,False,2,21,4.102700011571869,,False,False,0.07796263959287651,0.07796263959287651,0.07796263959287651
row_01708__free_space,57,19,1708,libero_10,2,overlap_unconditioned,libero_10__task_02__episode_02,libero_10__task_02__episode_02__overlap_unconditioned,2,34,free_space,f2a50edfe0256c15d7b51d9322c938e8000d5c8dd8d094e6fe385762844dcda2,82.38331400207244,False,8,True,True,True,1,1,0,0,15.0,6.41979998908937,True,True,True,1.0,2,1,15.0,False,2,22,12.984000000869855,,False,False,0.15253668313198096,0.1443924734673346,0.1443924734673346
row_01708__single_block,58,19,1708,libero_10,2,overlap_unconditioned,libero_10__task_02__episode_02,libero_10__task_02__episode_02__overlap_unconditioned,2,34,single_block,f2a50edfe0256c15d7b51d9322c938e8000d5c8dd8d094e6fe385762844dcda2,82.38331400207244,False,8,True,True,True,1,1,0,0,15.0,7.13089999044314,True,True,True,1.0,2,1,15.0,False,2,22,7.662599993636832,,False,False,0.15253668313198096,0.1443924734673346,0.1443924734673346
row_01708__narrow_gate,59,19,1708,libero_10,2,overlap_unconditioned,libero_10__task_02__episode_02,libero_10__task_02__episode_02__overlap_unconditioned,2,34,narrow_gate,f2a50edfe0256c15d7b51d9322c938e8000d5c8dd8d094e6fe385762844dcda2,82.38331400207244,False,8,True,True,True,1,1,0,0,15.0,10.32840000698343,True,True,True,1.0,2,1,15.0,False,2,22,10.24170000164304,,False,False,0.15253668313198096,0.1443924734673346,0.1443924734673346
row_02252__free_space,60,20,2252,libero_10,2,overlap_unconditioned,libero_10__task_02__episode_06,libero_10__task_02__episode_06__overlap_unconditioned,6,11,free_space,4a9798c8bfd3f1389bd92400bc1b6c481b637f55a0c48d7ab67d4417344d1282,144.50046199635835,False,8,True,True,True,1,1,0,0,15.0,8.450900000752881,True,True,True,1.0,2,1,15.0,False,2,22,5.434800012153573,,False,False,0.11420067163439622,0.10921460072887113,0.10921460072887113
row_02252__single_block,61,20,2252,libero_10,2,overlap_unconditioned,libero_10__task_02__episode_06,libero_10__task_02__episode_06__overlap_unconditioned,6,11,single_block,4a9798c8bfd3f1389bd92400bc1b6c481b637f55a0c48d7ab67d4417344d1282,144.50046199635835,False,8,True,True,True,1,1,0,0,15.0,16.400299995439127,True,True,True,1.0,2,1,15.0,False,2,22,7.98959999519866,,False,False,0.11420067163439622,0.10921460072887113,0.10921460072887113
row_02252__narrow_gate,62,20,2252,libero_10,2,overlap_unconditioned,libero_10__task_02__episode_06,libero_10__task_02__episode_06__overlap_unconditioned,6,11,narrow_gate,4a9798c8bfd3f1389bd92400bc1b6c481b637f55a0c48d7ab67d4417344d1282,144.50046199635835,False,8,True,True,True,1,1,0,0,15.0,7.220999992568977,True,True,True,1.0,2,1,15.0,False,2,22,4.907299997285008,,False,False,0.11420067163439622,0.10921460072887113,0.10921460072887113
row_01849__free_space,63,21,1849,libero_10,2,projected_overlap,libero_10__task_02__episode_03,libero_10__task_02__episode_03__projected_overlap,3,27,free_space,4a6ff889c709eeae8eb41a8483527216f2e5f37a3bf3a36cbdacc9caf61b14b7,79.88902000215603,False,6,True,True,True,1,1,0,0,15.0,15.216400002827868,True,True,True,1.0,2,1,15.0,False,2,22,12.385000009089708,,False,False,0.25634617703738954,0.2517696045599687,0.2517696045599687
row_01849__single_block,64,21,1849,libero_10,2,projected_overlap,libero_10__task_02__episode_03,libero_10__task_02__episode_03__projected_overlap,3,27,single_block,4a6ff889c709eeae8eb41a8483527216f2e5f37a3bf3a36cbdacc9caf61b14b7,79.88902000215603,False,6,True,True,True,1,1,0,0,15.0,12.316799999098293,True,True,True,1.0,2,1,15.0,False,2,22,9.427700002561323,,False,False,0.25634617703738954,0.2517696045599687,0.2517696045599687
row_01849__narrow_gate,65,21,1849,libero_10,2,projected_overlap,libero_10__task_02__episode_03,libero_10__task_02__episode_03__projected_overlap,3,27,narrow_gate,4a6ff889c709eeae8eb41a8483527216f2e5f37a3bf3a36cbdacc9caf61b14b7,79.88902000215603,False,6,True,True,True,1,1,0,0,15.0,6.124600011389703,True,True,True,1.0,2,1,15.0,False,2,22,10.212199995294213,,False,False,0.25634617703738954,0.2517696045599687,0.2517696045599687
row_02029__free_space,66,22,2029,libero_10,2,projected_overlap,libero_10__task_02__episode_05,libero_10__task_02__episode_05__projected_overlap,5,29,free_space,86acdfcdfcbca0d0782d3201e8567f83123f5c470b3c80abcba2f9f9caae7b6a,79.96573999844259,False,10,True,True,True,1,1,0,0,15.0,5.01300000178162,True,True,True,1.0,2,1,15.0,False,2,22,4.291100005502813,,False,False,0.15249291131091441,0.14423879419830052,0.14423879419830052
row_02029__single_block,67,22,2029,libero_10,2,projected_overlap,libero_10__task_02__episode_05,libero_10__task_02__episode_05__projected_overlap,5,29,single_block,86acdfcdfcbca0d0782d3201e8567f83123f5c470b3c80abcba2f9f9caae7b6a,79.96573999844259,False,10,True,True,True,1,1,0,0,15.0,11.296900003799237,True,True,True,1.0,2,1,15.0,False,2,22,5.877400006284006,,False,False,0.15249291131091441,0.14423879419830052,0.14423879419830052
row_02029__narrow_gate,68,22,2029,libero_10,2,projected_overlap,libero_10__task_02__episode_05,libero_10__task_02__episode_05__projected_overlap,5,29,narrow_gate,86acdfcdfcbca0d0782d3201e8567f83123f5c470b3c80abcba2f9f9caae7b6a,79.96573999844259,False,10,True,True,True,1,1,0,0,15.0,12.135299999499694,True,True,True,1.0,2,1,15.0,False,2,22,5.845199993927963,,False,False,0.15249291131091441,0.14423879419830052,0.14423879419830052
row_02327__free_space,69,23,2327,libero_10,2,projected_overlap,libero_10__task_02__episode_06,libero_10__task_02__episode_06__projected_overlap,6,32,free_space,41ed03ec2c804f7570385f83a61112cae62024474be9183529c4ab92e0239f1e,85.4951590008568,False,7,True,True,True,1,1,0,0,15.0,7.2788999968906865,True,True,True,1.0,2,1,15.0,False,2,22,11.48240000475198,,False,False,0.12584110070244556,0.1203297053778931,0.1203297053778931
row_02327__single_block,70,23,2327,libero_10,2,projected_overlap,libero_10__task_02__episode_06,libero_10__task_02__episode_06__projected_overlap,6,32,single_block,41ed03ec2c804f7570385f83a61112cae62024474be9183529c4ab92e0239f1e,85.4951590008568,False,7,True,True,True,1,1,0,0,15.0,5.9834999992745,True,True,True,1.0,2,1,15.0,False,2,22,4.687799999373965,,False,False,0.12584110070244556,0.1203297053778931,0.1203297053778931
row_02327__narrow_gate,71,23,2327,libero_10,2,projected_overlap,libero_10__task_02__episode_06,libero_10__task_02__episode_06__projected_overlap,6,32,narrow_gate,41ed03ec2c804f7570385f83a61112cae62024474be9183529c4ab92e0239f1e,85.4951590008568,False,7,True,True,True,1,1,0,0,15.0,5.720000001019798,True,True,True,1.0,2,1,15.0,False,2,22,5.069799997727387,,False,False,0.12584110070244556,0.1203297053778931,0.1203297053778931
row_01764__free_space,72,24,1764,libero_10,2,rtc_guided_overlap,libero_10__task_02__episode_03,libero_10__task_02__episode_03__rtc_guided_overlap,3,41,free_space,75a78d7ece08a9ef7362dbf7e8592c40127fa6547a7277e6ef2570b213a6606f,126.336525005172,False,7,True,True,True,1,1,0,0,15.0,6.554799998411909,True,True,True,1.0,2,1,15.0,False,2,22,4.835500003537163,,False,False,0.17971154397318004,0.17514070802532658,0.17514070802532658
row_01764__single_block,73,24,1764,libero_10,2,rtc_guided_overlap,libero_10__task_02__episode_03,libero_10__task_02__episode_03__rtc_guided_overlap,3,41,single_block,75a78d7ece08a9ef7362dbf7e8592c40127fa6547a7277e6ef2570b213a6606f,126.336525005172,False,7,True,True,True,1,1,0,0,15.0,8.8672999991104,True,True,True,1.0,2,1,15.0,False,2,22,13.90720000199508,,False,False,0.17971154397318004,0.17514070802532658,0.17514070802532658
row_01764__narrow_gate,74,24,1764,libero_10,2,rtc_guided_overlap,libero_10__task_02__episode_03,libero_10__task_02__episode_03__rtc_guided_overlap,3,41,narrow_gate,75a78d7ece08a9ef7362dbf7e8592c40127fa6547a7277e6ef2570b213a6606f,126.336525005172,False,7,True,True,True,1,1,0,0,15.0,6.933299999218434,True,True,True,1.0,2,1,15.0,False,2,22,6.046700000297278,,False,False,0.17971154397318004,0.17514070802532658,0.17514070802532658
row_02052__free_space,75,25,2052,libero_10,2,rtc_guided_overlap,libero_10__task_02__episode_05,libero_10__task_02__episode_05__rtc_guided_overlap,5,8,free_space,b24e7278dfda6faa16463ba15c2aba4214d3914d69e5cd8c078ea2eeffff360e,109.99461100436747,False,7,True,True,True,1,1,0,0,15.0,9.598100004950538,True,True,True,1.0,2,1,15.0,False,2,22,13.635299997986294,,False,False,0.17630982991325586,0.1685095504914928,0.1685095504914928
row_02052__single_block,76,25,2052,libero_10,2,rtc_guided_overlap,libero_10__task_02__episode_05,libero_10__task_02__episode_05__rtc_guided_overlap,5,8,single_block,b24e7278dfda6faa16463ba15c2aba4214d3914d69e5cd8c078ea2eeffff360e,109.99461100436747,False,7,True,True,True,1,1,0,0,15.0,14.129199989838526,True,True,True,1.0,2,1,15.0,False,2,22,5.888899991987273,,False,False,0.17630982991325586,0.1685095504914928,0.1685095504914928
row_02052__narrow_gate,77,25,2052,libero_10,2,rtc_guided_overlap,libero_10__task_02__episode_05,libero_10__task_02__episode_05__rtc_guided_overlap,5,8,narrow_gate,b24e7278dfda6faa16463ba15c2aba4214d3914d69e5cd8c078ea2eeffff360e,109.99461100436747,False,7,True,True,True,1,1,0,0,15.0,6.682899998850189,True,True,True,1.0,2,1,15.0,False,2,22,6.09239999903366,,False,False,0.17630982991325586,0.1685095504914928,0.1685095504914928
row_02147__free_space,78,26,2147,libero_10,2,rtc_guided_overlap,libero_10__task_02__episode_06,libero_10__task_02__episode_06__rtc_guided_overlap,6,10,free_space,1c8647823b25e5aa6b40d08da1a01c66d8ff370f54b36e72c0202761ed0d5f76,199.64047000394203,False,8,True,True,True,1,1,0,0,15.0,5.075499997474253,True,True,True,1.0,2,1,15.0,False,2,22,6.51760000619106,,False,False,0.15506830935356647,0.1481912762787977,0.1481912762787977
row_02147__single_block,79,26,2147,libero_10,2,rtc_guided_overlap,libero_10__task_02__episode_06,libero_10__task_02__episode_06__rtc_guided_overlap,6,10,single_block,1c8647823b25e5aa6b40d08da1a01c66d8ff370f54b36e72c0202761ed0d5f76,199.64047000394203,False,8,True,True,True,1,1,0,0,15.0,8.07100000383798,True,True,True,1.0,2,1,15.0,False,2,22,12.383399996906519,,False,False,0.15506830935356647,0.1481912762787977,0.1481912762787977
row_02147__narrow_gate,80,26,2147,libero_10,2,rtc_guided_overlap,libero_10__task_02__episode_06,libero_10__task_02__episode_06__rtc_guided_overlap,6,10,narrow_gate,1c8647823b25e5aa6b40d08da1a01c66d8ff370f54b36e72c0202761ed0d5f76,199.64047000394203,False,8,True,True,True,1,1,0,0,15.0,15.052500006277114,True,True,True,1.0,2,1,15.0,False,2,22,12.357700004940853,,False,False,0.15506830935356647,0.1481912762787977,0.1481912762787977
row_02684__free_space,81,27,2684,libero_10,3,overlap_unconditioned,libero_10__task_03__episode_03,libero_10__task_03__episode_03__overlap_unconditioned,3,38,free_space,bb069ee85c0da0772e6c92cd975c0e275f2fb778b135417af5ee99355177df18,78.93961099762237,False,10,True,True,True,1,1,0,0,15.0,12.824400007957593,True,True,True,1.0,2,1,15.0,False,2,22,11.37209999433253,,False,False,0.27679804093898036,0.27546491607229895,0.27546491607229895
row_02684__single_block,82,27,2684,libero_10,3,overlap_unconditioned,libero_10__task_03__episode_03,libero_10__task_03__episode_03__overlap_unconditioned,3,38,single_block,bb069ee85c0da0772e6c92cd975c0e275f2fb778b135417af5ee99355177df18,78.93961099762237,False,10,True,True,True,1,1,0,0,15.0,6.164799997350201,True,True,True,1.0,2,1,15.0,False,2,22,4.119899997022003,,False,False,0.27679804093898036,0.27546491607229895,0.27546491607229895
row_02684__narrow_gate,83,27,2684,libero_10,3,overlap_unconditioned,libero_10__task_03__episode_03,libero_10__task_03__episode_03__overlap_unconditioned,3,38,narrow_gate,bb069ee85c0da0772e6c92cd975c0e275f2fb778b135417af5ee99355177df18,78.93961099762237,False,10,True,True,True,1,1,0,0,15.0,6.378999998560175,True,True,True,1.0,2,1,15.0,False,2,22,5.57670000125654,,False,False,0.27679804093898036,0.27546491607229895,0.27546491607229895
row_03045__free_space,84,28,3045,libero_10,3,overlap_unconditioned,libero_10__task_03__episode_06,libero_10__task_03__episode_06__overlap_unconditioned,6,14,free_space,bd4de50b04a226b095b880d9b9f80125d0000d58df9373dc6037ad6ba18d7b71,137.0474759969511,False,7,True,True,True,1,1,0,0,15.0,10.841200011782348,True,True,True,1.0,2,1,15.0,False,2,22,9.36080000246875,,False,False,0.17877038441455095,0.1708799247895165,0.1708799247895165
row_03045__single_block,85,28,3045,libero_10,3,overlap_unconditioned,libero_10__task_03__episode_06,libero_10__task_03__episode_06__overlap_unconditioned,6,14,single_block,bd4de50b04a226b095b880d9b9f80125d0000d58df9373dc6037ad6ba18d7b71,137.0474759969511,False,7,True,True,True,1,1,0,0,15.0,4.971999995177612,True,True,True,1.0,2,1,15.0,False,2,22,8.11920000705868,,False,False,0.17877038441455095,0.1708799247895165,0.1708799247895165
row_03045__narrow_gate,86,28,3045,libero_10,3,overlap_unconditioned,libero_10__task_03__episode_06,libero_10__task_03__episode_06__overlap_unconditioned,6,14,narrow_gate,bd4de50b04a226b095b880d9b9f80125d0000d58df9373dc6037ad6ba18d7b71,137.0474759969511,False,7,True,True,True,1,1,0,0,15.0,11.8845999968471,True,True,True,1.0,2,1,15.0,False,2,22,5.569799992372282,,False,False,0.17877038441455095,0.1708799247895165,0.1708799247895165
row_03055__free_space,87,29,3055,libero_10,3,overlap_unconditioned,libero_10__task_03__episode_06,libero_10__task_03__episode_06__overlap_unconditioned,6,24,free_space,140353b64274ea8c49ba667a42ec895be82df0496a9d9f2f09dc01ea17561bf6,114.88191899843514,False,9,True,True,True,1,1,0,0,15.0,12.017899993225,True,True,True,1.0,2,1,15.0,False,2,22,3.8535999919986352,,False,False,0.25931810199474314,0.2560281460384476,0.2560281460384476
row_03055__single_block,88,29,3055,libero_10,3,overlap_unconditioned,libero_10__task_03__episode_06,libero_10__task_03__episode_06__overlap_unconditioned,6,24,single_block,140353b64274ea8c49ba667a42ec895be82df0496a9d9f2f09dc01ea17561bf6,114.88191899843514,False,9,True,True,True,1,1,0,0,15.0,4.694000002928078,True,True,True,1.0,2,1,15.0,False,2,22,8.648100003483705,,False,False,0.25931810199474314,0.2560281460384476,0.2560281460384476
row_03055__narrow_gate,89,29,3055,libero_10,3,overlap_unconditioned,libero_10__task_03__episode_06,libero_10__task_03__episode_06__overlap_unconditioned,6,24,narrow_gate,140353b64274ea8c49ba667a42ec895be82df0496a9d9f2f09dc01ea17561bf6,114.88191899843514,False,9,True,True,True,1,1,0,0,15.0,4.081899998709559,True,True,True,1.0,2,1,15.0,False,2,22,7.584800012409687,,False,False,0.25931810199474314,0.2560281460384476,0.2560281460384476
row_02485__free_space,90,30,2485,libero_10,3,projected_overlap,libero_10__task_03__episode_02,libero_10__task_03__episode_02__projected_overlap,2,32,free_space,3a465373310132ab8765347bfbe1b5de406975dd4e15df1bcc3de88be3f19f56,79.60032200207934,False,8,True,True,True,1,1,0,0,15.0,5.393800005549565,True,True,True,1.0,1,1,15.0,False,2,21,4.808199999388307,,False,False,0.06948850466832537,0.06948850466832537,0.06948850466832537
row_02485__single_block,91,30,2485,libero_10,3,projected_overlap,libero_10__task_03__episode_02,libero_10__task_03__episode_02__projected_overlap,2,32,single_block,3a465373310132ab8765347bfbe1b5de406975dd4e15df1bcc3de88be3f19f56,79.60032200207934,False,8,True,True,True,1,1,0,0,15.0,7.751600001938641,True,True,True,1.0,1,1,15.0,False,2,21,4.618999999365769,,False,False,0.06948850466832537,0.06948850466832537,0.06948850466832537
row_02485__narrow_gate,92,30,2485,libero_10,3,projected_overlap,libero_10__task_03__episode_02,libero_10__task_03__episode_02__projected_overlap,2,32,narrow_gate,3a465373310132ab8765347bfbe1b5de406975dd4e15df1bcc3de88be3f19f56,79.60032200207934,False,8,True,True,True,1,1,0,0,15.0,12.357100000372157,True,True,True,1.0,1,1,15.0,False,2,21,8.81919999665115,,False,False,0.06948850466832537,0.06948850466832537,0.06948850466832537
row_02777__free_space,93,31,2777,libero_10,3,projected_overlap,libero_10__task_03__episode_04,libero_10__task_03__episode_04__projected_overlap,4,1,free_space,e03b52b522731434a220f1730ff99755cf5302ffde188f1d617afcc16f421c3b,79.31479100079741,False,7,True,True,True,0,0,0,0,7.042149277655909,8.607900002971292,True,True,True,1.0,2,0,15.0,False,2,22,8.97110000369139,,False,False,0.03209158416022007,0.03209158416022007,0.03209158416022007
row_02777__single_block,94,31,2777,libero_10,3,projected_overlap,libero_10__task_03__episode_04,libero_10__task_03__episode_04__projected_overlap,4,1,single_block,e03b52b522731434a220f1730ff99755cf5302ffde188f1d617afcc16f421c3b,79.31479100079741,False,7,True,True,True,0,0,0,0,7.042149277655909,10.156899996218272,True,True,True,1.0,2,0,15.0,False,2,22,9.301199999754317,,False,False,0.03209158416022007,0.03209158416022007,0.03209158416022007
row_02777__narrow_gate,95,31,2777,libero_10,3,projected_overlap,libero_10__task_03__episode_04,libero_10__task_03__episode_04__projected_overlap,4,1,narrow_gate,e03b52b522731434a220f1730ff99755cf5302ffde188f1d617afcc16f421c3b,79.31479100079741,False,7,True,True,True,0,0,0,0,7.042149277655909,10.53719999617897,True,True,True,1.0,2,0,15.0,False,2,22,6.842400005552918,,False,False,0.03209158416022007,0.03209158416022007,0.03209158416022007
row_02904__free_space,96,32,2904,libero_10,3,projected_overlap,libero_10__task_03__episode_05,libero_10__task_03__episode_05__projected_overlap,5,42,free_space,6397fa1a6f6bfc16cf760328acf387d6941cc19dcea197613bb3fe0ebaf60a12,79.60837599966908,False,8,True,True,True,1,1,0,0,15.0,5.033899986301549,True,True,True,1.0,2,1,15.0,False,2,22,5.45820000115782,,False,False,0.34494649843409947,0.33886833258869675,0.33886833258869675
row_02904__single_block,97,32,2904,libero_10,3,projected_overlap,libero_10__task_03__episode_05,libero_10__task_03__episode_05__projected_overlap,5,42,single_block,6397fa1a6f6bfc16cf760328acf387d6941cc19dcea197613bb3fe0ebaf60a12,79.60837599966908,False,8,True,True,True,1,1,0,0,15.0,10.840400005690753,True,True,True,1.0,2,1,15.0,False,2,22,4.362399995443411,,False,False,0.34494649843409947,0.33886833258869675,0.33886833258869675
row_02904__narrow_gate,98,32,2904,libero_10,3,projected_overlap,libero_10__task_03__episode_05,libero_10__task_03__episode_05__projected_overlap,5,42,narrow_gate,6397fa1a6f6bfc16cf760328acf387d6941cc19dcea197613bb3fe0ebaf60a12,79.60837599966908,False,8,True,True,True,1,1,0,0,15.0,13.113299995893613,True,True,True,1.0,2,1,15.0,False,2,22,9.802100001252256,,False,False,0.34494649843409947,0.33886833258869675,0.33886833258869675
row_02605__free_space,99,33,2605,libero_10,3,rtc_guided_overlap,libero_10__task_03__episode_03,libero_10__task_03__episode_03__rtc_guided_overlap,3,2,free_space,871cce04617da57a1c41b6af7e4f55725dc9385e2a14bb8e9521d9f05173b97a,108.2117520054453,False,5,True,True,True,0,0,0,0,12.082772189185455,14.76790000742767,True,True,True,1.0,2,0,15.0,False,2,22,5.769499999587424,,False,False,0.16230620186512526,0.16230620186512526,0.16230620186512526
row_02605__single_block,100,33,2605,libero_10,3,rtc_guided_overlap,libero_10__task_03__episode_03,libero_10__task_03__episode_03__rtc_guided_overlap,3,2,single_block,871cce04617da57a1c41b6af7e4f55725dc9385e2a14bb8e9521d9f05173b97a,108.2117520054453,False,5,False,True,True,4,4,3,0,12.082772189185455,7.243700005346909,True,True,True,0.5,1,10,13.049999999999999,False,4,37,16.77909999853,,False,False,0.16230620186512526,0.1019539152331954,0.07898884720768932
row_02605__narrow_gate,101,33,2605,libero_10,3,rtc_guided_overlap,libero_10__task_03__episode_03,libero_10__task_03__episode_03__rtc_guided_overlap,3,2,narrow_gate,871cce04617da57a1c41b6af7e4f55725dc9385e2a14bb8e9521d9f05173b97a,108.2117520054453,False,5,False,False,True,5,5,4,1,21.749999999999996,10.315999999875203,True,True,True,0.25,1,10,6.5249999999999995,False,5,44,13.92189999751281,,True,False,0.16230620186512526,0.07880127553847689,0.038888287355497646
row_02617__free_space,102,34,2617,libero_10,3,rtc_guided_overlap,libero_10__task_03__episode_03,libero_10__task_03__episode_03__rtc_guided_overlap,3,14,free_space,67d433cf4d15e549306b8088d4e70a4313a76eed423b79ba1a4965edc6ab7fd7,121.90506199840456,False,5,True,True,True,1,1,0,0,15.0,13.227600007667206,True,True,True,1.0,2,1,15.0,False,2,22,10.96980000147596,,False,False,0.1733978843145171,0.16571974826575084,0.16571974826575084
row_02617__single_block,103,34,2617,libero_10,3,rtc_guided_overlap,libero_10__task_03__episode_03,libero_10__task_03__episode_03__rtc_guided_overlap,3,14,single_block,67d433cf4d15e549306b8088d4e70a4313a76eed423b79ba1a4965edc6ab7fd7,121.90506199840456,False,5,True,True,True,1,1,0,0,15.0,12.645700000575744,True,True,True,1.0,2,1,15.0,False,2,22,10.009499994339421,,False,False,0.1733978843145171,0.16571974826575084,0.16571974826575084
row_02617__narrow_gate,104,34,2617,libero_10,3,rtc_guided_overlap,libero_10__task_03__episode_03,libero_10__task_03__episode_03__rtc_guided_overlap,3,14,narrow_gate,67d433cf4d15e549306b8088d4e70a4313a76eed423b79ba1a4965edc6ab7fd7,121.90506199840456,False,5,True,True,True,1,1,0,0,15.0,4.384999992907979,True,True,True,1.0,2,1,15.0,False,2,22,7.480200001737103,,False,False,0.1733978843145171,0.16571974826575084,0.16571974826575084
row_02917__free_space,105,35,2917,libero_10,3,rtc_guided_overlap,libero_10__task_03__episode_05,libero_10__task_03__episode_05__rtc_guided_overlap,5,13,free_space,828295ecacbba332510f9bc3c0a3c9f2bd734313099dca66695822787d8782aa,108.23020299721975,False,10,True,True,True,1,1,0,0,15.0,4.555000006803311,True,True,True,1.0,2,1,15.0,False,2,22,4.11520000488963,,False,False,0.19046387205256018,0.18327495382293132,0.18327495382293132
row_02917__single_block,106,35,2917,libero_10,3,rtc_guided_overlap,libero_10__task_03__episode_05,libero_10__task_03__episode_05__rtc_guided_overlap,5,13,single_block,828295ecacbba332510f9bc3c0a3c9f2bd734313099dca66695822787d8782aa,108.23020299721975,False,10,True,True,True,1,1,0,0,15.0,12.435500000719912,True,True,True,1.0,2,1,15.0,False,2,22,4.291499993996695,,False,False,0.19046387205256018,0.18327495382293132,0.18327495382293132
row_02917__narrow_gate,107,35,2917,libero_10,3,rtc_guided_overlap,libero_10__task_03__episode_05,libero_10__task_03__episode_05__rtc_guided_overlap,5,13,narrow_gate,828295ecacbba332510f9bc3c0a3c9f2bd734313099dca66695822787d8782aa,108.23020299721975,False,10,True,True,True,1,1,0,0,15.0,6.74500000604894,True,True,True,1.0,2,1,15.0,False,2,22,6.3738000026205555,,False,False,0.19046387205256018,0.18327495382293132,0.18327495382293132
row_03135__free_space,108,36,3135,libero_10,4,overlap_unconditioned,libero_10__task_04__episode_02,libero_10__task_04__episode_02__overlap_unconditioned,2,18,free_space,be1cb9e1040c44498f97efc65d4857247dee7f9e0927d646467bb163ba9fa260,80.29168800567277,False,2,True,True,True,0,0,0,0,11.289755787903802,4.15659999998752,True,True,True,1.0,1,0,11.289755787903802,False,2,21,3.3144000044558197,,False,False,0.0996534978839954,0.0996534978839954,0.0996534978839954
row_03135__single_block,109,36,3135,libero_10,4,overlap_unconditioned,libero_10__task_04__episode_02,libero_10__task_04__episode_02__overlap_unconditioned,2,18,single_block,be1cb9e1040c44498f97efc65d4857247dee7f9e0927d646467bb163ba9fa260,80.29168800567277,False,2,True,True,True,0,0,0,0,11.289755787903802,6.9404999958351254,True,True,True,1.0,1,0,11.289755787903802,False,2,21,7.871499998145737,,False,False,0.0996534978839954,0.0996534978839954,0.0996534978839954
row_03135__narrow_gate,110,36,3135,libero_10,4,overlap_unconditioned,libero_10__task_04__episode_02,libero_10__task_04__episode_02__overlap_unconditioned,2,18,narrow_gate,be1cb9e1040c44498f97efc65d4857247dee7f9e0927d646467bb163ba9fa260,80.29168800567277,False,2,True,True,True,0,0,0,0,11.289755787903802,3.8146000006236136,True,True,True,1.0,1,0,11.289755787903802,False,2,21,3.457200000411831,,False,False,0.0996534978839954,0.0996534978839954,0.0996534978839954
row_03211__free_space,111,37,3211,libero_10,4,overlap_unconditioned,libero_10__task_04__episode_03,libero_10__task_04__episode_03__overlap_unconditioned,3,6,free_space,c432dddf33d5a938715db4a27d9582535d4e5a95a55141f5435040c5d2ebe58a,80.55275899823755,False,8,True,True,True,1,1,0,0,15.0,5.18269999884069,True,True,True,1.0,2,1,15.0,False,2,22,4.334700002800673,,False,False,0.20855635837129466,0.20349576348067008,0.20349576348067008
row_03211__single_block,112,37,3211,libero_10,4,overlap_unconditioned,libero_10__task_04__episode_03,libero_10__task_04__episode_03__overlap_unconditioned,3,6,single_block,c432dddf33d5a938715db4a27d9582535d4e5a95a55141f5435040c5d2ebe58a,80.55275899823755,False,8,True,True,True,1,1,0,0,15.0,6.278000000747852,True,True,True,1.0,2,1,15.0,False,2,22,4.190500010736287,,False,False,0.20855635837129466,0.20349576348067008,0.20349576348067008
row_03211__narrow_gate,113,37,3211,libero_10,4,overlap_unconditioned,libero_10__task_04__episode_03,libero_10__task_04__episode_03__overlap_unconditioned,3,6,narrow_gate,c432dddf33d5a938715db4a27d9582535d4e5a95a55141f5435040c5d2ebe58a,80.55275899823755,False,8,True,True,True,1,1,0,0,15.0,5.174700010684319,True,True,True,1.0,2,1,15.0,False,2,22,6.297300002188422,,False,False,0.20855635837129466,0.20349576348067008,0.20349576348067008
row_03641__free_space,114,38,3641,libero_10,4,overlap_unconditioned,libero_10__task_04__episode_06,libero_10__task_04__episode_06__overlap_unconditioned,6,7,free_space,ff6986887e1e326a96c9f71abf0738306e8fb3afda4c8ce59bceecad58012e4d,97.9172200022731,False,5,True,True,True,1,1,0,0,15.0,4.8057999956654385,True,True,True,1.0,2,1,15.0,False,2,22,4.163399993558414,,False,False,0.16563141567156583,0.1584557935830178,0.1584557935830178
row_03641__single_block,115,38,3641,libero_10,4,overlap_unconditioned,libero_10__task_04__episode_06,libero_10__task_04__episode_06__overlap_unconditioned,6,7,single_block,ff6986887e1e326a96c9f71abf0738306e8fb3afda4c8ce59bceecad58012e4d,97.9172200022731,False,5,True,True,True,1,1,0,0,15.0,5.5081000027712435,True,True,True,1.0,2,1,15.0,False,2,22,4.045100009534508,,False,False,0.16563141567156583,0.1584557935830178,0.1584557935830178
row_03641__narrow_gate,116,38,3641,libero_10,4,overlap_unconditioned,libero_10__task_04__episode_06,libero_10__task_04__episode_06__overlap_unconditioned,6,7,narrow_gate,ff6986887e1e326a96c9f71abf0738306e8fb3afda4c8ce59bceecad58012e4d,97.9172200022731,False,5,True,True,True,1,1,0,0,15.0,13.565599991125055,True,True,True,1.0,2,1,15.0,False,2,22,9.957500005839393,,False,False,0.16563141567156583,0.1584557935830178,0.1584557935830178
row_03184__free_space,117,39,3184,libero_10,4,projected_overlap,libero_10__task_04__episode_02,libero_10__task_04__episode_02__projected_overlap,2,24,free_space,8bab9786f83d3d85f93c2b81cf758c915451842134afe1c73c130d819c3c344e,79.7159100038698,False,6,True,True,True,1,1,0,0,15.0,6.553500003064983,True,True,True,1.0,2,1,15.0,False,2,22,9.08230000641197,,False,False,0.17444035439778918,0.1690511712364042,0.1690511712364042
row_03184__single_block,118,39,3184,libero_10,4,projected_overlap,libero_10__task_04__episode_02,libero_10__task_04__episode_02__projected_overlap,2,24,single_block,8bab9786f83d3d85f93c2b81cf758c915451842134afe1c73c130d819c3c344e,79.7159100038698,False,6,True,True,True,1,1,0,0,15.0,4.589199990732595,True,True,True,1.0,2,1,15.0,False,2,22,11.60620000155177,,False,False,0.17444035439778918,0.1690511712364042,0.1690511712364042
row_03184__narrow_gate,119,39,3184,libero_10,4,projected_overlap,libero_10__task_04__episode_02,libero_10__task_04__episode_02__projected_overlap,2,24,narrow_gate,8bab9786f83d3d85f93c2b81cf758c915451842134afe1c73c130d819c3c344e,79.7159100038698,False,6,True,True,True,1,1,0,0,15.0,5.170199990971014,True,True,True,1.0,2,1,15.0,False,2,22,4.409200002555735,,False,False,0.17444035439778918,0.1690511712364042,0.1690511712364042
row_03374__free_space,120,40,3374,libero_10,4,projected_overlap,libero_10__task_04__episode_04,libero_10__task_04__episode_04__projected_overlap,4,35,free_space,26093677ee226a1c3f0e1b041212f8b65c955711c64b74019d444d91b7e7c2c6,118.91320799622918,False,8,True,True,True,1,1,0,0,15.0,4.2478000104893,True,True,True,1.0,2,1,15.0,False,2,22,4.043599998112768,,False,False,0.07049279243129458,0.06252415148301833,0.06252415148301833
row_03374__single_block,121,40,3374,libero_10,4,projected_overlap,libero_10__task_04__episode_04,libero_10__task_04__episode_04__projected_overlap,4,35,single_block,26093677ee226a1c3f0e1b041212f8b65c955711c64b74019d444d91b7e7c2c6,118.91320799622918,False,8,True,True,True,1,1,0,0,15.0,5.547299995669164,True,True,True,1.0,2,1,15.0,False,2,22,10.301200003596023,,False,False,0.07049279243129458,0.06252415148301833,0.06252415148301833
row_03374__narrow_gate,122,40,3374,libero_10,4,projected_overlap,libero_10__task_04__episode_04,libero_10__task_04__episode_04__projected_overlap,4,35,narrow_gate,26093677ee226a1c3f0e1b041212f8b65c955711c64b74019d444d91b7e7c2c6,118.91320799622918,False,8,True,True,True,1,1,0,0,15.0,10.426699998788536,True,True,True,1.0,2,1,15.0,False,2,22,11.730799989891239,,False,False,0.07049279243129458,0.06252415148301833,0.06252415148301833
row_03700__free_space,123,41,3700,libero_10,4,projected_overlap,libero_10__task_04__episode_06,libero_10__task_04__episode_06__projected_overlap,6,14,free_space,17434db48748a7efa0996246e0534a5bc2a81aa75a64b8a174815256f6ae7b7f,82.6401119993534,False,3,True,True,True,1,1,0,0,15.0,4.434000002220273,True,True,True,1.0,2,1,15.0,False,2,22,4.190900013782084,,False,False,0.20069253403237397,0.19811394381839253,0.19811394381839253
row_03700__single_block,124,41,3700,libero_10,4,projected_overlap,libero_10__task_04__episode_06,libero_10__task_04__episode_06__projected_overlap,6,14,single_block,17434db48748a7efa0996246e0534a5bc2a81aa75a64b8a174815256f6ae7b7f,82.6401119993534,False,3,True,True,True,1,1,0,0,15.0,6.2141999951563776,True,True,True,1.0,2,1,15.0,False,2,22,5.562499994994141,,False,False,0.20069253403237397,0.19811394381839253,0.19811394381839253
row_03700__narrow_gate,125,41,3700,libero_10,4,projected_overlap,libero_10__task_04__episode_06,libero_10__task_04__episode_06__projected_overlap,6,14,narrow_gate,17434db48748a7efa0996246e0534a5bc2a81aa75a64b8a174815256f6ae7b7f,82.6401119993534,False,3,False,True,True,6,6,4,0,15.0,8.04210000205785,True,True,True,0.25,1,10,5.437499999999999,False,5,43,10.542999996687286,,False,False,0.20069253403237397,0.08608602874076893,0.05090777429991984
row_03089__free_space,126,42,3089,libero_10,4,rtc_guided_overlap,libero_10__task_04__episode_02,libero_10__task_04__episode_02__rtc_guided_overlap,2,16,free_space,913fa5a5a71adca78034c9b3cf9699167cc8d8f06d7e2ec978f46229aabdb80c,124.8444080047193,False,1,True,True,True,0,0,0,0,14.2146411272444,5.779900006018579,True,True,True,1.0,1,0,14.2146411272444,False,2,21,9.09259999752976,,False,False,0.16643880781977768,0.16643880781977768,0.16643880781977768
row_03089__single_block,127,42,3089,libero_10,4,rtc_guided_overlap,libero_10__task_04__episode_02,libero_10__task_04__episode_02__rtc_guided_overlap,2,16,single_block,913fa5a5a71adca78034c9b3cf9699167cc8d8f06d7e2ec978f46229aabdb80c,124.8444080047193,False,1,True,True,True,0,0,0,0,14.2146411272444,4.192099993815646,True,True,True,1.0,1,0,14.2146411272444,False,2,21,3.7093999999342486,,False,False,0.16643880781977768,0.16643880781977768,0.16643880781977768
row_03089__narrow_gate,128,42,3089,libero_10,4,rtc_guided_overlap,libero_10__task_04__episode_02,libero_10__task_04__episode_02__rtc_guided_overlap,2,16,narrow_gate,913fa5a5a71adca78034c9b3cf9699167cc8d8f06d7e2ec978f46229aabdb80c,124.8444080047193,False,1,True,True,True,0,0,0,0,14.2146411272444,8.981899998616427,True,True,True,1.0,1,0,14.2146411272444,False,2,21,5.914699999266304,,False,False,0.16643880781977768,0.16643880781977768,0.16643880781977768
row_03418__free_space,129,43,3418,libero_10,4,rtc_guided_overlap,libero_10__task_04__episode_04,libero_10__task_04__episode_04__rtc_guided_overlap,4,32,free_space,0af6ee5855367f9094ce70516e15a3a2b1071819e6528db170ca8facb747701b,108.04933599865763,False,10,True,True,True,1,1,0,0,15.0,7.8569999895989895,True,True,True,1.0,2,1,15.0,False,2,22,7.06210000498686,,False,False,0.29396835345430505,0.2870313569766581,0.2870313569766581
row_03418__single_block,130,43,3418,libero_10,4,rtc_guided_overlap,libero_10__task_04__episode_04,libero_10__task_04__episode_04__rtc_guided_overlap,4,32,single_block,0af6ee5855367f9094ce70516e15a3a2b1071819e6528db170ca8facb747701b,108.04933599865763,False,10,True,True,True,1,1,0,0,15.0,7.888500011176802,True,True,True,1.0,2,1,15.0,False,2,22,4.736999995657243,,False,False,0.29396835345430505,0.2870313569766581,0.2870313569766581
row_03418__narrow_gate,131,43,3418,libero_10,4,rtc_guided_overlap,libero_10__task_04__episode_04,libero_10__task_04__episode_04__rtc_guided_overlap,4,32,narrow_gate,0af6ee5855367f9094ce70516e15a3a2b1071819e6528db170ca8facb747701b,108.04933599865763,False,10,False,True,True,5,5,2,0,15.0,5.286499988869764,True,True,True,0.5,1,10,13.049999999999999,False,4,37,19.979100005002692,,False,False,0.29396835345430505,0.20225017703858292,0.1472411999645852
row_03774__free_space,132,44,3774,libero_10,4,rtc_guided_overlap,libero_10__task_04__episode_06,libero_10__task_04__episode_06__rtc_guided_overlap,6,37,free_space,3ca1d5e5fb57b62619eac1ebc82e603c92432fb46b767e4280c857d6c6b2de77,108.02239799522795,False,9,True,True,True,1,1,0,0,15.0,4.8765000101411715,True,True,True,1.0,2,1,15.0,False,2,22,4.739299998618662,,False,False,0.15677450792763228,0.1540230649365988,0.1540230649365988
row_03774__single_block,133,44,3774,libero_10,4,rtc_guided_overlap,libero_10__task_04__episode_06,libero_10__task_04__episode_06__rtc_guided_overlap,6,37,single_block,3ca1d5e5fb57b62619eac1ebc82e603c92432fb46b767e4280c857d6c6b2de77,108.02239799522795,False,9,False,True,True,5,5,3,0,15.0,5.08339999942109,True,True,True,0.25,1,10,5.437499999999999,False,5,46,8.584600000176579,,False,False,0.15677450792763228,0.09461661467549333,0.041882824889051706
row_03774__narrow_gate,134,44,3774,libero_10,4,rtc_guided_overlap,libero_10__task_04__episode_06,libero_10__task_04__episode_06__rtc_guided_overlap,6,37,narrow_gate,3ca1d5e5fb57b62619eac1ebc82e603c92432fb46b767e4280c857d6c6b2de77,108.02239799522795,False,9,True,True,True,1,1,0,0,15.0,4.937799996696413,True,True,True,1.0,2,1,15.0,False,2,22,4.9938000011025,,False,False,0.15677450792763228,0.1540230649365988,0.1540230649365988
row_03991__free_space,135,45,3991,libero_10,5,overlap_unconditioned,libero_10__task_05__episode_04,libero_10__task_05__episode_04__overlap_unconditioned,4,2,free_space,ba6dd607262dea800f6367f95c95fb21bd3c08332925282b8a371a2969574ca1,81.36275699507678,False,9,True,True,True,1,1,0,0,15.0,4.8722000065026805,True,True,True,1.0,2,1,15.0,False,2,22,7.069600003887899,,False,False,0.2044441363686394,0.2042452171194984,0.2042452171194984
row_03991__single_block,136,45,3991,libero_10,5,overlap_unconditioned,libero_10__task_05__episode_04,libero_10__task_05__episode_04__overlap_unconditioned,4,2,single_block,ba6dd607262dea800f6367f95c95fb21bd3c08332925282b8a371a2969574ca1,81.36275699507678,False,9,False,True,True,8,8,6,0,15.0,7.05020000168588,True,True,True,0.25,1,10,5.437499999999999,False,5,37,8.935200006817468,,False,False,0.2044441363686394,0.06227010082043138,0.0499388222199389
row_03991__narrow_gate,137,45,3991,libero_10,5,overlap_unconditioned,libero_10__task_05__episode_04,libero_10__task_05__episode_04__overlap_unconditioned,4,2,narrow_gate,ba6dd607262dea800f6367f95c95fb21bd3c08332925282b8a371a2969574ca1,81.36275699507678,False,9,False,True,True,8,8,6,0,15.0,5.752299999585375,True,True,True,0.25,1,10,5.437499999999999,False,5,37,7.265499996719882,,False,False,0.2044441363686394,0.0694557675543883,0.0499388222199389
row_04194__free_space,138,46,4194,libero_10,5,overlap_unconditioned,libero_10__task_05__episode_05,libero_10__task_05__episode_05__overlap_unconditioned,5,4,free_space,47b06853c120c96369743ceb6fa7c6c2b1e4b7fc6bb79511fd706e4a46363cff,77.04093800566625,False,8,True,True,True,1,1,0,0,15.0,9.374899993417785,True,True,True,1.0,2,1,15.0,False,2,22,5.99089999741409,,False,False,0.22445874499919083,0.22095527923351607,0.22095527923351607
row_04194__single_block,139,46,4194,libero_10,5,overlap_unconditioned,libero_10__task_05__episode_05,libero_10__task_05__episode_05__overlap_unconditioned,5,4,single_block,47b06853c120c96369743ceb6fa7c6c2b1e4b7fc6bb79511fd706e4a46363cff,77.04093800566625,False,8,False,True,True,9,9,7,0,15.0,6.049799994798377,True,True,True,0.25,1,10,6.5249999999999995,False,5,34,7.704400006332435,,False,False,0.22445874499919083,0.0598099233888376,0.055088437003679734
row_04194__narrow_gate,140,46,4194,libero_10,5,overlap_unconditioned,libero_10__task_05__episode_05,libero_10__task_05__episode_05__overlap_unconditioned,5,4,narrow_gate,47b06853c120c96369743ceb6fa7c6c2b1e4b7fc6bb79511fd706e4a46363cff,77.04093800566625,False,8,False,True,True,8,8,6,0,15.0,4.65960000292398,True,True,True,0.25,1,10,6.5249999999999995,False,5,37,7.722499998635612,,False,False,0.22445874499919083,0.07870786337206034,0.055088437003679734
row_04275__free_space,141,47,4275,libero_10,5,overlap_unconditioned,libero_10__task_05__episode_06,libero_10__task_05__episode_06__overlap_unconditioned,6,9,free_space,11323d1e9fa8be79a5f30797c0506ec227223d0e568d4d2497834fb4cbaa7d14,133.505926001817,False,9,True,True,True,1,1,0,0,15.0,4.676299999118783,True,True,True,1.0,2,1,15.0,False,2,22,4.3597000039881095,,False,False,0.17017143119164682,0.16187224809306755,0.16187224809306755
row_04275__single_block,142,47,4275,libero_10,5,overlap_unconditioned,libero_10__task_05__episode_06,libero_10__task_05__episode_06__overlap_unconditioned,6,9,single_block,11323d1e9fa8be79a5f30797c0506ec227223d0e568d4d2497834fb4cbaa7d14,133.505926001817,False,9,True,True,True,1,1,0,0,15.0,5.411499994806945,True,True,True,1.0,2,1,15.0,False,2,22,9.89050000498537,,False,False,0.17017143119164682,0.16187224809306755,0.16187224809306755
row_04275__narrow_gate,143,47,4275,libero_10,5,overlap_unconditioned,libero_10__task_05__episode_06,libero_10__task_05__episode_06__overlap_unconditioned,6,9,narrow_gate,11323d1e9fa8be79a5f30797c0506ec227223d0e568d4d2497834fb4cbaa7d14,133.505926001817,False,9,True,True,True,1,1,0,0,15.0,4.753999994136393,True,True,True,1.0,2,1,15.0,False,2,22,7.720399997197092,,False,False,0.17017143119164682,0.16187224809306755,0.16187224809306755
row_03976__free_space,144,48,3976,libero_10,5,projected_overlap,libero_10__task_05__episode_03,libero_10__task_05__episode_03__projected_overlap,3,20,free_space,f2a1b6455fdc9a57e2d0def4e0004252c60561623263cf23c8480f2080a8f1bf,80.78378799837083,False,6,True,True,True,0,0,0,0,11.037741620384622,4.839700006414205,True,True,True,1.0,1,0,13.596117170652265,False,2,21,3.8581999979214743,,False,False,0.2237524665659078,0.2237524665659078,0.2237524665659078
row_03976__single_block,145,48,3976,libero_10,5,projected_overlap,libero_10__task_05__episode_03,libero_10__task_05__episode_03__projected_overlap,3,20,single_block,f2a1b6455fdc9a57e2d0def4e0004252c60561623263cf23c8480f2080a8f1bf,80.78378799837083,False,6,True,True,True,0,0,0,0,11.037741620384622,9.827200003201142,True,True,True,1.0,1,0,13.596117170652265,False,2,21,11.714899999788031,,False,False,0.2237524665659078,0.2237524665659078,0.2237524665659078
row_03976__narrow_gate,146,48,3976,libero_10,5,projected_overlap,libero_10__task_05__episode_03,libero_10__task_05__episode_03__projected_overlap,3,20,narrow_gate,f2a1b6455fdc9a57e2d0def4e0004252c60561623263cf23c8480f2080a8f1bf,80.78378799837083,False,6,True,True,True,0,0,0,0,11.037741620384622,8.122800005367026,True,True,True,1.0,1,0,13.596117170652265,False,2,21,7.487900002161041,,False,False,0.2237524665659078,0.2237524665659078,0.2237524665659078
row_04117__free_space,147,49,4117,libero_10,5,projected_overlap,libero_10__task_05__episode_05,libero_10__task_05__episode_05__projected_overlap,5,18,free_space,64fe9e27ebfcbba5c451a4a5460a595b51b4c2a2f37404ef8f1e737d64d7324f,108.09706999862101,False,1,True,True,True,1,1,0,0,15.0,13.531599994166754,True,True,True,1.0,2,1,15.0,False,2,22,5.484699999215081,,False,False,0.21932435270205333,0.2153363687300256,0.2153363687300256
row_04117__single_block,148,49,4117,libero_10,5,projected_overlap,libero_10__task_05__episode_05,libero_10__task_05__episode_05__projected_overlap,5,18,single_block,64fe9e27ebfcbba5c451a4a5460a595b51b4c2a2f37404ef8f1e737d64d7324f,108.09706999862101,False,1,True,True,True,1,1,0,0,15.0,12.588999990839511,True,True,True,1.0,2,1,15.0,False,2,22,5.872599998838268,,False,False,0.21932435270205333,0.2153363687300256,0.2153363687300256
row_04117__narrow_gate,149,49,4117,libero_10,5,projected_overlap,libero_10__task_05__episode_05,libero_10__task_05__episode_05__projected_overlap,5,18,narrow_gate,64fe9e27ebfcbba5c451a4a5460a595b51b4c2a2f37404ef8f1e737d64d7324f,108.09706999862101,False,1,True,True,True,1,1,0,0,15.0,6.759500000043772,True,True,True,1.0,2,1,15.0,False,2,22,10.794300003908575,,False,False,0.21932435270205333,0.2153363687300256,0.2153363687300256
row_04302__free_space,150,50,4302,libero_10,5,projected_overlap,libero_10__task_05__episode_06,libero_10__task_05__episode_06__projected_overlap,6,4,free_space,a65f621e366833f6434d2238a8fbb9a140e6d947deaa307fcf0d74621b712160,78.50169500306947,False,9,True,True,True,1,1,0,0,15.0,10.593700004392304,True,True,True,1.0,2,1,15.0,False,2,22,4.68179999734275,,False,False,0.2087355952084226,0.20558447175622158,0.20558447175622158
row_04302__single_block,151,50,4302,libero_10,5,projected_overlap,libero_10__task_05__episode_06,libero_10__task_05__episode_06__projected_overlap,6,4,single_block,a65f621e366833f6434d2238a8fbb9a140e6d947deaa307fcf0d74621b712160,78.50169500306947,False,9,False,True,True,9,9,7,0,15.0,8.454700000584126,True,True,True,0.25,1,10,6.5249999999999995,False,5,34,8.094400007394142,,False,False,0.2087355952084226,0.05947357599388145,0.05131591778581416
row_04302__narrow_gate,152,50,4302,libero_10,5,projected_overlap,libero_10__task_05__episode_06,libero_10__task_05__episode_06__projected_overlap,6,4,narrow_gate,a65f621e366833f6434d2238a8fbb9a140e6d947deaa307fcf0d74621b712160,78.50169500306947,False,9,False,True,True,8,8,6,0,15.0,4.683699997258373,True,True,True,0.25,1,10,6.5249999999999995,False,5,37,6.761199998436496,,False,False,0.2087355952084226,0.08125362963974692,0.05131591778581416
row_03906__free_space,153,51,3906,libero_10,5,rtc_guided_overlap,libero_10__task_05__episode_03,libero_10__task_05__episode_03__rtc_guided_overlap,3,16,free_space,07fe1bc69d33831638ad5dd28b9bb528dfceb279b30d41c5e80bea9672e7ec72,109.29103400121676,False,4,True,True,True,1,1,0,0,15.0,8.340200001839548,True,True,True,1.0,2,1,15.0,False,2,22,5.585899998550303,,False,False,0.1571488349288686,0.15157473549784747,0.15157473549784747
row_03906__single_block,154,51,3906,libero_10,5,rtc_guided_overlap,libero_10__task_05__episode_03,libero_10__task_05__episode_03__rtc_guided_overlap,3,16,single_block,07fe1bc69d33831638ad5dd28b9bb528dfceb279b30d41c5e80bea9672e7ec72,109.29103400121676,False,4,True,True,True,1,1,0,0,15.0,9.60819999454543,True,True,True,1.0,2,1,15.0,False,2,22,4.1188000031979755,,False,False,0.1571488349288686,0.15157473549784747,0.15157473549784747
row_03906__narrow_gate,155,51,3906,libero_10,5,rtc_guided_overlap,libero_10__task_05__episode_03,libero_10__task_05__episode_03__rtc_guided_overlap,3,16,narrow_gate,07fe1bc69d33831638ad5dd28b9bb528dfceb279b30d41c5e80bea9672e7ec72,109.29103400121676,False,4,True,True,True,1,1,0,0,15.0,4.797799992957152,True,True,True,1.0,2,1,15.0,False,2,22,4.740200005471706,,False,False,0.1571488349288686,0.15157473549784747,0.15157473549784747
row_04236__free_space,156,52,4236,libero_10,5,rtc_guided_overlap,libero_10__task_05__episode_06,libero_10__task_05__episode_06__rtc_guided_overlap,6,2,free_space,f5c9e13d0401000b7e305ad884dd310aefd5035455615db43c1160e7d19faaf3,107.18462899967562,False,8,True,True,True,1,1,0,0,15.0,5.709500008379109,True,True,True,1.0,2,1,15.0,False,2,22,4.139299999224022,,False,False,0.21260022760440753,0.20944495355368944,0.20944495355368944
row_04236__single_block,157,52,4236,libero_10,5,rtc_guided_overlap,libero_10__task_05__episode_06,libero_10__task_05__episode_06__rtc_guided_overlap,6,2,single_block,f5c9e13d0401000b7e305ad884dd310aefd5035455615db43c1160e7d19faaf3,107.18462899967562,False,8,False,False,True,8,8,7,1,21.749999999999996,4.423600010341033,True,True,True,0.25,1,10,5.437499999999999,False,5,35,7.972099992912263,,True,False,0.21260022760440753,0.06216825037094563,0.05227801206953723
row_04236__narrow_gate,158,52,4236,libero_10,5,rtc_guided_overlap,libero_10__task_05__episode_06,libero_10__task_05__episode_06__rtc_guided_overlap,6,2,narrow_gate,f5c9e13d0401000b7e305ad884dd310aefd5035455615db43c1160e7d19faaf3,107.18462899967562,False,8,False,True,True,8,8,6,0,15.0,6.877199994050898,True,True,True,0.25,1,10,5.437499999999999,False,5,37,8.59110000601504,,False,False,0.21260022760440753,0.0728944912261608,0.05227801206953723
row_04261__free_space,159,53,4261,libero_10,5,rtc_guided_overlap,libero_10__task_05__episode_06,libero_10__task_05__episode_06__rtc_guided_overlap,6,27,free_space,00fad4464861d0536560c282ba9fe751b565dd5655411a42c4e4dfa58e1212d0,126.53189100092277,False,6,True,True,True,1,1,0,0,15.0,9.921799995936453,True,True,True,1.0,2,1,15.0,False,2,22,5.583600010140799,,False,False,0.17362297370822696,0.16835053340322229,0.16835053340322229
row_04261__single_block,160,53,4261,libero_10,5,rtc_guided_overlap,libero_10__task_05__episode_06,libero_10__task_05__episode_06__rtc_guided_overlap,6,27,single_block,00fad4464861d0536560c282ba9fe751b565dd5655411a42c4e4dfa58e1212d0,126.53189100092277,False,6,True,True,True,1,1,0,0,15.0,4.910600007860921,True,True,True,1.0,2,1,15.0,False,2,22,4.274699997040443,,False,False,0.17362297370822696,0.16835053340322229,0.16835053340322229
row_04261__narrow_gate,161,53,4261,libero_10,5,rtc_guided_overlap,libero_10__task_05__episode_06,libero_10__task_05__episode_06__rtc_guided_overlap,6,27,narrow_gate,00fad4464861d0536560c282ba9fe751b565dd5655411a42c4e4dfa58e1212d0,126.53189100092277,False,6,True,True,True,1,1,0,0,15.0,5.189799994695932,True,True,True,1.0,2,1,15.0,False,2,22,5.6247000029543415,,False,False,0.17362297370822696,0.16835053340322229,0.16835053340322229
row_04559__free_space,162,54,4559,libero_10,6,overlap_unconditioned,libero_10__task_06__episode_03,libero_10__task_06__episode_03__overlap_unconditioned,3,11,free_space,1dac18ba3af024985fe7e6d5157422e6bef081f023db50804df5562a5c3197b2,78.86147100361995,False,4,True,True,True,0,0,0,0,6.561146837928735,6.494999994174577,True,True,True,1.0,2,0,15.0,False,2,22,5.309400003170595,,False,False,0.11361910193589599,0.11361910193589599,0.11361910193589599
row_04559__single_block,163,54,4559,libero_10,6,overlap_unconditioned,libero_10__task_06__episode_03,libero_10__task_06__episode_03__overlap_unconditioned,3,11,single_block,1dac18ba3af024985fe7e6d5157422e6bef081f023db50804df5562a5c3197b2,78.86147100361995,False,4,False,True,True,1,1,0,0,15.0,5.854000002727844,True,True,True,0.75,2,10,15.0,False,3,32,6.4215000020340085,,False,False,0.11361910193589599,0.10583379435666264,0.08761177889133825
row_04559__narrow_gate,164,54,4559,libero_10,6,overlap_unconditioned,libero_10__task_06__episode_03,libero_10__task_06__episode_03__overlap_unconditioned,3,11,narrow_gate,1dac18ba3af024985fe7e6d5157422e6bef081f023db50804df5562a5c3197b2,78.86147100361995,False,4,True,True,True,0,0,0,0,6.561146837928735,6.3916000071913,True,True,True,1.0,2,0,15.0,False,2,22,5.620000010821968,,False,False,0.11361910193589599,0.11361910193589599,0.11361910193589599
row_04563__free_space,165,55,4563,libero_10,6,overlap_unconditioned,libero_10__task_06__episode_03,libero_10__task_06__episode_03__overlap_unconditioned,3,15,free_space,dc167686ce3a1c03f58e7096207c3bb1b3b7953ee9484d4acf1a182742a4fea5,79.46581400028663,False,10,True,True,True,1,1,0,0,15.0,7.35990000248421,True,True,True,1.0,2,1,15.0,False,2,22,4.0863000031095,,False,False,0.18429272811888694,0.17985497551499682,0.17985497551499682
row_04563__single_block,166,55,4563,libero_10,6,overlap_unconditioned,libero_10__task_06__episode_03,libero_10__task_06__episode_03__overlap_unconditioned,3,15,single_block,dc167686ce3a1c03f58e7096207c3bb1b3b7953ee9484d4acf1a182742a4fea5,79.46581400028663,False,10,False,True,True,8,8,5,0,15.0,4.657700003008358,True,True,True,0.25,1,10,5.437499999999999,False,5,38,15.795999992405996,,False,False,0.18429272811888694,0.06545659160957228,0.04538848796185834
row_04563__narrow_gate,167,55,4563,libero_10,6,overlap_unconditioned,libero_10__task_06__episode_03,libero_10__task_06__episode_03__overlap_unconditioned,3,15,narrow_gate,dc167686ce3a1c03f58e7096207c3bb1b3b7953ee9484d4acf1a182742a4fea5,79.46581400028663,False,10,False,True,True,8,8,5,0,15.0,4.587500006891787,True,True,True,0.25,1,10,5.437499999999999,False,5,39,17.852100005256943,,False,False,0.18429272811888694,0.06545659160957228,0.04538848796185834
row_04724__free_space,168,56,4724,libero_10,6,overlap_unconditioned,libero_10__task_06__episode_05,libero_10__task_06__episode_05__overlap_unconditioned,5,5,free_space,568463d80fb08b9cd8f883545a26628da43d93c391c7c57113f487f74faa2dff,93.63928099628538,False,5,True,True,True,1,1,0,0,15.0,14.34940000763163,True,True,True,1.0,2,1,15.0,False,2,22,4.4209000043338165,,False,False,0.1683849336445337,0.16102576789340237,0.16102576789340237
row_04724__single_block,169,56,4724,libero_10,6,overlap_unconditioned,libero_10__task_06__episode_05,libero_10__task_06__episode_05__overlap_unconditioned,5,5,single_block,568463d80fb08b9cd8f883545a26628da43d93c391c7c57113f487f74faa2dff,93.63928099628538,False,5,True,True,True,1,1,0,0,15.0,9.772999997949228,True,True,True,1.0,2,1,15.0,False,2,22,5.799999998998828,,False,False,0.1683849336445337,0.16102576789340237,0.16102576789340237
row_04724__narrow_gate,170,56,4724,libero_10,6,overlap_unconditioned,libero_10__task_06__episode_05,libero_10__task_06__episode_05__overlap_unconditioned,5,5,narrow_gate,568463d80fb08b9cd8f883545a26628da43d93c391c7c57113f487f74faa2dff,93.63928099628538,False,5,True,True,True,1,1,0,0,15.0,8.296400003018789,True,True,True,1.0,2,1,15.0,False,2,22,4.3077000009361655,,False,False,0.1683849336445337,0.16102576789340237,0.16102576789340237
row_04400__free_space,171,57,4400,libero_10,6,projected_overlap,libero_10__task_06__episode_02,libero_10__task_06__episode_02__projected_overlap,2,20,free_space,7e0e26b28d47bf8ff8c6a48ac3e1c63371d2d54ce7286e6c01bf84d220c2380d,100.961948002805,False,9,True,True,True,1,1,0,0,15.0,5.496500001754612,True,True,True,1.0,2,1,15.0,False,2,22,5.573900009039789,,False,False,0.13422229533146668,0.13566638310221998,0.13566638310221998
row_04400__single_block,172,57,4400,libero_10,6,projected_overlap,libero_10__task_06__episode_02,libero_10__task_06__episode_02__projected_overlap,2,20,single_block,7e0e26b28d47bf8ff8c6a48ac3e1c63371d2d54ce7286e6c01bf84d220c2380d,100.961948002805,False,9,True,True,True,1,1,0,0,15.0,5.869600005098619,True,True,True,1.0,2,1,15.0,False,2,22,6.189299994730391,,False,False,0.13422229533146668,0.13566638310221998,0.13566638310221998
row_04400__narrow_gate,173,57,4400,libero_10,6,projected_overlap,libero_10__task_06__episode_02,libero_10__task_06__episode_02__projected_overlap,2,20,narrow_gate,7e0e26b28d47bf8ff8c6a48ac3e1c63371d2d54ce7286e6c01bf84d220c2380d,100.961948002805,False,9,True,True,True,1,1,0,0,15.0,15.022299994598143,True,True,True,1.0,2,1,15.0,False,2,22,5.59830000565853,,False,False,0.13422229533146668,0.13566638310221998,0.13566638310221998
row_04703__free_space,174,58,4703,libero_10,6,projected_overlap,libero_10__task_06__episode_04,libero_10__task_06__episode_04__projected_overlap,4,29,free_space,559fa430110d92521c1b0dc1e7b30b89daacef48061a53e464c0af6bd58bfb59,79.4634770063567,False,6,True,True,True,1,1,0,0,15.0,5.234299998846836,True,True,True,1.0,2,1,15.0,False,2,22,4.185699988738634,,False,False,0.16257076311271268,0.15938140036659232,0.15938140036659232
row_04703__single_block,175,58,4703,libero_10,6,projected_overlap,libero_10__task_06__episode_04,libero_10__task_06__episode_04__projected_overlap,4,29,single_block,559fa430110d92521c1b0dc1e7b30b89daacef48061a53e464c0af6bd58bfb59,79.4634770063567,False,6,True,True,True,1,1,0,0,15.0,7.631700005731545,True,True,True,1.0,2,1,15.0,False,2,22,4.347499998402782,,False,False,0.16257076311271268,0.15938140036659232,0.15938140036659232
row_04703__narrow_gate,176,58,4703,libero_10,6,projected_overlap,libero_10__task_06__episode_04,libero_10__task_06__episode_04__projected_overlap,4,29,narrow_gate,559fa430110d92521c1b0dc1e7b30b89daacef48061a53e464c0af6bd58bfb59,79.4634770063567,False,6,True,True,True,1,1,0,0,15.0,4.842499998630956,True,True,True,1.0,2,1,15.0,False,2,22,7.035000002360903,,False,False,0.16257076311271268,0.15938140036659232,0.15938140036659232
row_04801__free_space,177,59,4801,libero_10,6,projected_overlap,libero_10__task_06__episode_05,libero_10__task_06__episode_05__projected_overlap,5,39,free_space,631ddf346db42b9eeeb90c3010ff0d8c8e64cd57a0fc0dade93a07e70eebb7d7,81.24759600468678,False,8,True,True,True,0,0,0,0,6.959481981508959,11.053300011553802,True,True,True,1.0,2,0,15.0,False,2,22,10.741199992480688,,False,False,0.06298581511225965,0.06298581511225965,0.06298581511225965
row_04801__single_block,178,59,4801,libero_10,6,projected_overlap,libero_10__task_06__episode_05,libero_10__task_06__episode_05__projected_overlap,5,39,single_block,631ddf346db42b9eeeb90c3010ff0d8c8e64cd57a0fc0dade93a07e70eebb7d7,81.24759600468678,False,8,True,True,True,0,0,0,0,6.959481981508959,10.414999997010455,True,True,True,1.0,2,0,15.0,False,2,22,4.088200003025122,,False,False,0.06298581511225965,0.06298581511225965,0.06298581511225965
row_04801__narrow_gate,179,59,4801,libero_10,6,projected_overlap,libero_10__task_06__episode_05,libero_10__task_06__episode_05__projected_overlap,5,39,narrow_gate,631ddf346db42b9eeeb90c3010ff0d8c8e64cd57a0fc0dade93a07e70eebb7d7,81.24759600468678,False,8,True,True,True,0,0,0,0,6.959481981508959,5.782099993666634,True,True,True,1.0,2,0,15.0,False,2,22,7.845699990866706,,False,False,0.06298581511225965,0.06298581511225965,0.06298581511225965
row_04461__free_space,180,60,4461,libero_10,6,rtc_guided_overlap,libero_10__task_06__episode_02,libero_10__task_06__episode_02__rtc_guided_overlap,2,40,free_space,cd5352e3fe1d4685438747af84fdbc4b6007ef31d2e19507ba5cbce1ad533ba2,108.94032200303627,False,9,True,True,True,1,1,0,0,15.0,7.458299995050766,True,True,True,1.0,2,1,15.0,False,2,22,4.156099996180274,,False,False,0.13134794107779127,0.12865948271285868,0.12865948271285868
row_04461__single_block,181,60,4461,libero_10,6,rtc_guided_overlap,libero_10__task_06__episode_02,libero_10__task_06__episode_02__rtc_guided_overlap,2,40,single_block,cd5352e3fe1d4685438747af84fdbc4b6007ef31d2e19507ba5cbce1ad533ba2,108.94032200303627,False,9,False,False,True,6,6,5,1,21.749999999999996,11.498200008645654,True,True,True,0.25,1,10,5.437499999999999,False,5,44,8.281800008262508,,True,False,0.13134794107779127,0.06546372108736777,0.03546696582755652
row_04461__narrow_gate,182,60,4461,libero_10,6,rtc_guided_overlap,libero_10__task_06__episode_02,libero_10__task_06__episode_02__rtc_guided_overlap,2,40,narrow_gate,cd5352e3fe1d4685438747af84fdbc4b6007ef31d2e19507ba5cbce1ad533ba2,108.94032200303627,False,9,False,True,True,5,5,2,0,15.0,4.609100011293776,True,True,True,0.5,1,10,10.874999999999998,False,4,37,11.34250000177417,,False,False,0.13134794107779127,0.08970280297559549,0.06933952523813729
row_04828__free_space,183,61,4828,libero_10,6,rtc_guided_overlap,libero_10__task_06__episode_05,libero_10__task_06__episode_05__rtc_guided_overlap,5,21,free_space,c4a4949fdd8d02e88fdc2a6221a2511e6d1ca1724217231f8488731d0d05a77a,107.73285500181373,False,5,True,True,True,1,1,0,0,15.0,5.020199998398311,True,True,True,1.0,2,1,15.0,False,2,22,4.184700010227971,,False,False,0.18229215940667448,0.18261188463480074,0.18261188463480074
row_04828__single_block,184,61,4828,libero_10,6,rtc_guided_overlap,libero_10__task_06__episode_05,libero_10__task_06__episode_05__rtc_guided_overlap,5,21,single_block,c4a4949fdd8d02e88fdc2a6221a2511e6d1ca1724217231f8488731d0d05a77a,107.73285500181373,False,5,True,True,True,1,1,0,0,15.0,6.8641999969258904,True,True,True,1.0,2,1,15.0,False,2,22,4.658499994548038,,False,False,0.18229215940667448,0.18261188463480074,0.18261188463480074
row_04828__narrow_gate,185,61,4828,libero_10,6,rtc_guided_overlap,libero_10__task_06__episode_05,libero_10__task_06__episode_05__rtc_guided_overlap,5,21,narrow_gate,c4a4949fdd8d02e88fdc2a6221a2511e6d1ca1724217231f8488731d0d05a77a,107.73285500181373,False,5,True,True,True,1,1,0,0,15.0,5.9409999958006665,True,True,True,1.0,2,1,15.0,False,2,22,4.970800000592135,,False,False,0.18229215940667448,0.18261188463480074,0.18261188463480074
row_04845__free_space,186,62,4845,libero_10,6,rtc_guided_overlap,libero_10__task_06__episode_05,libero_10__task_06__episode_05__rtc_guided_overlap,5,38,free_space,6ac07350d39f5e0cfc9f8c4cf0ddd9d48f0c28949b4a40b30792821cd718a026,109.19952800031751,False,4,True,True,True,1,1,0,0,15.0,5.618800001684576,True,True,True,1.0,1,1,15.0,False,2,21,11.932399997022003,,False,False,0.09700340728615736,0.09078330189921666,0.09078330189921666
row_04845__single_block,187,62,4845,libero_10,6,rtc_guided_overlap,libero_10__task_06__episode_05,libero_10__task_06__episode_05__rtc_guided_overlap,5,38,single_block,6ac07350d39f5e0cfc9f8c4cf0ddd9d48f0c28949b4a40b30792821cd718a026,109.19952800031751,False,4,True,True,True,1,1,0,0,15.0,6.856599997263402,True,True,True,1.0,1,1,15.0,False,2,21,9.594599992851727,,False,False,0.09700340728615736,0.09078330189921666,0.09078330189921666
row_04845__narrow_gate,188,62,4845,libero_10,6,rtc_guided_overlap,libero_10__task_06__episode_05,libero_10__task_06__episode_05__rtc_guided_overlap,5,38,narrow_gate,6ac07350d39f5e0cfc9f8c4cf0ddd9d48f0c28949b4a40b30792821cd718a026,109.19952800031751,False,4,True,True,True,1,1,0,0,15.0,4.3873999966308475,True,True,True,1.0,1,1,15.0,False,2,21,8.948799993959256,,False,False,0.09700340728615736,0.09078330189921666,0.09078330189921666
row_05084__free_space,189,63,5084,libero_10,7,overlap_unconditioned,libero_10__task_07__episode_02,libero_10__task_07__episode_02__overlap_unconditioned,2,45,free_space,04fe9168fb0c4c097b242e1ffcb4e67617e87c85f45ad128ece32505b67fe98a,108.15708999871276,False,10,True,True,True,1,1,0,0,15.0,7.198599996627308,True,True,True,1.0,2,1,15.0,False,2,22,4.9605000094743446,,False,False,0.16304470898694515,0.16252511616406598,0.16252511616406598
row_05084__single_block,190,63,5084,libero_10,7,overlap_unconditioned,libero_10__task_07__episode_02,libero_10__task_07__episode_02__overlap_unconditioned,2,45,single_block,04fe9168fb0c4c097b242e1ffcb4e67617e87c85f45ad128ece32505b67fe98a,108.15708999871276,False,10,True,True,True,1,1,0,0,15.0,5.486199996084906,True,True,True,1.0,2,1,15.0,False,2,22,4.6531999978469685,,False,False,0.16304470898694515,0.16252511616406598,0.16252511616406598
row_05084__narrow_gate,191,63,5084,libero_10,7,overlap_unconditioned,libero_10__task_07__episode_02,libero_10__task_07__episode_02__overlap_unconditioned,2,45,narrow_gate,04fe9168fb0c4c097b242e1ffcb4e67617e87c85f45ad128ece32505b67fe98a,108.15708999871276,False,10,True,True,True,1,1,0,0,15.0,11.2890000018524,True,True,True,1.0,2,1,15.0,False,2,22,9.212899996782653,,False,False,0.16304470898694515,0.16252511616406598,0.16252511616406598
row_05459__free_space,192,64,5459,libero_10,7,overlap_unconditioned,libero_10__task_07__episode_04,libero_10__task_07__episode_04__overlap_unconditioned,4,43,free_space,d9c9b89cb5fc46c35792845166334f8b946dbabb4b34e7b8bd4981dba5bc6f20,77.89819600293413,False,6,True,True,True,1,1,0,0,15.0,14.508599997498095,True,True,True,1.0,2,1,15.0,False,2,22,10.371099997428246,,False,False,0.17521692902288277,0.17369606596014756,0.17369606596014756
row_05459__single_block,193,64,5459,libero_10,7,overlap_unconditioned,libero_10__task_07__episode_04,libero_10__task_07__episode_04__overlap_unconditioned,4,43,single_block,d9c9b89cb5fc46c35792845166334f8b946dbabb4b34e7b8bd4981dba5bc6f20,77.89819600293413,False,6,True,True,True,1,1,0,0,15.0,12.593999999808148,True,True,True,1.0,2,1,15.0,False,2,22,14.322000002721325,,False,False,0.17521692902288277,0.17369606596014756,0.17369606596014756
row_05459__narrow_gate,194,64,5459,libero_10,7,overlap_unconditioned,libero_10__task_07__episode_04,libero_10__task_07__episode_04__overlap_unconditioned,4,43,narrow_gate,d9c9b89cb5fc46c35792845166334f8b946dbabb4b34e7b8bd4981dba5bc6f20,77.89819600293413,False,6,True,True,True,1,1,0,0,15.0,6.594999998924322,True,True,True,1.0,2,1,15.0,False,2,22,5.561800004215911,,False,False,0.17521692902288277,0.17369606596014756,0.17369606596014756
row_05654__free_space,195,65,5654,libero_10,7,overlap_unconditioned,libero_10__task_07__episode_06,libero_10__task_07__episode_06__overlap_unconditioned,6,22,free_space,3bac9f19fb30daaee3e926a382add4231fb5d29b42ffeb53957dc6d86adf8bc0,78.40953200502554,False,8,True,True,True,1,1,0,0,15.0,6.717900003422983,True,True,True,1.0,2,1,15.0,False,2,22,5.106800002977252,,False,False,0.26458883831038565,0.25654215931066393,0.25654215931066393
row_05654__single_block,196,65,5654,libero_10,7,overlap_unconditioned,libero_10__task_07__episode_06,libero_10__task_07__episode_06__overlap_unconditioned,6,22,single_block,3bac9f19fb30daaee3e926a382add4231fb5d29b42ffeb53957dc6d86adf8bc0,78.40953200502554,False,8,True,True,True,1,1,0,0,15.0,5.658099995343946,True,True,True,1.0,2,1,15.0,False,2,22,5.090399994514883,,False,False,0.26458883831038565,0.25654215931066393,0.25654215931066393
row_05654__narrow_gate,197,65,5654,libero_10,7,overlap_unconditioned,libero_10__task_07__episode_06,libero_10__task_07__episode_06__overlap_unconditioned,6,22,narrow_gate,3bac9f19fb30daaee3e926a382add4231fb5d29b42ffeb53957dc6d86adf8bc0,78.40953200502554,False,8,False,True,True,4,4,2,0,15.0,6.697399992845021,True,True,True,0.5,1,10,10.874999999999998,False,4,39,15.538799998466857,,False,False,0.26458883831038565,0.2057401930492628,0.1337724414978097
row_05219__free_space,198,66,5219,libero_10,7,projected_overlap,libero_10__task_07__episode_03,libero_10__task_07__episode_03__projected_overlap,3,31,free_space,1bc7f4641e2fa0cc1912c943fe7d77b69405aedd001ca933b6bd495401382ebc,81.09735700418241,False,4,True,True,True,1,1,0,0,15.0,5.651200001011603,True,True,True,1.0,2,1,15.0,False,2,22,4.502199997659773,,False,False,0.1864755752604672,0.1816578741612689,0.1816578741612689
row_05219__single_block,199,66,5219,libero_10,7,projected_overlap,libero_10__task_07__episode_03,libero_10__task_07__episode_03__projected_overlap,3,31,single_block,1bc7f4641e2fa0cc1912c943fe7d77b69405aedd001ca933b6bd495401382ebc,81.09735700418241,False,4,True,True,True,1,1,0,0,15.0,8.600499990279786,True,True,True,1.0,2,1,15.0,False,2,22,8.874099992681295,,False,False,0.1864755752604672,0.1816578741612689,0.1816578741612689
row_05219__narrow_gate,200,66,5219,libero_10,7,projected_overlap,libero_10__task_07__episode_03,libero_10__task_07__episode_03__projected_overlap,3,31,narrow_gate,1bc7f4641e2fa0cc1912c943fe7d77b69405aedd001ca933b6bd495401382ebc,81.09735700418241,False,4,True,True,True,1,1,0,0,15.0,11.181999987456948,True,True,True,1.0,2,1,15.0,False,2,22,6.082399995648302,,False,False,0.1864755752604672,0.1816578741612689,0.1816578741612689
row_05223__free_space,201,67,5223,libero_10,7,projected_overlap,libero_10__task_07__episode_03,libero_10__task_07__episode_03__projected_overlap,3,35,free_space,a4937e7695f636b797de27213e29c6547faa0279a3a3738b716a3ab73c3292de,79.85586999711813,False,9,True,True,True,1,1,0,0,15.0,8.047400013310835,True,True,True,1.0,2,1,15.0,False,2,22,9.76010000158567,,False,False,0.15489244796139812,0.14902477613256243,0.14902477613256243
row_05223__single_block,202,67,5223,libero_10,7,projected_overlap,libero_10__task_07__episode_03,libero_10__task_07__episode_03__projected_overlap,3,35,single_block,a4937e7695f636b797de27213e29c6547faa0279a3a3738b716a3ab73c3292de,79.85586999711813,False,9,True,True,True,1,1,0,0,15.0,9.089400002267212,True,True,True,1.0,2,1,15.0,False,2,22,7.426600001053885,,False,False,0.15489244796139812,0.14902477613256243,0.14902477613256243
row_05223__narrow_gate,203,67,5223,libero_10,7,projected_overlap,libero_10__task_07__episode_03,libero_10__task_07__episode_03__projected_overlap,3,35,narrow_gate,a4937e7695f636b797de27213e29c6547faa0279a3a3738b716a3ab73c3292de,79.85586999711813,False,9,True,True,True,1,1,0,0,15.0,7.6323999965097755,True,True,True,1.0,2,1,15.0,False,2,22,6.642000007559545,,False,False,0.15489244796139812,0.14902477613256243,0.14902477613256243
row_05230__free_space,204,68,5230,libero_10,7,projected_overlap,libero_10__task_07__episode_03,libero_10__task_07__episode_03__projected_overlap,3,42,free_space,49bd9628861c50291cc546cae865b50d76ae3c4ed727957195a224a10f596150,80.71286699851044,False,6,True,True,True,1,1,0,0,15.0,13.305300002684817,True,True,True,1.0,2,1,15.0,False,2,22,5.088399993837811,,False,False,0.13484716981505965,0.13050187771797145,0.13050187771797145
row_05230__single_block,205,68,5230,libero_10,7,projected_overlap,libero_10__task_07__episode_03,libero_10__task_07__episode_03__projected_overlap,3,42,single_block,49bd9628861c50291cc546cae865b50d76ae3c4ed727957195a224a10f596150,80.71286699851044,False,6,False,True,True,6,6,4,0,15.0,7.180399989010766,True,True,True,0.25,1,10,5.437499999999999,False,5,44,12.523600002168678,,False,False,0.13484716981505965,0.06949046104026801,0.03645222958182915
row_05230__narrow_gate,206,68,5230,libero_10,7,projected_overlap,libero_10__task_07__episode_03,libero_10__task_07__episode_03__projected_overlap,3,42,narrow_gate,49bd9628861c50291cc546cae865b50d76ae3c4ed727957195a224a10f596150,80.71286699851044,False,6,False,True,True,4,4,2,0,15.0,6.815700005972758,True,True,True,0.5,1,10,10.874999999999998,False,4,39,9.671799998614006,,False,False,0.13484716981505965,0.09590999373558197,0.07125877271358562
row_05276__free_space,207,69,5276,libero_10,7,rtc_guided_overlap,libero_10__task_07__episode_03,libero_10__task_07__episode_03__rtc_guided_overlap,3,38,free_space,be3bb25984bf5d7e334f89d9753a93e5f77358e0816f7b1c128cbb7bc74b169e,108.14622299949406,False,1,True,True,True,0,0,0,0,14.487428252445515,13.983400000142865,True,True,True,1.0,2,0,15.0,False,2,22,4.715400005807169,,False,False,0.08138623339706755,0.08138623339706755,0.08138623339706755
row_05276__single_block,208,69,5276,libero_10,7,rtc_guided_overlap,libero_10__task_07__episode_03,libero_10__task_07__episode_03__rtc_guided_overlap,3,38,single_block,be3bb25984bf5d7e334f89d9753a93e5f77358e0816f7b1c128cbb7bc74b169e,108.14622299949406,False,1,True,True,True,0,0,0,0,14.487428252445515,6.583599999430589,True,True,True,1.0,2,0,15.0,False,2,22,5.905099998926744,,False,False,0.08138623339706755,0.08138623339706755,0.08138623339706755
row_05276__narrow_gate,209,69,5276,libero_10,7,rtc_guided_overlap,libero_10__task_07__episode_03,libero_10__task_07__episode_03__rtc_guided_overlap,3,38,narrow_gate,be3bb25984bf5d7e334f89d9753a93e5f77358e0816f7b1c128cbb7bc74b169e,108.14622299949406,False,1,True,True,True,0,0,0,0,14.487428252445515,14.064699993468821,True,True,True,1.0,2,0,15.0,False,2,22,4.407000000355765,,False,False,0.08138623339706755,0.08138623339706755,0.08138623339706755
row_05365__free_space,210,70,5365,libero_10,7,rtc_guided_overlap,libero_10__task_07__episode_04,libero_10__task_07__episode_04__rtc_guided_overlap,4,13,free_space,b1e96a516ffcf5d6d758c477ef9bc606d4f184e1bc1cd9f6f07637341b31cc78,108.83663300046464,False,3,True,True,True,1,1,0,0,15.0,4.2074000084539875,True,True,True,1.0,1,1,15.0,False,2,21,6.34060001175385,,False,False,0.03330630372510783,0.02842847568610349,0.02842847568610349
row_05365__single_block,211,70,5365,libero_10,7,rtc_guided_overlap,libero_10__task_07__episode_04,libero_10__task_07__episode_04__rtc_guided_overlap,4,13,single_block,b1e96a516ffcf5d6d758c477ef9bc606d4f184e1bc1cd9f6f07637341b31cc78,108.83663300046464,False,3,True,True,True,1,1,0,0,15.0,12.334599989117123,True,True,True,1.0,1,1,15.0,False,2,21,4.264400005922653,,False,False,0.03330630372510783,0.02842847568610349,0.02842847568610349
row_05365__narrow_gate,212,70,5365,libero_10,7,rtc_guided_overlap,libero_10__task_07__episode_04,libero_10__task_07__episode_04__rtc_guided_overlap,4,13,narrow_gate,b1e96a516ffcf5d6d758c477ef9bc606d4f184e1bc1cd9f6f07637341b31cc78,108.83663300046464,False,3,True,True,True,1,1,0,0,15.0,8.929999996325932,True,True,True,1.0,1,1,15.0,False,2,21,4.4695000106003135,,False,False,0.03330630372510783,0.02842847568610349,0.02842847568610349
row_05370__free_space,213,71,5370,libero_10,7,rtc_guided_overlap,libero_10__task_07__episode_04,libero_10__task_07__episode_04__rtc_guided_overlap,4,18,free_space,d8b7efcc31973387ddedb04119865c16e5c1cad9d75b8f7275e82bd5943ba910,107.63488500379026,False,2,True,True,True,1,1,0,0,15.0,5.221800005529076,True,True,True,1.0,2,1,15.0,False,2,22,13.44999999855645,,False,False,0.16424798638804616,0.15816785608713535,0.15816785608713535
row_05370__single_block,214,71,5370,libero_10,7,rtc_guided_overlap,libero_10__task_07__episode_04,libero_10__task_07__episode_04__rtc_guided_overlap,4,18,single_block,d8b7efcc31973387ddedb04119865c16e5c1cad9d75b8f7275e82bd5943ba910,107.63488500379026,False,2,True,True,True,1,1,0,0,15.0,6.726600011461414,True,True,True,1.0,2,1,15.0,False,2,22,7.989899997483008,,False,False,0.16424798638804616,0.15816785608713535,0.15816785608713535
row_05370__narrow_gate,215,71,5370,libero_10,7,rtc_guided_overlap,libero_10__task_07__episode_04,libero_10__task_07__episode_04__rtc_guided_overlap,4,18,narrow_gate,d8b7efcc31973387ddedb04119865c16e5c1cad9d75b8f7275e82bd5943ba910,107.63488500379026,False,2,True,True,True,1,1,0,0,15.0,13.977100010379218,True,True,True,1.0,2,1,15.0,False,2,22,6.078399994294159,,False,False,0.16424798638804616,0.15816785608713535,0.15816785608713535
row_06252__free_space,216,72,6252,libero_10,8,overlap_unconditioned,libero_10__task_08__episode_03,libero_10__task_08__episode_03__overlap_unconditioned,3,5,free_space,0a55d52cc40fb944f8e43e3bfedcb99896706a3ad464ae5f83585f8f397236d2,85.86967699375236,False,1,True,True,True,1,1,0,0,15.0,7.660400005988777,True,True,True,1.0,2,1,15.0,False,2,22,6.083799991756678,,False,False,0.1208179338423821,0.11574875608838528,0.11574875608838528
row_06252__single_block,217,72,6252,libero_10,8,overlap_unconditioned,libero_10__task_08__episode_03,libero_10__task_08__episode_03__overlap_unconditioned,3,5,single_block,0a55d52cc40fb944f8e43e3bfedcb99896706a3ad464ae5f83585f8f397236d2,85.86967699375236,False,1,False,True,True,3,3,1,0,15.0,5.970300000626594,True,True,True,0.75,2,10,15.0,False,3,31,7.291400004760362,,False,False,0.1208179338423821,0.10579161598042817,0.08852469812598318
row_06252__narrow_gate,218,72,6252,libero_10,8,overlap_unconditioned,libero_10__task_08__episode_03,libero_10__task_08__episode_03__overlap_unconditioned,3,5,narrow_gate,0a55d52cc40fb944f8e43e3bfedcb99896706a3ad464ae5f83585f8f397236d2,85.86967699375236,False,1,False,True,True,6,6,3,0,15.0,9.210399992298335,True,True,True,0.5,1,10,13.049999999999999,False,4,35,7.415100000798702,,False,False,0.1208179338423821,0.07553286641608163,0.05884448578774015
row_06255__free_space,219,73,6255,libero_10,8,overlap_unconditioned,libero_10__task_08__episode_03,libero_10__task_08__episode_03__overlap_unconditioned,3,8,free_space,8a27f190ec0e5fe11e554637e03418fd02fe87884cfb67f30eb2e742756f79fc,89.20994700019946,False,1,True,True,True,1,1,0,0,15.0,11.302799990517087,True,True,True,1.0,2,1,15.0,False,2,22,5.872499998076819,,False,False,0.020896026770691432,0.020896026770691432,0.020896026770691432
row_06255__single_block,220,73,6255,libero_10,8,overlap_unconditioned,libero_10__task_08__episode_03,libero_10__task_08__episode_03__overlap_unconditioned,3,8,single_block,8a27f190ec0e5fe11e554637e03418fd02fe87884cfb67f30eb2e742756f79fc,89.20994700019946,False,1,True,True,True,1,1,0,0,15.0,6.11899999785237,True,True,True,1.0,2,1,15.0,False,2,22,10.647200004314072,,False,False,0.020896026770691432,0.020896026770691432,0.020896026770691432
row_06255__narrow_gate,221,73,6255,libero_10,8,overlap_unconditioned,libero_10__task_08__episode_03,libero_10__task_08__episode_03__overlap_unconditioned,3,8,narrow_gate,8a27f190ec0e5fe11e554637e03418fd02fe87884cfb67f30eb2e742756f79fc,89.20994700019946,False,1,True,True,True,1,1,0,0,15.0,11.882099992362782,True,True,True,1.0,2,1,15.0,False,2,22,5.0712999945972115,,False,False,0.020896026770691432,0.020896026770691432,0.020896026770691432
row_07010__free_space,222,74,7010,libero_10,8,overlap_unconditioned,libero_10__task_08__episode_06,libero_10__task_08__episode_06__overlap_unconditioned,6,26,free_space,7322a06ed69cdb9ad8f6dd4a10dd6eed8dcb029bfa521608597ec7473b34f963,78.67646800150396,False,8,True,True,True,0,0,0,0,8.204709902453661,8.099600003333762,True,True,True,1.0,1,0,8.204709902453661,False,2,21,4.90410000202246,,False,False,0.024213629769441646,0.024213629769441646,0.024213629769441646
row_07010__single_block,223,74,7010,libero_10,8,overlap_unconditioned,libero_10__task_08__episode_06,libero_10__task_08__episode_06__overlap_unconditioned,6,26,single_block,7322a06ed69cdb9ad8f6dd4a10dd6eed8dcb029bfa521608597ec7473b34f963,78.67646800150396,False,8,True,True,True,0,0,0,0,8.204709902453661,5.153499994776212,True,True,True,1.0,1,0,8.204709902453661,False,2,21,4.829700003028847,,False,False,0.024213629769441646,0.024213629769441646,0.024213629769441646
row_07010__narrow_gate,224,74,7010,libero_10,8,overlap_unconditioned,libero_10__task_08__episode_06,libero_10__task_08__episode_06__overlap_unconditioned,6,26,narrow_gate,7322a06ed69cdb9ad8f6dd4a10dd6eed8dcb029bfa521608597ec7473b34f963,78.67646800150396,False,8,True,True,True,0,0,0,0,8.204709902453661,5.162899993592873,True,True,True,1.0,1,0,8.204709902453661,False,2,21,4.978600001777522,,False,False,0.024213629769441646,0.024213629769441646,0.024213629769441646
row_05930__free_space,225,75,5930,libero_10,8,projected_overlap,libero_10__task_08__episode_02,libero_10__task_08__episode_02__projected_overlap,2,54,free_space,3fa8cac759c9510b0b885c12f5c5c66e5426c74341ab86646876f0292ce3f88d,80.06911000120454,False,4,True,True,True,1,1,0,0,15.0,6.6685000056168064,True,True,True,1.0,2,1,15.0,False,2,22,5.856100004166365,,False,False,0.24421583875503192,0.24255799978193662,0.24255799978193662
row_05930__single_block,226,75,5930,libero_10,8,projected_overlap,libero_10__task_08__episode_02,libero_10__task_08__episode_02__projected_overlap,2,54,single_block,3fa8cac759c9510b0b885c12f5c5c66e5426c74341ab86646876f0292ce3f88d,80.06911000120454,False,4,True,True,True,1,1,0,0,15.0,6.560599998920225,True,True,True,1.0,2,1,15.0,False,2,22,5.1663000049302354,,False,False,0.24421583875503192,0.24255799978193662,0.24255799978193662
row_05930__narrow_gate,227,75,5930,libero_10,8,projected_overlap,libero_10__task_08__episode_02,libero_10__task_08__episode_02__projected_overlap,2,54,narrow_gate,3fa8cac759c9510b0b885c12f5c5c66e5426c74341ab86646876f0292ce3f88d,80.06911000120454,False,4,True,True,True,1,1,0,0,15.0,5.253800001810305,True,True,True,1.0,2,1,15.0,False,2,22,6.092800002079457,,False,False,0.24421583875503192,0.24255799978193662,0.24255799978193662
row_06690__free_space,228,76,6690,libero_10,8,projected_overlap,libero_10__task_08__episode_05,libero_10__task_08__episode_05__projected_overlap,5,49,free_space,5bf474866c44061fb26d249098642975c5e35982ce1f49559adfb544ba2d139e,80.0617919958313,False,7,True,True,True,1,1,0,0,15.0,10.062600005767308,True,True,True,1.0,2,1,15.0,False,2,22,14.535099995555356,,False,False,0.2234150537204465,0.2200909486771381,0.2200909486771381
row_06690__single_block,229,76,6690,libero_10,8,projected_overlap,libero_10__task_08__episode_05,libero_10__task_08__episode_05__projected_overlap,5,49,single_block,5bf474866c44061fb26d249098642975c5e35982ce1f49559adfb544ba2d139e,80.0617919958313,False,7,False,True,True,9,9,7,0,15.0,13.825500005623326,True,True,True,0.25,1,10,5.437499999999999,False,5,34,8.568200006266125,,False,False,0.2234150537204465,0.06253098071081742,0.053748146309624024
row_06690__narrow_gate,230,76,6690,libero_10,8,projected_overlap,libero_10__task_08__episode_05,libero_10__task_08__episode_05__projected_overlap,5,49,narrow_gate,5bf474866c44061fb26d249098642975c5e35982ce1f49559adfb544ba2d139e,80.0617919958313,False,7,False,True,True,8,8,6,0,15.0,5.653400003211573,True,True,True,0.25,1,10,5.437499999999999,False,5,37,6.957199992029928,,False,False,0.2234150537204465,0.08533648769556153,0.053748146309624024
row_07135__free_space,231,77,7135,libero_10,8,projected_overlap,libero_10__task_08__episode_06,libero_10__task_08__episode_06__projected_overlap,6,47,free_space,65e33ce79ebf489f6044b75e747744ad82d870a283af2600278f2a0dc7188b70,87.9248830024153,False,10,True,True,True,0,0,0,0,5.02872931694848,10.159199999179691,True,True,True,1.0,1,0,14.411115806976955,False,2,21,4.9928000080399215,,False,False,0.032602946190589774,0.032602946190589774,0.032602946190589774
row_07135__single_block,232,77,7135,libero_10,8,projected_overlap,libero_10__task_08__episode_06,libero_10__task_08__episode_06__projected_overlap,6,47,single_block,65e33ce79ebf489f6044b75e747744ad82d870a283af2600278f2a0dc7188b70,87.9248830024153,False,10,True,True,True,0,0,0,0,5.02872931694848,4.113099988899194,True,True,True,1.0,1,0,14.411115806976955,False,2,21,3.7704999995185062,,False,False,0.032602946190589774,0.032602946190589774,0.032602946190589774
row_07135__narrow_gate,233,77,7135,libero_10,8,projected_overlap,libero_10__task_08__episode_06,libero_10__task_08__episode_06__projected_overlap,6,47,narrow_gate,65e33ce79ebf489f6044b75e747744ad82d870a283af2600278f2a0dc7188b70,87.9248830024153,False,10,True,True,True,0,0,0,0,5.02872931694848,9.774400008609518,True,True,True,1.0,1,0,14.411115806976955,False,2,21,11.324400009470992,,False,False,0.032602946190589774,0.032602946190589774,0.032602946190589774
row_06000__free_space,234,78,6000,libero_10,8,rtc_guided_overlap,libero_10__task_08__episode_02,libero_10__task_08__episode_02__rtc_guided_overlap,2,32,free_space,2791ad6841f436ab749e802f26a1f5dcb5dc6d33e518ce392c2ac39862060a3e,116.41646899806801,False,8,True,True,True,0,0,0,0,5.1222352426966165,5.076999994344078,True,True,True,1.0,1,0,6.672890638513713,False,2,21,3.4063999919453636,,False,False,0.01152802823028914,0.01152802823028914,0.01152802823028914
row_06000__single_block,235,78,6000,libero_10,8,rtc_guided_overlap,libero_10__task_08__episode_02,libero_10__task_08__episode_02__rtc_guided_overlap,2,32,single_block,2791ad6841f436ab749e802f26a1f5dcb5dc6d33e518ce392c2ac39862060a3e,116.41646899806801,False,8,True,True,True,0,0,0,0,5.1222352426966165,8.140099991578609,True,True,True,1.0,1,0,6.672890638513713,False,2,21,5.305200000293553,,False,False,0.01152802823028914,0.01152802823028914,0.01152802823028914
row_06000__narrow_gate,236,78,6000,libero_10,8,rtc_guided_overlap,libero_10__task_08__episode_02,libero_10__task_08__episode_02__rtc_guided_overlap,2,32,narrow_gate,2791ad6841f436ab749e802f26a1f5dcb5dc6d33e518ce392c2ac39862060a3e,116.41646899806801,False,8,True,True,True,0,0,0,0,5.1222352426966165,4.795400003786199,True,True,True,1.0,1,0,6.672890638513713,False,2,21,4.579500004183501,,False,False,0.01152802823028914,0.01152802823028914,0.01152802823028914
row_06236__free_space,237,79,6236,libero_10,8,rtc_guided_overlap,libero_10__task_08__episode_03,libero_10__task_08__episode_03__rtc_guided_overlap,3,70,free_space,6b0879ece0d3c5024c91e04d43dc4e6e6d1afee8bb9a2235d6dccbbb0c873df9,107.77908700401895,False,1,True,True,True,1,1,0,0,15.0,6.483799996203743,True,True,True,1.0,2,1,15.0,False,2,22,5.940800008829683,,False,False,0.23945405659686378,0.2369368530286239,0.2369368530286239
row_06236__single_block,238,79,6236,libero_10,8,rtc_guided_overlap,libero_10__task_08__episode_03,libero_10__task_08__episode_03__rtc_guided_overlap,3,70,single_block,6b0879ece0d3c5024c91e04d43dc4e6e6d1afee8bb9a2235d6dccbbb0c873df9,107.77908700401895,False,1,True,True,True,1,1,0,0,15.0,6.060400002752431,True,True,True,1.0,2,1,15.0,False,2,22,4.4975000055273995,,False,False,0.23945405659686378,0.2369368530286239,0.2369368530286239
row_06236__narrow_gate,239,79,6236,libero_10,8,rtc_guided_overlap,libero_10__task_08__episode_03,libero_10__task_08__episode_03__rtc_guided_overlap,3,70,narrow_gate,6b0879ece0d3c5024c91e04d43dc4e6e6d1afee8bb9a2235d6dccbbb0c873df9,107.77908700401895,False,1,True,True,True,1,1,0,0,15.0,5.157799998414703,True,True,True,1.0,2,1,15.0,False,2,22,6.058099999791011,,False,False,0.23945405659686378,0.2369368530286239,0.2369368530286239
row_06762__free_space,240,80,6762,libero_10,8,rtc_guided_overlap,libero_10__task_08__episode_05,libero_10__task_08__episode_05__rtc_guided_overlap,5,39,free_space,7806b0e84af642ddef23b6b127ef1d9ff61636ddec5449910b5cf53ef46d7add,112.09945799782872,False,5,True,True,True,0,0,0,0,9.60819943448738,6.5737999975681305,True,True,True,1.0,2,0,15.0,False,2,22,5.5641000071773306,,False,False,0.1320342673170785,0.1320342673170785,0.1320342673170785
row_06762__single_block,241,80,6762,libero_10,8,rtc_guided_overlap,libero_10__task_08__episode_05,libero_10__task_08__episode_05__rtc_guided_overlap,5,39,single_block,7806b0e84af642ddef23b6b127ef1d9ff61636ddec5449910b5cf53ef46d7add,112.09945799782872,False,5,True,True,True,0,0,0,0,9.60819943448738,5.0288000056752935,True,True,True,1.0,2,0,15.0,False,2,22,11.411500003305264,,False,False,0.1320342673170785,0.1320342673170785,0.1320342673170785
row_06762__narrow_gate,242,80,6762,libero_10,8,rtc_guided_overlap,libero_10__task_08__episode_05,libero_10__task_08__episode_05__rtc_guided_overlap,5,39,narrow_gate,7806b0e84af642ddef23b6b127ef1d9ff61636ddec5449910b5cf53ef46d7add,112.09945799782872,False,5,True,True,True,0,0,0,0,9.60819943448738,7.976799999596551,True,True,True,1.0,2,0,15.0,False,2,22,4.472799992072396,,False,False,0.1320342673170785,0.1320342673170785,0.1320342673170785
row_07230__free_space,243,81,7230,libero_10,9,overlap_unconditioned,libero_10__task_09__episode_02,libero_10__task_09__episode_02__overlap_unconditioned,2,40,free_space,f9b290f5ce3d6d1bf19c4c39b97d216e7ce536e315f4fb38ccf2585753b418b0,93.102971004555,False,8,True,True,True,1,1,0,0,15.0,4.895899997791275,True,True,True,1.0,2,1,15.0,False,2,22,4.299199994420633,,False,False,0.17310168643363452,0.16859933855112832,0.16859933855112832
row_07230__single_block,244,81,7230,libero_10,9,overlap_unconditioned,libero_10__task_09__episode_02,libero_10__task_09__episode_02__overlap_unconditioned,2,40,single_block,f9b290f5ce3d6d1bf19c4c39b97d216e7ce536e315f4fb38ccf2585753b418b0,93.102971004555,False,8,True,True,True,1,1,0,0,15.0,4.72629998694174,True,True,True,1.0,2,1,15.0,False,2,22,4.505900011281483,,False,False,0.17310168643363452,0.16859933855112832,0.16859933855112832
row_07230__narrow_gate,245,81,7230,libero_10,9,overlap_unconditioned,libero_10__task_09__episode_02,libero_10__task_09__episode_02__overlap_unconditioned,2,40,narrow_gate,f9b290f5ce3d6d1bf19c4c39b97d216e7ce536e315f4fb38ccf2585753b418b0,93.102971004555,False,8,True,True,True,1,1,0,0,15.0,4.913500000839122,True,True,True,1.0,2,1,15.0,False,2,22,4.375699994852766,,False,False,0.17310168643363452,0.16859933855112832,0.16859933855112832
row_07454__free_space,246,82,7454,libero_10,9,overlap_unconditioned,libero_10__task_09__episode_03,libero_10__task_09__episode_03__overlap_unconditioned,3,12,free_space,70189d20cacc8879105663427e7a70950324ef867d86668314e97d9ee667da28,88.29100499860942,False,7,True,True,True,1,1,0,0,15.0,10.48530000844039,True,True,True,1.0,2,1,15.0,False,2,22,5.189399991650134,,False,False,0.17180903284890733,0.17180903284890733,0.17180903284890733
row_07454__single_block,247,82,7454,libero_10,9,overlap_unconditioned,libero_10__task_09__episode_03,libero_10__task_09__episode_03__overlap_unconditioned,3,12,single_block,70189d20cacc8879105663427e7a70950324ef867d86668314e97d9ee667da28,88.29100499860942,False,7,False,False,True,5,5,4,1,21.749999999999996,5.980100002489053,True,True,True,0.5,1,10,13.049999999999999,False,4,36,9.258400008548051,,True,False,0.17180903284890733,0.10058786695209573,0.0833171636649564
row_07454__narrow_gate,248,82,7454,libero_10,9,overlap_unconditioned,libero_10__task_09__episode_03,libero_10__task_09__episode_03__overlap_unconditioned,3,12,narrow_gate,70189d20cacc8879105663427e7a70950324ef867d86668314e97d9ee667da28,88.29100499860942,False,7,False,False,True,4,4,3,1,21.749999999999996,8.311500001582317,True,True,True,0.5,1,10,13.049999999999999,False,4,37,7.338900002650917,,True,False,0.17180903284890733,0.11717117543898196,0.0833171636649564
row_07911__free_space,249,83,7911,libero_10,9,overlap_unconditioned,libero_10__task_09__episode_06,libero_10__task_09__episode_06__overlap_unconditioned,6,26,free_space,3acd3db2ccf3c271b5df89ed5d4c68e388a9c5a198f88cd2a8f85345e0056a64,79.40649100055452,False,2,True,True,True,0,0,0,0,14.987554389009455,4.663300001993775,True,True,True,1.0,2,0,15.0,False,2,22,4.048400005558506,,False,False,0.23575437817303538,0.23575437817303538,0.23575437817303538
row_07911__single_block,250,83,7911,libero_10,9,overlap_unconditioned,libero_10__task_09__episode_06,libero_10__task_09__episode_06__overlap_unconditioned,6,26,single_block,3acd3db2ccf3c271b5df89ed5d4c68e388a9c5a198f88cd2a8f85345e0056a64,79.40649100055452,False,2,True,True,True,0,0,0,0,14.987554389009455,4.62849999894388,True,True,True,1.0,2,0,15.0,False,2,22,5.606200007605366,,False,False,0.23575437817303538,0.23575437817303538,0.23575437817303538
row_07911__narrow_gate,251,83,7911,libero_10,9,overlap_unconditioned,libero_10__task_09__episode_06,libero_10__task_09__episode_06__overlap_unconditioned,6,26,narrow_gate,3acd3db2ccf3c271b5df89ed5d4c68e388a9c5a198f88cd2a8f85345e0056a64,79.40649100055452,False,2,False,True,True,2,2,0,0,15.0,6.935400000656955,True,True,True,0.75,2,10,15.0,False,3,31,8.631999997305684,,False,False,0.23575437817303538,0.1991023339794737,0.17605535371708173
row_07269__free_space,252,84,7269,libero_10,9,projected_overlap,libero_10__task_09__episode_02,libero_10__task_09__episode_02__projected_overlap,2,30,free_space,215abd235cdf139f9132a06a1024d317705b4004afc6a192b2139f6176fe0940,103.75401599594625,False,4,True,True,True,1,1,0,0,15.0,15.25470000342466,True,True,True,1.0,2,1,15.0,False,2,22,11.971399988397025,,False,False,0.2900136887430314,0.2858147823422798,0.2858147823422798
row_07269__single_block,253,84,7269,libero_10,9,projected_overlap,libero_10__task_09__episode_02,libero_10__task_09__episode_02__projected_overlap,2,30,single_block,215abd235cdf139f9132a06a1024d317705b4004afc6a192b2139f6176fe0940,103.75401599594625,False,4,True,True,True,1,1,0,0,15.0,5.15369999629911,True,True,True,1.0,2,1,15.0,False,2,22,9.598899996490218,,False,False,0.2900136887430314,0.2858147823422798,0.2858147823422798
row_07269__narrow_gate,254,84,7269,libero_10,9,projected_overlap,libero_10__task_09__episode_02,libero_10__task_09__episode_02__projected_overlap,2,30,narrow_gate,215abd235cdf139f9132a06a1024d317705b4004afc6a192b2139f6176fe0940,103.75401599594625,False,4,True,True,True,1,1,0,0,15.0,13.319399993633851,True,True,True,1.0,2,1,15.0,False,2,22,5.547299995669164,,False,False,0.2900136887430314,0.2858147823422798,0.2858147823422798
row_07610__free_space,255,85,7610,libero_10,9,projected_overlap,libero_10__task_09__episode_04,libero_10__task_09__episode_04__projected_overlap,4,17,free_space,4ee2c8d4c8e827084dae63860239c5e16ed0291ec25de7616a1d4cb715492eac,83.76048399804858,False,2,True,True,True,0,0,0,0,9.013331748234238,3.852200010442175,True,True,True,1.0,1,0,12.316068187090998,False,2,21,3.552300011506304,,False,False,0.06447558427550001,0.06447558427550001,0.06447558427550001
row_07610__single_block,256,85,7610,libero_10,9,projected_overlap,libero_10__task_09__episode_04,libero_10__task_09__episode_04__projected_overlap,4,17,single_block,4ee2c8d4c8e827084dae63860239c5e16ed0291ec25de7616a1d4cb715492eac,83.76048399804858,False,2,True,True,True,0,0,0,0,9.013331748234238,8.281200003693812,True,True,True,1.0,1,0,12.316068187090998,False,2,21,9.509700001217425,,False,False,0.06447558427550001,0.06447558427550001,0.06447558427550001
row_07610__narrow_gate,257,85,7610,libero_10,9,projected_overlap,libero_10__task_09__episode_04,libero_10__task_09__episode_04__projected_overlap,4,17,narrow_gate,4ee2c8d4c8e827084dae63860239c5e16ed0291ec25de7616a1d4cb715492eac,83.76048399804858,False,2,True,True,True,0,0,0,0,9.013331748234238,9.755799997947179,True,True,True,1.0,1,0,12.316068187090998,False,2,21,3.778400001465343,,False,False,0.06447558427550001,0.06447558427550001,0.06447558427550001
row_07726__free_space,258,86,7726,libero_10,9,projected_overlap,libero_10__task_09__episode_05,libero_10__task_09__episode_05__projected_overlap,5,34,free_space,4128bfcd5e738093872b3c62fcc9bb763ca895ddf54ffae140dca41818e739d3,107.35882099834271,False,5,True,True,True,1,1,0,0,15.0,5.15149999409914,True,True,True,1.0,2,1,15.0,False,2,22,8.330100012244657,,False,False,0.22832356750098634,0.22196856677684726,0.22196856677684726
row_07726__single_block,259,86,7726,libero_10,9,projected_overlap,libero_10__task_09__episode_05,libero_10__task_09__episode_05__projected_overlap,5,34,single_block,4128bfcd5e738093872b3c62fcc9bb763ca895ddf54ffae140dca41818e739d3,107.35882099834271,False,5,True,True,True,1,1,0,0,15.0,5.389899990404956,True,True,True,1.0,2,1,15.0,False,2,22,5.2583000069716945,,False,False,0.22832356750098634,0.22196856677684726,0.22196856677684726
row_07726__narrow_gate,260,86,7726,libero_10,9,projected_overlap,libero_10__task_09__episode_05,libero_10__task_09__episode_05__projected_overlap,5,34,narrow_gate,4128bfcd5e738093872b3c62fcc9bb763ca895ddf54ffae140dca41818e739d3,107.35882099834271,False,5,True,True,True,1,1,0,0,15.0,5.542499988223426,True,True,True,1.0,2,1,15.0,False,2,22,11.299999998300336,,False,False,0.22832356750098634,0.22196856677684726,0.22196856677684726
row_07391__free_space,261,87,7391,libero_10,9,rtc_guided_overlap,libero_10__task_09__episode_03,libero_10__task_09__episode_03__rtc_guided_overlap,3,1,free_space,c5fced6e29e251ba1f1ab67bc9ea754e7985f0c14d7d72ec5a915c0bacd4105a,213.83461299410556,True,9,True,True,True,10,10,10,0,0.0,3.4503999922890216,True,True,True,0.0,0,10,0.0,False,1,10,4.914400007692166,response_deadline,False,False,0.09940477553033582,0.0,0.0
row_07391__single_block,262,87,7391,libero_10,9,rtc_guided_overlap,libero_10__task_09__episode_03,libero_10__task_09__episode_03__rtc_guided_overlap,3,1,single_block,c5fced6e29e251ba1f1ab67bc9ea754e7985f0c14d7d72ec5a915c0bacd4105a,213.83461299410556,True,9,False,True,True,10,10,10,0,0.0,1.5998000017134473,True,True,True,0.0,0,10,0.0,False,1,10,2.2077000030549243,response_deadline,False,False,0.09940477553033582,0.0,0.0
row_07391__narrow_gate,263,87,7391,libero_10,9,rtc_guided_overlap,libero_10__task_09__episode_03,libero_10__task_09__episode_03__rtc_guided_overlap,3,1,narrow_gate,c5fced6e29e251ba1f1ab67bc9ea754e7985f0c14d7d72ec5a915c0bacd4105a,213.83461299410556,True,9,False,True,True,10,10,10,0,0.0,2.4818000092636794,True,True,True,0.0,0,10,0.0,False,1,10,5.009100001188926,response_deadline,False,False,0.09940477553033582,0.0,0.0
row_07496__free_space,264,88,7496,libero_10,9,rtc_guided_overlap,libero_10__task_09__episode_04,libero_10__task_09__episode_04__rtc_guided_overlap,4,2,free_space,6c2b7757beda1d1c8ab7d91c166058e67b7bc67b7aff178f6dd11b01cbb01b97,116.70098899776349,False,7,True,True,True,1,1,0,0,15.0,4.865999988396652,True,True,True,1.0,2,1,15.0,False,2,22,4.360699997050688,,False,False,0.15854589483448925,0.15635079257731513,0.15635079257731513
row_07496__single_block,265,88,7496,libero_10,9,rtc_guided_overlap,libero_10__task_09__episode_04,libero_10__task_09__episode_04__rtc_guided_overlap,4,2,single_block,6c2b7757beda1d1c8ab7d91c166058e67b7bc67b7aff178f6dd11b01cbb01b97,116.70098899776349,False,7,False,True,True,7,7,4,0,15.0,6.282999995164573,True,True,True,0.25,1,10,5.437499999999999,False,5,42,13.454200001433492,,False,False,0.15854589483448925,0.07667999276704437,0.0381656486765581
row_07496__narrow_gate,266,88,7496,libero_10,9,rtc_guided_overlap,libero_10__task_09__episode_04,libero_10__task_09__episode_04__rtc_guided_overlap,4,2,narrow_gate,6c2b7757beda1d1c8ab7d91c166058e67b7bc67b7aff178f6dd11b01cbb01b97,116.70098899776349,False,7,False,False,True,7,7,5,1,16.312499999999996,5.531100003281608,True,True,True,0.25,1,10,5.437499999999999,False,5,41,13.611900008982047,,True,False,0.15854589483448925,0.07574613681236807,0.0381656486765581
row_07752__free_space,267,89,7752,libero_10,9,rtc_guided_overlap,libero_10__task_09__episode_05,libero_10__task_09__episode_05__rtc_guided_overlap,5,11,free_space,532b72080cce7378e05f0648d408b7d5f5467d7753b38ba505b40c3829a4f262,115.3370600004564,False,6,True,True,True,1,1,0,0,15.0,8.86519999767188,True,True,True,1.0,1,1,15.0,False,2,21,5.306400009430945,,False,False,0.20301820830538975,0.19925513135103967,0.19925513135103967
row_07752__single_block,268,89,7752,libero_10,9,rtc_guided_overlap,libero_10__task_09__episode_05,libero_10__task_09__episode_05__rtc_guided_overlap,5,11,single_block,532b72080cce7378e05f0648d408b7d5f5467d7753b38ba505b40c3829a4f262,115.3370600004564,False,6,True,True,True,1,1,0,0,15.0,7.10580000304617,True,True,True,1.0,1,1,15.0,False,2,21,7.237199999508448,,False,False,0.20301820830538975,0.19925513135103967,0.19925513135103967
row_07752__narrow_gate,269,89,7752,libero_10,9,rtc_guided_overlap,libero_10__task_09__episode_05,libero_10__task_09__episode_05__rtc_guided_overlap,5,11,narrow_gate,532b72080cce7378e05f0648d408b7d5f5467d7753b38ba505b40c3829a4f262,115.3370600004564,False,6,True,True,True,1,1,0,0,15.0,8.670099996379577,True,True,True,1.0,1,1,15.0,False,2,21,8.308399992529303,,False,False,0.20301820830538975,0.19925513135103967,0.19925513135103967
