schema_version,case_id,pair_id,selection_index,source_row_index,task_suite,task_id,method,episode_id,episode_index,query_index,scenario,mode,response_action_sha256,source_inference_latency_ms,adapter_latency_ms,mode_latency_ms,audit_latency_ms,activation_response_age_ms,status,reason,supervisor_status,failure_stage,candidate_complete,candidate_action_count,published_action_count,policy_actions_executable,partial_prefix_exposed,all_or_none_publication,integrated_atomic_gate_used,assurance_worker_thread_separate,fallback_validated,qp_feasible,qp_intervention_steps,software_budget_exceeded,response_deadline_exceeded,joint_position_violation_steps,joint_velocity_violation_steps,joint_acceleration_violation_steps,continuous_edges_checked,continuous_unsafe_edges,continuous_indeterminate_edges,braking_boundaries_checked,braking_invalid_boundaries,all_registered_constraints_satisfied,unsafe_plan_published,raw_hand_displacement_m,candidate_hand_displacement_m,published_hand_displacement_m,published_motion_retention_ratio
armbench.pi05_integrated_panda_cpu_replay.v1,row_00763__free_space__direct_dispatch,libero_10__task_00__episode_06,0,763,libero_10,0,overlap_unconditioned,libero_10__task_00__episode_06__overlap_unconditioned,6,10,free_space,direct_dispatch,2ba514276e139d381b7b19bf859e964ad7e1b157ca9f234909fb87328f08ec28,100.77227700094227,2.981799996632617,0.0025999979698099196,803.8335999954143,103.7566769955447,execute,direct_candidate_atomically_published,not_applicable,,True,10,10,True,False,True,False,False,False,False,0,False,False,0,10,1,10,0,0,10,0,False,True,0.19299215158328148,0.19299215158328148,0.19299215158328148,1.0
armbench.pi05_integrated_panda_cpu_replay.v1,row_00763__free_space__qp_projection,libero_10__task_00__episode_06,0,763,libero_10,0,overlap_unconditioned,libero_10__task_00__episode_06__overlap_unconditioned,6,10,free_space,qp_projection,2ba514276e139d381b7b19bf859e964ad7e1b157ca9f234909fb87328f08ec28,100.77227700094227,2.981799996632617,28.616300005523954,634.9340000015218,132.37037700309884,hold,software_budget_exceeded,not_applicable,qp_or_activation,True,10,0,False,False,True,False,False,False,True,10,True,False,0,7,1,10,0,0,10,0,False,False,0.19299215158328148,0.14156808661151832,0.0,0.0
armbench.pi05_integrated_panda_cpu_replay.v1,row_00763__free_space__full_assurance,libero_10__task_00__episode_06,0,763,libero_10,0,overlap_unconditioned,libero_10__task_00__episode_06__overlap_unconditioned,6,10,free_space,full_assurance,2ba514276e139d381b7b19bf859e964ad7e1b157ca9f234909fb87328f08ec28,100.77227700094227,2.981799996632617,35.141300002578646,565.8114000034402,134.75407700025244,hold,supervision_budget_exceeded,hold,supervision_budget,True,10,0,False,False,True,True,True,True,True,10,True,False,0,7,1,10,0,0,10,0,False,False,0.19299215158328148,0.14156808661151832,0.0,0.0
armbench.pi05_integrated_panda_cpu_replay.v1,row_00763__single_block__direct_dispatch,libero_10__task_00__episode_06,0,763,libero_10,0,overlap_unconditioned,libero_10__task_00__episode_06__overlap_unconditioned,6,10,single_block,direct_dispatch,2ba514276e139d381b7b19bf859e964ad7e1b157ca9f234909fb87328f08ec28,100.77227700094227,1.7538000029162504,0.0017999991541728377,753.0259999984992,102.52787700301269,execute,direct_candidate_atomically_published,not_applicable,,True,10,10,True,False,True,False,False,False,False,0,False,False,0,10,1,10,0,0,10,0,False,True,0.19299215158328148,0.19299215158328148,0.19299215158328148,1.0
armbench.pi05_integrated_panda_cpu_replay.v1,row_00763__single_block__qp_projection,libero_10__task_00__episode_06,0,763,libero_10,0,overlap_unconditioned,libero_10__task_00__episode_06__overlap_unconditioned,6,10,single_block,qp_projection,2ba514276e139d381b7b19bf859e964ad7e1b157ca9f234909fb87328f08ec28,100.77227700094227,1.7538000029162504,27.91589999833377,662.6685999945039,130.4419770021923,hold,software_budget_exceeded,not_applicable,qp_or_activation,True,10,0,False,False,True,False,False,False,True,10,True,False,0,7,1,10,0,0,10,0,False,False,0.19299215158328148,0.14156808661151832,0.0,0.0
armbench.pi05_integrated_panda_cpu_replay.v1,row_00763__single_block__full_assurance,libero_10__task_00__episode_06,0,763,libero_10,0,overlap_unconditioned,libero_10__task_00__episode_06__overlap_unconditioned,6,10,single_block,full_assurance,2ba514276e139d381b7b19bf859e964ad7e1b157ca9f234909fb87328f08ec28,100.77227700094227,1.7538000029162504,43.85470000124769,686.1691000012797,149.5260770097957,hold,supervision_budget_exceeded,hold,supervision_budget,True,10,0,False,False,True,True,True,True,True,10,True,False,0,7,1,10,0,0,10,0,False,False,0.19299215158328148,0.14156808661151832,0.0,0.0
armbench.pi05_integrated_panda_cpu_replay.v1,row_00763__narrow_gate__direct_dispatch,libero_10__task_00__episode_06,0,763,libero_10,0,overlap_unconditioned,libero_10__task_00__episode_06__overlap_unconditioned,6,10,narrow_gate,direct_dispatch,2ba514276e139d381b7b19bf859e964ad7e1b157ca9f234909fb87328f08ec28,100.77227700094227,2.715199996600859,0.0022000021999701858,1021.9082000039634,103.4896769997431,execute,direct_candidate_atomically_published,not_applicable,,True,10,10,True,False,True,False,False,False,False,0,False,False,0,10,1,10,0,0,10,0,False,True,0.19299215158328148,0.19299215158328148,0.19299215158328148,1.0
armbench.pi05_integrated_panda_cpu_replay.v1,row_00763__narrow_gate__qp_projection,libero_10__task_00__episode_06,0,763,libero_10,0,overlap_unconditioned,libero_10__task_00__episode_06__overlap_unconditioned,6,10,narrow_gate,qp_projection,2ba514276e139d381b7b19bf859e964ad7e1b157ca9f234909fb87328f08ec28,100.77227700094227,2.715199996600859,27.339199994457886,839.6699000004446,130.826676992001,hold,software_budget_exceeded,not_applicable,qp_or_activation,True,10,0,False,False,True,False,False,False,True,10,True,False,0,7,1,10,0,0,10,0,False,False,0.19299215158328148,0.14156808661151832,0.0,0.0
armbench.pi05_integrated_panda_cpu_replay.v1,row_00763__narrow_gate__full_assurance,libero_10__task_00__episode_06,0,763,libero_10,0,overlap_unconditioned,libero_10__task_00__episode_06__overlap_unconditioned,6,10,narrow_gate,full_assurance,2ba514276e139d381b7b19bf859e964ad7e1b157ca9f234909fb87328f08ec28,100.77227700094227,2.715199996600859,38.3880000008503,807.8824000040186,134.48747700022068,hold,supervision_budget_exceeded,hold,supervision_budget,True,10,0,False,False,True,True,True,True,True,10,True,False,0,7,1,10,0,0,10,0,False,False,0.19299215158328148,0.14156808661151832,0.0,0.0
armbench.pi05_integrated_panda_cpu_replay.v1,row_00458__free_space__direct_dispatch,libero_10__task_00__episode_04,1,458,libero_10,0,projected_overlap,libero_10__task_00__episode_04__projected_overlap,4,28,free_space,direct_dispatch,539d85427650fb89affee25f827ab92f2803af4f4686cdda7625ebbcfc4e125f,80.66476900421549,1.9230000034440309,0.0018999999156221747,771.2240000037127,82.58966900757514,execute,direct_candidate_atomically_published,not_applicable,,True,10,10,True,False,True,False,False,False,False,0,False,False,0,10,1,10,0,0,10,0,False,True,0.20126673496477257,0.20126673496477257,0.20126673496477257,1.0
armbench.pi05_integrated_panda_cpu_replay.v1,row_00458__free_space__qp_projection,libero_10__task_00__episode_04,1,458,libero_10,0,projected_overlap,libero_10__task_00__episode_04__projected_overlap,4,28,free_space,qp_projection,539d85427650fb89affee25f827ab92f2803af4f4686cdda7625ebbcfc4e125f,80.66476900421549,1.9230000034440309,25.1600999981747,597.565999996732,107.74786900583422,hold,software_budget_exceeded,not_applicable,qp_or_activation,True,10,0,False,False,True,False,False,False,True,10,True,False,0,6,1,10,0,0,10,1,False,False,0.20126673496477257,0.15739430653946174,0.0,0.0
armbench.pi05_integrated_panda_cpu_replay.v1,row_00458__free_space__full_assurance,libero_10__task_00__episode_04,1,458,libero_10,0,projected_overlap,libero_10__task_00__episode_04__projected_overlap,4,28,free_space,full_assurance,539d85427650fb89affee25f827ab92f2803af4f4686cdda7625ebbcfc4e125f,80.66476900421549,1.9230000034440309,36.34060000331374,589.8146999970777,113.58776901033707,hold,supervision_budget_exceeded,hold,supervision_budget,True,10,0,False,False,True,True,True,True,True,10,True,False,0,6,1,10,0,0,10,1,False,False,0.20126673496477257,0.15739430653946174,0.0,0.0
armbench.pi05_integrated_panda_cpu_replay.v1,row_00458__single_block__direct_dispatch,libero_10__task_00__episode_04,1,458,libero_10,0,projected_overlap,libero_10__task_00__episode_04__projected_overlap,4,28,single_block,direct_dispatch,539d85427650fb89affee25f827ab92f2803af4f4686cdda7625ebbcfc4e125f,80.66476900421549,1.843199999711942,0.0022000021999701858,895.5251000006683,82.5101690061274,execute,direct_candidate_atomically_published,not_applicable,,True,10,10,True,False,True,False,False,False,False,0,False,False,0,10,1,10,0,0,10,0,False,True,0.20126673496477257,0.20126673496477257,0.20126673496477257,1.0
armbench.pi05_integrated_panda_cpu_replay.v1,row_00458__single_block__qp_projection,libero_10__task_00__episode_04,1,458,libero_10,0,projected_overlap,libero_10__task_00__episode_04__projected_overlap,4,28,single_block,qp_projection,539d85427650fb89affee25f827ab92f2803af4f4686cdda7625ebbcfc4e125f,80.66476900421549,1.843199999711942,29.036799998721108,686.7658000046504,111.54476900264854,hold,software_budget_exceeded,not_applicable,qp_or_activation,True,10,0,False,False,True,False,False,False,True,10,True,False,0,6,1,10,0,0,10,1,False,False,0.20126673496477257,0.15739430653946174,0.0,0.0
armbench.pi05_integrated_panda_cpu_replay.v1,row_00458__single_block__full_assurance,libero_10__task_00__episode_04,1,458,libero_10,0,projected_overlap,libero_10__task_00__episode_04__projected_overlap,4,28,single_block,full_assurance,539d85427650fb89affee25f827ab92f2803af4f4686cdda7625ebbcfc4e125f,80.66476900421549,1.843199999711942,43.914699999731965,641.2733999968623,129.50796900258865,hold,supervision_budget_exceeded,hold,supervision_budget,True,10,0,False,False,True,True,True,True,True,10,True,False,0,6,1,10,0,0,10,1,False,False,0.20126673496477257,0.15739430653946174,0.0,0.0
armbench.pi05_integrated_panda_cpu_replay.v1,row_00458__narrow_gate__direct_dispatch,libero_10__task_00__episode_04,1,458,libero_10,0,projected_overlap,libero_10__task_00__episode_04__projected_overlap,4,28,narrow_gate,direct_dispatch,539d85427650fb89affee25f827ab92f2803af4f4686cdda7625ebbcfc4e125f,80.66476900421549,2.4956999986898154,0.0022000021999701858,1024.8568000024534,83.16266900510527,execute,direct_candidate_atomically_published,not_applicable,,True,10,10,True,False,True,False,False,False,False,0,False,False,0,10,1,10,0,0,10,0,False,True,0.20126673496477257,0.20126673496477257,0.20126673496477257,1.0
armbench.pi05_integrated_panda_cpu_replay.v1,row_00458__narrow_gate__qp_projection,libero_10__task_00__episode_04,1,458,libero_10,0,projected_overlap,libero_10__task_00__episode_04__projected_overlap,4,28,narrow_gate,qp_projection,539d85427650fb89affee25f827ab92f2803af4f4686cdda7625ebbcfc4e125f,80.66476900421549,2.4956999986898154,29.337400002987124,799.6552000040538,112.49786900589243,hold,software_budget_exceeded,not_applicable,qp_or_activation,True,10,0,False,False,True,False,False,False,True,10,True,False,0,6,1,10,0,0,10,1,False,False,0.20126673496477257,0.15739430653946174,0.0,0.0
armbench.pi05_integrated_panda_cpu_replay.v1,row_00458__narrow_gate__full_assurance,libero_10__task_00__episode_04,1,458,libero_10,0,projected_overlap,libero_10__task_00__episode_04__projected_overlap,4,28,narrow_gate,full_assurance,539d85427650fb89affee25f827ab92f2803af4f4686cdda7625ebbcfc4e125f,80.66476900421549,2.4956999986898154,32.71200000017416,689.4795999978669,114.16046900558285,hold,supervision_budget_exceeded,hold,supervision_budget,True,10,0,False,False,True,True,True,True,True,10,True,False,0,6,1,10,0,0,10,1,False,False,0.20126673496477257,0.15739430653946174,0.0,0.0
armbench.pi05_integrated_panda_cpu_replay.v1,row_00222__free_space__direct_dispatch,libero_10__task_00__episode_03,2,222,libero_10,0,rtc_guided_overlap,libero_10__task_00__episode_03__rtc_guided_overlap,3,22,free_space,direct_dispatch,7ed64e746df909ff0c71898c554048b30bb88de50d94a6f43787c50679b174e2,169.86530199937988,1.6770000001997687,0.0016999983927235007,833.8578999973834,171.54400199797237,execute,direct_candidate_atomically_published,not_applicable,,True,10,10,True,False,True,False,False,False,False,0,False,False,0,10,1,10,0,0,10,0,False,True,0.2853730688270702,0.2853730688270702,0.2853730688270702,1.0
armbench.pi05_integrated_panda_cpu_replay.v1,row_00222__free_space__qp_projection,libero_10__task_00__episode_03,2,222,libero_10,0,rtc_guided_overlap,libero_10__task_00__episode_03__rtc_guided_overlap,3,22,free_space,qp_projection,7ed64e746df909ff0c71898c554048b30bb88de50d94a6f43787c50679b174e2,169.86530199937988,1.6770000001997687,33.26079999533249,594.7227999931783,204.80310199491214,hold,response_deadline_exceeded_before_activation,not_applicable,qp_or_activation,True,10,0,False,False,True,False,False,False,True,10,True,True,0,7,1,10,0,0,10,0,False,False,0.2853730688270702,0.23534078227847977,0.0,0.0
armbench.pi05_integrated_panda_cpu_replay.v1,row_00222__free_space__full_assurance,libero_10__task_00__episode_03,2,222,libero_10,0,rtc_guided_overlap,libero_10__task_00__episode_03__rtc_guided_overlap,3,22,free_space,full_assurance,7ed64e746df909ff0c71898c554048b30bb88de50d94a6f43787c50679b174e2,169.86530199937988,1.6770000001997687,36.19980000075884,559.4820999976946,202.54230199498124,hold,supervision_budget_exceeded,hold,supervision_budget,True,10,0,False,False,True,True,True,True,True,10,True,True,0,7,1,10,0,0,10,0,False,False,0.2853730688270702,0.23534078227847977,0.0,0.0
armbench.pi05_integrated_panda_cpu_replay.v1,row_00222__single_block__direct_dispatch,libero_10__task_00__episode_03,2,222,libero_10,0,rtc_guided_overlap,libero_10__task_00__episode_03__rtc_guided_overlap,3,22,single_block,direct_dispatch,7ed64e746df909ff0c71898c554048b30bb88de50d94a6f43787c50679b174e2,169.86530199937988,2.0299000025261194,0.0020000006770715117,916.5783999997075,171.89720200258307,execute,direct_candidate_atomically_published,not_applicable,,True,10,10,True,False,True,False,False,False,False,0,False,False,0,10,1,10,0,0,10,0,False,True,0.2853730688270702,0.2853730688270702,0.2853730688270702,1.0
armbench.pi05_integrated_panda_cpu_replay.v1,row_00222__single_block__qp_projection,libero_10__task_00__episode_03,2,222,libero_10,0,rtc_guided_overlap,libero_10__task_00__episode_03__rtc_guided_overlap,3,22,single_block,qp_projection,7ed64e746df909ff0c71898c554048b30bb88de50d94a6f43787c50679b174e2,169.86530199937988,2.0299000025261194,27.951300005952362,733.6170999988099,199.84650200785836,hold,software_budget_exceeded,not_applicable,qp_or_activation,True,10,0,False,False,True,False,False,False,True,10,True,False,0,7,1,10,0,0,10,0,False,False,0.2853730688270702,0.23534078227847977,0.0,0.0
armbench.pi05_integrated_panda_cpu_replay.v1,row_00222__single_block__full_assurance,libero_10__task_00__episode_03,2,222,libero_10,0,rtc_guided_overlap,libero_10__task_00__episode_03__rtc_guided_overlap,3,22,single_block,full_assurance,7ed64e746df909ff0c71898c554048b30bb88de50d94a6f43787c50679b174e2,169.86530199937988,2.0299000025261194,39.586400002008304,697.6503999976558,202.89520200458355,hold,supervision_budget_exceeded,hold,supervision_budget,True,10,0,False,False,True,True,True,True,True,10,True,True,0,7,1,10,0,0,10,0,False,False,0.2853730688270702,0.23534078227847977,0.0,0.0
armbench.pi05_integrated_panda_cpu_replay.v1,row_00222__narrow_gate__direct_dispatch,libero_10__task_00__episode_03,2,222,libero_10,0,rtc_guided_overlap,libero_10__task_00__episode_03__rtc_guided_overlap,3,22,narrow_gate,direct_dispatch,7ed64e746df909ff0c71898c554048b30bb88de50d94a6f43787c50679b174e2,169.86530199937988,1.8492999952286482,0.0020000006770715117,961.1121000052663,171.7166019952856,execute,direct_candidate_atomically_published,not_applicable,,True,10,10,True,False,True,False,False,False,False,0,False,False,0,10,1,10,4,0,10,4,False,True,0.2853730688270702,0.2853730688270702,0.2853730688270702,1.0
armbench.pi05_integrated_panda_cpu_replay.v1,row_00222__narrow_gate__qp_projection,libero_10__task_00__episode_03,2,222,libero_10,0,rtc_guided_overlap,libero_10__task_00__episode_03__rtc_guided_overlap,3,22,narrow_gate,qp_projection,7ed64e746df909ff0c71898c554048b30bb88de50d94a6f43787c50679b174e2,169.86530199937988,1.8492999952286482,22.221400002308656,433.8216000032844,193.93600199691718,hold,software_budget_exceeded,not_applicable,qp_or_activation,True,10,0,False,False,True,False,False,False,True,10,True,False,0,7,1,10,3,0,10,5,False,False,0.2853730688270702,0.23534078227847977,0.0,0.0
armbench.pi05_integrated_panda_cpu_replay.v1,row_00222__narrow_gate__full_assurance,libero_10__task_00__episode_03,2,222,libero_10,0,rtc_guided_overlap,libero_10__task_00__episode_03__rtc_guided_overlap,3,22,narrow_gate,full_assurance,7ed64e746df909ff0c71898c554048b30bb88de50d94a6f43787c50679b174e2,169.86530199937988,1.8492999952286482,31.75990000454476,415.3805999958422,202.71460199728608,hold,supervision_budget_exceeded,hold,supervision_budget,True,10,0,False,False,True,True,True,True,True,10,True,True,0,7,1,10,3,0,10,5,False,False,0.2853730688270702,0.23534078227847977,0.0,0.0
armbench.pi05_integrated_panda_cpu_replay.v1,row_01467__free_space__direct_dispatch,libero_10__task_01__episode_06,3,1467,libero_10,1,overlap_unconditioned,libero_10__task_01__episode_06__overlap_unconditioned,6,38,free_space,direct_dispatch,0d05a20d8a90b30eac6e6dfc2e65c5d447cb062d06863c48db1367dbdc8d27af,90.74582400353393,1.577700000780169,0.0017999991541728377,517.2097000031499,92.32532400346827,execute,direct_candidate_atomically_published,not_applicable,,True,10,10,True,False,True,False,False,False,False,0,False,False,0,6,4,10,0,0,10,0,False,True,0.08933985512570647,0.08933985512570647,0.08933985512570647,1.0
armbench.pi05_integrated_panda_cpu_replay.v1,row_01467__free_space__qp_projection,libero_10__task_01__episode_06,3,1467,libero_10,1,overlap_unconditioned,libero_10__task_01__episode_06__overlap_unconditioned,6,38,free_space,qp_projection,0d05a20d8a90b30eac6e6dfc2e65c5d447cb062d06863c48db1367dbdc8d27af,90.74582400353393,1.577700000780169,23.354299999482464,503.387600001588,115.67782400379656,hold,software_budget_exceeded,not_applicable,qp_or_activation,True,10,0,False,False,True,False,False,False,True,10,True,False,0,5,0,10,0,0,10,0,False,False,0.08933985512570647,0.07309726767602455,0.0,0.0
armbench.pi05_integrated_panda_cpu_replay.v1,row_01467__free_space__full_assurance,libero_10__task_01__episode_06,3,1467,libero_10,1,overlap_unconditioned,libero_10__task_01__episode_06__overlap_unconditioned,6,38,free_space,full_assurance,0d05a20d8a90b30eac6e6dfc2e65c5d447cb062d06863c48db1367dbdc8d27af,90.74582400353393,1.577700000780169,39.5180999985314,481.5507000021171,138.32352400640957,hold,supervision_budget_exceeded,hold,supervision_budget,True,10,0,False,False,True,True,True,True,True,10,True,False,0,5,0,10,0,0,10,0,False,False,0.08933985512570647,0.07309726767602455,0.0,0.0
armbench.pi05_integrated_panda_cpu_replay.v1,row_01467__single_block__direct_dispatch,libero_10__task_01__episode_06,3,1467,libero_10,1,overlap_unconditioned,libero_10__task_01__episode_06__overlap_unconditioned,6,38,single_block,direct_dispatch,0d05a20d8a90b30eac6e6dfc2e65c5d447cb062d06863c48db1367dbdc8d27af,90.74582400353393,2.0040000017615966,0.0021000014385208488,610.8506999953534,92.75192400673404,execute,direct_candidate_atomically_published,not_applicable,,True,10,10,True,False,True,False,False,False,False,0,False,False,0,6,4,10,0,0,10,0,False,True,0.08933985512570647,0.08933985512570647,0.08933985512570647,1.0
armbench.pi05_integrated_panda_cpu_replay.v1,row_01467__single_block__qp_projection,libero_10__task_01__episode_06,3,1467,libero_10,1,overlap_unconditioned,libero_10__task_01__episode_06__overlap_unconditioned,6,38,single_block,qp_projection,0d05a20d8a90b30eac6e6dfc2e65c5d447cb062d06863c48db1367dbdc8d27af,90.74582400353393,2.0040000017615966,22.676299995509908,614.3912999978056,115.42612400080543,hold,software_budget_exceeded,not_applicable,qp_or_activation,True,10,0,False,False,True,False,False,False,True,10,True,False,0,5,0,10,0,0,10,0,False,False,0.08933985512570647,0.07309726767602455,0.0,0.0
armbench.pi05_integrated_panda_cpu_replay.v1,row_01467__single_block__full_assurance,libero_10__task_01__episode_06,3,1467,libero_10,1,overlap_unconditioned,libero_10__task_01__episode_06__overlap_unconditioned,6,38,single_block,full_assurance,0d05a20d8a90b30eac6e6dfc2e65c5d447cb062d06863c48db1367dbdc8d27af,90.74582400353393,2.0040000017615966,44.359999999869615,623.0651999940164,139.74982400395675,hold,supervision_budget_exceeded,hold,supervision_budget,True,10,0,False,False,True,True,True,True,True,10,True,False,0,5,0,10,0,0,10,0,False,False,0.08933985512570647,0.07309726767602455,0.0,0.0
armbench.pi05_integrated_panda_cpu_replay.v1,row_01467__narrow_gate__direct_dispatch,libero_10__task_01__episode_06,3,1467,libero_10,1,overlap_unconditioned,libero_10__task_01__episode_06__overlap_unconditioned,6,38,narrow_gate,direct_dispatch,0d05a20d8a90b30eac6e6dfc2e65c5d447cb062d06863c48db1367dbdc8d27af,90.74582400353393,1.7369999986840412,0.0020000006770715117,682.9434000028414,92.48482400289504,execute,direct_candidate_atomically_published,not_applicable,,True,10,10,True,False,True,False,False,False,False,0,False,False,0,6,4,10,0,0,10,0,False,True,0.08933985512570647,0.08933985512570647,0.08933985512570647,1.0
armbench.pi05_integrated_panda_cpu_replay.v1,row_01467__narrow_gate__qp_projection,libero_10__task_01__episode_06,3,1467,libero_10,1,overlap_unconditioned,libero_10__task_01__episode_06__overlap_unconditioned,6,38,narrow_gate,qp_projection,0d05a20d8a90b30eac6e6dfc2e65c5d447cb062d06863c48db1367dbdc8d27af,90.74582400353393,1.7369999986840412,23.709900000540074,666.1557999977958,116.19272400275804,hold,software_budget_exceeded,not_applicable,qp_or_activation,True,10,0,False,False,True,False,False,False,True,10,True,False,0,5,0,10,0,0,10,0,False,False,0.08933985512570647,0.07309726767602455,0.0,0.0
armbench.pi05_integrated_panda_cpu_replay.v1,row_01467__narrow_gate__full_assurance,libero_10__task_01__episode_06,3,1467,libero_10,1,overlap_unconditioned,libero_10__task_01__episode_06__overlap_unconditioned,6,38,narrow_gate,full_assurance,0d05a20d8a90b30eac6e6dfc2e65c5d447cb062d06863c48db1367dbdc8d27af,90.74582400353393,1.7369999986840412,40.1140000030864,675.3779999999097,123.48282399761956,hold,supervision_budget_exceeded,hold,supervision_budget,True,10,0,False,False,True,True,True,True,True,10,True,False,0,5,0,10,0,0,10,0,False,False,0.08933985512570647,0.07309726767602455,0.0,0.0
armbench.pi05_integrated_panda_cpu_replay.v1,row_00954__free_space__direct_dispatch,libero_10__task_01__episode_02,4,954,libero_10,1,projected_overlap,libero_10__task_01__episode_02__projected_overlap,2,30,free_space,direct_dispatch,8c426cf29f252a7c103234ca72eff693daec4272e1eff735e0f325be6c8368bb,82.0072499991511,2.070299997285474,0.0018999999156221747,696.0088000050746,84.0794499963522,execute,direct_candidate_atomically_published,not_applicable,,True,10,10,True,False,True,False,False,False,False,0,False,False,0,10,1,10,0,0,10,1,False,True,0.27762149489009263,0.27762149489009263,0.27762149489009263,1.0
armbench.pi05_integrated_panda_cpu_replay.v1,row_00954__free_space__qp_projection,libero_10__task_01__episode_02,4,954,libero_10,1,projected_overlap,libero_10__task_01__episode_02__projected_overlap,2,30,free_space,qp_projection,8c426cf29f252a7c103234ca72eff693daec4272e1eff735e0f325be6c8368bb,82.0072499991511,2.070299997285474,21.810199999890756,596.7681999973138,105.88774999632733,hold,software_budget_exceeded,not_applicable,qp_or_activation,True,10,0,False,False,True,False,False,False,True,10,True,False,0,7,1,10,0,0,10,0,False,False,0.27762149489009263,0.23020019949900125,0.0,0.0
armbench.pi05_integrated_panda_cpu_replay.v1,row_00954__free_space__full_assurance,libero_10__task_01__episode_02,4,954,libero_10,1,projected_overlap,libero_10__task_01__episode_02__projected_overlap,2,30,free_space,full_assurance,8c426cf29f252a7c103234ca72eff693daec4272e1eff735e0f325be6c8368bb,82.0072499991511,2.070299997285474,28.507099996204488,610.5348999990383,115.07754999911413,hold,supervision_budget_exceeded,hold,supervision_budget,True,10,0,False,False,True,True,True,True,True,10,True,False,0,7,1,10,0,0,10,0,False,False,0.27762149489009263,0.23020019949900125,0.0,0.0
armbench.pi05_integrated_panda_cpu_replay.v1,row_00954__single_block__direct_dispatch,libero_10__task_01__episode_02,4,954,libero_10,1,projected_overlap,libero_10__task_01__episode_02__projected_overlap,2,30,single_block,direct_dispatch,8c426cf29f252a7c103234ca72eff693daec4272e1eff735e0f325be6c8368bb,82.0072499991511,1.7615999968256801,0.0018999999156221747,777.3529999976745,83.7707499958924,execute,direct_candidate_atomically_published,not_applicable,,True,10,10,True,False,True,False,False,False,False,0,False,False,0,10,1,10,0,0,10,1,False,True,0.27762149489009263,0.27762149489009263,0.27762149489009263,1.0
armbench.pi05_integrated_panda_cpu_replay.v1,row_00954__single_block__qp_projection,libero_10__task_01__episode_02,4,954,libero_10,1,projected_overlap,libero_10__task_01__episode_02__projected_overlap,2,30,single_block,qp_projection,8c426cf29f252a7c103234ca72eff693daec4272e1eff735e0f325be6c8368bb,82.0072499991511,1.7615999968256801,23.932199997943826,648.3507000011741,107.7010499939206,hold,software_budget_exceeded,not_applicable,qp_or_activation,True,10,0,False,False,True,False,False,False,True,10,True,False,0,7,1,10,0,0,10,0,False,False,0.27762149489009263,0.23020019949900125,0.0,0.0
armbench.pi05_integrated_panda_cpu_replay.v1,row_00954__single_block__full_assurance,libero_10__task_01__episode_02,4,954,libero_10,1,projected_overlap,libero_10__task_01__episode_02__projected_overlap,2,30,single_block,full_assurance,8c426cf29f252a7c103234ca72eff693daec4272e1eff735e0f325be6c8368bb,82.0072499991511,1.7615999968256801,34.03290000278503,687.5514999992447,114.76884999137837,hold,supervision_budget_exceeded,hold,supervision_budget,True,10,0,False,False,True,True,True,True,True,10,True,False,0,7,1,10,0,0,10,0,False,False,0.27762149489009263,0.23020019949900125,0.0,0.0
armbench.pi05_integrated_panda_cpu_replay.v1,row_00954__narrow_gate__direct_dispatch,libero_10__task_01__episode_02,4,954,libero_10,1,projected_overlap,libero_10__task_01__episode_02__projected_overlap,2,30,narrow_gate,direct_dispatch,8c426cf29f252a7c103234ca72eff693daec4272e1eff735e0f325be6c8368bb,82.0072499991511,1.7997999966610223,0.0018999999156221747,1026.41279999807,83.80894999572774,execute,direct_candidate_atomically_published,not_applicable,,True,10,10,True,False,True,False,False,False,False,0,False,False,0,10,1,10,0,0,10,1,False,True,0.27762149489009263,0.27762149489009263,0.27762149489009263,1.0
armbench.pi05_integrated_panda_cpu_replay.v1,row_00954__narrow_gate__qp_projection,libero_10__task_01__episode_02,4,954,libero_10,1,projected_overlap,libero_10__task_01__episode_02__projected_overlap,2,30,narrow_gate,qp_projection,8c426cf29f252a7c103234ca72eff693daec4272e1eff735e0f325be6c8368bb,82.0072499991511,1.7997999966610223,25.426899999729358,849.6887000001152,109.23394999554148,hold,software_budget_exceeded,not_applicable,qp_or_activation,True,10,0,False,False,True,False,False,False,True,10,True,False,0,7,1,10,0,0,10,0,False,False,0.27762149489009263,0.23020019949900125,0.0,0.0
armbench.pi05_integrated_panda_cpu_replay.v1,row_00954__narrow_gate__full_assurance,libero_10__task_01__episode_02,4,954,libero_10,1,projected_overlap,libero_10__task_01__episode_02__projected_overlap,2,30,narrow_gate,full_assurance,8c426cf29f252a7c103234ca72eff693daec4272e1eff735e0f325be6c8368bb,82.0072499991511,1.7997999966610223,27.186400002392475,795.9735000040382,98.80704999523005,hold,supervision_budget_exceeded,hold,supervision_budget,True,10,0,False,False,True,True,True,True,True,10,True,False,0,7,1,10,0,0,10,0,False,False,0.27762149489009263,0.23020019949900125,0.0,0.0
armbench.pi05_integrated_panda_cpu_replay.v1,row_01576__free_space__direct_dispatch,libero_10__task_01__episode_06,5,1576,libero_10,1,rtc_guided_overlap,libero_10__task_01__episode_06__rtc_guided_overlap,6,48,free_space,direct_dispatch,a51612a00a37d0ea3749eb912a6f60afe1d9cd2ca5587f61e5ab60e8a19f447a,107.60792999644764,2.178200003982056,0.0017999991541728377,697.2664999993867,109.78792999958387,execute,direct_candidate_atomically_published,not_applicable,,True,10,10,True,False,True,False,False,False,False,0,False,False,0,6,5,10,0,0,10,0,False,True,0.04725215003303269,0.04725215003303269,0.04725215003303269,1.0
armbench.pi05_integrated_panda_cpu_replay.v1,row_01576__free_space__qp_projection,libero_10__task_01__episode_06,5,1576,libero_10,1,rtc_guided_overlap,libero_10__task_01__episode_06__rtc_guided_overlap,6,48,free_space,qp_projection,a51612a00a37d0ea3749eb912a6f60afe1d9cd2ca5587f61e5ab60e8a19f447a,107.60792999644764,2.178200003982056,25.211300002411008,456.61919999838574,134.9974300028407,hold,software_budget_exceeded,not_applicable,qp_or_activation,True,10,0,False,False,True,False,False,False,True,10,True,False,0,0,0,10,0,0,10,1,False,False,0.04725215003303269,0.04739650015410942,0.0,0.0
armbench.pi05_integrated_panda_cpu_replay.v1,row_01576__free_space__full_assurance,libero_10__task_01__episode_06,5,1576,libero_10,1,rtc_guided_overlap,libero_10__task_01__episode_06__rtc_guided_overlap,6,48,free_space,full_assurance,a51612a00a37d0ea3749eb912a6f60afe1d9cd2ca5587f61e5ab60e8a19f447a,107.60792999644764,2.178200003982056,37.44620000361465,448.8758000006783,140.7861299958313,hold,supervision_budget_exceeded,hold,supervision_budget,True,10,0,False,False,True,True,True,True,True,10,True,False,0,0,0,10,0,0,10,1,False,False,0.04725215003303269,0.04739650015410942,0.0,0.0
armbench.pi05_integrated_panda_cpu_replay.v1,row_01576__single_block__direct_dispatch,libero_10__task_01__episode_06,5,1576,libero_10,1,rtc_guided_overlap,libero_10__task_01__episode_06__rtc_guided_overlap,6,48,single_block,direct_dispatch,a51612a00a37d0ea3749eb912a6f60afe1d9cd2ca5587f61e5ab60e8a19f447a,107.60792999644764,1.8761999963317066,0.0018999999156221747,680.673899994872,109.48602999269497,execute,direct_candidate_atomically_published,not_applicable,,True,10,10,True,False,True,False,False,False,False,0,False,False,0,6,5,10,0,0,10,0,False,True,0.04725215003303269,0.04725215003303269,0.04725215003303269,1.0
armbench.pi05_integrated_panda_cpu_replay.v1,row_01576__single_block__qp_projection,libero_10__task_01__episode_06,5,1576,libero_10,1,rtc_guided_overlap,libero_10__task_01__episode_06__rtc_guided_overlap,6,48,single_block,qp_projection,a51612a00a37d0ea3749eb912a6f60afe1d9cd2ca5587f61e5ab60e8a19f447a,107.60792999644764,1.8761999963317066,24.459100000967737,499.8208999968483,133.94322999374708,hold,software_budget_exceeded,not_applicable,qp_or_activation,True,10,0,False,False,True,False,False,False,True,10,True,False,0,0,0,10,0,0,10,1,False,False,0.04725215003303269,0.04739650015410942,0.0,0.0
armbench.pi05_integrated_panda_cpu_replay.v1,row_01576__single_block__full_assurance,libero_10__task_01__episode_06,5,1576,libero_10,1,rtc_guided_overlap,libero_10__task_01__episode_06__rtc_guided_overlap,6,48,single_block,full_assurance,a51612a00a37d0ea3749eb912a6f60afe1d9cd2ca5587f61e5ab60e8a19f447a,107.60792999644764,1.8761999963317066,27.93020000535762,503.30460000259336,124.48412999219727,hold,supervision_budget_exceeded,hold,supervision_budget,True,10,0,False,False,True,True,True,True,True,10,True,False,0,0,0,10,0,0,10,1,False,False,0.04725215003303269,0.04739650015410942,0.0,0.0
armbench.pi05_integrated_panda_cpu_replay.v1,row_01576__narrow_gate__direct_dispatch,libero_10__task_01__episode_06,5,1576,libero_10,1,rtc_guided_overlap,libero_10__task_01__episode_06__rtc_guided_overlap,6,48,narrow_gate,direct_dispatch,a51612a00a37d0ea3749eb912a6f60afe1d9cd2ca5587f61e5ab60e8a19f447a,107.60792999644764,1.7473999978392385,0.0017999991541728377,791.4336000030744,109.35712999344105,execute,direct_candidate_atomically_published,not_applicable,,True,10,10,True,False,True,False,False,False,False,0,False,False,0,6,5,10,0,0,10,0,False,True,0.04725215003303269,0.04725215003303269,0.04725215003303269,1.0
armbench.pi05_integrated_panda_cpu_replay.v1,row_01576__narrow_gate__qp_projection,libero_10__task_01__episode_06,5,1576,libero_10,1,rtc_guided_overlap,libero_10__task_01__episode_06__rtc_guided_overlap,6,48,narrow_gate,qp_projection,a51612a00a37d0ea3749eb912a6f60afe1d9cd2ca5587f61e5ab60e8a19f447a,107.60792999644764,1.7473999978392385,26.32850000372855,565.9274999998161,135.68382999801543,hold,software_budget_exceeded,not_applicable,qp_or_activation,True,10,0,False,False,True,False,False,False,True,10,True,False,0,0,0,10,0,0,10,1,False,False,0.04725215003303269,0.04739650015410942,0.0,0.0
armbench.pi05_integrated_panda_cpu_replay.v1,row_01576__narrow_gate__full_assurance,libero_10__task_01__episode_06,5,1576,libero_10,1,rtc_guided_overlap,libero_10__task_01__episode_06__rtc_guided_overlap,6,48,narrow_gate,full_assurance,a51612a00a37d0ea3749eb912a6f60afe1d9cd2ca5587f61e5ab60e8a19f447a,107.60792999644764,1.7473999978392385,36.59249999327585,591.5075999946566,156.3553299929481,hold,supervision_budget_exceeded,hold,supervision_budget,True,10,0,False,False,True,True,True,True,True,10,True,False,0,0,0,10,0,0,10,1,False,False,0.04725215003303269,0.04739650015410942,0.0,0.0
armbench.pi05_integrated_panda_cpu_replay.v1,row_02114__free_space__direct_dispatch,libero_10__task_02__episode_05,6,2114,libero_10,2,overlap_unconditioned,libero_10__task_02__episode_05__overlap_unconditioned,5,23,free_space,direct_dispatch,3c8a04cfba03e28f556b668ecfc39ba1f3c6f600ae28115bb0d484f228805822,82.59507299953839,1.978400003281422,0.0020000006770715117,756.3773000001675,84.57547300349688,execute,direct_candidate_atomically_published,not_applicable,,True,10,10,True,False,True,False,False,False,False,0,False,False,0,10,1,10,0,0,10,0,False,True,0.19973118741914195,0.19973118741914195,0.19973118741914195,1.0
armbench.pi05_integrated_panda_cpu_replay.v1,row_02114__free_space__qp_projection,libero_10__task_02__episode_05,6,2114,libero_10,2,overlap_unconditioned,libero_10__task_02__episode_05__overlap_unconditioned,5,23,free_space,qp_projection,3c8a04cfba03e28f556b668ecfc39ba1f3c6f600ae28115bb0d484f228805822,82.59507299953839,1.978400003281422,23.569100005261134,589.3700000015087,108.14257300808094,hold,software_budget_exceeded,not_applicable,qp_or_activation,True,10,0,False,False,True,False,False,False,True,10,True,False,0,7,1,10,0,0,10,0,False,False,0.19973118741914195,0.17556517081965875,0.0,0.0
armbench.pi05_integrated_panda_cpu_replay.v1,row_02114__free_space__full_assurance,libero_10__task_02__episode_05,6,2114,libero_10,2,overlap_unconditioned,libero_10__task_02__episode_05__overlap_unconditioned,5,23,free_space,full_assurance,3c8a04cfba03e28f556b668ecfc39ba1f3c6f600ae28115bb0d484f228805822,82.59507299953839,1.978400003281422,27.5578000000678,605.975499995111,115.57347300549736,hold,supervision_budget_exceeded,hold,supervision_budget,True,10,0,False,False,True,True,True,True,True,10,True,False,0,7,1,10,0,0,10,0,False,False,0.19973118741914195,0.17556517081965875,0.0,0.0
armbench.pi05_integrated_panda_cpu_replay.v1,row_02114__single_block__direct_dispatch,libero_10__task_02__episode_05,6,2114,libero_10,2,overlap_unconditioned,libero_10__task_02__episode_05__overlap_unconditioned,5,23,single_block,direct_dispatch,3c8a04cfba03e28f556b668ecfc39ba1f3c6f600ae28115bb0d484f228805822,82.59507299953839,2.4574999988544732,0.0020000006770715117,813.3931999982451,85.05457299906993,execute,direct_candidate_atomically_published,not_applicable,,True,10,10,True,False,True,False,False,False,False,0,False,False,0,10,1,10,0,0,10,0,False,True,0.19973118741914195,0.19973118741914195,0.19973118741914195,1.0
armbench.pi05_integrated_panda_cpu_replay.v1,row_02114__single_block__qp_projection,libero_10__task_02__episode_05,6,2114,libero_10,2,overlap_unconditioned,libero_10__task_02__episode_05__overlap_unconditioned,5,23,single_block,qp_projection,3c8a04cfba03e28f556b668ecfc39ba1f3c6f600ae28115bb0d484f228805822,82.59507299953839,2.4574999988544732,21.998900003382005,641.6623000041,107.05147300177487,hold,software_budget_exceeded,not_applicable,qp_or_activation,True,10,0,False,False,True,False,False,False,True,10,True,False,0,7,1,10,0,0,10,0,False,False,0.19973118741914195,0.17556517081965875,0.0,0.0
armbench.pi05_integrated_panda_cpu_replay.v1,row_02114__single_block__full_assurance,libero_10__task_02__episode_05,6,2114,libero_10,2,overlap_unconditioned,libero_10__task_02__episode_05__overlap_unconditioned,5,23,single_block,full_assurance,3c8a04cfba03e28f556b668ecfc39ba1f3c6f600ae28115bb0d484f228805822,82.59507299953839,2.4574999988544732,25.659099999757018,674.670000000333,101.05257300165249,hold,supervision_budget_exceeded,hold,supervision_budget,True,10,0,False,False,True,True,True,True,True,10,True,False,0,7,1,10,0,0,10,0,False,False,0.19973118741914195,0.17556517081965875,0.0,0.0
armbench.pi05_integrated_panda_cpu_replay.v1,row_02114__narrow_gate__direct_dispatch,libero_10__task_02__episode_05,6,2114,libero_10,2,overlap_unconditioned,libero_10__task_02__episode_05__overlap_unconditioned,5,23,narrow_gate,direct_dispatch,3c8a04cfba03e28f556b668ecfc39ba1f3c6f600ae28115bb0d484f228805822,82.59507299953839,2.449799998430535,0.0018999999156221747,325.10480000200914,85.04677299788455,execute,direct_candidate_atomically_published,not_applicable,,True,10,10,True,False,True,False,False,False,False,0,False,False,0,10,1,10,6,0,10,8,False,True,0.19973118741914195,0.19973118741914195,0.19973118741914195,1.0
armbench.pi05_integrated_panda_cpu_replay.v1,row_02114__narrow_gate__qp_projection,libero_10__task_02__episode_05,6,2114,libero_10,2,overlap_unconditioned,libero_10__task_02__episode_05__overlap_unconditioned,5,23,narrow_gate,qp_projection,3c8a04cfba03e28f556b668ecfc39ba1f3c6f600ae28115bb0d484f228805822,82.59507299953839,2.449799998430535,23.717500000202563,283.9984000020195,108.76237299817149,hold,software_budget_exceeded,not_applicable,qp_or_activation,True,10,0,False,False,True,False,False,False,True,10,True,False,0,7,1,10,5,0,10,7,False,False,0.19973118741914195,0.17556517081965875,0.0,0.0
armbench.pi05_integrated_panda_cpu_replay.v1,row_02114__narrow_gate__full_assurance,libero_10__task_02__episode_05,6,2114,libero_10,2,overlap_unconditioned,libero_10__task_02__episode_05__overlap_unconditioned,5,23,narrow_gate,full_assurance,3c8a04cfba03e28f556b668ecfc39ba1f3c6f600ae28115bb0d484f228805822,82.59507299953839,2.449799998430535,36.759900001925416,271.6980000041076,132.04487299663015,hold,supervision_budget_exceeded,hold,supervision_budget,True,10,0,False,False,True,True,True,True,True,10,True,False,0,7,1,10,5,0,10,7,False,False,0.19973118741914195,0.17556517081965875,0.0,0.0
armbench.pi05_integrated_panda_cpu_replay.v1,row_02316__free_space__direct_dispatch,libero_10__task_02__episode_06,7,2316,libero_10,2,projected_overlap,libero_10__task_02__episode_06__projected_overlap,6,21,free_space,direct_dispatch,307d796186bec85694ad45ec5f0f36b6c2d4136025b8788f52b21f8ce81cefc3,79.43781799986027,1.716600003419444,0.0021000014385208488,653.7742000000435,81.15651800471824,execute,direct_candidate_atomically_published,not_applicable,,True,10,10,True,False,True,False,False,False,False,0,False,False,0,10,1,10,0,0,10,0,False,True,0.13674531698166426,0.13674531698166426,0.13674531698166426,1.0
armbench.pi05_integrated_panda_cpu_replay.v1,row_02316__free_space__qp_projection,libero_10__task_02__episode_06,7,2316,libero_10,2,projected_overlap,libero_10__task_02__episode_06__projected_overlap,6,21,free_space,qp_projection,307d796186bec85694ad45ec5f0f36b6c2d4136025b8788f52b21f8ce81cefc3,79.43781799986027,1.716600003419444,25.58359999966342,521.0895999989589,106.73801800294314,hold,software_budget_exceeded,not_applicable,qp_or_activation,True,10,0,False,False,True,False,False,False,True,10,True,False,0,7,1,10,0,0,10,1,False,False,0.13674531698166426,0.10990983436921237,0.0,0.0
armbench.pi05_integrated_panda_cpu_replay.v1,row_02316__free_space__full_assurance,libero_10__task_02__episode_06,7,2316,libero_10,2,projected_overlap,libero_10__task_02__episode_06__projected_overlap,6,21,free_space,full_assurance,307d796186bec85694ad45ec5f0f36b6c2d4136025b8788f52b21f8ce81cefc3,79.43781799986027,1.716600003419444,31.374699996376876,529.7901000012644,112.15441799868131,hold,supervision_budget_exceeded,hold,supervision_budget,True,10,0,False,False,True,True,True,True,True,10,True,False,0,7,1,10,0,0,10,1,False,False,0.13674531698166426,0.10990983436921237,0.0,0.0
armbench.pi05_integrated_panda_cpu_replay.v1,row_02316__single_block__direct_dispatch,libero_10__task_02__episode_06,7,2316,libero_10,2,projected_overlap,libero_10__task_02__episode_06__projected_overlap,6,21,single_block,direct_dispatch,307d796186bec85694ad45ec5f0f36b6c2d4136025b8788f52b21f8ce81cefc3,79.43781799986027,1.9145999976899475,0.0021000014385208488,739.5819000012125,81.35451799898874,execute,direct_candidate_atomically_published,not_applicable,,True,10,10,True,False,True,False,False,False,False,0,False,False,0,10,1,10,0,0,10,0,False,True,0.13674531698166426,0.13674531698166426,0.13674531698166426,1.0
armbench.pi05_integrated_panda_cpu_replay.v1,row_02316__single_block__qp_projection,libero_10__task_02__episode_06,7,2316,libero_10,2,projected_overlap,libero_10__task_02__episode_06__projected_overlap,6,21,single_block,qp_projection,307d796186bec85694ad45ec5f0f36b6c2d4136025b8788f52b21f8ce81cefc3,79.43781799986027,1.9145999976899475,23.638700004084967,626.2400999985402,104.99111800163519,hold,software_budget_exceeded,not_applicable,qp_or_activation,True,10,0,False,False,True,False,False,False,True,10,True,False,0,7,1,10,0,0,10,1,False,False,0.13674531698166426,0.10990983436921237,0.0,0.0
armbench.pi05_integrated_panda_cpu_replay.v1,row_02316__single_block__full_assurance,libero_10__task_02__episode_06,7,2316,libero_10,2,projected_overlap,libero_10__task_02__episode_06__projected_overlap,6,21,single_block,full_assurance,307d796186bec85694ad45ec5f0f36b6c2d4136025b8788f52b21f8ce81cefc3,79.43781799986027,1.9145999976899475,31.371999997645617,629.1369000027771,112.35241800022777,hold,supervision_budget_exceeded,hold,supervision_budget,True,10,0,False,False,True,True,True,True,True,10,True,False,0,7,1,10,0,0,10,1,False,False,0.13674531698166426,0.10990983436921237,0.0,0.0
armbench.pi05_integrated_panda_cpu_replay.v1,row_02316__narrow_gate__direct_dispatch,libero_10__task_02__episode_06,7,2316,libero_10,2,projected_overlap,libero_10__task_02__episode_06__projected_overlap,6,21,narrow_gate,direct_dispatch,307d796186bec85694ad45ec5f0f36b6c2d4136025b8788f52b21f8ce81cefc3,79.43781799986027,2.1354000054998323,0.0020000006770715117,612.1446999968612,81.57521800603718,execute,direct_candidate_atomically_published,not_applicable,,True,10,10,True,False,True,False,False,False,False,0,False,False,0,10,1,10,4,0,10,6,False,True,0.13674531698166426,0.13674531698166426,0.13674531698166426,1.0
armbench.pi05_integrated_panda_cpu_replay.v1,row_02316__narrow_gate__qp_projection,libero_10__task_02__episode_06,7,2316,libero_10,2,projected_overlap,libero_10__task_02__episode_06__projected_overlap,6,21,narrow_gate,qp_projection,307d796186bec85694ad45ec5f0f36b6c2d4136025b8788f52b21f8ce81cefc3,79.43781799986027,2.1354000054998323,21.85979999921983,409.68200000497745,103.43301800457994,hold,software_budget_exceeded,not_applicable,qp_or_activation,True,10,0,False,False,True,False,False,False,True,10,True,False,0,7,1,10,3,0,10,6,False,False,0.13674531698166426,0.10990983436921237,0.0,0.0
armbench.pi05_integrated_panda_cpu_replay.v1,row_02316__narrow_gate__full_assurance,libero_10__task_02__episode_06,7,2316,libero_10,2,projected_overlap,libero_10__task_02__episode_06__projected_overlap,6,21,narrow_gate,full_assurance,307d796186bec85694ad45ec5f0f36b6c2d4136025b8788f52b21f8ce81cefc3,79.43781799986027,2.1354000054998323,38.921499995922204,432.0424000034109,128.57321800402133,hold,supervision_budget_exceeded,hold,supervision_budget,True,10,0,False,False,True,True,True,True,True,10,True,False,0,7,1,10,3,0,10,6,False,False,0.13674531698166426,0.10990983436921237,0.0,0.0
armbench.pi05_integrated_panda_cpu_replay.v1,row_02045__free_space__direct_dispatch,libero_10__task_02__episode_05,8,2045,libero_10,2,rtc_guided_overlap,libero_10__task_02__episode_05__rtc_guided_overlap,5,1,free_space,direct_dispatch,35bb006359368f4079d94be18fc9d2261932ba0be13c6387627761460fdfd649,106.1192530032713,1.673700004175771,0.0020000006770715117,289.3649000034202,107.79495300812414,execute,direct_candidate_atomically_published,not_applicable,,True,10,10,True,False,True,False,False,False,False,0,False,False,0,0,1,10,0,0,10,0,False,True,0.08632429470607533,0.08632429470607533,0.08632429470607533,1.0
armbench.pi05_integrated_panda_cpu_replay.v1,row_02045__free_space__qp_projection,libero_10__task_02__episode_05,8,2045,libero_10,2,rtc_guided_overlap,libero_10__task_02__episode_05__rtc_guided_overlap,5,1,free_space,qp_projection,35bb006359368f4079d94be18fc9d2261932ba0be13c6387627761460fdfd649,106.1192530032713,1.673700004175771,23.781999996572267,278.789300005883,131.57495300401933,hold,software_budget_exceeded,not_applicable,qp_or_activation,True,10,0,False,False,True,False,False,False,True,10,True,False,0,0,0,10,0,0,10,0,True,False,0.08632429470607533,0.08532287391088444,0.0,0.0
armbench.pi05_integrated_panda_cpu_replay.v1,row_02045__free_space__full_assurance,libero_10__task_02__episode_05,8,2045,libero_10,2,rtc_guided_overlap,libero_10__task_02__episode_05__rtc_guided_overlap,5,1,free_space,full_assurance,35bb006359368f4079d94be18fc9d2261932ba0be13c6387627761460fdfd649,106.1192530032713,1.673700004175771,38.512499995704275,266.64570000139065,138.79295301012462,hold,supervision_budget_exceeded,hold,supervision_budget,True,10,0,False,False,True,True,True,True,True,10,True,False,0,0,0,10,0,0,10,0,True,False,0.08632429470607533,0.08532287391088444,0.0,0.0
armbench.pi05_integrated_panda_cpu_replay.v1,row_02045__single_block__direct_dispatch,libero_10__task_02__episode_05,8,2045,libero_10,2,rtc_guided_overlap,libero_10__task_02__episode_05__rtc_guided_overlap,5,1,single_block,direct_dispatch,35bb006359368f4079d94be18fc9d2261932ba0be13c6387627761460fdfd649,106.1192530032713,1.7280999963986687,0.0021000014385208488,296.0949999978766,107.84945300110849,execute,direct_candidate_atomically_published,not_applicable,,True,10,10,True,False,True,False,False,False,False,0,False,False,0,0,1,10,0,0,10,0,False,True,0.08632429470607533,0.08632429470607533,0.08632429470607533,1.0
armbench.pi05_integrated_panda_cpu_replay.v1,row_02045__single_block__qp_projection,libero_10__task_02__episode_05,8,2045,libero_10,2,rtc_guided_overlap,libero_10__task_02__episode_05__rtc_guided_overlap,5,1,single_block,qp_projection,35bb006359368f4079d94be18fc9d2261932ba0be13c6387627761460fdfd649,106.1192530032713,1.7280999963986687,22.227199995541014,303.2390000007581,130.07455299521098,hold,software_budget_exceeded,not_applicable,qp_or_activation,True,10,0,False,False,True,False,False,False,True,10,True,False,0,0,0,10,0,0,10,0,True,False,0.08632429470607533,0.08532287391088444,0.0,0.0
armbench.pi05_integrated_panda_cpu_replay.v1,row_02045__single_block__full_assurance,libero_10__task_02__episode_05,8,2045,libero_10,2,rtc_guided_overlap,libero_10__task_02__episode_05__rtc_guided_overlap,5,1,single_block,full_assurance,35bb006359368f4079d94be18fc9d2261932ba0be13c6387627761460fdfd649,106.1192530032713,1.7280999963986687,26.250200004142243,326.27299999876413,138.84735300234752,hold,supervision_budget_exceeded,hold,supervision_budget,True,10,0,False,False,True,True,True,True,True,10,True,False,0,0,0,10,0,0,10,0,True,False,0.08632429470607533,0.08532287391088444,0.0,0.0
armbench.pi05_integrated_panda_cpu_replay.v1,row_02045__narrow_gate__direct_dispatch,libero_10__task_02__episode_05,8,2045,libero_10,2,rtc_guided_overlap,libero_10__task_02__episode_05__rtc_guided_overlap,5,1,narrow_gate,direct_dispatch,35bb006359368f4079d94be18fc9d2261932ba0be13c6387627761460fdfd649,106.1192530032713,1.9111000001430511,0.0037999998312443495,393.78550000401447,108.03415300324559,execute,direct_candidate_atomically_published,not_applicable,,True,10,10,True,False,True,False,False,False,False,0,False,False,0,0,1,10,0,0,10,0,False,True,0.08632429470607533,0.08632429470607533,0.08632429470607533,1.0
armbench.pi05_integrated_panda_cpu_replay.v1,row_02045__narrow_gate__qp_projection,libero_10__task_02__episode_05,8,2045,libero_10,2,rtc_guided_overlap,libero_10__task_02__episode_05__rtc_guided_overlap,5,1,narrow_gate,qp_projection,35bb006359368f4079d94be18fc9d2261932ba0be13c6387627761460fdfd649,106.1192530032713,1.9111000001430511,25.50399999745423,394.42849999613827,133.53435300086858,hold,software_budget_exceeded,not_applicable,qp_or_activation,True,10,0,False,False,True,False,False,False,True,10,True,False,0,0,0,10,0,0,10,0,True,False,0.08632429470607533,0.08532287391088444,0.0,0.0
armbench.pi05_integrated_panda_cpu_replay.v1,row_02045__narrow_gate__full_assurance,libero_10__task_02__episode_05,8,2045,libero_10,2,rtc_guided_overlap,libero_10__task_02__episode_05__rtc_guided_overlap,5,1,narrow_gate,full_assurance,35bb006359368f4079d94be18fc9d2261932ba0be13c6387627761460fdfd649,106.1192530032713,1.9111000001430511,34.54779999447055,367.9182999985642,139.0303530060919,hold,supervision_budget_exceeded,hold,supervision_budget,True,10,0,False,False,True,True,True,True,True,10,True,False,0,0,0,10,0,0,10,0,True,False,0.08632429470607533,0.08532287391088444,0.0,0.0
armbench.pi05_integrated_panda_cpu_replay.v1,row_02736__free_space__direct_dispatch,libero_10__task_03__episode_04,9,2736,libero_10,3,overlap_unconditioned,libero_10__task_03__episode_04__overlap_unconditioned,4,4,free_space,direct_dispatch,62b013ffb3379eba43666abbd0be0848858bc836836b094e25ea8d74cfde9e2c,78.2365739942179,1.7229999939445406,0.0017999991541728377,718.3589999985998,79.96137398731662,execute,direct_candidate_atomically_published,not_applicable,,True,10,10,True,False,True,False,False,False,False,0,False,False,0,10,1,10,1,0,10,0,False,True,0.16377046549752322,0.16377046549752322,0.16377046549752322,1.0
armbench.pi05_integrated_panda_cpu_replay.v1,row_02736__free_space__qp_projection,libero_10__task_03__episode_04,9,2736,libero_10,3,overlap_unconditioned,libero_10__task_03__episode_04__overlap_unconditioned,4,4,free_space,qp_projection,62b013ffb3379eba43666abbd0be0848858bc836836b094e25ea8d74cfde9e2c,78.2365739942179,1.7229999939445406,24.011800000153016,584.5233999934862,103.97137398831546,hold,software_budget_exceeded,not_applicable,qp_or_activation,True,10,0,False,False,True,False,False,False,True,10,True,False,0,7,1,10,0,0,10,0,False,False,0.16377046549752322,0.13190521291259777,0.0,0.0
armbench.pi05_integrated_panda_cpu_replay.v1,row_02736__free_space__full_assurance,libero_10__task_03__episode_04,9,2736,libero_10,3,overlap_unconditioned,libero_10__task_03__episode_04__overlap_unconditioned,4,4,free_space,full_assurance,62b013ffb3379eba43666abbd0be0848858bc836836b094e25ea8d74cfde9e2c,78.2365739942179,1.7229999939445406,37.820300000021234,594.0846000012243,111.95957398740575,hold,supervision_budget_exceeded,hold,supervision_budget,True,10,0,False,False,True,True,True,True,True,10,True,False,0,7,1,10,0,0,10,0,False,False,0.16377046549752322,0.13190521291259777,0.0,0.0
armbench.pi05_integrated_panda_cpu_replay.v1,row_02736__single_block__direct_dispatch,libero_10__task_03__episode_04,9,2736,libero_10,3,overlap_unconditioned,libero_10__task_03__episode_04__overlap_unconditioned,4,4,single_block,direct_dispatch,62b013ffb3379eba43666abbd0be0848858bc836836b094e25ea8d74cfde9e2c,78.2365739942179,1.7766000019037165,0.0020000006770715117,402.08069999789586,80.0151739967987,execute,direct_candidate_atomically_published,not_applicable,,True,10,10,True,False,True,False,False,False,False,0,False,False,0,10,1,10,5,0,10,6,False,True,0.16377046549752322,0.16377046549752322,0.16377046549752322,1.0
armbench.pi05_integrated_panda_cpu_replay.v1,row_02736__single_block__qp_projection,libero_10__task_03__episode_04,9,2736,libero_10,3,overlap_unconditioned,libero_10__task_03__episode_04__overlap_unconditioned,4,4,single_block,qp_projection,62b013ffb3379eba43666abbd0be0848858bc836836b094e25ea8d74cfde9e2c,78.2365739942179,1.7766000019037165,19.966600004408974,677.2142000045278,99.9797740005306,execute,kinematic_qp_candidate_atomically_published,not_applicable,,True,10,10,True,False,True,False,False,False,True,10,False,False,0,7,1,10,0,0,10,0,False,True,0.16377046549752322,0.13190521291259777,0.13190521291259777,0.8054273553651995
armbench.pi05_integrated_panda_cpu_replay.v1,row_02736__single_block__full_assurance,libero_10__task_03__episode_04,9,2736,libero_10,3,overlap_unconditioned,libero_10__task_03__episode_04__overlap_unconditioned,4,4,single_block,full_assurance,62b013ffb3379eba43666abbd0be0848858bc836836b094e25ea8d74cfde9e2c,78.2365739942179,1.7766000019037165,34.40560000308324,770.1497999951243,111.01317399152322,hold,supervision_budget_exceeded,hold,supervision_budget,True,10,0,False,False,True,True,True,True,True,10,True,False,0,7,1,10,0,0,10,0,False,False,0.16377046549752322,0.13190521291259777,0.0,0.0
armbench.pi05_integrated_panda_cpu_replay.v1,row_02736__narrow_gate__direct_dispatch,libero_10__task_03__episode_04,9,2736,libero_10,3,overlap_unconditioned,libero_10__task_03__episode_04__overlap_unconditioned,4,4,narrow_gate,direct_dispatch,62b013ffb3379eba43666abbd0be0848858bc836836b094e25ea8d74cfde9e2c,78.2365739942179,1.9074000010732561,0.0020999941625632346,248.09349999850383,80.14607398945373,execute,direct_candidate_atomically_published,not_applicable,,True,10,10,True,False,True,False,False,False,False,0,False,False,0,10,1,10,7,0,10,9,False,True,0.16377046549752322,0.16377046549752322,0.16377046549752322,1.0
armbench.pi05_integrated_panda_cpu_replay.v1,row_02736__narrow_gate__qp_projection,libero_10__task_03__episode_04,9,2736,libero_10,3,overlap_unconditioned,libero_10__task_03__episode_04__overlap_unconditioned,4,4,narrow_gate,qp_projection,62b013ffb3379eba43666abbd0be0848858bc836836b094e25ea8d74cfde9e2c,78.2365739942179,1.9074000010732561,23.75140000367537,272.3712000006344,103.89537399896653,hold,software_budget_exceeded,not_applicable,qp_or_activation,True,10,0,False,False,True,False,False,False,True,10,True,False,0,7,1,10,5,0,10,7,False,False,0.16377046549752322,0.13190521291259777,0.0,0.0
armbench.pi05_integrated_panda_cpu_replay.v1,row_02736__narrow_gate__full_assurance,libero_10__task_03__episode_04,9,2736,libero_10,3,overlap_unconditioned,libero_10__task_03__episode_04__overlap_unconditioned,4,4,narrow_gate,full_assurance,62b013ffb3379eba43666abbd0be0848858bc836836b094e25ea8d74cfde9e2c,78.2365739942179,1.9074000010732561,32.284300003084354,276.9756999987294,111.14397399796871,hold,supervision_budget_exceeded,hold,supervision_budget,True,10,0,False,False,True,True,True,True,True,10,True,False,0,7,1,10,5,0,10,7,False,False,0.16377046549752322,0.13190521291259777,0.0,0.0
armbench.pi05_integrated_panda_cpu_replay.v1,row_02456__free_space__direct_dispatch,libero_10__task_03__episode_02,10,2456,libero_10,3,projected_overlap,libero_10__task_03__episode_02__projected_overlap,2,3,free_space,direct_dispatch,a805df171f5b2a0bb37e82ee33c913be28ab363a08c40943c47745c4be5f166b,158.72055100044236,1.8563999983598478,0.0015999976312741637,739.7573000052944,160.57855099643348,execute,direct_candidate_atomically_published,not_applicable,,True,10,10,True,False,True,False,False,False,False,0,False,False,0,10,1,10,0,0,10,0,False,True,0.181486835871441,0.181486835871441,0.181486835871441,1.0
armbench.pi05_integrated_panda_cpu_replay.v1,row_02456__free_space__qp_projection,libero_10__task_03__episode_02,10,2456,libero_10,3,projected_overlap,libero_10__task_03__episode_02__projected_overlap,2,3,free_space,qp_projection,a805df171f5b2a0bb37e82ee33c913be28ab363a08c40943c47745c4be5f166b,158.72055100044236,1.8563999983598478,24.26440000272123,599.8907999965013,184.84135100152344,hold,software_budget_exceeded,not_applicable,qp_or_activation,True,10,0,False,False,True,False,False,False,True,10,True,False,0,7,1,10,1,0,10,0,False,False,0.181486835871441,0.14962326228014705,0.0,0.0
armbench.pi05_integrated_panda_cpu_replay.v1,row_02456__free_space__full_assurance,libero_10__task_03__episode_02,10,2456,libero_10,3,projected_overlap,libero_10__task_03__episode_02__projected_overlap,2,3,free_space,full_assurance,a805df171f5b2a0bb37e82ee33c913be28ab363a08c40943c47745c4be5f166b,158.72055100044236,1.8563999983598478,30.053399997996166,590.7491999969352,191.57695100147976,hold,supervision_budget_exceeded,hold,supervision_budget,True,10,0,False,False,True,True,True,True,True,10,True,False,0,7,1,10,1,0,10,0,False,False,0.181486835871441,0.14962326228014705,0.0,0.0
armbench.pi05_integrated_panda_cpu_replay.v1,row_02456__single_block__direct_dispatch,libero_10__task_03__episode_02,10,2456,libero_10,3,projected_overlap,libero_10__task_03__episode_02__projected_overlap,2,3,single_block,direct_dispatch,a805df171f5b2a0bb37e82ee33c913be28ab363a08c40943c47745c4be5f166b,158.72055100044236,2.276699997310061,0.0018999999156221747,446.3623000046937,160.99915099766804,execute,direct_candidate_atomically_published,not_applicable,,True,10,10,True,False,True,False,False,False,False,0,False,False,0,10,1,10,4,0,10,6,False,True,0.181486835871441,0.181486835871441,0.181486835871441,1.0
armbench.pi05_integrated_panda_cpu_replay.v1,row_02456__single_block__qp_projection,libero_10__task_03__episode_02,10,2456,libero_10,3,projected_overlap,libero_10__task_03__episode_02__projected_overlap,2,3,single_block,qp_projection,a805df171f5b2a0bb37e82ee33c913be28ab363a08c40943c47745c4be5f166b,158.72055100044236,2.276699997310061,23.648200003663078,694.0766000043368,184.6454510014155,hold,software_budget_exceeded,not_applicable,qp_or_activation,True,10,0,False,False,True,False,False,False,True,10,True,False,0,7,1,10,1,0,10,0,False,False,0.181486835871441,0.14962326228014705,0.0,0.0
armbench.pi05_integrated_panda_cpu_replay.v1,row_02456__single_block__full_assurance,libero_10__task_03__episode_02,10,2456,libero_10,3,projected_overlap,libero_10__task_03__episode_02__projected_overlap,2,3,single_block,full_assurance,a805df171f5b2a0bb37e82ee33c913be28ab363a08c40943c47745c4be5f166b,158.72055100044236,2.276699997310061,28.952399996342137,689.6326999994926,191.99725100042997,hold,supervision_budget_exceeded,hold,supervision_budget,True,10,0,False,False,True,True,True,True,True,10,True,False,0,7,1,10,1,0,10,0,False,False,0.181486835871441,0.14962326228014705,0.0,0.0
armbench.pi05_integrated_panda_cpu_replay.v1,row_02456__narrow_gate__direct_dispatch,libero_10__task_03__episode_02,10,2456,libero_10,3,projected_overlap,libero_10__task_03__episode_02__projected_overlap,2,3,narrow_gate,direct_dispatch,a805df171f5b2a0bb37e82ee33c913be28ab363a08c40943c47745c4be5f166b,158.72055100044236,1.8376000007265247,0.0018999999156221747,257.50820000394015,160.5600510010845,execute,direct_candidate_atomically_published,not_applicable,,True,10,10,True,False,True,False,False,False,False,0,False,False,0,10,1,10,6,0,10,9,False,True,0.181486835871441,0.181486835871441,0.181486835871441,1.0
armbench.pi05_integrated_panda_cpu_replay.v1,row_02456__narrow_gate__qp_projection,libero_10__task_03__episode_02,10,2456,libero_10,3,projected_overlap,libero_10__task_03__episode_02__projected_overlap,2,3,narrow_gate,qp_projection,a805df171f5b2a0bb37e82ee33c913be28ab363a08c40943c47745c4be5f166b,158.72055100044236,1.8376000007265247,22.795099997892976,243.7181999994209,183.35325099906186,hold,software_budget_exceeded,not_applicable,qp_or_activation,True,10,0,False,False,True,False,False,False,True,10,True,False,0,7,1,10,6,0,10,7,False,False,0.181486835871441,0.14962326228014705,0.0,0.0
armbench.pi05_integrated_panda_cpu_replay.v1,row_02456__narrow_gate__full_assurance,libero_10__task_03__episode_02,10,2456,libero_10,3,projected_overlap,libero_10__task_03__episode_02__projected_overlap,2,3,narrow_gate,full_assurance,a805df171f5b2a0bb37e82ee33c913be28ab363a08c40943c47745c4be5f166b,158.72055100044236,1.8376000007265247,37.360099995567,252.4366000070586,191.55815100384643,hold,supervision_budget_exceeded,hold,supervision_budget,True,10,0,False,False,True,True,True,True,True,10,True,False,0,7,1,10,6,0,10,7,False,False,0.181486835871441,0.14962326228014705,0.0,0.0
armbench.pi05_integrated_panda_cpu_replay.v1,row_02938__free_space__direct_dispatch,libero_10__task_03__episode_05,11,2938,libero_10,3,rtc_guided_overlap,libero_10__task_03__episode_05__rtc_guided_overlap,5,34,free_space,direct_dispatch,30d16912ce8098c60d419bf30ed1491235b796b186f2378fa0ebdef754cc31fd,110.05390899663325,1.6496000025654212,0.0020000006770715117,745.7626000032178,111.70550899987575,execute,direct_candidate_atomically_published,not_applicable,,True,10,10,True,False,True,False,False,False,False,0,False,False,0,10,4,10,0,0,10,0,False,True,0.2123227082669358,0.2123227082669358,0.2123227082669358,1.0
armbench.pi05_integrated_panda_cpu_replay.v1,row_02938__free_space__qp_projection,libero_10__task_03__episode_05,11,2938,libero_10,3,rtc_guided_overlap,libero_10__task_03__episode_05__rtc_guided_overlap,5,34,free_space,qp_projection,30d16912ce8098c60d419bf30ed1491235b796b186f2378fa0ebdef754cc31fd,110.05390899663325,1.6496000025654212,24.800200000754558,522.4425999986124,136.50370899995323,hold,software_budget_exceeded,not_applicable,qp_or_activation,True,10,0,False,False,True,False,False,False,True,10,True,False,0,6,4,10,0,0,10,1,False,False,0.2123227082669358,0.1724443419022448,0.0,0.0
armbench.pi05_integrated_panda_cpu_replay.v1,row_02938__free_space__full_assurance,libero_10__task_03__episode_05,11,2938,libero_10,3,rtc_guided_overlap,libero_10__task_03__episode_05__rtc_guided_overlap,5,34,free_space,full_assurance,30d16912ce8098c60d419bf30ed1491235b796b186f2378fa0ebdef754cc31fd,110.05390899663325,1.6496000025654212,33.250299995415844,506.0767999966629,142.70350900187623,hold,supervision_budget_exceeded,hold,supervision_budget,True,10,0,False,False,True,True,True,True,True,10,True,False,0,6,4,10,0,0,10,1,False,False,0.2123227082669358,0.1724443419022448,0.0,0.0
armbench.pi05_integrated_panda_cpu_replay.v1,row_02938__single_block__direct_dispatch,libero_10__task_03__episode_05,11,2938,libero_10,3,rtc_guided_overlap,libero_10__task_03__episode_05__rtc_guided_overlap,5,34,single_block,direct_dispatch,30d16912ce8098c60d419bf30ed1491235b796b186f2378fa0ebdef754cc31fd,110.05390899663325,1.6249999971478246,0.0018999999156221747,830.7848999975249,111.6808089936967,execute,direct_candidate_atomically_published,not_applicable,,True,10,10,True,False,True,False,False,False,False,0,False,False,0,10,4,10,0,0,10,0,False,True,0.2123227082669358,0.2123227082669358,0.2123227082669358,1.0
armbench.pi05_integrated_panda_cpu_replay.v1,row_02938__single_block__qp_projection,libero_10__task_03__episode_05,11,2938,libero_10,3,rtc_guided_overlap,libero_10__task_03__episode_05__rtc_guided_overlap,5,34,single_block,qp_projection,30d16912ce8098c60d419bf30ed1491235b796b186f2378fa0ebdef754cc31fd,110.05390899663325,1.6249999971478246,23.755700000037905,598.2425000038347,135.43460899381898,hold,software_budget_exceeded,not_applicable,qp_or_activation,True,10,0,False,False,True,False,False,False,True,10,True,False,0,6,4,10,0,0,10,1,False,False,0.2123227082669358,0.1724443419022448,0.0,0.0
armbench.pi05_integrated_panda_cpu_replay.v1,row_02938__single_block__full_assurance,libero_10__task_03__episode_05,11,2938,libero_10,3,rtc_guided_overlap,libero_10__task_03__episode_05__rtc_guided_overlap,5,34,single_block,full_assurance,30d16912ce8098c60d419bf30ed1491235b796b186f2378fa0ebdef754cc31fd,110.05390899663325,1.6249999971478246,31.573699998261873,562.1103000012226,143.67890899302438,hold,supervision_budget_exceeded,hold,supervision_budget,True,10,0,False,False,True,True,True,True,True,10,True,False,0,6,4,10,0,0,10,1,False,False,0.2123227082669358,0.1724443419022448,0.0,0.0
armbench.pi05_integrated_panda_cpu_replay.v1,row_02938__narrow_gate__direct_dispatch,libero_10__task_03__episode_05,11,2938,libero_10,3,rtc_guided_overlap,libero_10__task_03__episode_05__rtc_guided_overlap,5,34,narrow_gate,direct_dispatch,30d16912ce8098c60d419bf30ed1491235b796b186f2378fa0ebdef754cc31fd,110.05390899663325,1.7459000009694137,0.0018999999156221747,1038.2118000052287,111.80170899751829,execute,direct_candidate_atomically_published,not_applicable,,True,10,10,True,False,True,False,False,False,False,0,False,False,0,10,4,10,0,0,10,0,False,True,0.2123227082669358,0.2123227082669358,0.2123227082669358,1.0
armbench.pi05_integrated_panda_cpu_replay.v1,row_02938__narrow_gate__qp_projection,libero_10__task_03__episode_05,11,2938,libero_10,3,rtc_guided_overlap,libero_10__task_03__episode_05__rtc_guided_overlap,5,34,narrow_gate,qp_projection,30d16912ce8098c60d419bf30ed1491235b796b186f2378fa0ebdef754cc31fd,110.05390899663325,1.7459000009694137,24.0784000052372,747.3115000029793,135.87820900283987,hold,software_budget_exceeded,not_applicable,qp_or_activation,True,10,0,False,False,True,False,False,False,True,10,True,False,0,6,4,10,0,0,10,1,False,False,0.2123227082669358,0.1724443419022448,0.0,0.0
armbench.pi05_integrated_panda_cpu_replay.v1,row_02938__narrow_gate__full_assurance,libero_10__task_03__episode_05,11,2938,libero_10,3,rtc_guided_overlap,libero_10__task_03__episode_05__rtc_guided_overlap,5,34,narrow_gate,full_assurance,30d16912ce8098c60d419bf30ed1491235b796b186f2378fa0ebdef754cc31fd,110.05390899663325,1.7459000009694137,26.73779999895487,707.3334999950021,142.79980900028022,hold,supervision_budget_exceeded,hold,supervision_budget,True,10,0,False,False,True,True,True,True,True,10,True,False,0,6,4,10,0,0,10,1,False,False,0.2123227082669358,0.1724443419022448,0.0,0.0
armbench.pi05_integrated_panda_cpu_replay.v1,row_03122__free_space__direct_dispatch,libero_10__task_04__episode_02,12,3122,libero_10,4,overlap_unconditioned,libero_10__task_04__episode_02__overlap_unconditioned,2,5,free_space,direct_dispatch,4fd1a98f6e18bda6afca61b1213f09c92ed3fce35dcd8c4d53333ce515224354,79.53426000312902,1.910600003611762,0.0020000006770715117,693.9695999972173,81.44686000741785,execute,direct_candidate_atomically_published,not_applicable,,True,10,10,True,False,True,False,False,False,False,0,False,False,0,10,1,10,0,0,10,0,False,True,0.17942575083598525,0.17942575083598525,0.17942575083598525,1.0
armbench.pi05_integrated_panda_cpu_replay.v1,row_03122__free_space__qp_projection,libero_10__task_04__episode_02,12,3122,libero_10,4,overlap_unconditioned,libero_10__task_04__episode_02__overlap_unconditioned,2,5,free_space,qp_projection,4fd1a98f6e18bda6afca61b1213f09c92ed3fce35dcd8c4d53333ce515224354,79.53426000312902,1.910600003611762,25.081899999349844,576.97310000367,106.52676000609063,hold,software_budget_exceeded,not_applicable,qp_or_activation,True,10,0,False,False,True,False,False,False,True,10,True,False,0,7,1,10,0,0,10,0,False,False,0.17942575083598525,0.1333479712144299,0.0,0.0
armbench.pi05_integrated_panda_cpu_replay.v1,row_03122__free_space__full_assurance,libero_10__task_04__episode_02,12,3122,libero_10,4,overlap_unconditioned,libero_10__task_04__episode_02__overlap_unconditioned,2,5,free_space,full_assurance,4fd1a98f6e18bda6afca61b1213f09c92ed3fce35dcd8c4d53333ce515224354,79.53426000312902,1.910600003611762,36.80729999905452,543.103500000143,113.44486000598408,hold,supervision_budget_exceeded,hold,supervision_budget,True,10,0,False,False,True,True,True,True,True,10,True,False,0,7,1,10,0,0,10,0,False,False,0.17942575083598525,0.1333479712144299,0.0,0.0
armbench.pi05_integrated_panda_cpu_replay.v1,row_03122__single_block__direct_dispatch,libero_10__task_04__episode_02,12,3122,libero_10,4,overlap_unconditioned,libero_10__task_04__episode_02__overlap_unconditioned,2,5,single_block,direct_dispatch,4fd1a98f6e18bda6afca61b1213f09c92ed3fce35dcd8c4d53333ce515224354,79.53426000312902,1.6455000004498288,0.0017999991541728377,769.397600000957,81.18156000273302,execute,direct_candidate_atomically_published,not_applicable,,True,10,10,True,False,True,False,False,False,False,0,False,False,0,10,1,10,0,0,10,0,False,True,0.17942575083598525,0.17942575083598525,0.17942575083598525,1.0
armbench.pi05_integrated_panda_cpu_replay.v1,row_03122__single_block__qp_projection,libero_10__task_04__episode_02,12,3122,libero_10,4,overlap_unconditioned,libero_10__task_04__episode_02__overlap_unconditioned,2,5,single_block,qp_projection,4fd1a98f6e18bda6afca61b1213f09c92ed3fce35dcd8c4d53333ce515224354,79.53426000312902,1.6455000004498288,28.532000003906433,658.5383999990881,109.71176000748528,hold,software_budget_exceeded,not_applicable,qp_or_activation,True,10,0,False,False,True,False,False,False,True,10,True,False,0,7,1,10,0,0,10,0,False,False,0.17942575083598525,0.1333479712144299,0.0,0.0
armbench.pi05_integrated_panda_cpu_replay.v1,row_03122__single_block__full_assurance,libero_10__task_04__episode_02,12,3122,libero_10,4,overlap_unconditioned,libero_10__task_04__episode_02__overlap_unconditioned,2,5,single_block,full_assurance,4fd1a98f6e18bda6afca61b1213f09c92ed3fce35dcd8c4d53333ce515224354,79.53426000312902,1.6455000004498288,32.923499995376915,622.0995000039693,112.17975999898044,hold,supervision_budget_exceeded,hold,supervision_budget,True,10,0,False,False,True,True,True,True,True,10,True,False,0,7,1,10,0,0,10,0,False,False,0.17942575083598525,0.1333479712144299,0.0,0.0
armbench.pi05_integrated_panda_cpu_replay.v1,row_03122__narrow_gate__direct_dispatch,libero_10__task_04__episode_02,12,3122,libero_10,4,overlap_unconditioned,libero_10__task_04__episode_02__overlap_unconditioned,2,5,narrow_gate,direct_dispatch,4fd1a98f6e18bda6afca61b1213f09c92ed3fce35dcd8c4d53333ce515224354,79.53426000312902,1.7327999958069995,0.0020000006770715117,967.3554000037257,81.26905999961309,execute,direct_candidate_atomically_published,not_applicable,,True,10,10,True,False,True,False,False,False,False,0,False,False,0,10,1,10,0,0,10,0,False,True,0.17942575083598525,0.17942575083598525,0.17942575083598525,1.0
armbench.pi05_integrated_panda_cpu_replay.v1,row_03122__narrow_gate__qp_projection,libero_10__task_04__episode_02,12,3122,libero_10,4,overlap_unconditioned,libero_10__task_04__episode_02__overlap_unconditioned,2,5,narrow_gate,qp_projection,4fd1a98f6e18bda6afca61b1213f09c92ed3fce35dcd8c4d53333ce515224354,79.53426000312902,1.7327999958069995,27.438100005383603,829.3511999945622,108.70516000431962,hold,software_budget_exceeded,not_applicable,qp_or_activation,True,10,0,False,False,True,False,False,False,True,10,True,False,0,7,1,10,0,0,10,0,False,False,0.17942575083598525,0.1333479712144299,0.0,0.0
armbench.pi05_integrated_panda_cpu_replay.v1,row_03122__narrow_gate__full_assurance,libero_10__task_04__episode_02,12,3122,libero_10,4,overlap_unconditioned,libero_10__task_04__episode_02__overlap_unconditioned,2,5,narrow_gate,full_assurance,4fd1a98f6e18bda6afca61b1213f09c92ed3fce35dcd8c4d53333ce515224354,79.53426000312902,1.7327999958069995,35.50130000076024,857.0988999999827,112.26706000161357,hold,supervision_budget_exceeded,hold,supervision_budget,True,10,0,False,False,True,True,True,True,True,10,True,False,0,7,1,10,0,0,10,0,False,False,0.17942575083598525,0.1333479712144299,0.0,0.0
armbench.pi05_integrated_panda_cpu_replay.v1,row_03163__free_space__direct_dispatch,libero_10__task_04__episode_02,13,3163,libero_10,4,projected_overlap,libero_10__task_04__episode_02__projected_overlap,2,3,free_space,direct_dispatch,e3ad14c7d499ec5ce4892eb2bef290b5e056a2b62568859245b6356da12457fb,78.93108300049789,1.9767000048886985,0.0022000021999701858,800.3833999973722,80.90998300758656,execute,direct_candidate_atomically_published,not_applicable,,True,10,10,True,False,True,False,False,False,False,0,False,False,0,8,1,10,0,0,10,0,False,True,0.25332107592144,0.25332107592144,0.25332107592144,1.0
armbench.pi05_integrated_panda_cpu_replay.v1,row_03163__free_space__qp_projection,libero_10__task_04__episode_02,13,3163,libero_10,4,projected_overlap,libero_10__task_04__episode_02__projected_overlap,2,3,free_space,qp_projection,e3ad14c7d499ec5ce4892eb2bef290b5e056a2b62568859245b6356da12457fb,78.93108300049789,1.9767000048886985,24.050500003795605,624.5151999974041,104.9582830091822,hold,software_budget_exceeded,not_applicable,qp_or_activation,True,10,0,False,False,True,False,False,False,True,10,True,False,0,7,1,10,0,0,10,0,False,False,0.25332107592144,0.22498644088528413,0.0,0.0
armbench.pi05_integrated_panda_cpu_replay.v1,row_03163__free_space__full_assurance,libero_10__task_04__episode_02,13,3163,libero_10,4,projected_overlap,libero_10__task_04__episode_02__projected_overlap,2,3,free_space,full_assurance,e3ad14c7d499ec5ce4892eb2bef290b5e056a2b62568859245b6356da12457fb,78.93108300049789,1.9767000048886985,38.00839999894379,607.9412999970373,111.90778300078819,hold,supervision_budget_exceeded,hold,supervision_budget,True,10,0,False,False,True,True,True,True,True,10,True,False,0,7,1,10,0,0,10,0,False,False,0.25332107592144,0.22498644088528413,0.0,0.0
armbench.pi05_integrated_panda_cpu_replay.v1,row_03163__single_block__direct_dispatch,libero_10__task_04__episode_02,13,3163,libero_10,4,projected_overlap,libero_10__task_04__episode_02__projected_overlap,2,3,single_block,direct_dispatch,e3ad14c7d499ec5ce4892eb2bef290b5e056a2b62568859245b6356da12457fb,78.93108300049789,1.8707999988691881,0.0021000014385208488,897.3523000022396,80.8039830008056,execute,direct_candidate_atomically_published,not_applicable,,True,10,10,True,False,True,False,False,False,False,0,False,False,0,8,1,10,0,0,10,0,False,True,0.25332107592144,0.25332107592144,0.25332107592144,1.0
armbench.pi05_integrated_panda_cpu_replay.v1,row_03163__single_block__qp_projection,libero_10__task_04__episode_02,13,3163,libero_10,4,projected_overlap,libero_10__task_04__episode_02__projected_overlap,2,3,single_block,qp_projection,e3ad14c7d499ec5ce4892eb2bef290b5e056a2b62568859245b6356da12457fb,78.93108300049789,1.8707999988691881,26.388699996459763,681.6556999983732,107.19058299582684,hold,software_budget_exceeded,not_applicable,qp_or_activation,True,10,0,False,False,True,False,False,False,True,10,True,False,0,7,1,10,0,0,10,0,False,False,0.25332107592144,0.22498644088528413,0.0,0.0
armbench.pi05_integrated_panda_cpu_replay.v1,row_03163__single_block__full_assurance,libero_10__task_04__episode_02,13,3163,libero_10,4,projected_overlap,libero_10__task_04__episode_02__projected_overlap,2,3,single_block,full_assurance,e3ad14c7d499ec5ce4892eb2bef290b5e056a2b62568859245b6356da12457fb,78.93108300049789,1.8707999988691881,36.12730000168085,697.3161999994772,127.8018829980283,hold,supervision_budget_exceeded,hold,supervision_budget,True,10,0,False,False,True,True,True,True,True,10,True,False,0,7,1,10,0,0,10,0,False,False,0.25332107592144,0.22498644088528413,0.0,0.0
armbench.pi05_integrated_panda_cpu_replay.v1,row_03163__narrow_gate__direct_dispatch,libero_10__task_04__episode_02,13,3163,libero_10,4,projected_overlap,libero_10__task_04__episode_02__projected_overlap,2,3,narrow_gate,direct_dispatch,e3ad14c7d499ec5ce4892eb2bef290b5e056a2b62568859245b6356da12457fb,78.93108300049789,2.3897999999462627,0.0020999941625632346,1058.9427999948384,81.32298299460672,execute,direct_candidate_atomically_published,not_applicable,,True,10,10,True,False,True,False,False,False,False,0,False,False,0,8,1,10,0,0,10,0,False,True,0.25332107592144,0.25332107592144,0.25332107592144,1.0
armbench.pi05_integrated_panda_cpu_replay.v1,row_03163__narrow_gate__qp_projection,libero_10__task_04__episode_02,13,3163,libero_10,4,projected_overlap,libero_10__task_04__episode_02__projected_overlap,2,3,narrow_gate,qp_projection,e3ad14c7d499ec5ce4892eb2bef290b5e056a2b62568859245b6356da12457fb,78.93108300049789,2.3897999999462627,25.13829999952577,830.4857999974047,106.45918299996993,hold,software_budget_exceeded,not_applicable,qp_or_activation,True,10,0,False,False,True,False,False,False,True,10,True,False,0,7,1,10,0,0,10,0,False,False,0.25332107592144,0.22498644088528413,0.0,0.0
armbench.pi05_integrated_panda_cpu_replay.v1,row_03163__narrow_gate__full_assurance,libero_10__task_04__episode_02,13,3163,libero_10,4,projected_overlap,libero_10__task_04__episode_02__projected_overlap,2,3,narrow_gate,full_assurance,e3ad14c7d499ec5ce4892eb2bef290b5e056a2b62568859245b6356da12457fb,78.93108300049789,2.3897999999462627,45.94129999895813,823.4680999958073,128.32088299910538,hold,supervision_budget_exceeded,hold,supervision_budget,True,10,0,False,False,True,True,True,True,True,10,True,False,0,7,1,10,0,0,10,0,False,False,0.25332107592144,0.22498644088528413,0.0,0.0
armbench.pi05_integrated_panda_cpu_replay.v1,row_03741__free_space__direct_dispatch,libero_10__task_04__episode_06,14,3741,libero_10,4,rtc_guided_overlap,libero_10__task_04__episode_06__rtc_guided_overlap,6,4,free_space,direct_dispatch,4b7907e4aad9dc6e77f813e772c59d0c7169c40282363ff493a33e879b87cde7,107.94015300052706,2.033999997365754,0.0021000014385208488,721.6592000040691,109.97625299933134,execute,direct_candidate_atomically_published,not_applicable,,True,10,10,True,False,True,False,False,False,False,0,False,False,0,10,1,10,0,0,10,0,False,True,0.18523418278565995,0.18523418278565995,0.18523418278565995,1.0
armbench.pi05_integrated_panda_cpu_replay.v1,row_03741__free_space__qp_projection,libero_10__task_04__episode_06,14,3741,libero_10,4,rtc_guided_overlap,libero_10__task_04__episode_06__rtc_guided_overlap,6,4,free_space,qp_projection,4b7907e4aad9dc6e77f813e772c59d0c7169c40282363ff493a33e879b87cde7,107.94015300052706,2.033999997365754,24.96199999586679,585.5031000028248,134.9361529937596,hold,software_budget_exceeded,not_applicable,qp_or_activation,True,10,0,False,False,True,False,False,False,True,10,True,False,0,7,1,10,0,0,10,0,False,False,0.18523418278565995,0.13950803920295676,0.0,0.0
armbench.pi05_integrated_panda_cpu_replay.v1,row_03741__free_space__full_assurance,libero_10__task_04__episode_06,14,3741,libero_10,4,rtc_guided_overlap,libero_10__task_04__episode_06__rtc_guided_overlap,6,4,free_space,full_assurance,4b7907e4aad9dc6e77f813e772c59d0c7169c40282363ff493a33e879b87cde7,107.94015300052706,2.033999997365754,28.435299995180685,581.2731999976677,140.97415300057037,hold,supervision_budget_exceeded,hold,supervision_budget,True,10,0,False,False,True,True,True,True,True,10,True,False,0,7,1,10,0,0,10,0,False,False,0.18523418278565995,0.13950803920295676,0.0,0.0
armbench.pi05_integrated_panda_cpu_replay.v1,row_03741__single_block__direct_dispatch,libero_10__task_04__episode_06,14,3741,libero_10,4,rtc_guided_overlap,libero_10__task_04__episode_06__rtc_guided_overlap,6,4,single_block,direct_dispatch,4b7907e4aad9dc6e77f813e772c59d0c7169c40282363ff493a33e879b87cde7,107.94015300052706,2.0857999988947995,0.0021000014385208488,754.7966999991331,110.02805300086038,execute,direct_candidate_atomically_published,not_applicable,,True,10,10,True,False,True,False,False,False,False,0,False,False,0,10,1,10,0,0,10,0,False,True,0.18523418278565995,0.18523418278565995,0.18523418278565995,1.0
armbench.pi05_integrated_panda_cpu_replay.v1,row_03741__single_block__qp_projection,libero_10__task_04__episode_06,14,3741,libero_10,4,rtc_guided_overlap,libero_10__task_04__episode_06__rtc_guided_overlap,6,4,single_block,qp_projection,4b7907e4aad9dc6e77f813e772c59d0c7169c40282363ff493a33e879b87cde7,107.94015300052706,2.0857999988947995,22.487399997771718,623.4571000022697,132.51335299719358,hold,software_budget_exceeded,not_applicable,qp_or_activation,True,10,0,False,False,True,False,False,False,True,10,True,False,0,7,1,10,0,0,10,0,False,False,0.18523418278565995,0.13950803920295676,0.0,0.0
armbench.pi05_integrated_panda_cpu_replay.v1,row_03741__single_block__full_assurance,libero_10__task_04__episode_06,14,3741,libero_10,4,rtc_guided_overlap,libero_10__task_04__episode_06__rtc_guided_overlap,6,4,single_block,full_assurance,4b7907e4aad9dc6e77f813e772c59d0c7169c40282363ff493a33e879b87cde7,107.94015300052706,2.0857999988947995,28.042799996910617,655.483099995763,141.02595299482346,hold,supervision_budget_exceeded,hold,supervision_budget,True,10,0,False,False,True,True,True,True,True,10,True,False,0,7,1,10,0,0,10,0,False,False,0.18523418278565995,0.13950803920295676,0.0,0.0
armbench.pi05_integrated_panda_cpu_replay.v1,row_03741__narrow_gate__direct_dispatch,libero_10__task_04__episode_06,14,3741,libero_10,4,rtc_guided_overlap,libero_10__task_04__episode_06__rtc_guided_overlap,6,4,narrow_gate,direct_dispatch,4b7907e4aad9dc6e77f813e772c59d0c7169c40282363ff493a33e879b87cde7,107.94015300052706,1.7817999978433363,0.0020000006770715117,929.0544999967096,109.72395299904747,execute,direct_candidate_atomically_published,not_applicable,,True,10,10,True,False,True,False,False,False,False,0,False,False,0,10,1,10,0,0,10,0,False,True,0.18523418278565995,0.18523418278565995,0.18523418278565995,1.0
armbench.pi05_integrated_panda_cpu_replay.v1,row_03741__narrow_gate__qp_projection,libero_10__task_04__episode_06,14,3741,libero_10,4,rtc_guided_overlap,libero_10__task_04__episode_06__rtc_guided_overlap,6,4,narrow_gate,qp_projection,4b7907e4aad9dc6e77f813e772c59d0c7169c40282363ff493a33e879b87cde7,107.94015300052706,1.7817999978433363,22.59020000201417,780.9940000006463,132.31215300038457,hold,software_budget_exceeded,not_applicable,qp_or_activation,True,10,0,False,False,True,False,False,False,True,10,True,False,0,7,1,10,0,0,10,0,False,False,0.18523418278565995,0.13950803920295676,0.0,0.0
armbench.pi05_integrated_panda_cpu_replay.v1,row_03741__narrow_gate__full_assurance,libero_10__task_04__episode_06,14,3741,libero_10,4,rtc_guided_overlap,libero_10__task_04__episode_06__rtc_guided_overlap,6,4,narrow_gate,full_assurance,4b7907e4aad9dc6e77f813e772c59d0c7169c40282363ff493a33e879b87cde7,107.94015300052706,1.7817999978433363,34.17430000263266,769.0916999999899,140.721952993772,hold,supervision_budget_exceeded,hold,supervision_budget,True,10,0,False,False,True,True,True,True,True,10,True,False,0,7,1,10,0,0,10,0,False,False,0.18523418278565995,0.13950803920295676,0.0,0.0
armbench.pi05_integrated_panda_cpu_replay.v1,row_04298__free_space__direct_dispatch,libero_10__task_05__episode_06,15,4298,libero_10,5,overlap_unconditioned,libero_10__task_05__episode_06__overlap_unconditioned,6,32,free_space,direct_dispatch,2c585a1039cfc500fc7fe28c85a25ec32786fd8b15a0dad94b58ee736a663d79,78.82286400126759,1.7138000039267354,0.0015999976312741637,701.8960000059451,80.5382640028256,execute,direct_candidate_atomically_published,not_applicable,,True,10,10,True,False,True,False,False,False,False,0,False,False,0,10,1,10,0,0,10,0,False,True,0.17538355255344182,0.17538355255344182,0.17538355255344182,1.0
armbench.pi05_integrated_panda_cpu_replay.v1,row_04298__free_space__qp_projection,libero_10__task_05__episode_06,15,4298,libero_10,5,overlap_unconditioned,libero_10__task_05__episode_06__overlap_unconditioned,6,32,free_space,qp_projection,2c585a1039cfc500fc7fe28c85a25ec32786fd8b15a0dad94b58ee736a663d79,78.82286400126759,1.7138000039267354,24.084500000753906,630.4614999971818,104.62116400594823,hold,software_budget_exceeded,not_applicable,qp_or_activation,True,10,0,False,False,True,False,False,False,True,10,True,False,0,7,1,10,0,0,10,0,False,False,0.17538355255344182,0.14309332318488371,0.0,0.0
armbench.pi05_integrated_panda_cpu_replay.v1,row_04298__free_space__full_assurance,libero_10__task_05__episode_06,15,4298,libero_10,5,overlap_unconditioned,libero_10__task_05__episode_06__overlap_unconditioned,6,32,free_space,full_assurance,2c585a1039cfc500fc7fe28c85a25ec32786fd8b15a0dad94b58ee736a663d79,78.82286400126759,1.7138000039267354,37.12459999951534,602.9507999992347,127.5366640111315,hold,supervision_budget_exceeded,hold,supervision_budget,True,10,0,False,False,True,True,True,True,True,10,True,False,0,7,1,10,0,0,10,0,False,False,0.17538355255344182,0.14309332318488371,0.0,0.0
armbench.pi05_integrated_panda_cpu_replay.v1,row_04298__single_block__direct_dispatch,libero_10__task_05__episode_06,15,4298,libero_10,5,overlap_unconditioned,libero_10__task_05__episode_06__overlap_unconditioned,6,32,single_block,direct_dispatch,2c585a1039cfc500fc7fe28c85a25ec32786fd8b15a0dad94b58ee736a663d79,78.82286400126759,1.7365000021527521,0.0018999999156221747,819.3043999999645,80.56126400333596,execute,direct_candidate_atomically_published,not_applicable,,True,10,10,True,False,True,False,False,False,False,0,False,False,0,10,1,10,0,0,10,0,False,True,0.17538355255344182,0.17538355255344182,0.17538355255344182,1.0
armbench.pi05_integrated_panda_cpu_replay.v1,row_04298__single_block__qp_projection,libero_10__task_05__episode_06,15,4298,libero_10,5,overlap_unconditioned,libero_10__task_05__episode_06__overlap_unconditioned,6,32,single_block,qp_projection,2c585a1039cfc500fc7fe28c85a25ec32786fd8b15a0dad94b58ee736a663d79,78.82286400126759,1.7365000021527521,23.05230000638403,679.091600002721,103.61166400980437,hold,software_budget_exceeded,not_applicable,qp_or_activation,True,10,0,False,False,True,False,False,False,True,10,True,False,0,7,1,10,0,0,10,0,False,False,0.17538355255344182,0.14309332318488371,0.0,0.0
armbench.pi05_integrated_panda_cpu_replay.v1,row_04298__single_block__full_assurance,libero_10__task_05__episode_06,15,4298,libero_10,5,overlap_unconditioned,libero_10__task_05__episode_06__overlap_unconditioned,6,32,single_block,full_assurance,2c585a1039cfc500fc7fe28c85a25ec32786fd8b15a0dad94b58ee736a663d79,78.82286400126759,1.7365000021527521,30.190999998012558,666.1361000005854,111.55936399882194,hold,supervision_budget_exceeded,hold,supervision_budget,True,10,0,False,False,True,True,True,True,True,10,True,False,0,7,1,10,0,0,10,0,False,False,0.17538355255344182,0.14309332318488371,0.0,0.0
armbench.pi05_integrated_panda_cpu_replay.v1,row_04298__narrow_gate__direct_dispatch,libero_10__task_05__episode_06,15,4298,libero_10,5,overlap_unconditioned,libero_10__task_05__episode_06__overlap_unconditioned,6,32,narrow_gate,direct_dispatch,2c585a1039cfc500fc7fe28c85a25ec32786fd8b15a0dad94b58ee736a663d79,78.82286400126759,2.41979999555042,0.0018999999156221747,950.4481999974814,81.24456399673363,execute,direct_candidate_atomically_published,not_applicable,,True,10,10,True,False,True,False,False,False,False,0,False,False,0,10,1,10,0,0,10,0,False,True,0.17538355255344182,0.17538355255344182,0.17538355255344182,1.0
armbench.pi05_integrated_panda_cpu_replay.v1,row_04298__narrow_gate__qp_projection,libero_10__task_05__episode_06,15,4298,libero_10,5,overlap_unconditioned,libero_10__task_05__episode_06__overlap_unconditioned,6,32,narrow_gate,qp_projection,2c585a1039cfc500fc7fe28c85a25ec32786fd8b15a0dad94b58ee736a663d79,78.82286400126759,2.41979999555042,26.007999993453268,1260.9009000007063,107.25066399027128,hold,software_budget_exceeded,not_applicable,qp_or_activation,True,10,0,False,False,True,False,False,False,True,10,True,False,0,7,1,10,0,0,10,0,False,False,0.17538355255344182,0.14309332318488371,0.0,0.0
armbench.pi05_integrated_panda_cpu_replay.v1,row_04298__narrow_gate__full_assurance,libero_10__task_05__episode_06,15,4298,libero_10,5,overlap_unconditioned,libero_10__task_05__episode_06__overlap_unconditioned,6,32,narrow_gate,full_assurance,2c585a1039cfc500fc7fe28c85a25ec32786fd8b15a0dad94b58ee736a663d79,78.82286400126759,2.41979999555042,41.5690999943763,965.9317999976338,128.24266399547923,hold,supervision_budget_exceeded,hold,supervision_budget,True,10,0,False,False,True,True,True,True,True,10,True,False,0,7,1,10,0,0,10,0,False,False,0.17538355255344182,0.14309332318488371,0.0,0.0
armbench.pi05_integrated_panda_cpu_replay.v1,row_03805__free_space__direct_dispatch,libero_10__task_05__episode_02,16,3805,libero_10,5,projected_overlap,libero_10__task_05__episode_02__projected_overlap,2,9,free_space,direct_dispatch,ed3ed2f05c450ceca326c550433117debafac7329c3cf9d83392e865de84d20b,140.5302359999041,1.8396000014035963,0.0021000014385208488,811.120899998059,142.37193600274622,execute,direct_candidate_atomically_published,not_applicable,,True,10,10,True,False,True,False,False,False,False,0,False,False,0,10,3,10,0,0,10,1,False,True,0.1270648298131074,0.1270648298131074,0.1270648298131074,1.0
armbench.pi05_integrated_panda_cpu_replay.v1,row_03805__free_space__qp_projection,libero_10__task_05__episode_02,16,3805,libero_10,5,projected_overlap,libero_10__task_05__episode_02__projected_overlap,2,9,free_space,qp_projection,ed3ed2f05c450ceca326c550433117debafac7329c3cf9d83392e865de84d20b,140.5302359999041,1.8396000014035963,24.556099997425918,534.8760999986553,166.92593599873362,hold,software_budget_exceeded,not_applicable,qp_or_activation,True,10,0,False,False,True,False,False,False,True,10,True,False,0,7,3,10,0,0,10,0,False,False,0.1270648298131074,0.11869118992411239,0.0,0.0
armbench.pi05_integrated_panda_cpu_replay.v1,row_03805__free_space__full_assurance,libero_10__task_05__episode_02,16,3805,libero_10,5,projected_overlap,libero_10__task_05__episode_02__projected_overlap,2,9,free_space,full_assurance,ed3ed2f05c450ceca326c550433117debafac7329c3cf9d83392e865de84d20b,140.5302359999041,1.8396000014035963,30.396500005736016,519.5997000046191,174.369836000551,hold,supervision_budget_exceeded,hold,supervision_budget,True,10,0,False,False,True,True,True,True,True,10,True,False,0,7,3,10,0,0,10,0,False,False,0.1270648298131074,0.11869118992411239,0.0,0.0
armbench.pi05_integrated_panda_cpu_replay.v1,row_03805__single_block__direct_dispatch,libero_10__task_05__episode_02,16,3805,libero_10,5,projected_overlap,libero_10__task_05__episode_02__projected_overlap,2,9,single_block,direct_dispatch,ed3ed2f05c450ceca326c550433117debafac7329c3cf9d83392e865de84d20b,140.5302359999041,1.8877000038628466,0.0018999999156221747,532.6187999962713,142.41983600368258,execute,direct_candidate_atomically_published,not_applicable,,True,10,10,True,False,True,False,False,False,False,0,False,False,0,10,3,10,3,0,10,6,False,True,0.1270648298131074,0.1270648298131074,0.1270648298131074,1.0
armbench.pi05_integrated_panda_cpu_replay.v1,row_03805__single_block__qp_projection,libero_10__task_05__episode_02,16,3805,libero_10,5,projected_overlap,libero_10__task_05__episode_02__projected_overlap,2,9,single_block,qp_projection,ed3ed2f05c450ceca326c550433117debafac7329c3cf9d83392e865de84d20b,140.5302359999041,1.8877000038628466,22.75740000186488,349.9100000044564,165.17533600563183,hold,software_budget_exceeded,not_applicable,qp_or_activation,True,10,0,False,False,True,False,False,False,True,10,True,False,0,7,3,10,3,0,10,4,False,False,0.1270648298131074,0.11869118992411239,0.0,0.0
armbench.pi05_integrated_panda_cpu_replay.v1,row_03805__single_block__full_assurance,libero_10__task_05__episode_02,16,3805,libero_10,5,projected_overlap,libero_10__task_05__episode_02__projected_overlap,2,9,single_block,full_assurance,ed3ed2f05c450ceca326c550433117debafac7329c3cf9d83392e865de84d20b,140.5302359999041,1.8877000038628466,35.257200004707556,359.610799998336,173.4179360064445,hold,supervision_budget_exceeded,hold,supervision_budget,True,10,0,False,False,True,True,True,True,True,10,True,False,0,7,3,10,3,0,10,4,False,False,0.1270648298131074,0.11869118992411239,0.0,0.0
armbench.pi05_integrated_panda_cpu_replay.v1,row_03805__narrow_gate__direct_dispatch,libero_10__task_05__episode_02,16,3805,libero_10,5,projected_overlap,libero_10__task_05__episode_02__projected_overlap,2,9,narrow_gate,direct_dispatch,ed3ed2f05c450ceca326c550433117debafac7329c3cf9d83392e865de84d20b,140.5302359999041,1.8649000048753805,0.001800006430130452,757.973599997058,142.39693601120962,execute,direct_candidate_atomically_published,not_applicable,,True,10,10,True,False,True,False,False,False,False,0,False,False,0,10,3,10,2,0,10,4,False,True,0.1270648298131074,0.1270648298131074,0.1270648298131074,1.0
armbench.pi05_integrated_panda_cpu_replay.v1,row_03805__narrow_gate__qp_projection,libero_10__task_05__episode_02,16,3805,libero_10,5,projected_overlap,libero_10__task_05__episode_02__projected_overlap,2,9,narrow_gate,qp_projection,ed3ed2f05c450ceca326c550433117debafac7329c3cf9d83392e865de84d20b,140.5302359999041,1.8649000048753805,22.51869999599876,571.114900005341,164.91383600077825,hold,software_budget_exceeded,not_applicable,qp_or_activation,True,10,0,False,False,True,False,False,False,True,10,True,False,0,7,3,10,1,0,10,3,False,False,0.1270648298131074,0.11869118992411239,0.0,0.0
armbench.pi05_integrated_panda_cpu_replay.v1,row_03805__narrow_gate__full_assurance,libero_10__task_05__episode_02,16,3805,libero_10,5,projected_overlap,libero_10__task_05__episode_02__projected_overlap,2,9,narrow_gate,full_assurance,ed3ed2f05c450ceca326c550433117debafac7329c3cf9d83392e865de84d20b,140.5302359999041,1.8649000048753805,40.22880000411533,586.425399997097,173.39513600745704,hold,supervision_budget_exceeded,hold,supervision_budget,True,10,0,False,False,True,True,True,True,True,10,True,False,0,7,3,10,1,0,10,3,False,False,0.1270648298131074,0.11869118992411239,0.0,0.0
armbench.pi05_integrated_panda_cpu_replay.v1,row_03853__free_space__direct_dispatch,libero_10__task_05__episode_02,17,3853,libero_10,5,rtc_guided_overlap,libero_10__task_05__episode_02__rtc_guided_overlap,2,25,free_space,direct_dispatch,fe36ac0713605fcc57897c367ab31e5b11dbf505ac76505ab7d16f946de13db9,111.45117699925322,1.7195999971590936,0.0016999983927235007,706.4668999955757,113.17247699480504,execute,direct_candidate_atomically_published,not_applicable,,True,10,10,True,False,True,False,False,False,False,0,False,False,0,7,1,10,0,0,10,1,False,True,0.2649478369419632,0.2649478369419632,0.2649478369419632,1.0
armbench.pi05_integrated_panda_cpu_replay.v1,row_03853__free_space__qp_projection,libero_10__task_05__episode_02,17,3853,libero_10,5,rtc_guided_overlap,libero_10__task_05__episode_02__rtc_guided_overlap,2,25,free_space,qp_projection,fe36ac0713605fcc57897c367ab31e5b11dbf505ac76505ab7d16f946de13db9,111.45117699925322,1.7195999971590936,22.589700005482882,591.9218000053661,135.7604770018952,hold,software_budget_exceeded,not_applicable,qp_or_activation,True,10,0,False,False,True,False,False,False,True,10,True,False,0,3,1,10,0,0,10,0,False,False,0.2649478369419632,0.2455698295071636,0.0,0.0
armbench.pi05_integrated_panda_cpu_replay.v1,row_03853__free_space__full_assurance,libero_10__task_05__episode_02,17,3853,libero_10,5,rtc_guided_overlap,libero_10__task_05__episode_02__rtc_guided_overlap,2,25,free_space,full_assurance,fe36ac0713605fcc57897c367ab31e5b11dbf505ac76505ab7d16f946de13db9,111.45117699925322,1.7195999971590936,32.852900003490504,622.5746999989497,144.17077699908987,hold,supervision_budget_exceeded,hold,supervision_budget,True,10,0,False,False,True,True,True,True,True,10,True,False,0,3,1,10,0,0,10,0,False,False,0.2649478369419632,0.2455698295071636,0.0,0.0
armbench.pi05_integrated_panda_cpu_replay.v1,row_03853__single_block__direct_dispatch,libero_10__task_05__episode_02,17,3853,libero_10,5,rtc_guided_overlap,libero_10__task_05__episode_02__rtc_guided_overlap,2,25,single_block,direct_dispatch,fe36ac0713605fcc57897c367ab31e5b11dbf505ac76505ab7d16f946de13db9,111.45117699925322,1.8459999992046505,0.0017999991541728377,834.9588999990374,113.29897699761204,execute,direct_candidate_atomically_published,not_applicable,,True,10,10,True,False,True,False,False,False,False,0,False,False,0,7,1,10,0,0,10,1,False,True,0.2649478369419632,0.2649478369419632,0.2649478369419632,1.0
armbench.pi05_integrated_panda_cpu_replay.v1,row_03853__single_block__qp_projection,libero_10__task_05__episode_02,17,3853,libero_10,5,rtc_guided_overlap,libero_10__task_05__episode_02__rtc_guided_overlap,2,25,single_block,qp_projection,fe36ac0713605fcc57897c367ab31e5b11dbf505ac76505ab7d16f946de13db9,111.45117699925322,1.8459999992046505,21.86420000361977,680.766900004528,135.16137700207764,hold,software_budget_exceeded,not_applicable,qp_or_activation,True,10,0,False,False,True,False,False,False,True,10,True,False,0,3,1,10,0,0,10,0,False,False,0.2649478369419632,0.2455698295071636,0.0,0.0
armbench.pi05_integrated_panda_cpu_replay.v1,row_03853__single_block__full_assurance,libero_10__task_05__episode_02,17,3853,libero_10,5,rtc_guided_overlap,libero_10__task_05__episode_02__rtc_guided_overlap,2,25,single_block,full_assurance,fe36ac0713605fcc57897c367ab31e5b11dbf505ac76505ab7d16f946de13db9,111.45117699925322,1.8459999992046505,35.52060000220081,677.8641999990214,144.29717699385947,hold,supervision_budget_exceeded,hold,supervision_budget,True,10,0,False,False,True,True,True,True,True,10,True,False,0,3,1,10,0,0,10,0,False,False,0.2649478369419632,0.2455698295071636,0.0,0.0
armbench.pi05_integrated_panda_cpu_replay.v1,row_03853__narrow_gate__direct_dispatch,libero_10__task_05__episode_02,17,3853,libero_10,5,rtc_guided_overlap,libero_10__task_05__episode_02__rtc_guided_overlap,2,25,narrow_gate,direct_dispatch,fe36ac0713605fcc57897c367ab31e5b11dbf505ac76505ab7d16f946de13db9,111.45117699925322,2.876099999411963,0.0016999983927235007,978.5775000054855,114.32897699705791,execute,direct_candidate_atomically_published,not_applicable,,True,10,10,True,False,True,False,False,False,False,0,False,False,0,7,1,10,0,0,10,1,False,True,0.2649478369419632,0.2649478369419632,0.2649478369419632,1.0
armbench.pi05_integrated_panda_cpu_replay.v1,row_03853__narrow_gate__qp_projection,libero_10__task_05__episode_02,17,3853,libero_10,5,rtc_guided_overlap,libero_10__task_05__episode_02__rtc_guided_overlap,2,25,narrow_gate,qp_projection,fe36ac0713605fcc57897c367ab31e5b11dbf505ac76505ab7d16f946de13db9,111.45117699925322,2.876099999411963,23.797599998943042,823.1305000008433,138.12487699760823,hold,software_budget_exceeded,not_applicable,qp_or_activation,True,10,0,False,False,True,False,False,False,True,10,True,False,0,3,1,10,0,0,10,0,False,False,0.2649478369419632,0.2455698295071636,0.0,0.0
armbench.pi05_integrated_panda_cpu_replay.v1,row_03853__narrow_gate__full_assurance,libero_10__task_05__episode_02,17,3853,libero_10,5,rtc_guided_overlap,libero_10__task_05__episode_02__rtc_guided_overlap,2,25,narrow_gate,full_assurance,fe36ac0713605fcc57897c367ab31e5b11dbf505ac76505ab7d16f946de13db9,111.45117699925322,2.876099999411963,29.681699998036493,844.8920000009821,145.32727700134274,hold,supervision_budget_exceeded,hold,supervision_budget,True,10,0,False,False,True,True,True,True,True,10,True,False,0,3,1,10,0,0,10,0,False,False,0.2649478369419632,0.2455698295071636,0.0,0.0
armbench.pi05_integrated_panda_cpu_replay.v1,row_04953__free_space__direct_dispatch,libero_10__task_06__episode_06,18,4953,libero_10,6,overlap_unconditioned,libero_10__task_06__episode_06__overlap_unconditioned,6,8,free_space,direct_dispatch,1d0a2989e76d920a59ac3a743781f15f16a583e4ded7a55d9122c2e8345072f1,90.59274999890476,1.6185000058612786,0.0018999999156221747,684.9565000011353,92.21315000468167,execute,direct_candidate_atomically_published,not_applicable,,True,10,10,True,False,True,False,False,False,False,0,False,False,0,10,1,10,0,0,10,0,False,True,0.15674936467245965,0.15674936467245965,0.15674936467245965,1.0
armbench.pi05_integrated_panda_cpu_replay.v1,row_04953__free_space__qp_projection,libero_10__task_06__episode_06,18,4953,libero_10,6,overlap_unconditioned,libero_10__task_06__episode_06__overlap_unconditioned,6,8,free_space,qp_projection,1d0a2989e76d920a59ac3a743781f15f16a583e4ded7a55d9122c2e8345072f1,90.59274999890476,1.6185000058612786,23.737099996651523,537.840299999516,115.94835000141757,hold,software_budget_exceeded,not_applicable,qp_or_activation,True,10,0,False,False,True,False,False,False,True,10,True,False,0,7,1,10,0,0,10,0,False,False,0.15674936467245965,0.12089147002557157,0.0,0.0
armbench.pi05_integrated_panda_cpu_replay.v1,row_04953__free_space__full_assurance,libero_10__task_06__episode_06,18,4953,libero_10,6,overlap_unconditioned,libero_10__task_06__episode_06__overlap_unconditioned,6,8,free_space,full_assurance,1d0a2989e76d920a59ac3a743781f15f16a583e4ded7a55d9122c2e8345072f1,90.59274999890476,1.6185000058612786,28.54069999739295,556.4558999976725,123.2112500074436,hold,supervision_budget_exceeded,hold,supervision_budget,True,10,0,False,False,True,True,True,True,True,10,True,False,0,7,1,10,0,0,10,0,False,False,0.15674936467245965,0.12089147002557157,0.0,0.0
armbench.pi05_integrated_panda_cpu_replay.v1,row_04953__single_block__direct_dispatch,libero_10__task_06__episode_06,18,4953,libero_10,6,overlap_unconditioned,libero_10__task_06__episode_06__overlap_unconditioned,6,8,single_block,direct_dispatch,1d0a2989e76d920a59ac3a743781f15f16a583e4ded7a55d9122c2e8345072f1,90.59274999890476,1.717400002235081,0.0020000006770715117,763.6167000018759,92.31215000181692,execute,direct_candidate_atomically_published,not_applicable,,True,10,10,True,False,True,False,False,False,False,0,False,False,0,10,1,10,0,0,10,0,False,True,0.15674936467245965,0.15674936467245965,0.15674936467245965,1.0
armbench.pi05_integrated_panda_cpu_replay.v1,row_04953__single_block__qp_projection,libero_10__task_06__episode_06,18,4953,libero_10,6,overlap_unconditioned,libero_10__task_06__episode_06__overlap_unconditioned,6,8,single_block,qp_projection,1d0a2989e76d920a59ac3a743781f15f16a583e4ded7a55d9122c2e8345072f1,90.59274999890476,1.717400002235081,25.54470000177389,658.6119999992661,117.85485000291374,hold,software_budget_exceeded,not_applicable,qp_or_activation,True,10,0,False,False,True,False,False,False,True,10,True,False,0,7,1,10,0,0,10,0,False,False,0.15674936467245965,0.12089147002557157,0.0,0.0
armbench.pi05_integrated_panda_cpu_replay.v1,row_04953__single_block__full_assurance,libero_10__task_06__episode_06,18,4953,libero_10,6,overlap_unconditioned,libero_10__task_06__episode_06__overlap_unconditioned,6,8,single_block,full_assurance,1d0a2989e76d920a59ac3a743781f15f16a583e4ded7a55d9122c2e8345072f1,90.59274999890476,1.717400002235081,37.02299999713432,650.7687000048463,139.31014999980107,hold,supervision_budget_exceeded,hold,supervision_budget,True,10,0,False,False,True,True,True,True,True,10,True,False,0,7,1,10,0,0,10,0,False,False,0.15674936467245965,0.12089147002557157,0.0,0.0
armbench.pi05_integrated_panda_cpu_replay.v1,row_04953__narrow_gate__direct_dispatch,libero_10__task_06__episode_06,18,4953,libero_10,6,overlap_unconditioned,libero_10__task_06__episode_06__overlap_unconditioned,6,8,narrow_gate,direct_dispatch,1d0a2989e76d920a59ac3a743781f15f16a583e4ded7a55d9122c2e8345072f1,90.59274999890476,1.7766000019037165,0.0023999964469112456,920.835500000976,92.37174999725539,execute,direct_candidate_atomically_published,not_applicable,,True,10,10,True,False,True,False,False,False,False,0,False,False,0,10,1,10,0,0,10,0,False,True,0.15674936467245965,0.15674936467245965,0.15674936467245965,1.0
armbench.pi05_integrated_panda_cpu_replay.v1,row_04953__narrow_gate__qp_projection,libero_10__task_06__episode_06,18,4953,libero_10,6,overlap_unconditioned,libero_10__task_06__episode_06__overlap_unconditioned,6,8,narrow_gate,qp_projection,1d0a2989e76d920a59ac3a743781f15f16a583e4ded7a55d9122c2e8345072f1,90.59274999890476,1.7766000019037165,23.23900000192225,727.6625000013155,115.60835000273073,hold,software_budget_exceeded,not_applicable,qp_or_activation,True,10,0,False,False,True,False,False,False,True,10,True,False,0,7,1,10,0,0,10,0,False,False,0.15674936467245965,0.12089147002557157,0.0,0.0
armbench.pi05_integrated_panda_cpu_replay.v1,row_04953__narrow_gate__full_assurance,libero_10__task_06__episode_06,18,4953,libero_10,6,overlap_unconditioned,libero_10__task_06__episode_06__overlap_unconditioned,6,8,narrow_gate,full_assurance,1d0a2989e76d920a59ac3a743781f15f16a583e4ded7a55d9122c2e8345072f1,90.59274999890476,1.7766000019037165,31.696199999714736,758.487300001434,123.36935000348603,hold,supervision_budget_exceeded,hold,supervision_budget,True,10,0,False,False,True,True,True,True,True,10,True,False,0,7,1,10,0,0,10,0,False,False,0.15674936467245965,0.12089147002557157,0.0,0.0
armbench.pi05_integrated_panda_cpu_replay.v1,row_04773__free_space__direct_dispatch,libero_10__task_06__episode_05,19,4773,libero_10,6,projected_overlap,libero_10__task_06__episode_05__projected_overlap,5,11,free_space,direct_dispatch,0012494746ac6d95bef31165b95dad73d2233ce508b720c3e77a99bb8cb95b24,80.40929900016636,1.9204999989597127,0.0023000029614195228,528.534099998069,82.33209900208749,execute,direct_candidate_atomically_published,not_applicable,,True,10,10,True,False,True,False,False,False,False,0,False,False,0,3,1,10,0,0,10,0,False,True,0.07102874275272865,0.07102874275272865,0.07102874275272865,1.0
armbench.pi05_integrated_panda_cpu_replay.v1,row_04773__free_space__qp_projection,libero_10__task_06__episode_05,19,4773,libero_10,6,projected_overlap,libero_10__task_06__episode_05__projected_overlap,5,11,free_space,qp_projection,0012494746ac6d95bef31165b95dad73d2233ce508b720c3e77a99bb8cb95b24,80.40929900016636,1.9204999989597127,24.81899999838788,497.56649999471847,107.14879899751395,hold,software_budget_exceeded,not_applicable,qp_or_activation,True,10,0,False,False,True,False,False,False,True,10,True,False,0,2,0,10,0,0,10,0,False,False,0.07102874275272865,0.0673544104297421,0.0,0.0
armbench.pi05_integrated_panda_cpu_replay.v1,row_04773__free_space__full_assurance,libero_10__task_06__episode_05,19,4773,libero_10,6,projected_overlap,libero_10__task_06__episode_05__projected_overlap,5,11,free_space,full_assurance,0012494746ac6d95bef31165b95dad73d2233ce508b720c3e77a99bb8cb95b24,80.40929900016636,1.9204999989597127,25.415399999474175,504.25520000135293,97.32979899854399,hold,supervision_budget_exceeded,hold,supervision_budget,True,10,0,False,False,True,True,True,True,True,10,True,False,0,2,0,10,0,0,10,0,False,False,0.07102874275272865,0.0673544104297421,0.0,0.0
armbench.pi05_integrated_panda_cpu_replay.v1,row_04773__single_block__direct_dispatch,libero_10__task_06__episode_05,19,4773,libero_10,6,projected_overlap,libero_10__task_06__episode_05__projected_overlap,5,11,single_block,direct_dispatch,0012494746ac6d95bef31165b95dad73d2233ce508b720c3e77a99bb8cb95b24,80.40929900016636,1.8452000003890134,0.0021000014385208488,594.377400004305,82.25659900199389,execute,direct_candidate_atomically_published,not_applicable,,True,10,10,True,False,True,False,False,False,False,0,False,False,0,3,1,10,0,0,10,0,False,True,0.07102874275272865,0.07102874275272865,0.07102874275272865,1.0
armbench.pi05_integrated_panda_cpu_replay.v1,row_04773__single_block__qp_projection,libero_10__task_06__episode_05,19,4773,libero_10,6,projected_overlap,libero_10__task_06__episode_05__projected_overlap,5,11,single_block,qp_projection,0012494746ac6d95bef31165b95dad73d2233ce508b720c3e77a99bb8cb95b24,80.40929900016636,1.8452000003890134,22.497099998872727,549.9329000012949,104.7515989994281,hold,software_budget_exceeded,not_applicable,qp_or_activation,True,10,0,False,False,True,False,False,False,True,10,True,False,0,2,0,10,0,0,10,0,False,False,0.07102874275272865,0.0673544104297421,0.0,0.0
armbench.pi05_integrated_panda_cpu_replay.v1,row_04773__single_block__full_assurance,libero_10__task_06__episode_05,19,4773,libero_10,6,projected_overlap,libero_10__task_06__episode_05__projected_overlap,5,11,single_block,full_assurance,0012494746ac6d95bef31165b95dad73d2233ce508b720c3e77a99bb8cb95b24,80.40929900016636,1.8452000003890134,25.654899996879976,539.60879999795,113.25449900323292,hold,supervision_budget_exceeded,hold,supervision_budget,True,10,0,False,False,True,True,True,True,True,10,True,False,0,2,0,10,0,0,10,0,False,False,0.07102874275272865,0.0673544104297421,0.0,0.0
armbench.pi05_integrated_panda_cpu_replay.v1,row_04773__narrow_gate__direct_dispatch,libero_10__task_06__episode_05,19,4773,libero_10,6,projected_overlap,libero_10__task_06__episode_05__projected_overlap,5,11,narrow_gate,direct_dispatch,0012494746ac6d95bef31165b95dad73d2233ce508b720c3e77a99bb8cb95b24,80.40929900016636,2.1482999945874326,0.0017999991541728377,713.2751000026474,82.55939899390796,execute,direct_candidate_atomically_published,not_applicable,,True,10,10,True,False,True,False,False,False,False,0,False,False,0,3,1,10,0,0,10,0,False,True,0.07102874275272865,0.07102874275272865,0.07102874275272865,1.0
armbench.pi05_integrated_panda_cpu_replay.v1,row_04773__narrow_gate__qp_projection,libero_10__task_06__episode_05,19,4773,libero_10,6,projected_overlap,libero_10__task_06__episode_05__projected_overlap,5,11,narrow_gate,qp_projection,0012494746ac6d95bef31165b95dad73d2233ce508b720c3e77a99bb8cb95b24,80.40929900016636,2.1482999945874326,24.79200000379933,685.6409999963944,107.34959899855312,hold,software_budget_exceeded,not_applicable,qp_or_activation,True,10,0,False,False,True,False,False,False,True,10,True,False,0,2,0,10,0,0,10,0,False,False,0.07102874275272865,0.0673544104297421,0.0,0.0
armbench.pi05_integrated_panda_cpu_replay.v1,row_04773__narrow_gate__full_assurance,libero_10__task_06__episode_05,19,4773,libero_10,6,projected_overlap,libero_10__task_06__episode_05__projected_overlap,5,11,narrow_gate,full_assurance,0012494746ac6d95bef31165b95dad73d2233ce508b720c3e77a99bb8cb95b24,80.40929900016636,2.1482999945874326,33.20779999921797,672.3139000023366,113.55759899743134,hold,supervision_budget_exceeded,hold,supervision_budget,True,10,0,False,False,True,True,True,True,True,10,True,False,0,2,0,10,0,0,10,0,False,False,0.07102874275272865,0.0673544104297421,0.0,0.0
armbench.pi05_integrated_panda_cpu_replay.v1,row_04462__free_space__direct_dispatch,libero_10__task_06__episode_02,20,4462,libero_10,6,rtc_guided_overlap,libero_10__task_06__episode_02__rtc_guided_overlap,2,41,free_space,direct_dispatch,70b9224f98dd7ca753ca304e5409a01563f652e68827468e70fea86b3cbcc658,109.34699199424358,1.6753000018070452,0.0018999999156221747,707.0229000019026,111.02419199596625,execute,direct_candidate_atomically_published,not_applicable,,True,10,10,True,False,True,False,False,False,False,0,False,False,0,10,1,10,0,0,10,0,False,True,0.14191991553853622,0.14191991553853622,0.14191991553853622,1.0
armbench.pi05_integrated_panda_cpu_replay.v1,row_04462__free_space__qp_projection,libero_10__task_06__episode_02,20,4462,libero_10,6,rtc_guided_overlap,libero_10__task_06__episode_02__rtc_guided_overlap,2,41,free_space,qp_projection,70b9224f98dd7ca753ca304e5409a01563f652e68827468e70fea86b3cbcc658,109.34699199424358,1.6753000018070452,26.82759999879636,558.7464999989606,137.84989199484698,hold,software_budget_exceeded,not_applicable,qp_or_activation,True,10,0,False,False,True,False,False,False,True,10,True,False,0,7,1,10,0,0,10,0,False,False,0.14191991553853622,0.11470152267213221,0.0,0.0
armbench.pi05_integrated_panda_cpu_replay.v1,row_04462__free_space__full_assurance,libero_10__task_06__episode_02,20,4462,libero_10,6,rtc_guided_overlap,libero_10__task_06__episode_02__rtc_guided_overlap,2,41,free_space,full_assurance,70b9224f98dd7ca753ca304e5409a01563f652e68827468e70fea86b3cbcc658,109.34699199424358,1.6753000018070452,33.82599999895319,551.8316000016057,142.02229199872818,hold,supervision_budget_exceeded,hold,supervision_budget,True,10,0,False,False,True,True,True,True,True,10,True,False,0,7,1,10,0,0,10,0,False,False,0.14191991553853622,0.11470152267213221,0.0,0.0
armbench.pi05_integrated_panda_cpu_replay.v1,row_04462__single_block__direct_dispatch,libero_10__task_06__episode_02,20,4462,libero_10,6,rtc_guided_overlap,libero_10__task_06__episode_02__rtc_guided_overlap,2,41,single_block,direct_dispatch,70b9224f98dd7ca753ca304e5409a01563f652e68827468e70fea86b3cbcc658,109.34699199424358,1.8241000070702285,0.0020000006770715117,238.24210000020685,111.17309200199088,execute,direct_candidate_atomically_published,not_applicable,,True,10,10,True,False,True,False,False,False,False,0,False,False,0,10,1,10,6,0,10,8,False,True,0.14191991553853622,0.14191991553853622,0.14191991553853622,1.0
armbench.pi05_integrated_panda_cpu_replay.v1,row_04462__single_block__qp_projection,libero_10__task_06__episode_02,20,4462,libero_10,6,rtc_guided_overlap,libero_10__task_06__episode_02__rtc_guided_overlap,2,41,single_block,qp_projection,70b9224f98dd7ca753ca304e5409a01563f652e68827468e70fea86b3cbcc658,109.34699199424358,1.8241000070702285,20.922100004099775,296.22029999882216,132.09319200541358,hold,software_budget_exceeded,not_applicable,qp_or_activation,True,10,0,False,False,True,False,False,False,True,10,True,False,0,7,1,10,4,0,10,6,False,False,0.14191991553853622,0.11470152267213221,0.0,0.0
armbench.pi05_integrated_panda_cpu_replay.v1,row_04462__single_block__full_assurance,libero_10__task_06__episode_02,20,4462,libero_10,6,rtc_guided_overlap,libero_10__task_06__episode_02__rtc_guided_overlap,2,41,single_block,full_assurance,70b9224f98dd7ca753ca304e5409a01563f652e68827468e70fea86b3cbcc658,109.34699199424358,1.8241000070702285,34.69829999812646,289.35030000138795,142.1710919967154,hold,supervision_budget_exceeded,hold,supervision_budget,True,10,0,False,False,True,True,True,True,True,10,True,False,0,7,1,10,4,0,10,6,False,False,0.14191991553853622,0.11470152267213221,0.0,0.0
armbench.pi05_integrated_panda_cpu_replay.v1,row_04462__narrow_gate__direct_dispatch,libero_10__task_06__episode_02,20,4462,libero_10,6,rtc_guided_overlap,libero_10__task_06__episode_02__rtc_guided_overlap,2,41,narrow_gate,direct_dispatch,70b9224f98dd7ca753ca304e5409a01563f652e68827468e70fea86b3cbcc658,109.34699199424358,1.8082000024151057,0.0018999999156221747,381.8165000047884,111.15709199657431,execute,direct_candidate_atomically_published,not_applicable,,True,10,10,True,False,True,False,False,False,False,0,False,False,0,10,1,10,5,0,10,8,False,True,0.14191991553853622,0.14191991553853622,0.14191991553853622,1.0
armbench.pi05_integrated_panda_cpu_replay.v1,row_04462__narrow_gate__qp_projection,libero_10__task_06__episode_02,20,4462,libero_10,6,rtc_guided_overlap,libero_10__task_06__episode_02__rtc_guided_overlap,2,41,narrow_gate,qp_projection,70b9224f98dd7ca753ca304e5409a01563f652e68827468e70fea86b3cbcc658,109.34699199424358,1.8082000024151057,22.183699999004602,325.2074000047287,133.3388919956633,hold,software_budget_exceeded,not_applicable,qp_or_activation,True,10,0,False,False,True,False,False,False,True,10,True,False,0,7,1,10,4,0,10,6,False,False,0.14191991553853622,0.11470152267213221,0.0,0.0
armbench.pi05_integrated_panda_cpu_replay.v1,row_04462__narrow_gate__full_assurance,libero_10__task_06__episode_02,20,4462,libero_10,6,rtc_guided_overlap,libero_10__task_06__episode_02__rtc_guided_overlap,2,41,narrow_gate,full_assurance,70b9224f98dd7ca753ca304e5409a01563f652e68827468e70fea86b3cbcc658,109.34699199424358,1.8082000024151057,35.8838999964064,331.2055999995209,142.15519199933624,hold,supervision_budget_exceeded,hold,supervision_budget,True,10,0,False,False,True,True,True,True,True,10,True,False,0,7,1,10,4,0,10,6,False,False,0.14191991553853622,0.11470152267213221,0.0,0.0
armbench.pi05_integrated_panda_cpu_replay.v1,row_05082__free_space__direct_dispatch,libero_10__task_07__episode_02,21,5082,libero_10,7,overlap_unconditioned,libero_10__task_07__episode_02__overlap_unconditioned,2,43,free_space,direct_dispatch,577d2da6f2f31ec5d381f089ea57502db82b6bcd60b682984a7bf79c80ba6092,108.89058699831367,1.7198999994434416,0.0018999999156221747,814.1707999966457,110.61238699767273,execute,direct_candidate_atomically_published,not_applicable,,True,10,10,True,False,True,False,False,False,False,0,False,False,0,10,2,10,0,0,10,0,False,True,0.28401449590649597,0.28401449590649597,0.28401449590649597,1.0
armbench.pi05_integrated_panda_cpu_replay.v1,row_05082__free_space__qp_projection,libero_10__task_07__episode_02,21,5082,libero_10,7,overlap_unconditioned,libero_10__task_07__episode_02__overlap_unconditioned,2,43,free_space,qp_projection,577d2da6f2f31ec5d381f089ea57502db82b6bcd60b682984a7bf79c80ba6092,108.89058699831367,1.7198999994434416,23.91370000259485,594.5808999967994,134.52418700035196,hold,software_budget_exceeded,not_applicable,qp_or_activation,True,10,0,False,False,True,False,False,False,True,10,True,False,0,7,1,10,0,0,10,0,False,False,0.28401449590649597,0.25667724588460966,0.0,0.0
armbench.pi05_integrated_panda_cpu_replay.v1,row_05082__free_space__full_assurance,libero_10__task_07__episode_02,21,5082,libero_10,7,overlap_unconditioned,libero_10__task_07__episode_02__overlap_unconditioned,2,43,free_space,full_assurance,577d2da6f2f31ec5d381f089ea57502db82b6bcd60b682984a7bf79c80ba6092,108.89058699831367,1.7198999994434416,37.723200002801605,643.2322000036947,157.61048699641833,hold,supervision_budget_exceeded,hold,supervision_budget,True,10,0,False,False,True,True,True,True,True,10,True,False,0,7,1,10,0,0,10,0,False,False,0.28401449590649597,0.25667724588460966,0.0,0.0
armbench.pi05_integrated_panda_cpu_replay.v1,row_05082__single_block__direct_dispatch,libero_10__task_07__episode_02,21,5082,libero_10,7,overlap_unconditioned,libero_10__task_07__episode_02__overlap_unconditioned,2,43,single_block,direct_dispatch,577d2da6f2f31ec5d381f089ea57502db82b6bcd60b682984a7bf79c80ba6092,108.89058699831367,2.0030999949085526,0.001800006430130452,183.4822000018903,110.89548699965235,execute,direct_candidate_atomically_published,not_applicable,,True,10,10,True,False,True,False,False,False,False,0,False,False,0,10,2,10,8,0,10,9,False,True,0.28401449590649597,0.28401449590649597,0.28401449590649597,1.0
armbench.pi05_integrated_panda_cpu_replay.v1,row_05082__single_block__qp_projection,libero_10__task_07__episode_02,21,5082,libero_10,7,overlap_unconditioned,libero_10__task_07__episode_02__overlap_unconditioned,2,43,single_block,qp_projection,577d2da6f2f31ec5d381f089ea57502db82b6bcd60b682984a7bf79c80ba6092,108.89058699831367,2.0030999949085526,23.895699996501207,184.20419999893056,134.78938698972343,hold,software_budget_exceeded,not_applicable,qp_or_activation,True,10,0,False,False,True,False,False,False,True,10,True,False,0,7,1,10,7,0,10,7,False,False,0.28401449590649597,0.25667724588460966,0.0,0.0
armbench.pi05_integrated_panda_cpu_replay.v1,row_05082__single_block__full_assurance,libero_10__task_07__episode_02,21,5082,libero_10,7,overlap_unconditioned,libero_10__task_07__episode_02__overlap_unconditioned,2,43,single_block,full_assurance,577d2da6f2f31ec5d381f089ea57502db82b6bcd60b682984a7bf79c80ba6092,108.89058699831367,2.0030999949085526,30.529700001352467,188.25159999687457,141.89368699589977,hold,supervision_budget_exceeded,hold,supervision_budget,True,10,0,False,False,True,True,True,True,True,10,True,False,0,7,1,10,7,0,10,7,False,False,0.28401449590649597,0.25667724588460966,0.0,0.0
armbench.pi05_integrated_panda_cpu_replay.v1,row_05082__narrow_gate__direct_dispatch,libero_10__task_07__episode_02,21,5082,libero_10,7,overlap_unconditioned,libero_10__task_07__episode_02__overlap_unconditioned,2,43,narrow_gate,direct_dispatch,577d2da6f2f31ec5d381f089ea57502db82b6bcd60b682984a7bf79c80ba6092,108.89058699831367,2.438900002744049,0.0023000029614195228,279.7945999991498,111.33178700401913,execute,direct_candidate_atomically_published,not_applicable,,True,10,10,True,False,True,False,False,False,False,0,False,False,0,10,2,10,7,0,10,9,False,True,0.28401449590649597,0.28401449590649597,0.28401449590649597,1.0
armbench.pi05_integrated_panda_cpu_replay.v1,row_05082__narrow_gate__qp_projection,libero_10__task_07__episode_02,21,5082,libero_10,7,overlap_unconditioned,libero_10__task_07__episode_02__overlap_unconditioned,2,43,narrow_gate,qp_projection,577d2da6f2f31ec5d381f089ea57502db82b6bcd60b682984a7bf79c80ba6092,108.89058699831367,2.438900002744049,31.28179999475833,506.88760000048205,142.61128699581604,hold,software_budget_exceeded,not_applicable,qp_or_activation,True,10,0,False,False,True,False,False,False,True,10,True,False,0,7,1,10,5,0,10,7,False,False,0.28401449590649597,0.25667724588460966,0.0,0.0
armbench.pi05_integrated_panda_cpu_replay.v1,row_05082__narrow_gate__full_assurance,libero_10__task_07__episode_02,21,5082,libero_10,7,overlap_unconditioned,libero_10__task_07__episode_02__overlap_unconditioned,2,43,narrow_gate,full_assurance,577d2da6f2f31ec5d381f089ea57502db82b6bcd60b682984a7bf79c80ba6092,108.89058699831367,2.438900002744049,32.19890000036685,511.98009999643546,142.32948700373527,hold,supervision_budget_exceeded,hold,supervision_budget,True,10,0,False,False,True,True,True,True,True,10,True,False,0,7,1,10,5,0,10,7,False,False,0.28401449590649597,0.25667724588460966,0.0,0.0
armbench.pi05_integrated_panda_cpu_replay.v1,row_05128__free_space__direct_dispatch,libero_10__task_07__episode_02,22,5128,libero_10,7,projected_overlap,libero_10__task_07__episode_02__projected_overlap,2,40,free_space,direct_dispatch,0e92838da6d4cdb706e0b8d31366212826fa86c5ce6ccd320378f7981599112c,79.92186000046786,1.9948999979533255,0.0021000014385208488,645.6118999994942,81.9188599998597,execute,direct_candidate_atomically_published,not_applicable,,True,10,10,True,False,True,False,False,False,False,0,False,False,0,10,1,10,0,0,10,1,False,True,0.12273249613907007,0.12273249613907007,0.12273249613907007,1.0
armbench.pi05_integrated_panda_cpu_replay.v1,row_05128__free_space__qp_projection,libero_10__task_07__episode_02,22,5128,libero_10,7,projected_overlap,libero_10__task_07__episode_02__projected_overlap,2,40,free_space,qp_projection,0e92838da6d4cdb706e0b8d31366212826fa86c5ce6ccd320378f7981599112c,79.92186000046786,1.9948999979533255,23.313300000154413,561.7055000038818,105.2300599985756,hold,software_budget_exceeded,not_applicable,qp_or_activation,True,10,0,False,False,True,False,False,False,True,10,True,False,0,7,1,10,0,0,10,0,False,False,0.12273249613907007,0.0928809307419717,0.0,0.0
armbench.pi05_integrated_panda_cpu_replay.v1,row_05128__free_space__full_assurance,libero_10__task_07__episode_02,22,5128,libero_10,7,projected_overlap,libero_10__task_07__episode_02__projected_overlap,2,40,free_space,full_assurance,0e92838da6d4cdb706e0b8d31366212826fa86c5ce6ccd320378f7981599112c,79.92186000046786,1.9948999979533255,32.44489999633515,536.7800999956671,113.91675999766449,hold,supervision_budget_exceeded,hold,supervision_budget,True,10,0,False,False,True,True,True,True,True,10,True,False,0,7,1,10,0,0,10,0,False,False,0.12273249613907007,0.0928809307419717,0.0,0.0
armbench.pi05_integrated_panda_cpu_replay.v1,row_05128__single_block__direct_dispatch,libero_10__task_07__episode_02,22,5128,libero_10,7,projected_overlap,libero_10__task_07__episode_02__projected_overlap,2,40,single_block,direct_dispatch,0e92838da6d4cdb706e0b8d31366212826fa86c5ce6ccd320378f7981599112c,79.92186000046786,2.1444000012706965,0.0021000014385208488,402.5967000052333,82.06836000317708,execute,direct_candidate_atomically_published,not_applicable,,True,10,10,True,False,True,False,False,False,False,0,False,False,0,10,1,10,5,0,10,7,False,True,0.12273249613907007,0.12273249613907007,0.12273249613907007,1.0
armbench.pi05_integrated_panda_cpu_replay.v1,row_05128__single_block__qp_projection,libero_10__task_07__episode_02,22,5128,libero_10,7,projected_overlap,libero_10__task_07__episode_02__projected_overlap,2,40,single_block,qp_projection,0e92838da6d4cdb706e0b8d31366212826fa86c5ce6ccd320378f7981599112c,79.92186000046786,2.1444000012706965,26.923400000669062,375.17400000069756,108.98966000240762,hold,software_budget_exceeded,not_applicable,qp_or_activation,True,10,0,False,False,True,False,False,False,True,10,True,False,0,7,1,10,3,0,10,5,False,False,0.12273249613907007,0.0928809307419717,0.0,0.0
armbench.pi05_integrated_panda_cpu_replay.v1,row_05128__single_block__full_assurance,libero_10__task_07__episode_02,22,5128,libero_10,7,projected_overlap,libero_10__task_07__episode_02__projected_overlap,2,40,single_block,full_assurance,0e92838da6d4cdb706e0b8d31366212826fa86c5ce6ccd320378f7981599112c,79.92186000046786,2.1444000012706965,31.40990000247257,387.8335999979754,114.06626000098186,hold,supervision_budget_exceeded,hold,supervision_budget,True,10,0,False,False,True,True,True,True,True,10,True,False,0,7,1,10,3,0,10,5,False,False,0.12273249613907007,0.0928809307419717,0.0,0.0
armbench.pi05_integrated_panda_cpu_replay.v1,row_05128__narrow_gate__direct_dispatch,libero_10__task_07__episode_02,22,5128,libero_10,7,projected_overlap,libero_10__task_07__episode_02__projected_overlap,2,40,narrow_gate,direct_dispatch,0e92838da6d4cdb706e0b8d31366212826fa86c5ce6ccd320378f7981599112c,79.92186000046786,2.0759999970323406,0.0017999991541728377,705.5706000028295,81.99965999665437,execute,direct_candidate_atomically_published,not_applicable,,True,10,10,True,False,True,False,False,False,False,0,False,False,0,10,1,10,2,0,10,4,False,True,0.12273249613907007,0.12273249613907007,0.12273249613907007,1.0
armbench.pi05_integrated_panda_cpu_replay.v1,row_05128__narrow_gate__qp_projection,libero_10__task_07__episode_02,22,5128,libero_10,7,projected_overlap,libero_10__task_07__episode_02__projected_overlap,2,40,narrow_gate,qp_projection,0e92838da6d4cdb706e0b8d31366212826fa86c5ce6ccd320378f7981599112c,79.92186000046786,2.0759999970323406,25.814400003582705,771.2205999996513,107.8122600010829,hold,software_budget_exceeded,not_applicable,qp_or_activation,True,10,0,False,False,True,False,False,False,True,10,True,False,0,7,1,10,1,0,10,3,False,False,0.12273249613907007,0.0928809307419717,0.0,0.0
armbench.pi05_integrated_panda_cpu_replay.v1,row_05128__narrow_gate__full_assurance,libero_10__task_07__episode_02,22,5128,libero_10,7,projected_overlap,libero_10__task_07__episode_02__projected_overlap,2,40,narrow_gate,full_assurance,0e92838da6d4cdb706e0b8d31366212826fa86c5ce6ccd320378f7981599112c,79.92186000046786,2.0759999970323406,36.76749999431195,730.4965000002994,112.99786000017775,hold,supervision_budget_exceeded,hold,supervision_budget,True,10,0,False,False,True,True,True,True,True,10,True,False,0,7,1,10,1,0,10,3,False,False,0.12273249613907007,0.0928809307419717,0.0,0.0
armbench.pi05_integrated_panda_cpu_replay.v1,row_05011__free_space__direct_dispatch,libero_10__task_07__episode_02,23,5011,libero_10,7,rtc_guided_overlap,libero_10__task_07__episode_02__rtc_guided_overlap,2,20,free_space,direct_dispatch,24f71f3f30cc2312cc0339c738754d5367bbccc0f419fe35bd17438d01f7e5b0,123.61334199522389,2.2635999994236045,0.0017999991541728377,699.8404000041774,125.87874199380167,execute,direct_candidate_atomically_published,not_applicable,,True,10,10,True,False,True,False,False,False,False,0,False,False,0,7,3,10,0,0,10,0,False,True,0.21566825906641596,0.21566825906641596,0.21566825906641596,1.0
armbench.pi05_integrated_panda_cpu_replay.v1,row_05011__free_space__qp_projection,libero_10__task_07__episode_02,23,5011,libero_10,7,rtc_guided_overlap,libero_10__task_07__episode_02__rtc_guided_overlap,2,20,free_space,qp_projection,24f71f3f30cc2312cc0339c738754d5367bbccc0f419fe35bd17438d01f7e5b0,123.61334199522389,2.2635999994236045,22.209000002476387,601.6065000003437,148.08594199712388,hold,software_budget_exceeded,not_applicable,qp_or_activation,True,10,0,False,False,True,False,False,False,True,10,True,False,0,4,1,10,0,0,10,0,False,False,0.21566825906641596,0.1877137167542412,0.0,0.0
armbench.pi05_integrated_panda_cpu_replay.v1,row_05011__free_space__full_assurance,libero_10__task_07__episode_02,23,5011,libero_10,7,rtc_guided_overlap,libero_10__task_07__episode_02__rtc_guided_overlap,2,20,free_space,full_assurance,24f71f3f30cc2312cc0339c738754d5367bbccc0f419fe35bd17438d01f7e5b0,123.61334199522389,2.2635999994236045,36.393099995621014,585.0840999992215,156.87694199732505,hold,supervision_budget_exceeded,hold,supervision_budget,True,10,0,False,False,True,True,True,True,True,10,True,False,0,4,1,10,0,0,10,0,False,False,0.21566825906641596,0.1877137167542412,0.0,0.0
armbench.pi05_integrated_panda_cpu_replay.v1,row_05011__single_block__direct_dispatch,libero_10__task_07__episode_02,23,5011,libero_10,7,rtc_guided_overlap,libero_10__task_07__episode_02__rtc_guided_overlap,2,20,single_block,direct_dispatch,24f71f3f30cc2312cc0339c738754d5367bbccc0f419fe35bd17438d01f7e5b0,123.61334199522389,1.9112000009045005,0.0023000029614195228,757.0387000014307,125.52684199908981,execute,direct_candidate_atomically_published,not_applicable,,True,10,10,True,False,True,False,False,False,False,0,False,False,0,7,3,10,0,0,10,0,False,True,0.21566825906641596,0.21566825906641596,0.21566825906641596,1.0
armbench.pi05_integrated_panda_cpu_replay.v1,row_05011__single_block__qp_projection,libero_10__task_07__episode_02,23,5011,libero_10,7,rtc_guided_overlap,libero_10__task_07__episode_02__rtc_guided_overlap,2,20,single_block,qp_projection,24f71f3f30cc2312cc0339c738754d5367bbccc0f419fe35bd17438d01f7e5b0,123.61334199522389,1.9112000009045005,23.44979999907082,602.5156000032439,148.9743419951992,hold,software_budget_exceeded,not_applicable,qp_or_activation,True,10,0,False,False,True,False,False,False,True,10,True,False,0,4,1,10,0,0,10,0,False,False,0.21566825906641596,0.1877137167542412,0.0,0.0
armbench.pi05_integrated_panda_cpu_replay.v1,row_05011__single_block__full_assurance,libero_10__task_07__episode_02,23,5011,libero_10,7,rtc_guided_overlap,libero_10__task_07__episode_02__rtc_guided_overlap,2,20,single_block,full_assurance,24f71f3f30cc2312cc0339c738754d5367bbccc0f419fe35bd17438d01f7e5b0,123.61334199522389,1.9112000009045005,28.18620000471128,602.2446999995736,140.52454199554631,hold,supervision_budget_exceeded,hold,supervision_budget,True,10,0,False,False,True,True,True,True,True,10,True,False,0,4,1,10,0,0,10,0,False,False,0.21566825906641596,0.1877137167542412,0.0,0.0
armbench.pi05_integrated_panda_cpu_replay.v1,row_05011__narrow_gate__direct_dispatch,libero_10__task_07__episode_02,23,5011,libero_10,7,rtc_guided_overlap,libero_10__task_07__episode_02__rtc_guided_overlap,2,20,narrow_gate,direct_dispatch,24f71f3f30cc2312cc0339c738754d5367bbccc0f419fe35bd17438d01f7e5b0,123.61334199522389,1.729100004013162,0.0018999999156221747,897.8688999995939,125.34434199915268,execute,direct_candidate_atomically_published,not_applicable,,True,10,10,True,False,True,False,False,False,False,0,False,False,0,7,3,10,0,0,10,0,False,True,0.21566825906641596,0.21566825906641596,0.21566825906641596,1.0
armbench.pi05_integrated_panda_cpu_replay.v1,row_05011__narrow_gate__qp_projection,libero_10__task_07__episode_02,23,5011,libero_10,7,rtc_guided_overlap,libero_10__task_07__episode_02__rtc_guided_overlap,2,20,narrow_gate,qp_projection,24f71f3f30cc2312cc0339c738754d5367bbccc0f419fe35bd17438d01f7e5b0,123.61334199522389,1.729100004013162,24.528299996745773,753.4087999956682,149.87074199598283,hold,software_budget_exceeded,not_applicable,qp_or_activation,True,10,0,False,False,True,False,False,False,True,10,True,False,0,4,1,10,0,0,10,0,False,False,0.21566825906641596,0.1877137167542412,0.0,0.0
armbench.pi05_integrated_panda_cpu_replay.v1,row_05011__narrow_gate__full_assurance,libero_10__task_07__episode_02,23,5011,libero_10,7,rtc_guided_overlap,libero_10__task_07__episode_02__rtc_guided_overlap,2,20,narrow_gate,full_assurance,24f71f3f30cc2312cc0339c738754d5367bbccc0f419fe35bd17438d01f7e5b0,123.61334199522389,1.729100004013162,32.644500002788845,746.8686000065645,157.34244199848035,hold,supervision_budget_exceeded,hold,supervision_budget,True,10,0,False,False,True,True,True,True,True,10,True,False,0,4,1,10,0,0,10,0,False,False,0.21566825906641596,0.1877137167542412,0.0,0.0
armbench.pi05_integrated_panda_cpu_replay.v1,row_06407__free_space__direct_dispatch,libero_10__task_08__episode_04,24,6407,libero_10,8,overlap_unconditioned,libero_10__task_08__episode_04__overlap_unconditioned,4,2,free_space,direct_dispatch,7b5e04770f18653120842172231465c3df16a76a94e8a11104babba987988de8,77.66078199347248,2.274700003908947,0.0017999991541728377,790.0914999991073,79.9372819965356,execute,direct_candidate_atomically_published,not_applicable,,True,10,10,True,False,True,False,False,False,False,0,False,False,0,10,1,10,0,0,10,0,False,True,0.15218101667982797,0.15218101667982797,0.15218101667982797,1.0
armbench.pi05_integrated_panda_cpu_replay.v1,row_06407__free_space__qp_projection,libero_10__task_08__episode_04,24,6407,libero_10,8,overlap_unconditioned,libero_10__task_08__episode_04__overlap_unconditioned,4,2,free_space,qp_projection,7b5e04770f18653120842172231465c3df16a76a94e8a11104babba987988de8,77.66078199347248,2.274700003908947,24.56339999480406,616.0804000028293,104.49888199218549,hold,software_budget_exceeded,not_applicable,qp_or_activation,True,10,0,False,False,True,False,False,False,True,10,True,False,0,6,1,10,0,0,10,0,False,False,0.15218101667982797,0.1180796872801087,0.0,0.0
armbench.pi05_integrated_panda_cpu_replay.v1,row_06407__free_space__full_assurance,libero_10__task_08__episode_04,24,6407,libero_10,8,overlap_unconditioned,libero_10__task_08__episode_04__overlap_unconditioned,4,2,free_space,full_assurance,7b5e04770f18653120842172231465c3df16a76a94e8a11104babba987988de8,77.66078199347248,2.274700003908947,27.850800004671328,606.5263999989838,110.93548200005898,hold,supervision_budget_exceeded,hold,supervision_budget,True,10,0,False,False,True,True,True,True,True,10,True,False,0,6,1,10,0,0,10,0,False,False,0.15218101667982797,0.1180796872801087,0.0,0.0
armbench.pi05_integrated_panda_cpu_replay.v1,row_06407__single_block__direct_dispatch,libero_10__task_08__episode_04,24,6407,libero_10,8,overlap_unconditioned,libero_10__task_08__episode_04__overlap_unconditioned,4,2,single_block,direct_dispatch,7b5e04770f18653120842172231465c3df16a76a94e8a11104babba987988de8,77.66078199347248,2.0204999964335,0.0021000014385208488,1030.196599996998,79.6833819913445,execute,direct_candidate_atomically_published,not_applicable,,True,10,10,True,False,True,False,False,False,False,0,False,False,0,10,1,10,5,0,10,7,False,True,0.15218101667982797,0.15218101667982797,0.15218101667982797,1.0
armbench.pi05_integrated_panda_cpu_replay.v1,row_06407__single_block__qp_projection,libero_10__task_08__episode_04,24,6407,libero_10,8,overlap_unconditioned,libero_10__task_08__episode_04__overlap_unconditioned,4,2,single_block,qp_projection,7b5e04770f18653120842172231465c3df16a76a94e8a11104babba987988de8,77.66078199347248,2.0204999964335,26.385599994682707,300.91259999608155,106.06688198458869,hold,software_budget_exceeded,not_applicable,qp_or_activation,True,10,0,False,False,True,False,False,False,True,10,True,False,0,6,1,10,5,0,10,7,False,False,0.15218101667982797,0.1180796872801087,0.0,0.0
armbench.pi05_integrated_panda_cpu_replay.v1,row_06407__single_block__full_assurance,libero_10__task_08__episode_04,24,6407,libero_10,8,overlap_unconditioned,libero_10__task_08__episode_04__overlap_unconditioned,4,2,single_block,full_assurance,7b5e04770f18653120842172231465c3df16a76a94e8a11104babba987988de8,77.66078199347248,2.0204999964335,43.091999999887776,298.7407999971765,126.6812819885672,hold,supervision_budget_exceeded,hold,supervision_budget,True,10,0,False,False,True,True,True,True,True,10,True,False,0,6,1,10,5,0,10,7,False,False,0.15218101667982797,0.1180796872801087,0.0,0.0
armbench.pi05_integrated_panda_cpu_replay.v1,row_06407__narrow_gate__direct_dispatch,libero_10__task_08__episode_04,24,6407,libero_10,8,overlap_unconditioned,libero_10__task_08__episode_04__overlap_unconditioned,4,2,narrow_gate,direct_dispatch,7b5e04770f18653120842172231465c3df16a76a94e8a11104babba987988de8,77.66078199347248,2.1551999961957335,0.0020000006770715117,516.4474999983213,79.81798199034529,execute,direct_candidate_atomically_published,not_applicable,,True,10,10,True,False,True,False,False,False,False,0,False,False,0,10,1,10,5,0,10,7,False,True,0.15218101667982797,0.15218101667982797,0.15218101667982797,1.0
armbench.pi05_integrated_panda_cpu_replay.v1,row_06407__narrow_gate__qp_projection,libero_10__task_08__episode_04,24,6407,libero_10,8,overlap_unconditioned,libero_10__task_08__episode_04__overlap_unconditioned,4,2,narrow_gate,qp_projection,7b5e04770f18653120842172231465c3df16a76a94e8a11104babba987988de8,77.66078199347248,2.1551999961957335,26.275199998053722,494.30170000414364,106.09118198772194,hold,software_budget_exceeded,not_applicable,qp_or_activation,True,10,0,False,False,True,False,False,False,True,10,True,False,0,6,1,10,3,0,10,5,False,False,0.15218101667982797,0.1180796872801087,0.0,0.0
armbench.pi05_integrated_panda_cpu_replay.v1,row_06407__narrow_gate__full_assurance,libero_10__task_08__episode_04,24,6407,libero_10,8,overlap_unconditioned,libero_10__task_08__episode_04__overlap_unconditioned,4,2,narrow_gate,full_assurance,7b5e04770f18653120842172231465c3df16a76a94e8a11104babba987988de8,77.66078199347248,2.1551999961957335,36.50570000172593,491.8967000048724,126.81598198832944,hold,supervision_budget_exceeded,hold,supervision_budget,True,10,0,False,False,True,True,True,True,True,10,True,False,0,6,1,10,3,0,10,5,False,False,0.15218101667982797,0.1180796872801087,0.0,0.0
armbench.pi05_integrated_panda_cpu_replay.v1,row_06364__free_space__direct_dispatch,libero_10__task_08__episode_03,25,6364,libero_10,8,projected_overlap,libero_10__task_08__episode_03__projected_overlap,3,40,free_space,direct_dispatch,099bef15a0770071b640eb04fb9e343f82702d9e681553817b0e1967bc447ca8,79.985737997049,2.3569000040879473,0.0020999941625632346,596.2597000034293,82.34473799529951,execute,direct_candidate_atomically_published,not_applicable,,True,10,10,True,False,True,False,False,False,False,0,False,False,0,5,5,10,0,0,10,0,False,True,0.10770103398906485,0.10770103398906485,0.10770103398906485,1.0
armbench.pi05_integrated_panda_cpu_replay.v1,row_06364__free_space__qp_projection,libero_10__task_08__episode_03,25,6364,libero_10,8,projected_overlap,libero_10__task_08__episode_03__projected_overlap,3,40,free_space,qp_projection,099bef15a0770071b640eb04fb9e343f82702d9e681553817b0e1967bc447ca8,79.985737997049,2.3569000040879473,25.36629999667639,536.2052999989828,107.70893799781334,hold,software_budget_exceeded,not_applicable,qp_or_activation,True,10,0,False,False,True,False,False,False,True,10,True,False,0,4,1,10,0,0,10,0,False,False,0.10770103398906485,0.08715401055735986,0.0,0.0
armbench.pi05_integrated_panda_cpu_replay.v1,row_06364__free_space__full_assurance,libero_10__task_08__episode_03,25,6364,libero_10,8,projected_overlap,libero_10__task_08__episode_03__projected_overlap,3,40,free_space,full_assurance,099bef15a0770071b640eb04fb9e343f82702d9e681553817b0e1967bc447ca8,79.985737997049,2.3569000040879473,42.83059999579564,496.50860000110697,114.34263800038025,hold,supervision_budget_exceeded,hold,supervision_budget,True,10,0,False,False,True,True,True,True,True,10,True,False,0,4,1,10,0,0,10,0,False,False,0.10770103398906485,0.08715401055735986,0.0,0.0
armbench.pi05_integrated_panda_cpu_replay.v1,row_06364__single_block__direct_dispatch,libero_10__task_08__episode_03,25,6364,libero_10,8,projected_overlap,libero_10__task_08__episode_03__projected_overlap,3,40,single_block,direct_dispatch,099bef15a0770071b640eb04fb9e343f82702d9e681553817b0e1967bc447ca8,79.985737997049,2.085099993564654,0.008899995009414852,442.4005999971996,82.07973798562307,execute,direct_candidate_atomically_published,not_applicable,,True,10,10,True,False,True,False,False,False,False,0,False,False,0,5,5,10,2,0,10,4,False,True,0.10770103398906485,0.10770103398906485,0.10770103398906485,1.0
armbench.pi05_integrated_panda_cpu_replay.v1,row_06364__single_block__qp_projection,libero_10__task_08__episode_03,25,6364,libero_10,8,projected_overlap,libero_10__task_08__episode_03__projected_overlap,3,40,single_block,qp_projection,099bef15a0770071b640eb04fb9e343f82702d9e681553817b0e1967bc447ca8,79.985737997049,2.085099993564654,27.631899996777065,508.167300002242,109.70273798739072,hold,software_budget_exceeded,not_applicable,qp_or_activation,True,10,0,False,False,True,False,False,False,True,10,True,False,0,4,1,10,1,0,10,3,False,False,0.10770103398906485,0.08715401055735986,0.0,0.0
armbench.pi05_integrated_panda_cpu_replay.v1,row_06364__single_block__full_assurance,libero_10__task_08__episode_03,25,6364,libero_10,8,projected_overlap,libero_10__task_08__episode_03__projected_overlap,3,40,single_block,full_assurance,099bef15a0770071b640eb04fb9e343f82702d9e681553817b0e1967bc447ca8,79.985737997049,2.085099993564654,35.7335000007879,503.8215000022319,113.0708379932912,hold,supervision_budget_exceeded,hold,supervision_budget,True,10,0,False,False,True,True,True,True,True,10,True,False,0,4,1,10,1,0,10,3,False,False,0.10770103398906485,0.08715401055735986,0.0,0.0
armbench.pi05_integrated_panda_cpu_replay.v1,row_06364__narrow_gate__direct_dispatch,libero_10__task_08__episode_03,25,6364,libero_10,8,projected_overlap,libero_10__task_08__episode_03__projected_overlap,3,40,narrow_gate,direct_dispatch,099bef15a0770071b640eb04fb9e343f82702d9e681553817b0e1967bc447ca8,79.985737997049,2.33499999740161,0.0020999941625632346,793.8966000001528,82.32283798861317,execute,direct_candidate_atomically_published,not_applicable,,True,10,10,True,False,True,False,False,False,False,0,False,False,0,5,5,10,0,0,10,0,False,True,0.10770103398906485,0.10770103398906485,0.10770103398906485,1.0
armbench.pi05_integrated_panda_cpu_replay.v1,row_06364__narrow_gate__qp_projection,libero_10__task_08__episode_03,25,6364,libero_10,8,projected_overlap,libero_10__task_08__episode_03__projected_overlap,3,40,narrow_gate,qp_projection,099bef15a0770071b640eb04fb9e343f82702d9e681553817b0e1967bc447ca8,79.985737997049,2.33499999740161,25.13600000384031,670.5216000045766,107.45673799829092,hold,software_budget_exceeded,not_applicable,qp_or_activation,True,10,0,False,False,True,False,False,False,True,10,True,False,0,4,1,10,0,0,10,0,False,False,0.10770103398906485,0.08715401055735986,0.0,0.0
armbench.pi05_integrated_panda_cpu_replay.v1,row_06364__narrow_gate__full_assurance,libero_10__task_08__episode_03,25,6364,libero_10,8,projected_overlap,libero_10__task_08__episode_03__projected_overlap,3,40,narrow_gate,full_assurance,099bef15a0770071b640eb04fb9e343f82702d9e681553817b0e1967bc447ca8,79.985737997049,2.33499999740161,38.45510000246577,675.6879999957164,113.32073799712816,hold,supervision_budget_exceeded,hold,supervision_budget,True,10,0,False,False,True,True,True,True,True,10,True,False,0,4,1,10,0,0,10,0,False,False,0.10770103398906485,0.08715401055735986,0.0,0.0
armbench.pi05_integrated_panda_cpu_replay.v1,row_06056__free_space__direct_dispatch,libero_10__task_08__episode_02,26,6056,libero_10,8,rtc_guided_overlap,libero_10__task_08__episode_02__rtc_guided_overlap,2,88,free_space,direct_dispatch,d0b5162cd61b5df39a5caf842d2257e7f6d300cbbf1f21fa30dcf183810e85e2,117.4175260021002,2.1190999977989122,0.0023000029614195228,908.7737000008929,119.53892600286053,execute,direct_candidate_atomically_published,not_applicable,,True,10,10,True,False,True,False,False,False,False,0,False,False,0,10,1,10,0,0,10,0,False,True,0.20450562158642813,0.20450562158642813,0.20450562158642813,1.0
armbench.pi05_integrated_panda_cpu_replay.v1,row_06056__free_space__qp_projection,libero_10__task_08__episode_02,26,6056,libero_10,8,rtc_guided_overlap,libero_10__task_08__episode_02__rtc_guided_overlap,2,88,free_space,qp_projection,d0b5162cd61b5df39a5caf842d2257e7f6d300cbbf1f21fa30dcf183810e85e2,117.4175260021002,2.1190999977989122,27.0883999983198,571.8006000024616,146.62502599821892,hold,software_budget_exceeded,not_applicable,qp_or_activation,True,10,0,False,False,True,False,False,False,True,10,True,False,0,7,1,10,0,0,10,0,False,False,0.20450562158642813,0.17901838791461896,0.0,0.0
armbench.pi05_integrated_panda_cpu_replay.v1,row_06056__free_space__full_assurance,libero_10__task_08__episode_02,26,6056,libero_10,8,rtc_guided_overlap,libero_10__task_08__episode_02__rtc_guided_overlap,2,88,free_space,full_assurance,d0b5162cd61b5df39a5caf842d2257e7f6d300cbbf1f21fa30dcf183810e85e2,117.4175260021002,2.1190999977989122,37.49290000268957,538.709899999958,166.5366260058363,hold,supervision_budget_exceeded,hold,supervision_budget,True,10,0,False,False,True,True,True,True,True,10,True,False,0,7,1,10,0,0,10,0,False,False,0.20450562158642813,0.17901838791461896,0.0,0.0
armbench.pi05_integrated_panda_cpu_replay.v1,row_06056__single_block__direct_dispatch,libero_10__task_08__episode_02,26,6056,libero_10,8,rtc_guided_overlap,libero_10__task_08__episode_02__rtc_guided_overlap,2,88,single_block,direct_dispatch,d0b5162cd61b5df39a5caf842d2257e7f6d300cbbf1f21fa30dcf183810e85e2,117.4175260021002,1.766900000802707,0.0019999934011138976,851.4058000000659,119.18642599630402,execute,direct_candidate_atomically_published,not_applicable,,True,10,10,True,False,True,False,False,False,False,0,False,False,0,10,1,10,0,0,10,0,False,True,0.20450562158642813,0.20450562158642813,0.20450562158642813,1.0
armbench.pi05_integrated_panda_cpu_replay.v1,row_06056__single_block__qp_projection,libero_10__task_08__episode_02,26,6056,libero_10,8,rtc_guided_overlap,libero_10__task_08__episode_02__rtc_guided_overlap,2,88,single_block,qp_projection,d0b5162cd61b5df39a5caf842d2257e7f6d300cbbf1f21fa30dcf183810e85e2,117.4175260021002,1.766900000802707,23.676500000874512,607.3756999976467,142.86092600377742,hold,software_budget_exceeded,not_applicable,qp_or_activation,True,10,0,False,False,True,False,False,False,True,10,True,False,0,7,1,10,0,0,10,0,False,False,0.20450562158642813,0.17901838791461896,0.0,0.0
armbench.pi05_integrated_panda_cpu_replay.v1,row_06056__single_block__full_assurance,libero_10__task_08__episode_02,26,6056,libero_10,8,rtc_guided_overlap,libero_10__task_08__episode_02__rtc_guided_overlap,2,88,single_block,full_assurance,d0b5162cd61b5df39a5caf842d2257e7f6d300cbbf1f21fa30dcf183810e85e2,117.4175260021002,1.766900000802707,36.68729999481002,596.3232000067364,166.18442600156413,hold,supervision_budget_exceeded,hold,supervision_budget,True,10,0,False,False,True,True,True,True,True,10,True,False,0,7,1,10,0,0,10,0,False,False,0.20450562158642813,0.17901838791461896,0.0,0.0
armbench.pi05_integrated_panda_cpu_replay.v1,row_06056__narrow_gate__direct_dispatch,libero_10__task_08__episode_02,26,6056,libero_10,8,rtc_guided_overlap,libero_10__task_08__episode_02__rtc_guided_overlap,2,88,narrow_gate,direct_dispatch,d0b5162cd61b5df39a5caf842d2257e7f6d300cbbf1f21fa30dcf183810e85e2,117.4175260021002,1.9236000007367693,0.0020000006770715117,1100.1096999971196,119.34312600351404,execute,direct_candidate_atomically_published,not_applicable,,True,10,10,True,False,True,False,False,False,False,0,False,False,0,10,1,10,0,0,10,0,False,True,0.20450562158642813,0.20450562158642813,0.20450562158642813,1.0
armbench.pi05_integrated_panda_cpu_replay.v1,row_06056__narrow_gate__qp_projection,libero_10__task_08__episode_02,26,6056,libero_10,8,rtc_guided_overlap,libero_10__task_08__episode_02__rtc_guided_overlap,2,88,narrow_gate,qp_projection,d0b5162cd61b5df39a5caf842d2257e7f6d300cbbf1f21fa30dcf183810e85e2,117.4175260021002,1.9236000007367693,24.994799998239614,748.7678000034066,144.3359260010766,hold,software_budget_exceeded,not_applicable,qp_or_activation,True,10,0,False,False,True,False,False,False,True,10,True,False,0,7,1,10,0,0,10,0,False,False,0.20450562158642813,0.17901838791461896,0.0,0.0
armbench.pi05_integrated_panda_cpu_replay.v1,row_06056__narrow_gate__full_assurance,libero_10__task_08__episode_02,26,6056,libero_10,8,rtc_guided_overlap,libero_10__task_08__episode_02__rtc_guided_overlap,2,88,narrow_gate,full_assurance,d0b5162cd61b5df39a5caf842d2257e7f6d300cbbf1f21fa30dcf183810e85e2,117.4175260021002,1.9236000007367693,28.369400002702605,756.6554000004544,150.34112600551452,hold,supervision_budget_exceeded,hold,supervision_budget,True,10,0,False,False,True,True,True,True,True,10,True,False,0,7,1,10,0,0,10,0,False,False,0.20450562158642813,0.17901838791461896,0.0,0.0
armbench.pi05_integrated_panda_cpu_replay.v1,row_07683__free_space__direct_dispatch,libero_10__task_09__episode_05,27,7683,libero_10,9,overlap_unconditioned,libero_10__task_09__episode_05__overlap_unconditioned,5,40,free_space,direct_dispatch,a00422d34079c464db8df8c5409bf2828aea05bbf77b08b587c170edb57e57c7,78.56763100426178,1.7186000040965155,0.0018999999156221747,738.6095999972895,80.28813100827392,execute,direct_candidate_atomically_published,not_applicable,,True,10,10,True,False,True,False,False,False,False,0,False,False,0,10,1,10,0,0,10,0,False,True,0.1414429535237689,0.1414429535237689,0.1414429535237689,1.0
armbench.pi05_integrated_panda_cpu_replay.v1,row_07683__free_space__qp_projection,libero_10__task_09__episode_05,27,7683,libero_10,9,overlap_unconditioned,libero_10__task_09__episode_05__overlap_unconditioned,5,40,free_space,qp_projection,a00422d34079c464db8df8c5409bf2828aea05bbf77b08b587c170edb57e57c7,78.56763100426178,1.7186000040965155,22.873199995956384,579.5243999964441,103.15943100431468,hold,software_budget_exceeded,not_applicable,qp_or_activation,True,10,0,False,False,True,False,False,False,True,10,True,False,0,7,1,10,0,0,10,0,False,False,0.1414429535237689,0.11918895084583439,0.0,0.0
armbench.pi05_integrated_panda_cpu_replay.v1,row_07683__free_space__full_assurance,libero_10__task_09__episode_05,27,7683,libero_10,9,overlap_unconditioned,libero_10__task_09__episode_05__overlap_unconditioned,5,40,free_space,full_assurance,a00422d34079c464db8df8c5409bf2828aea05bbf77b08b587c170edb57e57c7,78.56763100426178,1.7186000040965155,27.997600001981482,615.0701000005938,111.28623101103585,hold,supervision_budget_exceeded,hold,supervision_budget,True,10,0,False,False,True,True,True,True,True,10,True,False,0,7,1,10,0,0,10,0,False,False,0.1414429535237689,0.11918895084583439,0.0,0.0
armbench.pi05_integrated_panda_cpu_replay.v1,row_07683__single_block__direct_dispatch,libero_10__task_09__episode_05,27,7683,libero_10,9,overlap_unconditioned,libero_10__task_09__episode_05__overlap_unconditioned,5,40,single_block,direct_dispatch,a00422d34079c464db8df8c5409bf2828aea05bbf77b08b587c170edb57e57c7,78.56763100426178,1.8573999986983836,0.0017999991541728377,823.1132000000798,80.42683100211434,execute,direct_candidate_atomically_published,not_applicable,,True,10,10,True,False,True,False,False,False,False,0,False,False,0,10,1,10,0,0,10,0,False,True,0.1414429535237689,0.1414429535237689,0.1414429535237689,1.0
armbench.pi05_integrated_panda_cpu_replay.v1,row_07683__single_block__qp_projection,libero_10__task_09__episode_05,27,7683,libero_10,9,overlap_unconditioned,libero_10__task_09__episode_05__overlap_unconditioned,5,40,single_block,qp_projection,a00422d34079c464db8df8c5409bf2828aea05bbf77b08b587c170edb57e57c7,78.56763100426178,1.8573999986983836,22.492899995995685,633.9318999962416,102.91793099895585,hold,software_budget_exceeded,not_applicable,qp_or_activation,True,10,0,False,False,True,False,False,False,True,10,True,False,0,7,1,10,0,0,10,0,False,False,0.1414429535237689,0.11918895084583439,0.0,0.0
armbench.pi05_integrated_panda_cpu_replay.v1,row_07683__single_block__full_assurance,libero_10__task_09__episode_05,27,7683,libero_10,9,overlap_unconditioned,libero_10__task_09__episode_05__overlap_unconditioned,5,40,single_block,full_assurance,a00422d34079c464db8df8c5409bf2828aea05bbf77b08b587c170edb57e57c7,78.56763100426178,1.8573999986983836,29.748599998129066,661.2496999950963,111.42503100563772,hold,supervision_budget_exceeded,hold,supervision_budget,True,10,0,False,False,True,True,True,True,True,10,True,False,0,7,1,10,0,0,10,0,False,False,0.1414429535237689,0.11918895084583439,0.0,0.0
armbench.pi05_integrated_panda_cpu_replay.v1,row_07683__narrow_gate__direct_dispatch,libero_10__task_09__episode_05,27,7683,libero_10,9,overlap_unconditioned,libero_10__task_09__episode_05__overlap_unconditioned,5,40,narrow_gate,direct_dispatch,a00422d34079c464db8df8c5409bf2828aea05bbf77b08b587c170edb57e57c7,78.56763100426178,1.8105000053765252,0.0021000014385208488,985.5706000016653,80.38023101107683,execute,direct_candidate_atomically_published,not_applicable,,True,10,10,True,False,True,False,False,False,False,0,False,False,0,10,1,10,0,0,10,0,False,True,0.1414429535237689,0.1414429535237689,0.1414429535237689,1.0
armbench.pi05_integrated_panda_cpu_replay.v1,row_07683__narrow_gate__qp_projection,libero_10__task_09__episode_05,27,7683,libero_10,9,overlap_unconditioned,libero_10__task_09__episode_05__overlap_unconditioned,5,40,narrow_gate,qp_projection,a00422d34079c464db8df8c5409bf2828aea05bbf77b08b587c170edb57e57c7,78.56763100426178,1.8105000053765252,22.494600001664367,811.2866999945254,102.87273101130268,hold,software_budget_exceeded,not_applicable,qp_or_activation,True,10,0,False,False,True,False,False,False,True,10,True,False,0,7,1,10,0,0,10,0,False,False,0.1414429535237689,0.11918895084583439,0.0,0.0
armbench.pi05_integrated_panda_cpu_replay.v1,row_07683__narrow_gate__full_assurance,libero_10__task_09__episode_05,27,7683,libero_10,9,overlap_unconditioned,libero_10__task_09__episode_05__overlap_unconditioned,5,40,narrow_gate,full_assurance,a00422d34079c464db8df8c5409bf2828aea05bbf77b08b587c170edb57e57c7,78.56763100426178,1.8105000053765252,41.29000000102678,848.1631000031484,127.37813100829953,hold,supervision_budget_exceeded,hold,supervision_budget,True,10,0,False,False,True,True,True,True,True,10,True,False,0,7,1,10,0,0,10,0,False,False,0.1414429535237689,0.11918895084583439,0.0,0.0
armbench.pi05_integrated_panda_cpu_replay.v1,row_07373__free_space__direct_dispatch,libero_10__task_09__episode_03,28,7373,libero_10,9,projected_overlap,libero_10__task_09__episode_03__projected_overlap,3,35,free_space,direct_dispatch,e342e284a6b9329bf43b6560e5358b71495f40177533837036afecf930c2b4c0,93.10343700053636,2.188500002375804,0.0017999991541728377,455.7892999946489,95.29373700206634,execute,direct_candidate_atomically_published,not_applicable,,True,10,10,True,False,True,False,False,False,False,0,False,False,0,3,6,10,0,0,10,0,False,True,0.08980162997764055,0.08980162997764055,0.08980162997764055,1.0
armbench.pi05_integrated_panda_cpu_replay.v1,row_07373__free_space__qp_projection,libero_10__task_09__episode_03,28,7373,libero_10,9,projected_overlap,libero_10__task_09__episode_03__projected_overlap,3,35,free_space,qp_projection,e342e284a6b9329bf43b6560e5358b71495f40177533837036afecf930c2b4c0,93.10343700053636,2.188500002375804,22.600800002692267,335.2978999973857,117.89273700560443,hold,software_budget_exceeded,not_applicable,qp_or_activation,True,10,0,False,False,True,False,False,False,True,10,True,False,0,0,0,10,0,0,10,0,True,False,0.08980162997764055,0.07717982340503499,0.0,0.0
armbench.pi05_integrated_panda_cpu_replay.v1,row_07373__free_space__full_assurance,libero_10__task_09__episode_03,28,7373,libero_10,9,projected_overlap,libero_10__task_09__episode_03__projected_overlap,3,35,free_space,full_assurance,e342e284a6b9329bf43b6560e5358b71495f40177533837036afecf930c2b4c0,93.10343700053636,2.188500002375804,37.10509999655187,343.5821000020951,127.29193700215546,hold,supervision_budget_exceeded,hold,supervision_budget,True,10,0,False,False,True,True,True,True,True,10,True,False,0,0,0,10,0,0,10,0,True,False,0.08980162997764055,0.07717982340503499,0.0,0.0
armbench.pi05_integrated_panda_cpu_replay.v1,row_07373__single_block__direct_dispatch,libero_10__task_09__episode_03,28,7373,libero_10,9,projected_overlap,libero_10__task_09__episode_03__projected_overlap,3,35,single_block,direct_dispatch,e342e284a6b9329bf43b6560e5358b71495f40177533837036afecf930c2b4c0,93.10343700053636,1.7084999999497086,0.0018999999156221747,495.340399997076,94.81383700040169,execute,direct_candidate_atomically_published,not_applicable,,True,10,10,True,False,True,False,False,False,False,0,False,False,0,3,6,10,0,0,10,1,False,True,0.08980162997764055,0.08980162997764055,0.08980162997764055,1.0
armbench.pi05_integrated_panda_cpu_replay.v1,row_07373__single_block__qp_projection,libero_10__task_09__episode_03,28,7373,libero_10,9,projected_overlap,libero_10__task_09__episode_03__projected_overlap,3,35,single_block,qp_projection,e342e284a6b9329bf43b6560e5358b71495f40177533837036afecf930c2b4c0,93.10343700053636,1.7084999999497086,23.13039999717148,438.73989999701735,117.94233699765755,hold,software_budget_exceeded,not_applicable,qp_or_activation,True,10,0,False,False,True,False,False,False,True,10,True,False,0,0,0,10,0,0,10,1,False,False,0.08980162997764055,0.07717982340503499,0.0,0.0
armbench.pi05_integrated_panda_cpu_replay.v1,row_07373__single_block__full_assurance,libero_10__task_09__episode_03,28,7373,libero_10,9,projected_overlap,libero_10__task_09__episode_03__projected_overlap,3,35,single_block,full_assurance,e342e284a6b9329bf43b6560e5358b71495f40177533837036afecf930c2b4c0,93.10343700053636,1.7084999999497086,30.44190000218805,437.2088000018266,125.81193700316362,hold,supervision_budget_exceeded,hold,supervision_budget,True,10,0,False,False,True,True,True,True,True,10,True,False,0,0,0,10,0,0,10,1,False,False,0.08980162997764055,0.07717982340503499,0.0,0.0
armbench.pi05_integrated_panda_cpu_replay.v1,row_07373__narrow_gate__direct_dispatch,libero_10__task_09__episode_03,28,7373,libero_10,9,projected_overlap,libero_10__task_09__episode_03__projected_overlap,3,35,narrow_gate,direct_dispatch,e342e284a6b9329bf43b6560e5358b71495f40177533837036afecf930c2b4c0,93.10343700053636,1.872100001492072,0.0022000021999701858,637.1011000010185,94.9777370042284,execute,direct_candidate_atomically_published,not_applicable,,True,10,10,True,False,True,False,False,False,False,0,False,False,0,3,6,10,0,0,10,0,False,True,0.08980162997764055,0.08980162997764055,0.08980162997764055,1.0
armbench.pi05_integrated_panda_cpu_replay.v1,row_07373__narrow_gate__qp_projection,libero_10__task_09__episode_03,28,7373,libero_10,9,projected_overlap,libero_10__task_09__episode_03__projected_overlap,3,35,narrow_gate,qp_projection,e342e284a6b9329bf43b6560e5358b71495f40177533837036afecf930c2b4c0,93.10343700053636,1.872100001492072,26.44529999815859,491.6721999979927,121.42083700018702,hold,software_budget_exceeded,not_applicable,qp_or_activation,True,10,0,False,False,True,False,False,False,True,10,True,False,0,0,0,10,0,0,10,0,True,False,0.08980162997764055,0.07717982340503499,0.0,0.0
armbench.pi05_integrated_panda_cpu_replay.v1,row_07373__narrow_gate__full_assurance,libero_10__task_09__episode_03,28,7373,libero_10,9,projected_overlap,libero_10__task_09__episode_03__projected_overlap,3,35,narrow_gate,full_assurance,e342e284a6b9329bf43b6560e5358b71495f40177533837036afecf930c2b4c0,93.10343700053636,1.872100001492072,29.411300005449448,526.8064999982016,110.97553700528806,hold,supervision_budget_exceeded,hold,supervision_budget,True,10,0,False,False,True,True,True,True,True,10,True,False,0,0,0,10,0,0,10,0,True,False,0.08980162997764055,0.07717982340503499,0.0,0.0
armbench.pi05_integrated_panda_cpu_replay.v1,row_07772__free_space__direct_dispatch,libero_10__task_09__episode_05,29,7772,libero_10,9,rtc_guided_overlap,libero_10__task_09__episode_05__rtc_guided_overlap,5,31,free_space,direct_dispatch,c3533edfda4b0016620bef05041c1b2e100c114929dc01b6c006379c8f39062d,107.51423399779014,2.3295999999390915,0.0021999949240125716,1021.0402000011527,109.84603399265325,execute,direct_candidate_atomically_published,not_applicable,,True,10,10,True,False,True,False,False,False,False,0,False,False,0,8,3,10,0,0,10,0,False,True,0.13667055731977137,0.13667055731977137,0.13667055731977137,1.0
armbench.pi05_integrated_panda_cpu_replay.v1,row_07772__free_space__qp_projection,libero_10__task_09__episode_05,29,7772,libero_10,9,rtc_guided_overlap,libero_10__task_09__episode_05__rtc_guided_overlap,5,31,free_space,qp_projection,c3533edfda4b0016620bef05041c1b2e100c114929dc01b6c006379c8f39062d,107.51423399779014,2.3295999999390915,32.862500003830064,691.676100002951,142.7063340015593,hold,software_budget_exceeded,not_applicable,qp_or_activation,True,10,0,False,False,True,False,False,False,True,10,True,False,0,7,1,10,0,0,10,0,False,False,0.13667055731977137,0.13269067981977015,0.0,0.0
armbench.pi05_integrated_panda_cpu_replay.v1,row_07772__free_space__full_assurance,libero_10__task_09__episode_05,29,7772,libero_10,9,rtc_guided_overlap,libero_10__task_09__episode_05__rtc_guided_overlap,5,31,free_space,full_assurance,c3533edfda4b0016620bef05041c1b2e100c114929dc01b6c006379c8f39062d,107.51423399779014,2.3295999999390915,40.762000004178844,634.9724999963655,156.84383399639046,hold,supervision_budget_exceeded,hold,supervision_budget,True,10,0,False,False,True,True,True,True,True,10,True,False,0,7,1,10,0,0,10,0,False,False,0.13667055731977137,0.13269067981977015,0.0,0.0
armbench.pi05_integrated_panda_cpu_replay.v1,row_07772__single_block__direct_dispatch,libero_10__task_09__episode_05,29,7772,libero_10,9,rtc_guided_overlap,libero_10__task_09__episode_05__rtc_guided_overlap,5,31,single_block,direct_dispatch,c3533edfda4b0016620bef05041c1b2e100c114929dc01b6c006379c8f39062d,107.51423399779014,2.401799996732734,0.0020000006770715117,812.6919999995152,109.91803399519995,execute,direct_candidate_atomically_published,not_applicable,,True,10,10,True,False,True,False,False,False,False,0,False,False,0,8,3,10,0,0,10,0,False,True,0.13667055731977137,0.13667055731977137,0.13667055731977137,1.0
armbench.pi05_integrated_panda_cpu_replay.v1,row_07772__single_block__qp_projection,libero_10__task_09__episode_05,29,7772,libero_10,9,rtc_guided_overlap,libero_10__task_09__episode_05__rtc_guided_overlap,5,31,single_block,qp_projection,c3533edfda4b0016620bef05041c1b2e100c114929dc01b6c006379c8f39062d,107.51423399779014,2.401799996732734,26.00259999599075,659.7314000027836,135.91863399051363,hold,software_budget_exceeded,not_applicable,qp_or_activation,True,10,0,False,False,True,False,False,False,True,10,True,False,0,7,1,10,0,0,10,0,False,False,0.13667055731977137,0.13269067981977015,0.0,0.0
armbench.pi05_integrated_panda_cpu_replay.v1,row_07772__single_block__full_assurance,libero_10__task_09__episode_05,29,7772,libero_10,9,rtc_guided_overlap,libero_10__task_09__episode_05__rtc_guided_overlap,5,31,single_block,full_assurance,c3533edfda4b0016620bef05041c1b2e100c114929dc01b6c006379c8f39062d,107.51423399779014,2.401799996732734,29.718800004047807,667.4704000033671,124.9160339939408,hold,supervision_budget_exceeded,hold,supervision_budget,True,10,0,False,False,True,True,True,True,True,10,True,False,0,7,1,10,0,0,10,0,False,False,0.13667055731977137,0.13269067981977015,0.0,0.0
armbench.pi05_integrated_panda_cpu_replay.v1,row_07772__narrow_gate__direct_dispatch,libero_10__task_09__episode_05,29,7772,libero_10,9,rtc_guided_overlap,libero_10__task_09__episode_05__rtc_guided_overlap,5,31,narrow_gate,direct_dispatch,c3533edfda4b0016620bef05041c1b2e100c114929dc01b6c006379c8f39062d,107.51423399779014,2.362700004596263,0.0020000006770715117,683.76200000057,109.87893400306348,execute,direct_candidate_atomically_published,not_applicable,,True,10,10,True,False,True,False,False,False,False,0,False,False,0,8,3,10,3,0,10,4,False,True,0.13667055731977137,0.13667055731977137,0.13667055731977137,1.0
armbench.pi05_integrated_panda_cpu_replay.v1,row_07772__narrow_gate__qp_projection,libero_10__task_09__episode_05,29,7772,libero_10,9,rtc_guided_overlap,libero_10__task_09__episode_05__rtc_guided_overlap,5,31,narrow_gate,qp_projection,c3533edfda4b0016620bef05041c1b2e100c114929dc01b6c006379c8f39062d,107.51423399779014,2.362700004596263,22.869599997648038,410.6980000069598,132.74653400003444,hold,software_budget_exceeded,not_applicable,qp_or_activation,True,10,0,False,False,True,False,False,False,True,10,True,False,0,7,1,10,4,0,10,5,False,False,0.13667055731977137,0.13269067981977015,0.0,0.0
armbench.pi05_integrated_panda_cpu_replay.v1,row_07772__narrow_gate__full_assurance,libero_10__task_09__episode_05,29,7772,libero_10,9,rtc_guided_overlap,libero_10__task_09__episode_05__rtc_guided_overlap,5,31,narrow_gate,full_assurance,c3533edfda4b0016620bef05041c1b2e100c114929dc01b6c006379c8f39062d,107.51423399779014,2.362700004596263,30.39590000116732,392.88089999899967,140.87693400506396,hold,supervision_budget_exceeded,hold,supervision_budget,True,10,0,False,False,True,True,True,True,True,10,True,False,0,7,1,10,4,0,10,5,False,False,0.13667055731977137,0.13269067981977015,0.0,0.0
