schema_version,case_id,source_case_id,selection_index,source_row_index,scenario,profile,source_chunk_horizon,certification_horizon,response_action_sha256,input_window_sha256,supervision_budget_ms,base_response_age_ms,activation_response_age_ms,supervisor_latency_ms,assurance_worker_latency_ms,qp_latency_ms,continuous_collision_latency_ms,dynamics_braking_latency_ms,fallback_brake_latency_ms,status,reason,supervisor_status,failure_stage,candidate_complete,candidate_action_count,published_action_count,policy_actions_executable,partial_window_exposed,all_or_none_window_publication,source_chunk_prefix_published,assurance_worker_thread_separate,fallback_validated,qp_feasible,qp_intervention_steps,joint_position_violation_steps,joint_velocity_violation_steps,joint_acceleration_violation_steps,continuous_edges_checked,continuous_unsafe_edges,continuous_indeterminate_edges,braking_boundaries_checked,braking_invalid_boundaries,all_registered_constraints_satisfied,unsafe_window_published,software_budget_exceeded,response_deadline_exceeded,broad_phase_pair_tests,broad_phase_pruned_pairs,broad_phase_exact_pair_evaluations,broad_phase_prune_rate,safe_configuration_cache_hits,persistent_qp_solve_calls,persistent_brake_validation_calls
armbench.pi05_windowed_cpu_replay.v1,row_00763__free_space__direct_dispatch__full_chunk_h10,row_00763__free_space__direct_dispatch,0,763,free_space,full_chunk_h10,10,10,2ba514276e139d381b7b19bf859e964ad7e1b157ca9f234909fb87328f08ec28,e4ddff608fdc24bbe79f4f345b6ad772cc7e47679fd0522db9fe5c0e6a4512b3,20.0,103.75407699757488,134.75407700025244,23.98919999541249,16.00000000325963,5.142399997566827,16.619499991065823,0.0,1.9907999958377331,hold,supervision_budget_exceeded,hold,supervision_budget,True,10,0,False,False,True,False,True,True,True,10,0,0,0,10,0,0,10,0,True,False,True,False,4263,4088,175,0.9589490968801314,5,10,1
armbench.pi05_windowed_cpu_replay.v1,row_00763__single_block__direct_dispatch__full_chunk_h10,row_00763__single_block__direct_dispatch,0,763,single_block,full_chunk_h10,10,10,2ba514276e139d381b7b19bf859e964ad7e1b157ca9f234909fb87328f08ec28,e4ddff608fdc24bbe79f4f345b6ad772cc7e47679fd0522db9fe5c0e6a4512b3,20.0,102.52607700385852,134.52607701037778,24.10220001183916,16.00000000325963,5.699600005755201,16.848200000822544,0.0,0.938900004257448,hold,supervision_budget_exceeded,hold,supervision_budget,True,10,0,False,False,True,False,True,True,True,10,0,0,0,10,0,0,10,0,True,False,True,False,3570,3439,131,0.9633053221288516,4,10,1
armbench.pi05_windowed_cpu_replay.v1,row_00763__narrow_gate__direct_dispatch__full_chunk_h10,row_00763__narrow_gate__direct_dispatch,0,763,narrow_gate,full_chunk_h10,10,10,2ba514276e139d381b7b19bf859e964ad7e1b157ca9f234909fb87328f08ec28,e4ddff608fdc24bbe79f4f345b6ad772cc7e47679fd0522db9fe5c0e6a4512b3,20.0,103.48747699754313,134.48747700022068,28.15500000724569,31.000000002677552,9.249199996702373,17.692499997792765,0.0,1.057399989804253,hold,supervision_budget_exceeded,hold,supervision_budget,True,10,0,False,False,True,False,True,True,True,10,0,0,0,10,0,0,10,0,True,False,True,False,1944,1894,50,0.9742798353909465,2,10,1
armbench.pi05_windowed_cpu_replay.v1,row_00458__free_space__direct_dispatch__full_chunk_h10,row_00458__free_space__direct_dispatch,1,458,free_space,full_chunk_h10,10,10,539d85427650fb89affee25f827ab92f2803af4f4686cdda7625ebbcfc4e125f,c20bfe121e217568858d6301db3e88f8bbabf1604fdaa8e909eae454747800b5,20.0,82.58776900765952,113.58776901033707,25.191299995640293,31.000000002677552,3.869799998938106,17.786500000511296,0.0,3.381300004548393,hold,supervision_budget_exceeded,hold,supervision_budget,True,10,0,False,False,True,False,True,True,True,10,0,0,0,10,0,0,10,0,True,False,True,False,4851,4646,205,0.9577406720263864,5,10,1
armbench.pi05_windowed_cpu_replay.v1,row_00458__single_block__direct_dispatch__full_chunk_h10,row_00458__single_block__direct_dispatch,1,458,single_block,full_chunk_h10,10,10,539d85427650fb89affee25f827ab92f2803af4f4686cdda7625ebbcfc4e125f,c20bfe121e217568858d6301db3e88f8bbabf1604fdaa8e909eae454747800b5,20.0,82.50796900392743,114.50796901044669,22.920400006114505,32.00000000651926,5.360600000130944,16.769100009696558,0.0,0.6753000052412972,hold,supervision_budget_exceeded,hold,supervision_budget,True,10,0,False,False,True,False,True,True,True,10,0,0,0,10,0,0,10,0,True,False,True,False,6970,6654,316,0.9546628407460546,6,10,1
armbench.pi05_windowed_cpu_replay.v1,row_00458__narrow_gate__direct_dispatch__full_chunk_h10,row_00458__narrow_gate__direct_dispatch,1,458,narrow_gate,full_chunk_h10,10,10,539d85427650fb89affee25f827ab92f2803af4f4686cdda7625ebbcfc4e125f,c20bfe121e217568858d6301db3e88f8bbabf1604fdaa8e909eae454747800b5,20.0,83.1604690029053,114.16046900558285,23.496599998907186,31.000000002677552,3.775699995458126,19.235700005083345,0.0,0.39010000182315707,hold,supervision_budget_exceeded,hold,supervision_budget,True,10,0,False,False,True,False,True,True,True,10,0,0,0,10,0,0,10,0,True,False,True,False,10584,10249,335,0.9683484504913077,7,10,1
armbench.pi05_windowed_cpu_replay.v1,row_00222__free_space__direct_dispatch__full_chunk_h10,row_00222__free_space__direct_dispatch,2,222,free_space,full_chunk_h10,10,10,7ed64e746df909ff0c71898c554048b30bb88de50d94a6f43787c50679b174e2,21da2b9970d3e9644b5f044a5dcc016b6b5053a5b4e9c17bce52d4303d2b3600,20.0,171.54230199957965,202.5423019877053,21.659500009263866,15.999999988707714,5.7524000003468245,14.99760001024697,0.0,0.7713999948464334,hold,supervision_budget_exceeded,hold,supervision_budget,True,10,0,False,False,True,False,True,True,True,10,0,0,0,10,0,0,10,0,True,False,True,True,3675,3519,156,0.9575510204081633,4,10,1
armbench.pi05_windowed_cpu_replay.v1,row_00222__single_block__direct_dispatch__full_chunk_h10,row_00222__single_block__direct_dispatch,2,222,single_block,full_chunk_h10,10,10,7ed64e746df909ff0c71898c554048b30bb88de50d94a6f43787c50679b174e2,21da2b9970d3e9644b5f044a5dcc016b6b5053a5b4e9c17bce52d4303d2b3600,20.0,171.895202001906,202.89520200458355,29.58529999887105,31.000000002677552,3.940199996577576,25.002299997140653,0.0,0.4917999904137105,hold,response_deadline_exceeded_during_supervision,hold,deadline,True,10,0,False,False,True,False,True,True,True,10,0,0,0,10,0,0,10,0,True,False,True,True,11390,10791,599,0.9474100087796312,6,10,1
armbench.pi05_windowed_cpu_replay.v1,row_00222__narrow_gate__direct_dispatch__full_chunk_h10,row_00222__narrow_gate__direct_dispatch,2,222,narrow_gate,full_chunk_h10,10,10,7ed64e746df909ff0c71898c554048b30bb88de50d94a6f43787c50679b174e2,21da2b9970d3e9644b5f044a5dcc016b6b5053a5b4e9c17bce52d4303d2b3600,20.0,171.71460199460853,187.71460199786816,23.428600004990585,16.00000000325963,3.811699993093498,18.824900005711243,0.0,0.6697999924654141,hold,supervision_budget_exceeded,hold,supervision_budget,True,10,0,False,False,True,False,True,True,True,10,0,0,0,10,3,0,10,5,False,False,True,False,5400,5202,198,0.9633333333333334,4,10,1
armbench.pi05_windowed_cpu_replay.v1,row_01467__free_space__direct_dispatch__full_chunk_h10,row_01467__free_space__direct_dispatch,3,1467,free_space,full_chunk_h10,10,10,0d05a20d8a90b30eac6e6dfc2e65c5d447cb062d06863c48db1367dbdc8d27af,4f17f5dfea4ea95c98fd42f459cd72d84c6d64fa6c129fbeb17b753364002cf1,20.0,92.3235240043141,123.32352399243973,22.124800001620315,30.999999988125637,2.9334999999264255,17.595999990589917,0.0,1.4741000049980357,hold,supervision_budget_exceeded,hold,supervision_budget,True,10,0,False,False,True,False,True,True,True,10,0,0,0,10,0,0,10,0,True,False,True,False,6321,6054,267,0.9577598481252966,7,10,1
armbench.pi05_windowed_cpu_replay.v1,row_01467__single_block__direct_dispatch__full_chunk_h10,row_01467__single_block__direct_dispatch,3,1467,single_block,full_chunk_h10,10,10,0d05a20d8a90b30eac6e6dfc2e65c5d447cb062d06863c48db1367dbdc8d27af,4f17f5dfea4ea95c98fd42f459cd72d84c6d64fa6c129fbeb17b753364002cf1,20.0,92.74982400529552,123.74982400797307,24.406099997577257,31.000000002677552,5.014900001697242,16.918999986955896,0.0,2.3178999981610104,hold,supervision_budget_exceeded,hold,supervision_budget,True,10,0,False,False,True,False,True,True,True,10,0,0,0,10,0,0,10,0,True,False,True,False,8670,8273,397,0.9542099192618224,8,10,1
armbench.pi05_windowed_cpu_replay.v1,row_01467__narrow_gate__direct_dispatch__full_chunk_h10,row_01467__narrow_gate__direct_dispatch,3,1467,narrow_gate,full_chunk_h10,10,10,0d05a20d8a90b30eac6e6dfc2e65c5d447cb062d06863c48db1367dbdc8d27af,4f17f5dfea4ea95c98fd42f459cd72d84c6d64fa6c129fbeb17b753364002cf1,20.0,92.48282400221797,124.48282399418531,21.27440000185743,31.999999991967343,3.924500007997267,16.136200007167645,0.0,1.0933000012300909,hold,supervision_budget_exceeded,hold,supervision_budget,True,10,0,False,False,True,False,True,True,True,10,0,0,0,10,0,0,10,0,True,False,True,False,7560,7281,279,0.9630952380952381,6,10,1
armbench.pi05_windowed_cpu_replay.v1,row_00954__free_space__direct_dispatch__full_chunk_h10,row_00954__free_space__direct_dispatch,4,954,free_space,full_chunk_h10,10,10,8c426cf29f252a7c103234ca72eff693daec4272e1eff735e0f325be6c8368bb,541ef1c389b4780c1bc25075e466ca00805d06391dbce79e67b43e6b6a02ff42,20.0,84.07754999643657,131.07754998782184,28.229200004716404,30.999999988125637,7.205399990198202,20.5197000032058,0.0,0.35939998633693904,hold,supervision_budget_exceeded,hold,supervision_budget,True,10,0,False,False,True,False,True,True,True,10,0,0,0,10,0,0,10,0,True,False,True,False,8967,8524,443,0.9505966320954611,5,10,1
armbench.pi05_windowed_cpu_replay.v1,row_00954__single_block__direct_dispatch__full_chunk_h10,row_00954__single_block__direct_dispatch,4,954,single_block,full_chunk_h10,10,10,8c426cf29f252a7c103234ca72eff693daec4272e1eff735e0f325be6c8368bb,541ef1c389b4780c1bc25075e466ca00805d06391dbce79e67b43e6b6a02ff42,20.0,83.76884999597678,130.76884998736205,29.855899992980994,30.999999988125637,8.376600002520718,18.709099997067824,0.0,2.62020000081975,hold,supervision_budget_exceeded,hold,supervision_budget,True,10,0,False,False,True,False,True,True,True,10,0,0,0,10,0,0,10,0,True,False,True,False,4930,4716,214,0.9565922920892495,3,10,1
armbench.pi05_windowed_cpu_replay.v1,row_00954__narrow_gate__direct_dispatch__full_chunk_h10,row_00954__narrow_gate__direct_dispatch,4,954,narrow_gate,full_chunk_h10,10,10,8c426cf29f252a7c103234ca72eff693daec4272e1eff735e0f325be6c8368bb,541ef1c389b4780c1bc25075e466ca00805d06391dbce79e67b43e6b6a02ff42,20.0,83.80704999581212,114.80704999848967,28.281300008529797,31.000000002677552,9.836299999733455,17.73900000262074,0.0,0.4447999963304028,hold,supervision_budget_exceeded,hold,supervision_budget,True,10,0,False,False,True,False,True,True,True,10,0,0,0,10,0,0,10,0,True,False,True,False,6264,6027,237,0.9621647509578544,3,10,1
armbench.pi05_windowed_cpu_replay.v1,row_01576__free_space__direct_dispatch__full_chunk_h10,row_01576__free_space__direct_dispatch,5,1576,free_space,full_chunk_h10,10,10,a51612a00a37d0ea3749eb912a6f60afe1d9cd2ca5587f61e5ab60e8a19f447a,ceffaae899c86b7cad94d1a21bba4a80279a12dae6dc59022e88ec0d8034bbec,20.0,109.7861300004297,140.78613000310725,23.281000001588836,16.00000000325963,7.9089000064413995,13.622099999338388,0.0,1.297900002100505,hold,supervision_budget_exceeded,hold,supervision_budget,True,10,0,False,False,True,False,True,True,True,10,0,0,0,10,0,0,10,0,True,False,True,False,3087,2948,139,0.9549724651765468,3,10,1
armbench.pi05_windowed_cpu_replay.v1,row_01576__single_block__direct_dispatch__full_chunk_h10,row_01576__single_block__direct_dispatch,5,1576,single_block,full_chunk_h10,10,10,a51612a00a37d0ea3749eb912a6f60afe1d9cd2ca5587f61e5ab60e8a19f447a,ceffaae899c86b7cad94d1a21bba4a80279a12dae6dc59022e88ec0d8034bbec,20.0,109.48412999277934,125.48412999603897,20.694100006949157,16.00000000325963,4.7802999906707555,15.45099999930244,0.0,0.35010000283364207,hold,supervision_budget_exceeded,hold,supervision_budget,True,10,0,False,False,True,False,True,True,True,10,0,0,0,10,0,0,10,0,True,False,True,False,10710,10303,407,0.9619981325863679,10,10,1
armbench.pi05_windowed_cpu_replay.v1,row_01576__narrow_gate__direct_dispatch__full_chunk_h10,row_01576__narrow_gate__direct_dispatch,5,1576,narrow_gate,full_chunk_h10,10,10,a51612a00a37d0ea3749eb912a6f60afe1d9cd2ca5587f61e5ab60e8a19f447a,ceffaae899c86b7cad94d1a21bba4a80279a12dae6dc59022e88ec0d8034bbec,20.0,109.35532999428688,141.35533000080613,22.284599996055476,16.00000000325963,3.7235999916447327,18.118200008757412,0.0,0.338099998771213,hold,supervision_budget_exceeded,hold,supervision_budget,True,10,0,False,False,True,False,True,True,True,10,0,0,0,10,0,0,10,0,True,False,True,False,10152,9850,302,0.9702521670606777,8,10,1
armbench.pi05_windowed_cpu_replay.v1,row_02114__free_space__direct_dispatch__full_chunk_h10,row_02114__free_space__direct_dispatch,6,2114,free_space,full_chunk_h10,10,10,3c8a04cfba03e28f556b668ecfc39ba1f3c6f600ae28115bb0d484f228805822,b450e7ad3d6478be6418531fda01e2f47bd1fa86a3054195fa3e89dd7bafae17,20.0,84.57347300281981,115.57347300549736,24.477699989802204,16.00000000325963,2.6005999970948324,21.01090000360273,0.0,0.738300004741177,hold,supervision_budget_exceeded,hold,supervision_budget,True,10,0,False,False,True,False,True,True,True,10,0,0,0,10,0,0,10,0,True,False,True,False,9849,9398,451,0.9542085490912783,6,10,1
armbench.pi05_windowed_cpu_replay.v1,row_02114__single_block__direct_dispatch__full_chunk_h10,row_02114__single_block__direct_dispatch,6,2114,single_block,full_chunk_h10,10,10,3c8a04cfba03e28f556b668ecfc39ba1f3c6f600ae28115bb0d484f228805822,b450e7ad3d6478be6418531fda01e2f47bd1fa86a3054195fa3e89dd7bafae17,20.0,85.05257299839286,132.05257300433004,24.889899999834597,32.00000000651926,4.236100008711219,19.9410000059288,0.0,0.5853000038769096,hold,supervision_budget_exceeded,hold,supervision_budget,True,10,0,False,False,True,False,True,True,True,10,0,0,0,10,0,0,10,0,True,False,True,False,6290,6029,261,0.9585055643879173,4,10,1
armbench.pi05_windowed_cpu_replay.v1,row_02114__narrow_gate__direct_dispatch__full_chunk_h10,row_02114__narrow_gate__direct_dispatch,6,2114,narrow_gate,full_chunk_h10,10,10,3c8a04cfba03e28f556b668ecfc39ba1f3c6f600ae28115bb0d484f228805822,b450e7ad3d6478be6418531fda01e2f47bd1fa86a3054195fa3e89dd7bafae17,20.0,85.04487299796892,117.04487298993627,21.832600003108382,31.999999991967343,9.444399998756126,10.448900007759221,0.0,1.560399992740713,hold,supervision_budget_exceeded,hold,supervision_budget,True,10,0,False,False,True,False,True,True,True,10,0,0,0,10,5,0,10,7,False,False,True,False,4536,4376,160,0.9647266313932981,3,10,1
armbench.pi05_windowed_cpu_replay.v1,row_02316__free_space__direct_dispatch__full_chunk_h10,row_02316__free_space__direct_dispatch,7,2316,free_space,full_chunk_h10,10,10,307d796186bec85694ad45ec5f0f36b6c2d4136025b8788f52b21f8ce81cefc3,4eb6f0c33cfea87817ea47ba3691beea6689e4326d4b265a74641f01503e5d46,20.0,81.15441800327972,112.15441800595727,22.255300005781464,16.00000000325963,5.9779000002890825,15.405199999804609,0.0,0.7496000034734607,hold,supervision_budget_exceeded,hold,supervision_budget,True,10,0,False,False,True,False,True,True,True,10,0,0,0,10,0,0,10,0,True,False,True,False,8967,8552,415,0.9537191925950708,8,10,1
armbench.pi05_windowed_cpu_replay.v1,row_02316__single_block__direct_dispatch__full_chunk_h10,row_02316__single_block__direct_dispatch,7,2316,single_block,full_chunk_h10,10,10,307d796186bec85694ad45ec5f0f36b6c2d4136025b8788f52b21f8ce81cefc3,4eb6f0c33cfea87817ea47ba3691beea6689e4326d4b265a74641f01503e5d46,20.0,81.35241799755022,112.35241798567586,23.229800004628487,15.999999988707714,4.471799999009818,17.890200004330836,0.0,0.7477000035578385,hold,supervision_budget_exceeded,hold,supervision_budget,True,10,0,False,False,True,False,True,True,True,10,0,0,0,10,0,0,10,0,True,False,True,False,6290,5993,297,0.9527821939586646,5,10,1
armbench.pi05_windowed_cpu_replay.v1,row_02316__narrow_gate__direct_dispatch__full_chunk_h10,row_02316__narrow_gate__direct_dispatch,7,2316,narrow_gate,full_chunk_h10,10,10,307d796186bec85694ad45ec5f0f36b6c2d4136025b8788f52b21f8ce81cefc3,4eb6f0c33cfea87817ea47ba3691beea6689e4326d4b265a74641f01503e5d46,20.0,81.5732180053601,112.57321800803766,20.938600006047636,16.00000000325963,13.534699988667853,6.894899997860193,0.0,0.3951999970013276,hold,supervision_budget_exceeded,hold,supervision_budget,True,10,0,False,False,True,False,True,True,True,10,0,0,0,10,3,0,10,5,False,False,True,False,4536,4383,153,0.9662698412698413,3,10,1
armbench.pi05_windowed_cpu_replay.v1,row_02045__free_space__direct_dispatch__full_chunk_h10,row_02045__free_space__direct_dispatch,8,2045,free_space,full_chunk_h10,10,10,35bb006359368f4079d94be18fc9d2261932ba0be13c6387627761460fdfd649,21bb222523a68d85dbd4f6c83a8c1b450d40a364adf8ee4e45280df78bc18027,20.0,107.79295300744707,138.79295301012462,28.077599999960512,31.000000002677552,9.28290000592824,17.583499997272156,0.0,1.0897000029217452,hold,supervision_budget_exceeded,hold,supervision_budget,True,10,0,False,False,True,False,True,True,True,10,0,0,0,10,0,0,10,0,True,False,True,False,4557,4390,167,0.9633530831687513,10,10,1
armbench.pi05_windowed_cpu_replay.v1,row_02045__single_block__direct_dispatch__full_chunk_h10,row_02045__single_block__direct_dispatch,8,2045,single_block,full_chunk_h10,10,10,35bb006359368f4079d94be18fc9d2261932ba0be13c6387627761460fdfd649,21bb222523a68d85dbd4f6c83a8c1b450d40a364adf8ee4e45280df78bc18027,20.0,107.84735299966997,138.84735300234752,22.09269999002572,31.000000002677552,3.472900003544055,14.992399999755435,2.7928999916184694,0.709400002961047,hold,supervision_budget_exceeded,hold,supervision_budget,True,10,0,False,False,True,False,True,True,True,10,0,0,0,10,0,0,10,0,True,False,True,False,5610,5365,245,0.9563279857397504,12,10,2
armbench.pi05_windowed_cpu_replay.v1,row_02045__narrow_gate__direct_dispatch__full_chunk_h10,row_02045__narrow_gate__direct_dispatch,8,2045,narrow_gate,full_chunk_h10,10,10,35bb006359368f4079d94be18fc9d2261932ba0be13c6387627761460fdfd649,21bb222523a68d85dbd4f6c83a8c1b450d40a364adf8ee4e45280df78bc18027,20.0,108.03035300341435,139.03035299153998,22.331000000122003,30.999999988125637,7.113300001947209,13.646599996718578,0.0,1.4179999998304993,hold,supervision_budget_exceeded,hold,supervision_budget,True,10,0,False,False,True,False,True,True,True,10,0,0,0,10,0,0,10,0,True,False,True,False,4968,4826,142,0.9714170692431562,9,10,1
armbench.pi05_windowed_cpu_replay.v1,row_02736__free_space__direct_dispatch__full_chunk_h10,row_02736__free_space__direct_dispatch,9,2736,free_space,full_chunk_h10,10,10,62b013ffb3379eba43666abbd0be0848858bc836836b094e25ea8d74cfde9e2c,0b565a6938d9bb0b57977d079796fcc4c108d1841f47a0f986253144c3870174,20.0,79.95957398816245,110.95957397628808,25.750800006790087,30.999999988125637,8.873300001141615,16.10380000784062,0.0,0.38150000909809023,hold,supervision_budget_exceeded,hold,supervision_budget,True,10,0,False,False,True,False,True,True,True,10,0,0,0,10,0,0,10,0,True,False,True,False,3087,2949,138,0.9552964042759962,3,10,1
armbench.pi05_windowed_cpu_replay.v1,row_02736__single_block__direct_dispatch__full_chunk_h10,row_02736__single_block__direct_dispatch,9,2736,single_block,full_chunk_h10,10,10,62b013ffb3379eba43666abbd0be0848858bc836836b094e25ea8d74cfde9e2c,0b565a6938d9bb0b57977d079796fcc4c108d1841f47a0f986253144c3870174,20.0,80.01317399612162,127.01317398750689,34.52549999929033,31.000000002677552,3.040100011276081,30.319099998450838,0.0,0.8469000022159889,hold,supervision_budget_exceeded,hold,supervision_budget,True,10,0,False,False,True,False,True,True,True,10,0,0,0,10,0,0,10,0,True,False,True,False,6290,5978,312,0.9503974562798092,4,10,1
armbench.pi05_windowed_cpu_replay.v1,row_02736__narrow_gate__direct_dispatch__full_chunk_h10,row_02736__narrow_gate__direct_dispatch,9,2736,narrow_gate,full_chunk_h10,10,10,62b013ffb3379eba43666abbd0be0848858bc836836b094e25ea8d74cfde9e2c,0b565a6938d9bb0b57977d079796fcc4c108d1841f47a0f986253144c3870174,20.0,80.14397399529116,127.14397400122834,25.403699997696094,31.000000002677552,4.5009000023128465,20.36219999718014,0.0,0.42660000326577574,hold,supervision_budget_exceeded,hold,supervision_budget,True,10,0,False,False,True,False,True,True,True,10,0,0,0,10,5,0,10,7,False,False,True,False,7992,7661,331,0.9585835835835835,4,10,1
armbench.pi05_windowed_cpu_replay.v1,row_02456__free_space__direct_dispatch__full_chunk_h10,row_02456__free_space__direct_dispatch,10,2456,free_space,full_chunk_h10,10,10,a805df171f5b2a0bb37e82ee33c913be28ab363a08c40943c47745c4be5f166b,606d95c489296b5f4e2fde5d9b28e0f52167c7824e5ba4cee1b52a1be5d798c3,20.0,160.5769509988022,207.57695099018747,26.230899995425716,30.999999988125637,1.9457000016700476,23.66690000053495,0.0,0.523299997439608,hold,supervision_budget_exceeded,hold,supervision_budget,True,10,0,False,False,True,False,True,True,True,10,0,0,0,10,0,0,10,0,True,False,True,True,7497,7153,344,0.9541149793250634,5,10,1
armbench.pi05_windowed_cpu_replay.v1,row_02456__single_block__direct_dispatch__full_chunk_h10,row_02456__single_block__direct_dispatch,10,2456,single_block,full_chunk_h10,10,10,a805df171f5b2a0bb37e82ee33c913be28ab363a08c40943c47745c4be5f166b,606d95c489296b5f4e2fde5d9b28e0f52167c7824e5ba4cee1b52a1be5d798c3,20.0,160.99725099775242,207.99725098913768,34.619300000485964,30.999999988125637,4.563800001051277,28.71620000223629,0.0,1.1636000126600266,hold,supervision_budget_exceeded,hold,supervision_budget,True,10,0,False,False,True,False,True,True,True,10,0,0,0,10,0,0,10,0,True,False,True,True,5950,5658,292,0.9509243697478992,4,10,1
armbench.pi05_windowed_cpu_replay.v1,row_02456__narrow_gate__direct_dispatch__full_chunk_h10,row_02456__narrow_gate__direct_dispatch,10,2456,narrow_gate,full_chunk_h10,10,10,a805df171f5b2a0bb37e82ee33c913be28ab363a08c40943c47745c4be5f166b,606d95c489296b5f4e2fde5d9b28e0f52167c7824e5ba4cee1b52a1be5d798c3,20.0,160.55815100116888,191.55815100384643,25.803899989114143,16.00000000325963,5.442499998025596,17.710800006170757,0.0,2.306300011696294,hold,supervision_budget_exceeded,hold,supervision_budget,True,10,0,False,False,True,False,True,True,True,10,0,0,0,10,5,0,10,7,False,False,True,False,7560,7240,320,0.9576719576719577,4,10,1
armbench.pi05_windowed_cpu_replay.v1,row_02938__free_space__direct_dispatch__full_chunk_h10,row_02938__free_space__direct_dispatch,11,2938,free_space,full_chunk_h10,10,10,30d16912ce8098c60d419bf30ed1491235b796b186f2378fa0ebdef754cc31fd,d5c708014600a7920be64b6acc05dd2153f49c780015898b4d746c2bc4c494ab,20.0,111.70350899919868,142.70350900187623,23.98189999803435,16.00000000325963,6.5956000034930184,16.191399990930222,0.0,1.0492000001249835,hold,supervision_budget_exceeded,hold,supervision_budget,True,10,0,False,False,True,False,True,True,True,10,0,0,0,10,0,0,10,0,True,False,True,False,1911,1832,79,0.9586603872318158,2,10,1
armbench.pi05_windowed_cpu_replay.v1,row_02938__single_block__direct_dispatch__full_chunk_h10,row_02938__single_block__direct_dispatch,11,2938,single_block,full_chunk_h10,10,10,30d16912ce8098c60d419bf30ed1491235b796b186f2378fa0ebdef754cc31fd,d5c708014600a7920be64b6acc05dd2153f49c780015898b4d746c2bc4c494ab,20.0,111.67890899378108,142.67890899645863,25.53609998722095,31.000000002677552,4.032199998619035,20.94859999488108,0.0,0.40190000436268747,hold,supervision_budget_exceeded,hold,supervision_budget,True,10,0,False,False,True,False,True,True,True,10,0,0,0,10,0,0,10,0,True,False,True,False,6290,6014,276,0.956120826709062,4,10,1
armbench.pi05_windowed_cpu_replay.v1,row_02938__narrow_gate__direct_dispatch__full_chunk_h10,row_02938__narrow_gate__direct_dispatch,11,2938,narrow_gate,full_chunk_h10,10,10,30d16912ce8098c60d419bf30ed1491235b796b186f2378fa0ebdef754cc31fd,d5c708014600a7920be64b6acc05dd2153f49c780015898b4d746c2bc4c494ab,20.0,111.79980899760267,143.79980900412193,22.133399994345382,32.00000000651926,7.901700009824708,13.336800009710714,0.0,0.6010999932186678,hold,supervision_budget_exceeded,hold,supervision_budget,True,10,0,False,False,True,False,True,True,True,10,0,0,0,10,0,0,10,0,True,False,True,False,7992,7684,308,0.9614614614614615,4,10,1
armbench.pi05_windowed_cpu_replay.v1,row_03122__free_space__direct_dispatch__full_chunk_h10,row_03122__free_space__direct_dispatch,12,3122,free_space,full_chunk_h10,10,10,4fd1a98f6e18bda6afca61b1213f09c92ed3fce35dcd8c4d53333ce515224354,fae786a4aad836002b16172491457936b523b19e2e002e95e4b9cb634083a717,20.0,81.44486000674078,112.44486000941833,27.728399989428,31.000000002677552,7.45910000114236,19.185600001947023,0.0,0.7836000004317611,hold,supervision_budget_exceeded,hold,supervision_budget,True,10,0,False,False,True,False,True,True,True,10,0,0,0,10,0,0,10,0,True,False,True,False,4263,4083,180,0.9577762139338494,4,10,1
armbench.pi05_windowed_cpu_replay.v1,row_03122__single_block__direct_dispatch__full_chunk_h10,row_03122__single_block__direct_dispatch,12,3122,single_block,full_chunk_h10,10,10,4fd1a98f6e18bda6afca61b1213f09c92ed3fce35dcd8c4d53333ce515224354,fae786a4aad836002b16172491457936b523b19e2e002e95e4b9cb634083a717,20.0,81.17976000357885,112.1797600062564,21.43150000483729,31.000000002677552,3.157299986924045,17.32590000028722,0.0,0.8301999914692715,hold,supervision_budget_exceeded,hold,supervision_budget,True,10,0,False,False,True,False,True,True,True,10,0,0,0,10,0,0,10,0,True,False,True,False,6290,6047,243,0.9613672496025437,5,10,1
armbench.pi05_windowed_cpu_replay.v1,row_03122__narrow_gate__direct_dispatch__full_chunk_h10,row_03122__narrow_gate__direct_dispatch,12,3122,narrow_gate,full_chunk_h10,10,10,4fd1a98f6e18bda6afca61b1213f09c92ed3fce35dcd8c4d53333ce515224354,fae786a4aad836002b16172491457936b523b19e2e002e95e4b9cb634083a717,20.0,81.26705999893602,128.2670600048732,25.805199999012984,31.000000002677552,3.9723999943817034,20.81630000611767,0.0,0.8578999986639246,hold,supervision_budget_exceeded,hold,supervision_budget,True,10,0,False,False,True,False,True,True,True,10,0,0,0,10,0,0,10,0,True,False,True,False,7992,7749,243,0.9695945945945946,5,10,1
armbench.pi05_windowed_cpu_replay.v1,row_03163__free_space__direct_dispatch__full_chunk_h10,row_03163__free_space__direct_dispatch,13,3163,free_space,full_chunk_h10,10,10,e3ad14c7d499ec5ce4892eb2bef290b5e056a2b62568859245b6356da12457fb,ffa917dcd4fa88b9be0656ad8c111499b9a6bfff234650d693827eb9d1d5f76c,20.0,80.90778300538659,95.90778300480451,22.00559999619145,14.999999999417923,11.496300008730032,9.514499994111247,0.0,0.8420000085607171,hold,supervision_budget_exceeded,hold,supervision_budget,True,10,0,False,False,True,False,True,True,True,10,0,0,0,10,0,0,10,0,True,False,True,False,4263,4091,172,0.9596528266479005,4,10,1
armbench.pi05_windowed_cpu_replay.v1,row_03163__single_block__direct_dispatch__full_chunk_h10,row_03163__single_block__direct_dispatch,13,3163,single_block,full_chunk_h10,10,10,e3ad14c7d499ec5ce4892eb2bef290b5e056a2b62568859245b6356da12457fb,ffa917dcd4fa88b9be0656ad8c111499b9a6bfff234650d693827eb9d1d5f76c,20.0,80.80188299936708,112.80188299133442,22.928599995793775,31.999999991967343,1.5965999918989837,19.54249999835156,0.0,1.690799996140413,hold,supervision_budget_exceeded,hold,supervision_budget,True,10,0,False,False,True,False,True,True,True,10,0,0,0,10,0,0,10,0,True,False,True,False,6290,6063,227,0.9639109697933227,5,10,1
armbench.pi05_windowed_cpu_replay.v1,row_03163__narrow_gate__direct_dispatch__full_chunk_h10,row_03163__narrow_gate__direct_dispatch,13,3163,narrow_gate,full_chunk_h10,10,10,e3ad14c7d499ec5ce4892eb2bef290b5e056a2b62568859245b6356da12457fb,ffa917dcd4fa88b9be0656ad8c111499b9a6bfff234650d693827eb9d1d5f76c,20.0,81.32088300044416,113.32088300696341,21.684200008166954,16.00000000325963,3.4300999977858737,17.38859999750275,0.0,0.7852000126149505,hold,supervision_budget_exceeded,hold,supervision_budget,True,10,0,False,False,True,False,True,True,True,10,0,0,0,10,0,0,10,0,True,False,True,False,11448,11102,346,0.9697763801537387,7,10,1
armbench.pi05_windowed_cpu_replay.v1,row_03741__free_space__direct_dispatch__full_chunk_h10,row_03741__free_space__direct_dispatch,14,3741,free_space,full_chunk_h10,10,10,4b7907e4aad9dc6e77f813e772c59d0c7169c40282363ff493a33e879b87cde7,919e5f396da973e2cf7f371f4f3431bd547e13a2c08ca1b5ae4da4003096c020,20.0,109.97415299789282,141.97415298986016,21.904500012169592,31.999999991967343,3.9991999947233126,17.272599987336434,0.0,0.5010000022593886,hold,supervision_budget_exceeded,hold,supervision_budget,True,10,0,False,False,True,False,True,True,True,10,0,0,0,10,0,0,10,0,True,False,True,False,7791,7418,373,0.9521242459247851,7,10,1
armbench.pi05_windowed_cpu_replay.v1,row_03741__single_block__direct_dispatch__full_chunk_h10,row_03741__single_block__direct_dispatch,14,3741,single_block,full_chunk_h10,10,10,4b7907e4aad9dc6e77f813e772c59d0c7169c40282363ff493a33e879b87cde7,919e5f396da973e2cf7f371f4f3431bd547e13a2c08ca1b5ae4da4003096c020,20.0,110.02595299942186,141.0259530020994,22.212500000023283,14.999999999417923,8.943199994973838,12.394899997161701,0.0,0.7440999906975776,hold,supervision_budget_exceeded,hold,supervision_budget,True,10,0,False,False,True,False,True,True,True,10,0,0,0,10,0,0,10,0,True,False,True,False,7650,7329,321,0.9580392156862745,6,10,1
armbench.pi05_windowed_cpu_replay.v1,row_03741__narrow_gate__direct_dispatch__full_chunk_h10,row_03741__narrow_gate__direct_dispatch,14,3741,narrow_gate,full_chunk_h10,10,10,4b7907e4aad9dc6e77f813e772c59d0c7169c40282363ff493a33e879b87cde7,919e5f396da973e2cf7f371f4f3431bd547e13a2c08ca1b5ae4da4003096c020,20.0,109.7219529983704,140.72195300104795,21.090099995490164,16.00000000325963,4.354399992735125,16.211399997700937,0.0,0.37119998887646943,hold,supervision_budget_exceeded,hold,supervision_budget,True,10,0,False,False,True,False,True,True,True,10,0,0,0,10,0,0,10,0,True,False,True,False,7992,7729,263,0.9670920920920921,5,10,1
armbench.pi05_windowed_cpu_replay.v1,row_04298__free_space__direct_dispatch__full_chunk_h10,row_04298__free_space__direct_dispatch,15,4298,free_space,full_chunk_h10,10,10,2c585a1039cfc500fc7fe28c85a25ec32786fd8b15a0dad94b58ee736a663d79,94e313ab8d7786043893f7af3f613152522a820610d690acb2a3edc9ef4ba28e,20.0,80.53666400519433,127.5366640111315,24.217099999077618,31.000000002677552,9.179500004393049,14.540499993017875,0.0,0.37000000884290785,hold,supervision_budget_exceeded,hold,supervision_budget,True,10,0,False,False,True,False,True,True,True,10,0,0,0,10,0,0,10,0,True,False,True,False,5439,5179,260,0.9521970950542379,4,10,1
armbench.pi05_windowed_cpu_replay.v1,row_04298__single_block__direct_dispatch__full_chunk_h10,row_04298__single_block__direct_dispatch,15,4298,single_block,full_chunk_h10,10,10,2c585a1039cfc500fc7fe28c85a25ec32786fd8b15a0dad94b58ee736a663d79,94e313ab8d7786043893f7af3f613152522a820610d690acb2a3edc9ef4ba28e,20.0,80.55936400342034,127.55936399480561,21.244000003207475,31.000000002677552,5.500400002347305,14.54639999428764,0.0,0.8841999951982871,hold,supervision_budget_exceeded,hold,supervision_budget,True,10,0,False,False,True,False,True,True,True,10,0,0,0,10,0,0,10,0,True,False,True,False,6290,5995,295,0.9531001589825119,4,10,1
armbench.pi05_windowed_cpu_replay.v1,row_04298__narrow_gate__direct_dispatch__full_chunk_h10,row_04298__narrow_gate__direct_dispatch,15,4298,narrow_gate,full_chunk_h10,10,10,2c585a1039cfc500fc7fe28c85a25ec32786fd8b15a0dad94b58ee736a663d79,94e313ab8d7786043893f7af3f613152522a820610d690acb2a3edc9ef4ba28e,20.0,81.24266399681801,113.24266398878535,21.691999994800426,31.999999991967343,3.9887000020826235,16.915600004722364,0.0,0.6788000027881935,hold,supervision_budget_exceeded,hold,supervision_budget,True,10,0,False,False,True,False,True,True,True,10,0,0,0,10,0,0,10,0,True,False,True,False,7992,7715,277,0.9653403403403403,4,10,1
armbench.pi05_windowed_cpu_replay.v1,row_03805__free_space__direct_dispatch__full_chunk_h10,row_03805__free_space__direct_dispatch,16,3805,free_space,full_chunk_h10,10,10,ed3ed2f05c450ceca326c550433117debafac7329c3cf9d83392e865de84d20b,091b2783ea65091b38cc9287d80dd29b0944a0b9ec326d95fda267eec534df0f,20.0,142.3698360013077,173.36983598943334,23.31810000760015,15.999999988707714,3.814399999100715,18.287300001247786,0.0,0.9325999999418855,hold,supervision_budget_exceeded,hold,supervision_budget,True,10,0,False,False,True,False,True,True,True,10,0,0,0,10,0,0,10,0,True,False,True,False,6909,6607,302,0.9562888985381387,8,10,1
armbench.pi05_windowed_cpu_replay.v1,row_03805__single_block__direct_dispatch__full_chunk_h10,row_03805__single_block__direct_dispatch,16,3805,single_block,full_chunk_h10,10,10,ed3ed2f05c450ceca326c550433117debafac7329c3cf9d83392e865de84d20b,091b2783ea65091b38cc9287d80dd29b0944a0b9ec326d95fda267eec534df0f,20.0,142.41793600376695,173.4179360064445,21.7108999931952,16.00000000325963,2.5730000052135438,17.978599993512034,0.0,0.9547999943606555,hold,supervision_budget_exceeded,hold,supervision_budget,True,10,0,False,False,True,False,True,True,True,10,0,0,0,10,3,0,10,4,False,False,True,False,6630,6305,325,0.9509803921568627,7,10,1
armbench.pi05_windowed_cpu_replay.v1,row_03805__narrow_gate__direct_dispatch__full_chunk_h10,row_03805__narrow_gate__direct_dispatch,16,3805,narrow_gate,full_chunk_h10,10,10,ed3ed2f05c450ceca326c550433117debafac7329c3cf9d83392e865de84d20b,091b2783ea65091b38cc9287d80dd29b0944a0b9ec326d95fda267eec534df0f,20.0,142.3951360047795,173.39513600745704,23.70439999504015,31.000000002677552,3.633800006355159,18.947100004879758,0.0,0.9954999986803159,hold,supervision_budget_exceeded,hold,supervision_budget,True,10,0,False,False,True,False,True,True,True,10,0,0,0,10,1,0,10,3,False,False,True,False,6696,6471,225,0.9663978494623656,6,10,1
armbench.pi05_windowed_cpu_replay.v1,row_03853__free_space__direct_dispatch__full_chunk_h10,row_03853__free_space__direct_dispatch,17,3853,free_space,full_chunk_h10,10,10,fe36ac0713605fcc57897c367ab31e5b11dbf505ac76505ab7d16f946de13db9,f7709bd9d6a771cb40508d80a0dd423dd43ec32e003ed984a734551e880e8d3e,20.0,113.17077699641231,144.17077698453795,17.81830000982154,15.999999988707714,1.416699989931658,14.44420000188984,0.0,1.8493000097805634,hold,continuous_edge_rejected:collision:self:link5:geom_32:link7:geom_59,hold,continuous_collision,True,10,0,False,False,True,False,True,True,True,10,0,0,0,10,1,0,10,0,False,False,False,False,3822,3637,184,0.9515960230245945,3,10,1
armbench.pi05_windowed_cpu_replay.v1,row_03853__single_block__direct_dispatch__full_chunk_h10,row_03853__single_block__direct_dispatch,17,3853,single_block,full_chunk_h10,10,10,fe36ac0713605fcc57897c367ab31e5b11dbf505ac76505ab7d16f946de13db9,f7709bd9d6a771cb40508d80a0dd423dd43ec32e003ed984a734551e880e8d3e,20.0,113.29717699845787,144.29717700113542,20.560299992212094,14.999999999417923,3.703700000187382,15.879300000960939,0.0,0.7645000005140901,hold,continuous_edge_rejected:collision:self:link5:geom_33:link7:geom_60,hold,continuous_collision,True,10,0,False,False,True,False,True,True,True,10,0,0,0,10,1,0,10,0,False,False,True,False,4420,4228,191,0.9565610859728507,3,10,1
armbench.pi05_windowed_cpu_replay.v1,row_03853__narrow_gate__direct_dispatch__full_chunk_h10,row_03853__narrow_gate__direct_dispatch,17,3853,narrow_gate,full_chunk_h10,10,10,fe36ac0713605fcc57897c367ab31e5b11dbf505ac76505ab7d16f946de13db9,f7709bd9d6a771cb40508d80a0dd423dd43ec32e003ed984a734551e880e8d3e,20.0,114.32727699866518,145.32727700134274,16.961900008027442,14.999999999417923,5.9382000035839155,10.562799987383187,0.0,0.33039999834727496,hold,continuous_edge_rejected:collision:self:link5:geom_35:link7:geom_62,hold,continuous_collision,True,10,0,False,False,True,False,True,True,True,10,0,0,0,10,1,0,10,0,False,False,False,False,5616,5423,192,0.9656339031339032,3,10,1
armbench.pi05_windowed_cpu_replay.v1,row_04953__free_space__direct_dispatch__full_chunk_h10,row_04953__free_space__direct_dispatch,18,4953,free_space,full_chunk_h10,10,10,1d0a2989e76d920a59ac3a743781f15f16a583e4ded7a55d9122c2e8345072f1,af7c0afa97d566d0b6103c1987699272206fed545e580febec05c23d4443ae45,20.0,92.21125000476604,123.2112500074436,23.307600000407547,14.999999999417923,2.585099995485507,19.93880000372883,0.0,0.6883000023663044,hold,supervision_budget_exceeded,hold,supervision_budget,True,10,0,False,False,True,False,True,True,True,10,0,0,0,10,0,0,10,0,True,False,True,False,10143,9586,557,0.9450852804890072,9,10,1
armbench.pi05_windowed_cpu_replay.v1,row_04953__single_block__direct_dispatch__full_chunk_h10,row_04953__single_block__direct_dispatch,18,4953,single_block,full_chunk_h10,10,10,1d0a2989e76d920a59ac3a743781f15f16a583e4ded7a55d9122c2e8345072f1,af7c0afa97d566d0b6103c1987699272206fed545e580febec05c23d4443ae45,20.0,92.31015000113985,123.3101500038174,35.395600003539585,31.000000002677552,3.2809999975143,28.154600004199892,0.0,3.83220000367146,hold,supervision_budget_exceeded,hold,supervision_budget,True,10,0,False,False,True,False,True,True,True,10,0,0,0,10,0,0,10,0,True,False,True,False,3570,3436,134,0.9624649859943978,3,10,1
armbench.pi05_windowed_cpu_replay.v1,row_04953__narrow_gate__direct_dispatch__full_chunk_h10,row_04953__narrow_gate__direct_dispatch,18,4953,narrow_gate,full_chunk_h10,10,10,1d0a2989e76d920a59ac3a743781f15f16a583e4ded7a55d9122c2e8345072f1,af7c0afa97d566d0b6103c1987699272206fed545e580febec05c23d4443ae45,20.0,92.36935000080848,123.36935000348603,24.095499989925884,31.000000002677552,5.090599996037781,17.971499997656792,0.0,0.8791999862296507,hold,supervision_budget_exceeded,hold,supervision_budget,True,10,0,False,False,True,False,True,True,True,10,0,0,0,10,0,0,10,0,True,False,True,False,7992,7731,261,0.9673423423423423,5,10,1
armbench.pi05_windowed_cpu_replay.v1,row_04773__free_space__direct_dispatch__full_chunk_h10,row_04773__free_space__direct_dispatch,19,4773,free_space,full_chunk_h10,10,10,0012494746ac6d95bef31165b95dad73d2233ce508b720c3e77a99bb8cb95b24,c523c8dc9161531afa6950372597ab78cbf73daa99043843e1df48ebd20b87dd,20.0,82.32979899912607,97.32979899854399,22.050100000342354,14.999999999417923,3.8693999958923087,16.023299991502427,0.0,1.9834999984595925,hold,supervision_budget_exceeded,hold,supervision_budget,True,10,0,False,False,True,False,True,True,True,10,0,0,0,10,0,0,10,0,True,False,True,False,5733,5501,232,0.9595325309611024,7,10,1
armbench.pi05_windowed_cpu_replay.v1,row_04773__single_block__direct_dispatch__full_chunk_h10,row_04773__single_block__direct_dispatch,19,4773,single_block,full_chunk_h10,10,10,0012494746ac6d95bef31165b95dad73d2233ce508b720c3e77a99bb8cb95b24,c523c8dc9161531afa6950372597ab78cbf73daa99043843e1df48ebd20b87dd,20.0,82.25449900055537,113.25449900323292,22.618300004978664,16.00000000325963,5.866999999852851,15.342300001066178,0.0,0.9387000027345493,hold,supervision_budget_exceeded,hold,supervision_budget,True,10,0,False,False,True,False,True,True,True,10,0,0,0,10,0,0,10,0,True,False,True,False,3910,3754,156,0.9601023017902813,5,10,1
armbench.pi05_windowed_cpu_replay.v1,row_04773__narrow_gate__direct_dispatch__full_chunk_h10,row_04773__narrow_gate__direct_dispatch,19,4773,narrow_gate,full_chunk_h10,10,10,0012494746ac6d95bef31165b95dad73d2233ce508b720c3e77a99bb8cb95b24,c523c8dc9161531afa6950372597ab78cbf73daa99043843e1df48ebd20b87dd,20.0,82.55759899475379,113.55759899743134,20.92149999225512,14.999999999417923,6.980999998631887,12.733900002785958,0.0,0.8402000094065443,hold,supervision_budget_exceeded,hold,supervision_budget,True,10,0,False,False,True,False,True,True,True,10,0,0,0,10,0,0,10,0,True,False,True,False,4968,4815,153,0.9692028985507246,5,10,1
armbench.pi05_windowed_cpu_replay.v1,row_04462__free_space__direct_dispatch__full_chunk_h10,row_04462__free_space__direct_dispatch,20,4462,free_space,full_chunk_h10,10,10,70b9224f98dd7ca753ca304e5409a01563f652e68827468e70fea86b3cbcc658,4abfdd49b70a0970fc43182fee4ecd8db8b3a1103b6106940ef4768751d612f5,20.0,111.02229199605063,142.02229199872818,21.362500003306195,31.000000002677552,8.623800007626414,11.395499997888692,0.0,0.9420999995199963,hold,supervision_budget_exceeded,hold,supervision_budget,True,10,0,False,False,True,False,True,True,True,10,0,0,0,10,0,0,10,0,True,False,True,False,4263,4073,190,0.9554304480412855,4,10,1
armbench.pi05_windowed_cpu_replay.v1,row_04462__single_block__direct_dispatch__full_chunk_h10,row_04462__single_block__direct_dispatch,20,4462,single_block,full_chunk_h10,10,10,70b9224f98dd7ca753ca304e5409a01563f652e68827468e70fea86b3cbcc658,4abfdd49b70a0970fc43182fee4ecd8db8b3a1103b6106940ef4768751d612f5,20.0,111.17109200131381,127.17109200457344,23.225800003274344,16.00000000325963,5.457300008856691,15.664400008972734,0.0,1.9402000034460798,hold,supervision_budget_exceeded,hold,supervision_budget,True,10,0,False,False,True,False,True,True,True,10,0,0,0,10,4,0,10,6,False,False,True,False,4930,4674,256,0.9480730223123732,4,10,1
armbench.pi05_windowed_cpu_replay.v1,row_04462__narrow_gate__direct_dispatch__full_chunk_h10,row_04462__narrow_gate__direct_dispatch,20,4462,narrow_gate,full_chunk_h10,10,10,70b9224f98dd7ca753ca304e5409a01563f652e68827468e70fea86b3cbcc658,4abfdd49b70a0970fc43182fee4ecd8db8b3a1103b6106940ef4768751d612f5,20.0,111.15519199665869,143.15519200317794,22.093400009907782,32.00000000651926,3.647699995781295,17.63829999254085,0.0,0.6874999962747097,hold,supervision_budget_exceeded,hold,supervision_budget,True,10,0,False,False,True,False,True,True,True,10,0,0,0,10,4,0,10,6,False,False,True,False,7992,7636,356,0.9554554554554554,5,10,1
armbench.pi05_windowed_cpu_replay.v1,row_05082__free_space__direct_dispatch__full_chunk_h10,row_05082__free_space__direct_dispatch,21,5082,free_space,full_chunk_h10,10,10,577d2da6f2f31ec5d381f089ea57502db82b6bcd60b682984a7bf79c80ba6092,01dade6ca27dafa314483483e6e8cc87c661081fba638c5b15cddc8479ab1bc9,20.0,110.6104869977571,141.61048700043466,22.451100012403913,14.999999999417923,9.701400005724281,11.9981000025291,0.0,0.42529999336693436,hold,supervision_budget_exceeded,hold,supervision_budget,True,10,0,False,False,True,False,True,True,True,10,0,0,0,10,0,0,10,0,True,False,True,False,6615,6299,316,0.9522297808012093,4,10,1
armbench.pi05_windowed_cpu_replay.v1,row_05082__single_block__direct_dispatch__full_chunk_h10,row_05082__single_block__direct_dispatch,21,5082,single_block,full_chunk_h10,10,10,577d2da6f2f31ec5d381f089ea57502db82b6bcd60b682984a7bf79c80ba6092,01dade6ca27dafa314483483e6e8cc87c661081fba638c5b15cddc8479ab1bc9,20.0,110.89368699322222,126.89368698192993,10.779699994600378,0.0,1.7992000066442415,8.1897000054596,0.0,0.7070999999996275,hold,continuous_edge_rejected:collision:static:center_block:link6,hold,continuous_collision,True,10,0,False,False,True,False,True,True,True,10,0,0,0,10,7,0,10,7,False,False,False,False,5100,4826,267,0.9462745098039216,4,10,1
armbench.pi05_windowed_cpu_replay.v1,row_05082__narrow_gate__direct_dispatch__full_chunk_h10,row_05082__narrow_gate__direct_dispatch,21,5082,narrow_gate,full_chunk_h10,10,10,577d2da6f2f31ec5d381f089ea57502db82b6bcd60b682984a7bf79c80ba6092,01dade6ca27dafa314483483e6e8cc87c661081fba638c5b15cddc8479ab1bc9,20.0,111.32948700105771,142.32948700373527,22.951999999349937,14.999999999417923,1.6083999944385141,20.93500000773929,0.0,0.35700001171790063,hold,supervision_budget_exceeded,hold,supervision_budget,True,10,0,False,False,True,False,True,True,True,10,0,0,0,10,5,0,10,7,False,False,True,False,14472,13768,704,0.9513543394140409,5,10,1
armbench.pi05_windowed_cpu_replay.v1,row_05128__free_space__direct_dispatch__full_chunk_h10,row_05128__free_space__direct_dispatch,22,5128,free_space,full_chunk_h10,10,10,0e92838da6d4cdb706e0b8d31366212826fa86c5ce6ccd320378f7981599112c,1d370b9f51508df4beed68f031701f37a5f21f8c4c255ff7d807681da0595010,20.0,81.91675999842118,128.91676000435837,28.960499999811873,31.000000002677552,10.205499987932853,17.495199994300492,0.0,0.9504000045126304,hold,supervision_budget_exceeded,hold,supervision_budget,True,10,0,False,False,True,False,True,True,True,10,0,0,0,10,0,0,10,0,True,False,True,False,4263,4084,179,0.9580107905231058,4,10,1
armbench.pi05_windowed_cpu_replay.v1,row_05128__single_block__direct_dispatch__full_chunk_h10,row_05128__single_block__direct_dispatch,22,5128,single_block,full_chunk_h10,10,10,0e92838da6d4cdb706e0b8d31366212826fa86c5ce6ccd320378f7981599112c,1d370b9f51508df4beed68f031701f37a5f21f8c4c255ff7d807681da0595010,20.0,82.06626000173856,113.06626000441611,22.894699999596924,14.999999999417923,3.5940000088885427,18.51570000872016,0.0,0.6369000038830563,hold,supervision_budget_exceeded,hold,supervision_budget,True,10,0,False,False,True,False,True,True,True,10,0,0,0,10,3,0,10,5,False,False,True,False,9690,9185,505,0.9478844169246646,7,10,1
armbench.pi05_windowed_cpu_replay.v1,row_05128__narrow_gate__direct_dispatch__full_chunk_h10,row_05128__narrow_gate__direct_dispatch,22,5128,narrow_gate,full_chunk_h10,10,10,0e92838da6d4cdb706e0b8d31366212826fa86c5ce6ccd320378f7981599112c,1d370b9f51508df4beed68f031701f37a5f21f8c4c255ff7d807681da0595010,20.0,81.9978599975002,112.99786000017775,23.905399997602217,31.000000002677552,4.424999991897494,18.648099998245016,0.0,0.7077000045683235,hold,supervision_budget_exceeded,hold,supervision_budget,True,10,0,False,False,True,False,True,True,True,10,0,0,0,10,1,0,10,3,False,False,True,False,11448,10937,511,0.9553633822501747,7,10,1
armbench.pi05_windowed_cpu_replay.v1,row_05011__free_space__direct_dispatch__full_chunk_h10,row_05011__free_space__direct_dispatch,23,5011,free_space,full_chunk_h10,10,10,24f71f3f30cc2312cc0339c738754d5367bbccc0f419fe35bd17438d01f7e5b0,5ccd6d1a2328ecc0a38473974ed081f411090ae36654167fb6a57fadcc5d3931,20.0,125.8769419946475,156.87694198277313,23.90420000301674,15.999999988707714,4.274699997040443,18.740400002570823,0.0,0.7692999934079126,hold,supervision_budget_exceeded,hold,supervision_budget,True,10,0,False,False,True,False,True,True,True,10,0,0,0,10,0,0,10,1,False,False,True,False,8673,8244,429,0.9505361466620547,5,10,1
armbench.pi05_windowed_cpu_replay.v1,row_05011__single_block__direct_dispatch__full_chunk_h10,row_05011__single_block__direct_dispatch,23,5011,single_block,full_chunk_h10,10,10,24f71f3f30cc2312cc0339c738754d5367bbccc0f419fe35bd17438d01f7e5b0,5ccd6d1a2328ecc0a38473974ed081f411090ae36654167fb6a57fadcc5d3931,20.0,125.52454199612839,172.52454200206557,26.929300001938827,31.000000002677552,7.2355000011157244,18.79929999995511,0.0,0.749099999666214,hold,supervision_budget_exceeded,hold,supervision_budget,True,10,0,False,False,True,False,True,True,True,10,0,0,0,10,0,0,10,1,False,False,True,False,7310,6934,376,0.948563611491108,4,10,1
armbench.pi05_windowed_cpu_replay.v1,row_05011__narrow_gate__direct_dispatch__full_chunk_h10,row_05011__narrow_gate__direct_dispatch,23,5011,narrow_gate,full_chunk_h10,10,10,24f71f3f30cc2312cc0339c738754d5367bbccc0f419fe35bd17438d01f7e5b0,5ccd6d1a2328ecc0a38473974ed081f411090ae36654167fb6a57fadcc5d3931,20.0,125.34244199923705,172.34244199062232,25.128299996140413,31.000000002677552,6.33679999737069,17.950300010852516,0.0,0.7135000050766394,hold,supervision_budget_exceeded,hold,supervision_budget,True,10,0,False,False,True,False,True,True,True,10,0,0,0,10,0,0,10,1,False,False,True,False,9288,8969,319,0.9656546080964685,4,10,1
armbench.pi05_windowed_cpu_replay.v1,row_06407__free_space__direct_dispatch__full_chunk_h10,row_06407__free_space__direct_dispatch,24,6407,free_space,full_chunk_h10,10,10,7b5e04770f18653120842172231465c3df16a76a94e8a11104babba987988de8,163c4b568398a13e54290749468fb7e5ed31079b00f2ea8a45847de2f701b494,20.0,79.93548199738143,110.93548200005898,24.285999999847263,14.999999999417923,4.6934999991208315,18.781999999191612,0.0,0.6733000045642257,hold,supervision_budget_exceeded,hold,supervision_budget,True,10,0,False,False,True,False,True,True,True,10,0,0,0,10,0,0,10,0,True,False,True,False,13965,13312,653,0.9532402434658074,8,10,1
armbench.pi05_windowed_cpu_replay.v1,row_06407__single_block__direct_dispatch__full_chunk_h10,row_06407__single_block__direct_dispatch,24,6407,single_block,full_chunk_h10,10,10,7b5e04770f18653120842172231465c3df16a76a94e8a11104babba987988de8,163c4b568398a13e54290749468fb7e5ed31079b00f2ea8a45847de2f701b494,20.0,79.68128198990598,126.68128199584316,30.82620000350289,31.000000002677552,4.978600001777522,23.36049999576062,0.0,2.1911999938311055,hold,supervision_budget_exceeded,hold,supervision_budget,True,10,0,False,False,True,False,True,True,True,10,0,0,0,10,5,0,10,7,False,False,True,False,8330,7880,450,0.9459783913565426,5,10,1
armbench.pi05_windowed_cpu_replay.v1,row_06407__narrow_gate__direct_dispatch__full_chunk_h10,row_06407__narrow_gate__direct_dispatch,24,6407,narrow_gate,full_chunk_h10,10,10,7b5e04770f18653120842172231465c3df16a76a94e8a11104babba987988de8,163c4b568398a13e54290749468fb7e5ed31079b00f2ea8a45847de2f701b494,20.0,79.81598198966822,95.81598199292785,23.26609998999629,16.00000000325963,3.841799989459105,18.616699991980568,0.0,0.6914999976288527,hold,supervision_budget_exceeded,hold,supervision_budget,True,10,0,False,False,True,False,True,True,True,10,0,0,0,10,3,0,10,5,False,False,True,False,10152,9690,462,0.9544917257683215,5,10,1
armbench.pi05_windowed_cpu_replay.v1,row_06364__free_space__direct_dispatch__full_chunk_h10,row_06364__free_space__direct_dispatch,25,6364,free_space,full_chunk_h10,10,10,099bef15a0770071b640eb04fb9e343f82702d9e681553817b0e1967bc447ca8,ad141d2432b6f05d03249225fd1c40933676be458ff6debfc024bc3605ae5e44,20.0,82.34263800113695,97.34263800055487,23.063200002070516,14.999999999417923,4.702400008682162,17.177300003822893,0.0,1.0604999988572672,hold,supervision_budget_exceeded,hold,supervision_budget,True,10,0,False,False,True,False,True,True,True,10,0,0,0,10,0,0,10,0,True,False,True,False,8379,8045,334,0.9601384413414489,10,10,1
armbench.pi05_windowed_cpu_replay.v1,row_06364__single_block__direct_dispatch__full_chunk_h10,row_06364__single_block__direct_dispatch,25,6364,single_block,full_chunk_h10,10,10,099bef15a0770071b640eb04fb9e343f82702d9e681553817b0e1967bc447ca8,ad141d2432b6f05d03249225fd1c40933676be458ff6debfc024bc3605ae5e44,20.0,82.07083799061365,113.0708379932912,24.616499998955987,16.00000000325963,3.552599999238737,20.35630001046229,0.0,0.5449000018415973,hold,supervision_budget_exceeded,hold,supervision_budget,True,10,0,False,False,True,False,True,True,True,10,0,0,0,10,1,0,10,3,False,False,True,False,6970,6686,284,0.9592539454806313,8,10,1
armbench.pi05_windowed_cpu_replay.v1,row_06364__narrow_gate__direct_dispatch__full_chunk_h10,row_06364__narrow_gate__direct_dispatch,25,6364,narrow_gate,full_chunk_h10,10,10,099bef15a0770071b640eb04fb9e343f82702d9e681553817b0e1967bc447ca8,ad141d2432b6f05d03249225fd1c40933676be458ff6debfc024bc3605ae5e44,20.0,82.32073799445061,114.32073800096987,22.03199999348726,16.00000000325963,4.1779000021051615,17.07559998612851,0.0,0.6661999941570684,hold,supervision_budget_exceeded,hold,supervision_budget,True,10,0,False,False,True,False,True,True,True,10,0,0,0,10,0,0,10,0,True,False,True,False,10584,10185,399,0.9623015873015873,9,10,1
armbench.pi05_windowed_cpu_replay.v1,row_06056__free_space__direct_dispatch__full_chunk_h10,row_06056__free_space__direct_dispatch,26,6056,free_space,full_chunk_h10,10,10,d0b5162cd61b5df39a5caf842d2257e7f6d300cbbf1f21fa30dcf183810e85e2,c9a378e3af3f286959ccc6ce0aab8e5df4db1d375fa82cf308f21e70bfb38b4e,20.0,119.53662599989912,151.53662600641837,21.310999989509583,32.00000000651926,5.256500007817522,15.26640000520274,0.0,0.6663999956799671,hold,supervision_budget_exceeded,hold,supervision_budget,True,10,0,False,False,True,False,True,True,True,10,0,0,0,10,0,0,10,0,True,False,True,False,4851,4653,198,0.9591836734693877,5,10,1
armbench.pi05_windowed_cpu_replay.v1,row_06056__single_block__direct_dispatch__full_chunk_h10,row_06056__single_block__direct_dispatch,26,6056,single_block,full_chunk_h10,10,10,d0b5162cd61b5df39a5caf842d2257e7f6d300cbbf1f21fa30dcf183810e85e2,c9a378e3af3f286959ccc6ce0aab8e5df4db1d375fa82cf308f21e70bfb38b4e,20.0,119.18442600290291,150.18442600558046,23.024399997666478,16.00000000325963,4.162600002018735,17.75640000414569,0.0,0.9299000084865838,hold,supervision_budget_exceeded,hold,supervision_budget,True,10,0,False,False,True,False,True,True,True,10,0,0,0,10,0,0,10,0,True,False,True,False,6970,6715,255,0.9634146341463414,6,10,1
armbench.pi05_windowed_cpu_replay.v1,row_06056__narrow_gate__direct_dispatch__full_chunk_h10,row_06056__narrow_gate__direct_dispatch,26,6056,narrow_gate,full_chunk_h10,10,10,d0b5162cd61b5df39a5caf842d2257e7f6d300cbbf1f21fa30dcf183810e85e2,c9a378e3af3f286959ccc6ce0aab8e5df4db1d375fa82cf308f21e70bfb38b4e,20.0,119.34112600283697,150.34112600551452,25.35609999904409,16.00000000325963,5.943999989540316,17.865600006189197,0.0,1.306200007093139,hold,supervision_budget_exceeded,hold,supervision_budget,True,10,0,False,False,True,False,True,True,True,10,0,0,0,10,0,0,10,0,True,False,True,False,7128,6895,233,0.9673120089786756,5,10,1
armbench.pi05_windowed_cpu_replay.v1,row_07683__free_space__direct_dispatch__full_chunk_h10,row_07683__free_space__direct_dispatch,27,7683,free_space,full_chunk_h10,10,10,a00422d34079c464db8df8c5409bf2828aea05bbf77b08b587c170edb57e57c7,61b0433210982b6803e6e79c30ad66cf82384038c635fbc9cec97f43c2d5f63a,20.0,80.2862310083583,127.28623099974357,23.87109999835957,30.999999988125637,8.942700005718507,11.947799997869879,0.0,2.602699998533353,hold,supervision_budget_exceeded,hold,supervision_budget,True,10,0,False,False,True,False,True,True,True,10,0,0,0,10,0,0,10,0,True,False,True,False,3087,2948,139,0.9549724651765468,3,10,1
armbench.pi05_windowed_cpu_replay.v1,row_07683__single_block__direct_dispatch__full_chunk_h10,row_07683__single_block__direct_dispatch,27,7683,single_block,full_chunk_h10,10,10,a00422d34079c464db8df8c5409bf2828aea05bbf77b08b587c170edb57e57c7,61b0433210982b6803e6e79c30ad66cf82384038c635fbc9cec97f43c2d5f63a,20.0,80.42503100296017,127.42503099434543,28.353900008369237,31.999999991967343,6.960400001844391,20.369299993035384,0.0,0.8277000015368685,hold,supervision_budget_exceeded,hold,supervision_budget,True,10,0,False,False,True,False,True,True,True,10,0,0,0,10,0,0,10,0,True,False,True,False,11730,11212,518,0.9558397271952259,6,10,1
armbench.pi05_windowed_cpu_replay.v1,row_07683__narrow_gate__direct_dispatch__full_chunk_h10,row_07683__narrow_gate__direct_dispatch,27,7683,narrow_gate,full_chunk_h10,10,10,a00422d34079c464db8df8c5409bf2828aea05bbf77b08b587c170edb57e57c7,61b0433210982b6803e6e79c30ad66cf82384038c635fbc9cec97f43c2d5f63a,20.0,80.37813100963831,127.37813100102358,27.51660000649281,31.000000002677552,6.469699990702793,19.015199999557808,0.0,1.8600999901536852,hold,supervision_budget_exceeded,hold,supervision_budget,True,10,0,False,False,True,False,True,True,True,10,0,0,0,10,0,0,10,0,True,False,True,False,7992,7731,261,0.9673423423423423,4,10,1
armbench.pi05_windowed_cpu_replay.v1,row_07373__free_space__direct_dispatch__full_chunk_h10,row_07373__free_space__direct_dispatch,28,7373,free_space,full_chunk_h10,10,10,e342e284a6b9329bf43b6560e5358b71495f40177533837036afecf930c2b4c0,3dbd650490cea64352a1dbaccb6f541b5a9d1998528a622fd0fd896330c63f5e,20.0,95.29193700291216,141.29193700500764,23.55610000086017,31.000000002677552,5.760799991548993,17.009899995173328,0.0,0.6760999967809767,hold,supervision_budget_exceeded,hold,supervision_budget,True,10,0,False,False,True,False,True,True,True,10,0,0,0,10,0,0,10,0,True,False,True,False,3675,3521,154,0.9580952380952381,4,10,1
armbench.pi05_windowed_cpu_replay.v1,row_07373__single_block__direct_dispatch__full_chunk_h10,row_07373__single_block__direct_dispatch,28,7373,single_block,full_chunk_h10,10,10,e342e284a6b9329bf43b6560e5358b71495f40177533837036afecf930c2b4c0,3dbd650490cea64352a1dbaccb6f541b5a9d1998528a622fd0fd896330c63f5e,20.0,94.81193700048607,125.81193700316362,21.877999999560416,14.999999999417923,4.345900000771508,15.648000000510365,0.0,1.6415999998571351,hold,supervision_budget_exceeded,hold,supervision_budget,True,10,0,False,False,True,False,True,True,True,10,0,0,0,10,0,0,10,1,False,False,True,False,6970,6645,325,0.9533715925394548,8,10,1
armbench.pi05_windowed_cpu_replay.v1,row_07373__narrow_gate__direct_dispatch__full_chunk_h10,row_07373__narrow_gate__direct_dispatch,28,7373,narrow_gate,full_chunk_h10,10,10,e342e284a6b9329bf43b6560e5358b71495f40177533837036afecf930c2b4c0,3dbd650490cea64352a1dbaccb6f541b5a9d1998528a622fd0fd896330c63f5e,20.0,94.97553700202843,126.97553700854769,21.503399999346584,16.00000000325963,8.483600002364255,12.213599999086,0.0,0.6292000034591183,hold,supervision_budget_exceeded,hold,supervision_budget,True,10,0,False,False,True,False,True,True,True,10,0,0,0,10,0,0,10,0,True,False,True,False,7128,6907,221,0.9689955106621774,6,10,1
armbench.pi05_windowed_cpu_replay.v1,row_07772__free_space__direct_dispatch__full_chunk_h10,row_07772__free_space__direct_dispatch,29,7772,free_space,full_chunk_h10,10,10,c3533edfda4b0016620bef05041c1b2e100c114929dc01b6c006379c8f39062d,f9efe20bb0146929d0da2aab6cb2d34cae1c034a2e8891af5c57bfffe379dbff,20.0,109.84383399772923,140.84383398585487,26.549200003501028,30.999999988125637,4.126599989831448,21.41940000001341,0.0,0.847800009069033,hold,supervision_budget_exceeded,hold,supervision_budget,True,10,0,False,False,True,False,True,True,True,10,0,0,0,10,0,0,10,0,True,False,True,False,7497,7156,341,0.9545151393890889,5,10,1
armbench.pi05_windowed_cpu_replay.v1,row_07772__single_block__direct_dispatch__full_chunk_h10,row_07772__single_block__direct_dispatch,29,7772,single_block,full_chunk_h10,10,10,c3533edfda4b0016620bef05041c1b2e100c114929dc01b6c006379c8f39062d,f9efe20bb0146929d0da2aab6cb2d34cae1c034a2e8891af5c57bfffe379dbff,20.0,109.91603399452288,140.91603399720043,20.79039999807719,16.00000000325963,4.483800003072247,15.443900003447197,0.0,0.7233000069390982,hold,supervision_budget_exceeded,hold,supervision_budget,True,10,0,False,False,True,False,True,True,True,10,0,0,0,10,0,0,10,0,True,False,True,False,8670,8271,399,0.9539792387543252,5,10,1
armbench.pi05_windowed_cpu_replay.v1,row_07772__narrow_gate__direct_dispatch__full_chunk_h10,row_07772__narrow_gate__direct_dispatch,29,7772,narrow_gate,full_chunk_h10,10,10,c3533edfda4b0016620bef05041c1b2e100c114929dc01b6c006379c8f39062d,f9efe20bb0146929d0da2aab6cb2d34cae1c034a2e8891af5c57bfffe379dbff,20.0,109.8769340023864,140.87693399051204,25.817300003836863,30.999999988125637,3.2682000019121915,21.684299994376488,0.0,0.7731000077910721,hold,supervision_budget_exceeded,hold,supervision_budget,True,10,0,False,False,True,False,True,True,True,10,0,0,0,10,4,0,10,5,False,False,True,False,14472,13891,581,0.9598535102266446,6,10,1
armbench.pi05_windowed_cpu_replay.v1,row_00763__free_space__direct_dispatch__certified_window_h1,row_00763__free_space__direct_dispatch,0,763,free_space,certified_window_h1,10,1,2ba514276e139d381b7b19bf859e964ad7e1b157ca9f234909fb87328f08ec28,b56fd1812b3fb3885c3ac175b614bb6edab1f9d4c62563c2f5feacb164001b0e,20.0,103.75407699757488,119.75407700083451,5.04039999214001,16.00000000325963,0.48740000056568533,1.3318999990588054,3.147099996567704,0.0,execute,qp_continuous_collision_and_braking_invariant_passed,accepted,,True,1,1,True,False,True,True,True,True,True,1,0,0,0,1,0,0,1,0,True,False,False,False,1029,992,37,0.9640427599611273,2,1,1
armbench.pi05_windowed_cpu_replay.v1,row_00763__single_block__direct_dispatch__certified_window_h1,row_00763__single_block__direct_dispatch,0,763,single_block,certified_window_h1,10,1,2ba514276e139d381b7b19bf859e964ad7e1b157ca9f234909fb87328f08ec28,b56fd1812b3fb3885c3ac175b614bb6edab1f9d4c62563c2f5feacb164001b0e,20.0,102.52607700385852,102.52607700385852,3.7453000113600865,0.0,0.49700000090524554,1.3223999994806945,1.850400003604591,0.0,execute,qp_continuous_collision_and_braking_invariant_passed,accepted,,True,1,1,True,False,True,True,True,True,True,1,0,0,0,1,0,0,1,0,True,False,False,False,1190,1151,39,0.9672268907563025,2,1,1
armbench.pi05_windowed_cpu_replay.v1,row_00763__narrow_gate__direct_dispatch__certified_window_h1,row_00763__narrow_gate__direct_dispatch,0,763,narrow_gate,certified_window_h1,10,1,2ba514276e139d381b7b19bf859e964ad7e1b157ca9f234909fb87328f08ec28,b56fd1812b3fb3885c3ac175b614bb6edab1f9d4c62563c2f5feacb164001b0e,20.0,103.48747699754313,118.48747699696105,6.043199988198467,14.999999999417923,0.49310000031255186,1.6383000038331375,3.841199999442324,0.0,execute,qp_continuous_collision_and_braking_invariant_passed,accepted,,True,1,1,True,False,True,True,True,True,True,1,0,0,0,1,0,0,1,0,True,False,False,False,1512,1475,37,0.9755291005291006,2,1,1
armbench.pi05_windowed_cpu_replay.v1,row_00458__free_space__direct_dispatch__certified_window_h1,row_00458__free_space__direct_dispatch,1,458,free_space,certified_window_h1,10,1,539d85427650fb89affee25f827ab92f2803af4f4686cdda7625ebbcfc4e125f,705a038ef6ff4b2658b46e5472bc8df1e9ca7f96b422012a15a6784136d45969,20.0,82.58776900765952,82.58776900765952,2.360800004680641,0.0,0.27159998717252165,0.49140000191982836,1.5691000007791445,0.0,execute,qp_continuous_collision_and_braking_invariant_passed,accepted,,True,1,1,True,False,True,True,True,True,True,1,0,0,0,1,0,0,1,0,True,False,False,False,1029,992,37,0.9640427599611273,2,1,1
armbench.pi05_windowed_cpu_replay.v1,row_00458__single_block__direct_dispatch__certified_window_h1,row_00458__single_block__direct_dispatch,1,458,single_block,certified_window_h1,10,1,539d85427650fb89affee25f827ab92f2803af4f4686cdda7625ebbcfc4e125f,705a038ef6ff4b2658b46e5472bc8df1e9ca7f96b422012a15a6784136d45969,20.0,82.50796900392743,82.50796900392743,6.4901000005193055,0.0,0.8477000083075836,2.1779000089736655,3.3641000045463443,0.0,execute,qp_continuous_collision_and_braking_invariant_passed,accepted,,True,1,1,True,False,True,True,True,True,True,1,0,0,0,1,0,0,1,0,True,False,False,False,1190,1147,43,0.9638655462184874,2,1,1
armbench.pi05_windowed_cpu_replay.v1,row_00458__narrow_gate__direct_dispatch__certified_window_h1,row_00458__narrow_gate__direct_dispatch,1,458,narrow_gate,certified_window_h1,10,1,539d85427650fb89affee25f827ab92f2803af4f4686cdda7625ebbcfc4e125f,705a038ef6ff4b2658b46e5472bc8df1e9ca7f96b422012a15a6784136d45969,20.0,83.1604690029053,83.1604690029053,1.6452999989269301,0.0,0.29739999445155263,0.5314000009093434,0.7583999977214262,0.0,execute,qp_continuous_collision_and_braking_invariant_passed,accepted,,True,1,1,True,False,True,True,True,True,True,1,0,0,0,1,0,0,1,0,True,False,False,False,1512,1474,38,0.9748677248677249,2,1,1
armbench.pi05_windowed_cpu_replay.v1,row_00222__free_space__direct_dispatch__certified_window_h1,row_00222__free_space__direct_dispatch,2,222,free_space,certified_window_h1,10,1,7ed64e746df909ff0c71898c554048b30bb88de50d94a6f43787c50679b174e2,b69a7d362fb7e47b2a50382eadf348a29e8f0b78e7b1256782b263799aa9e2dd,20.0,171.54230199957965,171.54230199957965,3.8054000033298507,0.0,0.5110000056447461,1.2470000074245036,1.9655999931273982,0.0,execute,qp_continuous_collision_and_braking_invariant_passed,accepted,,True,1,1,True,False,True,True,True,True,True,1,0,0,0,1,0,0,1,0,True,False,False,False,1029,992,37,0.9640427599611273,2,1,1
armbench.pi05_windowed_cpu_replay.v1,row_00222__single_block__direct_dispatch__certified_window_h1,row_00222__single_block__direct_dispatch,2,222,single_block,certified_window_h1,10,1,7ed64e746df909ff0c71898c554048b30bb88de50d94a6f43787c50679b174e2,b69a7d362fb7e47b2a50382eadf348a29e8f0b78e7b1256782b263799aa9e2dd,20.0,171.895202001906,171.895202001906,2.2240999969653785,0.0,0.3542000049492344,0.8922999986680225,0.9450000070501119,0.0,execute,qp_continuous_collision_and_braking_invariant_passed,accepted,,True,1,1,True,False,True,True,True,True,True,1,0,0,0,1,0,0,1,0,True,False,False,False,1190,1145,45,0.9621848739495799,2,1,1
armbench.pi05_windowed_cpu_replay.v1,row_00222__narrow_gate__direct_dispatch__certified_window_h1,row_00222__narrow_gate__direct_dispatch,2,222,narrow_gate,certified_window_h1,10,1,7ed64e746df909ff0c71898c554048b30bb88de50d94a6f43787c50679b174e2,b69a7d362fb7e47b2a50382eadf348a29e8f0b78e7b1256782b263799aa9e2dd,20.0,171.71460199460853,171.71460199460853,5.859900003997609,0.0,0.603599997702986,1.694400009000674,3.4349999914411455,0.0,execute,qp_continuous_collision_and_braking_invariant_passed,accepted,,True,1,1,True,False,True,True,True,True,True,1,0,0,0,1,0,0,1,0,True,False,False,False,1512,1474,38,0.9748677248677249,2,1,1
armbench.pi05_windowed_cpu_replay.v1,row_01467__free_space__direct_dispatch__certified_window_h1,row_01467__free_space__direct_dispatch,3,1467,free_space,certified_window_h1,10,1,0d05a20d8a90b30eac6e6dfc2e65c5d447cb062d06863c48db1367dbdc8d27af,3bc3e32134d462e96ed688fff9c17004cfdec98478434029cc7881deebbd9761,20.0,92.3235240043141,92.3235240043141,6.415799987735227,0.0,0.862000000779517,1.5571000112686306,3.871699998853728,0.0,execute,qp_continuous_collision_and_braking_invariant_passed,accepted,,True,1,1,True,False,True,True,True,True,True,1,0,0,0,1,0,0,1,0,True,False,False,False,735,710,25,0.9659863945578231,2,1,1
armbench.pi05_windowed_cpu_replay.v1,row_01467__single_block__direct_dispatch__certified_window_h1,row_01467__single_block__direct_dispatch,3,1467,single_block,certified_window_h1,10,1,0d05a20d8a90b30eac6e6dfc2e65c5d447cb062d06863c48db1367dbdc8d27af,3bc3e32134d462e96ed688fff9c17004cfdec98478434029cc7881deebbd9761,20.0,92.74982400529552,92.74982400529552,3.194799995981157,0.0,0.4717999981949106,0.7096999906934798,1.9590000010794029,0.0,execute,qp_continuous_collision_and_braking_invariant_passed,accepted,,True,1,1,True,False,True,True,True,True,True,1,0,0,0,1,0,0,1,0,True,False,False,False,850,825,25,0.9705882352941176,2,1,1
armbench.pi05_windowed_cpu_replay.v1,row_01467__narrow_gate__direct_dispatch__certified_window_h1,row_01467__narrow_gate__direct_dispatch,3,1467,narrow_gate,certified_window_h1,10,1,0d05a20d8a90b30eac6e6dfc2e65c5d447cb062d06863c48db1367dbdc8d27af,3bc3e32134d462e96ed688fff9c17004cfdec98478434029cc7881deebbd9761,20.0,92.48282400221797,108.4828240054776,3.054899993003346,16.00000000325963,0.4425000079208985,0.7297999982256442,1.830100009101443,0.0,execute,qp_continuous_collision_and_braking_invariant_passed,accepted,,True,1,1,True,False,True,True,True,True,True,1,0,0,0,1,0,0,1,0,True,False,False,False,1080,1055,25,0.9768518518518519,2,1,1
armbench.pi05_windowed_cpu_replay.v1,row_00954__free_space__direct_dispatch__certified_window_h1,row_00954__free_space__direct_dispatch,4,954,free_space,certified_window_h1,10,1,8c426cf29f252a7c103234ca72eff693daec4272e1eff735e0f325be6c8368bb,dde903c4a55eb39fb902e048d3567de13b4e217915f5a9271a44c7b1dbf9b5ba,20.0,84.07754999643657,100.0775499996962,3.7213000032352284,16.00000000325963,0.527299998793751,1.3464000076055527,1.784299995051697,0.0,execute,qp_continuous_collision_and_braking_invariant_passed,accepted,,True,1,1,True,False,True,True,True,True,True,1,0,0,0,1,0,0,1,0,True,False,False,False,1029,991,38,0.9630709426627794,2,1,1
armbench.pi05_windowed_cpu_replay.v1,row_00954__single_block__direct_dispatch__certified_window_h1,row_00954__single_block__direct_dispatch,4,954,single_block,certified_window_h1,10,1,8c426cf29f252a7c103234ca72eff693daec4272e1eff735e0f325be6c8368bb,dde903c4a55eb39fb902e048d3567de13b4e217915f5a9271a44c7b1dbf9b5ba,20.0,83.76884999597678,83.76884999597678,3.9264999941224232,0.0,0.37369999336078763,0.9780999971553683,2.536800006055273,0.0,execute,qp_continuous_collision_and_braking_invariant_passed,accepted,,True,1,1,True,False,True,True,True,True,True,1,0,0,0,1,0,0,1,0,True,False,False,False,1190,1149,41,0.965546218487395,2,1,1
armbench.pi05_windowed_cpu_replay.v1,row_00954__narrow_gate__direct_dispatch__certified_window_h1,row_00954__narrow_gate__direct_dispatch,4,954,narrow_gate,certified_window_h1,10,1,8c426cf29f252a7c103234ca72eff693daec4272e1eff735e0f325be6c8368bb,dde903c4a55eb39fb902e048d3567de13b4e217915f5a9271a44c7b1dbf9b5ba,20.0,83.80704999581212,83.80704999581212,2.9962999979034066,0.0,0.487600002088584,1.1725999938789755,1.2841999996453524,0.0,execute,qp_continuous_collision_and_braking_invariant_passed,accepted,,True,1,1,True,False,True,True,True,True,True,1,0,0,0,1,0,0,1,0,True,False,False,False,1512,1471,41,0.9728835978835979,2,1,1
armbench.pi05_windowed_cpu_replay.v1,row_01576__free_space__direct_dispatch__certified_window_h1,row_01576__free_space__direct_dispatch,5,1576,free_space,certified_window_h1,10,1,a51612a00a37d0ea3749eb912a6f60afe1d9cd2ca5587f61e5ab60e8a19f447a,5c12398760d8e458a272cc572b4685f495ff0deb4620a6e307896caf9fc95e22,20.0,109.7861300004297,109.7861300004297,5.25519999791868,0.0,0.7292000082088634,1.7210999940289184,2.718300005653873,0.0,execute,qp_continuous_collision_and_braking_invariant_passed,accepted,,True,1,1,True,False,True,True,True,True,True,1,0,0,0,1,0,0,1,0,True,False,False,False,1029,992,37,0.9640427599611273,2,1,1
armbench.pi05_windowed_cpu_replay.v1,row_01576__single_block__direct_dispatch__certified_window_h1,row_01576__single_block__direct_dispatch,5,1576,single_block,certified_window_h1,10,1,a51612a00a37d0ea3749eb912a6f60afe1d9cd2ca5587f61e5ab60e8a19f447a,5c12398760d8e458a272cc572b4685f495ff0deb4620a6e307896caf9fc95e22,20.0,109.48412999277934,109.48412999277934,3.3032000064849854,0.0,0.47810000251047313,1.0768999927677214,1.6953000013018027,0.0,execute,qp_continuous_collision_and_braking_invariant_passed,accepted,,True,1,1,True,False,True,True,True,True,True,1,0,0,0,1,0,0,1,0,True,False,False,False,1190,1151,39,0.9672268907563025,2,1,1
armbench.pi05_windowed_cpu_replay.v1,row_01576__narrow_gate__direct_dispatch__certified_window_h1,row_01576__narrow_gate__direct_dispatch,5,1576,narrow_gate,certified_window_h1,10,1,a51612a00a37d0ea3749eb912a6f60afe1d9cd2ca5587f61e5ab60e8a19f447a,5c12398760d8e458a272cc572b4685f495ff0deb4620a6e307896caf9fc95e22,20.0,109.35532999428688,109.35532999428688,4.188399994745851,0.0,0.4602999979397282,1.1359000054653734,2.5169000000460073,0.0,execute,qp_continuous_collision_and_braking_invariant_passed,accepted,,True,1,1,True,False,True,True,True,True,True,1,0,0,0,1,0,0,1,0,True,False,False,False,1512,1474,38,0.9748677248677249,2,1,1
armbench.pi05_windowed_cpu_replay.v1,row_02114__free_space__direct_dispatch__certified_window_h1,row_02114__free_space__direct_dispatch,6,2114,free_space,certified_window_h1,10,1,3c8a04cfba03e28f556b668ecfc39ba1f3c6f600ae28115bb0d484f228805822,1dcf19075fb93027cb2563753c06c7e29fc1d4183c36d3615f8b6c4c2e8c8249,20.0,84.57347300281981,84.57347300281981,5.337299997336231,0.0,0.5139999993843958,1.9832000107271597,2.764100005151704,0.0,execute,qp_continuous_collision_and_braking_invariant_passed,accepted,,True,1,1,True,False,True,True,True,True,True,1,0,0,0,1,0,0,1,0,True,False,False,False,1029,992,37,0.9640427599611273,2,1,1
armbench.pi05_windowed_cpu_replay.v1,row_02114__single_block__direct_dispatch__certified_window_h1,row_02114__single_block__direct_dispatch,6,2114,single_block,certified_window_h1,10,1,3c8a04cfba03e28f556b668ecfc39ba1f3c6f600ae28115bb0d484f228805822,1dcf19075fb93027cb2563753c06c7e29fc1d4183c36d3615f8b6c4c2e8c8249,20.0,85.05257299839286,101.05257300165249,4.201000003376976,16.00000000325963,0.5515999946510419,1.5180999907897785,2.0360000053187832,0.0,execute,qp_continuous_collision_and_braking_invariant_passed,accepted,,True,1,1,True,False,True,True,True,True,True,1,0,0,0,1,0,0,1,0,True,False,False,False,1190,1151,39,0.9672268907563025,2,1,1
armbench.pi05_windowed_cpu_replay.v1,row_02114__narrow_gate__direct_dispatch__certified_window_h1,row_02114__narrow_gate__direct_dispatch,6,2114,narrow_gate,certified_window_h1,10,1,3c8a04cfba03e28f556b668ecfc39ba1f3c6f600ae28115bb0d484f228805822,1dcf19075fb93027cb2563753c06c7e29fc1d4183c36d3615f8b6c4c2e8c8249,20.0,85.04487299796892,85.04487299796892,3.9426000003004447,0.0,0.5152999947313219,1.3832999975420535,1.9829999946523458,0.0,execute,qp_continuous_collision_and_braking_invariant_passed,accepted,,True,1,1,True,False,True,True,True,True,True,1,0,0,0,1,0,0,1,0,True,False,False,False,1512,1473,39,0.9742063492063492,2,1,1
armbench.pi05_windowed_cpu_replay.v1,row_02316__free_space__direct_dispatch__certified_window_h1,row_02316__free_space__direct_dispatch,7,2316,free_space,certified_window_h1,10,1,307d796186bec85694ad45ec5f0f36b6c2d4136025b8788f52b21f8ce81cefc3,a1480c035cd6cd7359549977dc55d7bf5af5e0d46c823c9f58c37c6314ad5c92,20.0,81.15441800327972,81.15441800327972,3.8695999974152073,0.0,0.6139000033726916,1.2581999908434227,1.9260999979451299,0.0,execute,qp_continuous_collision_and_braking_invariant_passed,accepted,,True,1,1,True,False,True,True,True,True,True,1,0,0,0,1,0,0,1,0,True,False,False,False,1029,992,37,0.9640427599611273,2,1,1
armbench.pi05_windowed_cpu_replay.v1,row_02316__single_block__direct_dispatch__certified_window_h1,row_02316__single_block__direct_dispatch,7,2316,single_block,certified_window_h1,10,1,307d796186bec85694ad45ec5f0f36b6c2d4136025b8788f52b21f8ce81cefc3,a1480c035cd6cd7359549977dc55d7bf5af5e0d46c823c9f58c37c6314ad5c92,20.0,81.35241799755022,97.35241800080985,8.286900003440678,16.00000000325963,0.9009999921545386,3.001599994604476,4.301399996620603,0.0,execute,qp_continuous_collision_and_braking_invariant_passed,accepted,,True,1,1,True,False,True,True,True,True,True,1,0,0,0,1,0,0,1,0,True,False,False,False,1190,1151,39,0.9672268907563025,2,1,1
armbench.pi05_windowed_cpu_replay.v1,row_02316__narrow_gate__direct_dispatch__certified_window_h1,row_02316__narrow_gate__direct_dispatch,7,2316,narrow_gate,certified_window_h1,10,1,307d796186bec85694ad45ec5f0f36b6c2d4136025b8788f52b21f8ce81cefc3,a1480c035cd6cd7359549977dc55d7bf5af5e0d46c823c9f58c37c6314ad5c92,20.0,81.5732180053601,81.5732180053601,4.545899995719083,0.0,0.5278999888105318,1.5743999974802136,2.347800007555634,0.0,execute,qp_continuous_collision_and_braking_invariant_passed,accepted,,True,1,1,True,False,True,True,True,True,True,1,0,0,0,1,0,0,1,0,True,False,False,False,1512,1474,38,0.9748677248677249,2,1,1
armbench.pi05_windowed_cpu_replay.v1,row_02045__free_space__direct_dispatch__certified_window_h1,row_02045__free_space__direct_dispatch,8,2045,free_space,certified_window_h1,10,1,35bb006359368f4079d94be18fc9d2261932ba0be13c6387627761460fdfd649,e012458a272b90bd8b69d2ff2514fa0c5bc748fc148a788def5f33b26de90034,20.0,107.79295300744707,107.79295300744707,5.179400002816692,0.0,0.698099989676848,1.0387999936938286,3.2738000008976087,0.0,execute,qp_continuous_collision_and_braking_invariant_passed,accepted,,True,1,1,True,False,True,True,True,True,True,1,0,0,0,1,0,0,1,0,True,False,False,False,735,710,25,0.9659863945578231,2,1,1
armbench.pi05_windowed_cpu_replay.v1,row_02045__single_block__direct_dispatch__certified_window_h1,row_02045__single_block__direct_dispatch,8,2045,single_block,certified_window_h1,10,1,35bb006359368f4079d94be18fc9d2261932ba0be13c6387627761460fdfd649,e012458a272b90bd8b69d2ff2514fa0c5bc748fc148a788def5f33b26de90034,20.0,107.84735299966997,107.84735299966997,2.3662000021431595,0.0,0.4444999940460548,0.4802999901585281,1.3494000013452023,0.0,execute,qp_continuous_collision_and_braking_invariant_passed,accepted,,True,1,1,True,False,True,True,True,True,True,1,0,0,0,1,0,0,1,0,True,False,False,False,850,825,25,0.9705882352941176,2,1,1
armbench.pi05_windowed_cpu_replay.v1,row_02045__narrow_gate__direct_dispatch__certified_window_h1,row_02045__narrow_gate__direct_dispatch,8,2045,narrow_gate,certified_window_h1,10,1,35bb006359368f4079d94be18fc9d2261932ba0be13c6387627761460fdfd649,e012458a272b90bd8b69d2ff2514fa0c5bc748fc148a788def5f33b26de90034,20.0,108.03035300341435,123.03035300283227,4.181700001936406,14.999999999417923,0.8291999984066933,2.169400002458133,1.0824000055436045,0.0,execute,qp_continuous_collision_and_braking_invariant_passed,accepted,,True,1,1,True,False,True,True,True,True,True,1,0,0,0,1,0,0,1,0,True,False,False,False,1080,1055,25,0.9768518518518519,2,1,1
armbench.pi05_windowed_cpu_replay.v1,row_02736__free_space__direct_dispatch__certified_window_h1,row_02736__free_space__direct_dispatch,9,2736,free_space,certified_window_h1,10,1,62b013ffb3379eba43666abbd0be0848858bc836836b094e25ea8d74cfde9e2c,886ea36fa080335fe839d255d3dd46dc3c25eb0990bae3056fe877e5c6ac4a05,20.0,79.95957398816245,95.95957399142208,3.6835999926552176,16.00000000325963,0.487900004372932,1.2090999953215942,1.89870000758674,0.0,execute,qp_continuous_collision_and_braking_invariant_passed,accepted,,True,1,1,True,False,True,True,True,True,True,1,0,0,0,1,0,0,1,0,True,False,False,False,1029,992,37,0.9640427599611273,2,1,1
armbench.pi05_windowed_cpu_replay.v1,row_02736__single_block__direct_dispatch__certified_window_h1,row_02736__single_block__direct_dispatch,9,2736,single_block,certified_window_h1,10,1,62b013ffb3379eba43666abbd0be0848858bc836836b094e25ea8d74cfde9e2c,886ea36fa080335fe839d255d3dd46dc3c25eb0990bae3056fe877e5c6ac4a05,20.0,80.01317399612162,96.01317399938125,3.6789000005228445,16.00000000325963,0.48210000386461616,1.2904000031994656,1.7942999984370545,0.0,execute,qp_continuous_collision_and_braking_invariant_passed,accepted,,True,1,1,True,False,True,True,True,True,True,1,0,0,0,1,0,0,1,0,True,False,False,False,1190,1147,43,0.9638655462184874,2,1,1
armbench.pi05_windowed_cpu_replay.v1,row_02736__narrow_gate__direct_dispatch__certified_window_h1,row_02736__narrow_gate__direct_dispatch,9,2736,narrow_gate,certified_window_h1,10,1,62b013ffb3379eba43666abbd0be0848858bc836836b094e25ea8d74cfde9e2c,886ea36fa080335fe839d255d3dd46dc3c25eb0990bae3056fe877e5c6ac4a05,20.0,80.14397399529116,80.14397399529116,3.8062999956309795,0.0,0.5079000111436471,1.3421000039670616,1.8330000020796433,0.0,execute,qp_continuous_collision_and_braking_invariant_passed,accepted,,True,1,1,True,False,True,True,True,True,True,1,0,0,0,1,0,0,1,0,True,False,False,False,1512,1473,39,0.9742063492063492,2,1,1
armbench.pi05_windowed_cpu_replay.v1,row_02456__free_space__direct_dispatch__certified_window_h1,row_02456__free_space__direct_dispatch,10,2456,free_space,certified_window_h1,10,1,a805df171f5b2a0bb37e82ee33c913be28ab363a08c40943c47745c4be5f166b,ac77b27f0c28d96ed531a8a0e545c66224348fbe0352a279e8a0ce13b9a19ecb,20.0,160.5769509988022,160.5769509988022,5.660199996782467,0.0,0.7183999987319112,1.890400002594106,2.9343999922275543,0.0,execute,qp_continuous_collision_and_braking_invariant_passed,accepted,,True,1,1,True,False,True,True,True,True,True,1,0,0,0,1,0,0,1,0,True,False,False,False,1029,992,37,0.9640427599611273,2,1,1
armbench.pi05_windowed_cpu_replay.v1,row_02456__single_block__direct_dispatch__certified_window_h1,row_02456__single_block__direct_dispatch,10,2456,single_block,certified_window_h1,10,1,a805df171f5b2a0bb37e82ee33c913be28ab363a08c40943c47745c4be5f166b,ac77b27f0c28d96ed531a8a0e545c66224348fbe0352a279e8a0ce13b9a19ecb,20.0,160.99725099775242,175.99725099717034,3.5579999967012554,14.999999999417923,0.48319999768864363,1.148399998783134,1.8713000026764348,0.0,execute,qp_continuous_collision_and_braking_invariant_passed,accepted,,True,1,1,True,False,True,True,True,True,True,1,0,0,0,1,0,0,1,0,True,False,False,False,1190,1148,42,0.9647058823529412,2,1,1
armbench.pi05_windowed_cpu_replay.v1,row_02456__narrow_gate__direct_dispatch__certified_window_h1,row_02456__narrow_gate__direct_dispatch,10,2456,narrow_gate,certified_window_h1,10,1,a805df171f5b2a0bb37e82ee33c913be28ab363a08c40943c47745c4be5f166b,ac77b27f0c28d96ed531a8a0e545c66224348fbe0352a279e8a0ce13b9a19ecb,20.0,160.55815100116888,176.5581510044285,2.6403999945614487,16.00000000325963,0.34919999598059803,1.2887999910162762,0.8731999987503514,0.0,execute,qp_continuous_collision_and_braking_invariant_passed,accepted,,True,1,1,True,False,True,True,True,True,True,1,0,0,0,1,0,0,1,0,True,False,False,False,1512,1473,39,0.9742063492063492,2,1,1
armbench.pi05_windowed_cpu_replay.v1,row_02938__free_space__direct_dispatch__certified_window_h1,row_02938__free_space__direct_dispatch,11,2938,free_space,certified_window_h1,10,1,30d16912ce8098c60d419bf30ed1491235b796b186f2378fa0ebdef754cc31fd,85efd4c742b211e919131046270ab2de57ef0b8b7cbb854914db2314329daf16,20.0,111.70350899919868,127.70350898790639,5.308000007062219,15.999999988707714,0.5129999917699024,1.6383000038331375,3.0728000128874555,0.0,execute,qp_continuous_collision_and_braking_invariant_passed,accepted,,True,1,1,True,False,True,True,True,True,True,1,0,0,0,1,0,0,1,0,True,False,False,False,1029,992,37,0.9640427599611273,2,1,1
armbench.pi05_windowed_cpu_replay.v1,row_02938__single_block__direct_dispatch__certified_window_h1,row_02938__single_block__direct_dispatch,11,2938,single_block,certified_window_h1,10,1,30d16912ce8098c60d419bf30ed1491235b796b186f2378fa0ebdef754cc31fd,85efd4c742b211e919131046270ab2de57ef0b8b7cbb854914db2314329daf16,20.0,111.67890899378108,126.678908993199,1.976899991859682,14.999999999417923,0.3429999924264848,0.5890000029467046,0.974599999608472,0.0,execute,qp_continuous_collision_and_braking_invariant_passed,accepted,,True,1,1,True,False,True,True,True,True,True,1,0,0,0,1,0,0,1,0,True,False,False,False,1190,1149,41,0.965546218487395,2,1,1
armbench.pi05_windowed_cpu_replay.v1,row_02938__narrow_gate__direct_dispatch__certified_window_h1,row_02938__narrow_gate__direct_dispatch,11,2938,narrow_gate,certified_window_h1,10,1,30d16912ce8098c60d419bf30ed1491235b796b186f2378fa0ebdef754cc31fd,85efd4c742b211e919131046270ab2de57ef0b8b7cbb854914db2314329daf16,20.0,111.79980899760267,127.7998090008623,5.962700000964105,16.00000000325963,0.5294000002322719,2.0111000048927963,3.3174999989569187,0.0,execute,qp_continuous_collision_and_braking_invariant_passed,accepted,,True,1,1,True,False,True,True,True,True,True,1,0,0,0,1,0,0,1,0,True,False,False,False,1512,1473,39,0.9742063492063492,2,1,1
armbench.pi05_windowed_cpu_replay.v1,row_03122__free_space__direct_dispatch__certified_window_h1,row_03122__free_space__direct_dispatch,12,3122,free_space,certified_window_h1,10,1,4fd1a98f6e18bda6afca61b1213f09c92ed3fce35dcd8c4d53333ce515224354,63a29b9188f366b09d7237c0916e385a1f844e7ef4ef37da54a278bf231d3791,20.0,81.44486000674078,97.44486001000041,4.422300000442192,16.00000000325963,0.49420000868849456,1.255199997103773,2.579200008767657,0.0,execute,qp_continuous_collision_and_braking_invariant_passed,accepted,,True,1,1,True,False,True,True,True,True,True,1,0,0,0,1,0,0,1,0,True,False,False,False,1029,992,37,0.9640427599611273,2,1,1
armbench.pi05_windowed_cpu_replay.v1,row_03122__single_block__direct_dispatch__certified_window_h1,row_03122__single_block__direct_dispatch,12,3122,single_block,certified_window_h1,10,1,4fd1a98f6e18bda6afca61b1213f09c92ed3fce35dcd8c4d53333ce515224354,63a29b9188f366b09d7237c0916e385a1f844e7ef4ef37da54a278bf231d3791,20.0,81.17976000357885,81.17976000357885,5.661099989083596,0.0,0.6483000033767894,1.9945999956689775,2.9347999952733517,0.0,execute,qp_continuous_collision_and_braking_invariant_passed,accepted,,True,1,1,True,False,True,True,True,True,True,1,0,0,0,1,0,0,1,0,True,False,False,False,1190,1151,39,0.9672268907563025,2,1,1
armbench.pi05_windowed_cpu_replay.v1,row_03122__narrow_gate__direct_dispatch__certified_window_h1,row_03122__narrow_gate__direct_dispatch,12,3122,narrow_gate,certified_window_h1,10,1,4fd1a98f6e18bda6afca61b1213f09c92ed3fce35dcd8c4d53333ce515224354,63a29b9188f366b09d7237c0916e385a1f844e7ef4ef37da54a278bf231d3791,20.0,81.26705999893602,81.26705999893602,5.913700006203726,0.0,0.5853000038769096,2.050399998552166,3.189900002325885,0.0,execute,qp_continuous_collision_and_braking_invariant_passed,accepted,,True,1,1,True,False,True,True,True,True,True,1,0,0,0,1,0,0,1,0,True,False,False,False,1512,1474,38,0.9748677248677249,2,1,1
armbench.pi05_windowed_cpu_replay.v1,row_03163__free_space__direct_dispatch__certified_window_h1,row_03163__free_space__direct_dispatch,13,3163,free_space,certified_window_h1,10,1,e3ad14c7d499ec5ce4892eb2bef290b5e056a2b62568859245b6356da12457fb,536e49649958bbdeaca22538274d9d2d6a1da496029f87ab9394760706d00d55,20.0,80.90778300538659,80.90778300538659,6.555199986905791,0.0,0.7315999973798171,2.456799993524328,3.253000002587214,0.0,execute,qp_continuous_collision_and_braking_invariant_passed,accepted,,True,1,1,True,False,True,True,True,True,True,1,0,0,0,1,0,0,1,0,True,False,False,False,1029,992,37,0.9640427599611273,2,1,1
armbench.pi05_windowed_cpu_replay.v1,row_03163__single_block__direct_dispatch__certified_window_h1,row_03163__single_block__direct_dispatch,13,3163,single_block,certified_window_h1,10,1,e3ad14c7d499ec5ce4892eb2bef290b5e056a2b62568859245b6356da12457fb,536e49649958bbdeaca22538274d9d2d6a1da496029f87ab9394760706d00d55,20.0,80.80188299936708,96.80188300262671,4.988000000594184,16.00000000325963,0.8548000041628256,2.058400001260452,1.941800001077354,0.0,execute,qp_continuous_collision_and_braking_invariant_passed,accepted,,True,1,1,True,False,True,True,True,True,True,1,0,0,0,1,0,0,1,0,True,False,False,False,1190,1151,39,0.9672268907563025,2,1,1
armbench.pi05_windowed_cpu_replay.v1,row_03163__narrow_gate__direct_dispatch__certified_window_h1,row_03163__narrow_gate__direct_dispatch,13,3163,narrow_gate,certified_window_h1,10,1,e3ad14c7d499ec5ce4892eb2bef290b5e056a2b62568859245b6356da12457fb,536e49649958bbdeaca22538274d9d2d6a1da496029f87ab9394760706d00d55,20.0,81.32088300044416,97.32088298915187,3.9902999997138977,15.999999988707714,0.4690999921876937,1.4197999989846721,2.050099996267818,0.0,execute,qp_continuous_collision_and_braking_invariant_passed,accepted,,True,1,1,True,False,True,True,True,True,True,1,0,0,0,1,0,0,1,0,True,False,False,False,1512,1474,38,0.9748677248677249,2,1,1
armbench.pi05_windowed_cpu_replay.v1,row_03741__free_space__direct_dispatch__certified_window_h1,row_03741__free_space__direct_dispatch,14,3741,free_space,certified_window_h1,10,1,4b7907e4aad9dc6e77f813e772c59d0c7169c40282363ff493a33e879b87cde7,92681e9be2e50751e3b6e9004e28efe129264b0b5521d51460305d3b86215d23,20.0,109.97415299789282,124.97415299731074,3.7853000103496015,14.999999999417923,0.5130000063218176,1.217600001837127,1.9711000059032813,0.0,execute,qp_continuous_collision_and_braking_invariant_passed,accepted,,True,1,1,True,False,True,True,True,True,True,1,0,0,0,1,0,0,1,0,True,False,False,False,1029,991,38,0.9630709426627794,2,1,1
armbench.pi05_windowed_cpu_replay.v1,row_03741__single_block__direct_dispatch__certified_window_h1,row_03741__single_block__direct_dispatch,14,3741,single_block,certified_window_h1,10,1,4b7907e4aad9dc6e77f813e772c59d0c7169c40282363ff493a33e879b87cde7,92681e9be2e50751e3b6e9004e28efe129264b0b5521d51460305d3b86215d23,20.0,110.02595299942186,126.02595300268149,6.327999988570809,16.00000000325963,0.6465000042226166,1.8167000089306384,3.756899997824803,0.0,execute,qp_continuous_collision_and_braking_invariant_passed,accepted,,True,1,1,True,False,True,True,True,True,True,1,0,0,0,1,0,0,1,0,True,False,False,False,1190,1149,41,0.965546218487395,2,1,1
armbench.pi05_windowed_cpu_replay.v1,row_03741__narrow_gate__direct_dispatch__certified_window_h1,row_03741__narrow_gate__direct_dispatch,14,3741,narrow_gate,certified_window_h1,10,1,4b7907e4aad9dc6e77f813e772c59d0c7169c40282363ff493a33e879b87cde7,92681e9be2e50751e3b6e9004e28efe129264b0b5521d51460305d3b86215d23,20.0,109.7219529983704,125.72195300163003,4.66039999446366,16.00000000325963,0.4619000101229176,1.4795000024605542,2.664400002686307,0.0,execute,qp_continuous_collision_and_braking_invariant_passed,accepted,,True,1,1,True,False,True,True,True,True,True,1,0,0,0,1,0,0,1,0,True,False,False,False,1512,1472,40,0.9735449735449735,2,1,1
armbench.pi05_windowed_cpu_replay.v1,row_04298__free_space__direct_dispatch__certified_window_h1,row_04298__free_space__direct_dispatch,15,4298,free_space,certified_window_h1,10,1,2c585a1039cfc500fc7fe28c85a25ec32786fd8b15a0dad94b58ee736a663d79,24dccf6189ab8d10661b97cbf0c9951bdc68c20fcba2603c7fc3222d4fb47062,20.0,80.53666400519433,95.53666400461225,3.2959999953163788,0.0,0.44809999235440046,1.126599992858246,1.6539000062039122,0.0,execute,qp_continuous_collision_and_braking_invariant_passed,accepted,,True,1,1,True,False,True,True,True,True,True,1,0,0,0,1,0,0,1,0,True,False,False,False,1029,992,37,0.9640427599611273,2,1,1
armbench.pi05_windowed_cpu_replay.v1,row_04298__single_block__direct_dispatch__certified_window_h1,row_04298__single_block__direct_dispatch,15,4298,single_block,certified_window_h1,10,1,2c585a1039cfc500fc7fe28c85a25ec32786fd8b15a0dad94b58ee736a663d79,24dccf6189ab8d10661b97cbf0c9951bdc68c20fcba2603c7fc3222d4fb47062,20.0,80.55936400342034,96.55936400667997,3.973499988205731,16.00000000325963,0.5368999991333112,1.2531999964267015,1.8493999959900975,0.0,execute,qp_continuous_collision_and_braking_invariant_passed,accepted,,True,1,1,True,False,True,True,True,True,True,1,0,0,0,1,0,0,1,0,True,False,False,False,1190,1148,42,0.9647058823529412,2,1,1
armbench.pi05_windowed_cpu_replay.v1,row_04298__narrow_gate__direct_dispatch__certified_window_h1,row_04298__narrow_gate__direct_dispatch,15,4298,narrow_gate,certified_window_h1,10,1,2c585a1039cfc500fc7fe28c85a25ec32786fd8b15a0dad94b58ee736a663d79,24dccf6189ab8d10661b97cbf0c9951bdc68c20fcba2603c7fc3222d4fb47062,20.0,81.24266399681801,96.24266399623593,2.254000006360002,0.0,0.2918999962275848,0.836499995784834,1.0983999964082614,0.0,execute,qp_continuous_collision_and_braking_invariant_passed,accepted,,True,1,1,True,False,True,True,True,True,True,1,0,0,0,1,0,0,1,0,True,False,False,False,1512,1474,38,0.9748677248677249,2,1,1
armbench.pi05_windowed_cpu_replay.v1,row_03805__free_space__direct_dispatch__certified_window_h1,row_03805__free_space__direct_dispatch,16,3805,free_space,certified_window_h1,10,1,ed3ed2f05c450ceca326c550433117debafac7329c3cf9d83392e865de84d20b,0360d255242437c751079da58af6bce3566ef84a2f4ec2f7be86e7fe16148c33,20.0,142.3698360013077,158.36983600456733,3.1014999985927716,0.0,0.48669999523554,0.7688999903621152,1.7751999985193834,0.0,execute,qp_continuous_collision_and_braking_invariant_passed,accepted,,True,1,1,True,False,True,True,True,True,True,1,0,0,0,1,0,0,1,0,True,False,False,False,1029,992,37,0.9640427599611273,2,1,1
armbench.pi05_windowed_cpu_replay.v1,row_03805__single_block__direct_dispatch__certified_window_h1,row_03805__single_block__direct_dispatch,16,3805,single_block,certified_window_h1,10,1,ed3ed2f05c450ceca326c550433117debafac7329c3cf9d83392e865de84d20b,0360d255242437c751079da58af6bce3566ef84a2f4ec2f7be86e7fe16148c33,20.0,142.41793600376695,158.41793599247467,2.3369999980786815,0.0,0.37259999953676015,0.7538999925600365,1.1578999983612448,0.0,execute,qp_continuous_collision_and_braking_invariant_passed,accepted,,True,1,1,True,False,True,True,True,True,True,1,0,0,0,1,0,0,1,0,True,False,False,False,1190,1149,41,0.965546218487395,2,1,1
armbench.pi05_windowed_cpu_replay.v1,row_03805__narrow_gate__direct_dispatch__certified_window_h1,row_03805__narrow_gate__direct_dispatch,16,3805,narrow_gate,certified_window_h1,10,1,ed3ed2f05c450ceca326c550433117debafac7329c3cf9d83392e865de84d20b,0360d255242437c751079da58af6bce3566ef84a2f4ec2f7be86e7fe16148c33,20.0,142.3951360047795,157.3951360041974,3.5444999957690015,14.999999999417923,0.705099999322556,1.1340999917592853,1.619400005438365,0.0,execute,qp_continuous_collision_and_braking_invariant_passed,accepted,,True,1,1,True,False,True,True,True,True,True,1,0,0,0,1,0,0,1,0,True,False,False,False,1512,1474,38,0.9748677248677249,2,1,1
armbench.pi05_windowed_cpu_replay.v1,row_03853__free_space__direct_dispatch__certified_window_h1,row_03853__free_space__direct_dispatch,17,3853,free_space,certified_window_h1,10,1,fe36ac0713605fcc57897c367ab31e5b11dbf505ac76505ab7d16f946de13db9,263ec7cbc3f518e1b076c8870095f4c27a074d29a7cec8ac83dddb7dd169d570,20.0,113.17077699641231,129.17077699967194,4.789500002516434,16.00000000325963,0.4022999928565696,2.2284000006038696,2.1097999997437,0.0,execute,qp_continuous_collision_and_braking_invariant_passed,accepted,,True,1,1,True,False,True,True,True,True,True,1,0,0,0,1,0,0,1,0,True,False,False,False,1911,1840,71,0.9628466771323915,2,1,1
armbench.pi05_windowed_cpu_replay.v1,row_03853__single_block__direct_dispatch__certified_window_h1,row_03853__single_block__direct_dispatch,17,3853,single_block,certified_window_h1,10,1,fe36ac0713605fcc57897c367ab31e5b11dbf505ac76505ab7d16f946de13db9,263ec7cbc3f518e1b076c8870095f4c27a074d29a7cec8ac83dddb7dd169d570,20.0,113.29717699845787,129.2971770017175,6.961500010220334,16.00000000325963,0.5566000036196783,2.9122999985702336,3.3994999976130202,0.0,execute,qp_continuous_collision_and_braking_invariant_passed,accepted,,True,1,1,True,False,True,True,True,True,True,1,0,0,0,1,0,0,1,0,True,False,False,False,2210,2136,74,0.9665158371040724,2,1,1
armbench.pi05_windowed_cpu_replay.v1,row_03853__narrow_gate__direct_dispatch__certified_window_h1,row_03853__narrow_gate__direct_dispatch,17,3853,narrow_gate,certified_window_h1,10,1,fe36ac0713605fcc57897c367ab31e5b11dbf505ac76505ab7d16f946de13db9,263ec7cbc3f518e1b076c8870095f4c27a074d29a7cec8ac83dddb7dd169d570,20.0,114.32727699866518,129.3272769980831,3.355699998792261,14.999999999417923,0.4259999986970797,1.119199994718656,1.7345999949611723,0.0,execute,qp_continuous_collision_and_braking_invariant_passed,accepted,,True,1,1,True,False,True,True,True,True,True,1,0,0,0,1,0,0,1,0,True,False,False,False,2808,2735,73,0.9740028490028491,2,1,1
armbench.pi05_windowed_cpu_replay.v1,row_04953__free_space__direct_dispatch__certified_window_h1,row_04953__free_space__direct_dispatch,18,4953,free_space,certified_window_h1,10,1,1d0a2989e76d920a59ac3a743781f15f16a583e4ded7a55d9122c2e8345072f1,bcfac441de540f295f43c146ccda825056f0c0288bc215a70821069b3d14dbc7,20.0,92.21125000476604,108.21125000802567,4.730300002847798,16.00000000325963,0.49479999870527536,1.4522999990731478,2.6731999969342723,0.0,execute,qp_continuous_collision_and_braking_invariant_passed,accepted,,True,1,1,True,False,True,True,True,True,True,1,0,0,0,1,0,0,1,0,True,False,False,False,1029,992,37,0.9640427599611273,2,1,1
armbench.pi05_windowed_cpu_replay.v1,row_04953__single_block__direct_dispatch__certified_window_h1,row_04953__single_block__direct_dispatch,18,4953,single_block,certified_window_h1,10,1,1d0a2989e76d920a59ac3a743781f15f16a583e4ded7a55d9122c2e8345072f1,bcfac441de540f295f43c146ccda825056f0c0288bc215a70821069b3d14dbc7,20.0,92.31015000113985,107.31015000055777,3.684299997985363,14.999999999417923,0.4886999959126115,2.041500003542751,1.0885999945458025,0.0,execute,qp_continuous_collision_and_braking_invariant_passed,accepted,,True,1,1,True,False,True,True,True,True,True,1,0,0,0,1,0,0,1,0,True,False,False,False,1190,1151,39,0.9672268907563025,2,1,1
armbench.pi05_windowed_cpu_replay.v1,row_04953__narrow_gate__direct_dispatch__certified_window_h1,row_04953__narrow_gate__direct_dispatch,18,4953,narrow_gate,certified_window_h1,10,1,1d0a2989e76d920a59ac3a743781f15f16a583e4ded7a55d9122c2e8345072f1,bcfac441de540f295f43c146ccda825056f0c0288bc215a70821069b3d14dbc7,20.0,92.36935000080848,108.36935000406811,6.062400003429502,16.00000000325963,0.4558000073302537,2.8423999901860952,2.7116999990539625,0.0,execute,qp_continuous_collision_and_braking_invariant_passed,accepted,,True,1,1,True,False,True,True,True,True,True,1,0,0,0,1,0,0,1,0,True,False,False,False,1512,1475,37,0.9755291005291006,2,1,1
armbench.pi05_windowed_cpu_replay.v1,row_04773__free_space__direct_dispatch__certified_window_h1,row_04773__free_space__direct_dispatch,19,4773,free_space,certified_window_h1,10,1,0012494746ac6d95bef31165b95dad73d2233ce508b720c3e77a99bb8cb95b24,93817783d21c108416756357648e6c606e74b986b191948a8d0fb0b539866775,20.0,82.32979899912607,98.32979898783378,4.551899997750297,15.999999988707714,0.8451999892713502,1.2019999994663522,2.3959999962244183,0.0,execute,qp_continuous_collision_and_braking_invariant_passed,accepted,,True,1,1,True,False,True,True,True,True,True,1,0,0,0,1,0,0,1,0,True,False,False,False,735,710,25,0.9659863945578231,2,1,1
armbench.pi05_windowed_cpu_replay.v1,row_04773__single_block__direct_dispatch__certified_window_h1,row_04773__single_block__direct_dispatch,19,4773,single_block,certified_window_h1,10,1,0012494746ac6d95bef31165b95dad73d2233ce508b720c3e77a99bb8cb95b24,93817783d21c108416756357648e6c606e74b986b191948a8d0fb0b539866775,20.0,82.25449900055537,97.2544989999733,5.23149999207817,14.999999999417923,0.8460999961243942,1.3149999867891893,2.9323000053409487,0.0,execute,qp_continuous_collision_and_braking_invariant_passed,accepted,,True,1,1,True,False,True,True,True,True,True,1,0,0,0,1,0,0,1,0,True,False,False,False,850,823,27,0.9682352941176471,2,1,1
armbench.pi05_windowed_cpu_replay.v1,row_04773__narrow_gate__direct_dispatch__certified_window_h1,row_04773__narrow_gate__direct_dispatch,19,4773,narrow_gate,certified_window_h1,10,1,0012494746ac6d95bef31165b95dad73d2233ce508b720c3e77a99bb8cb95b24,93817783d21c108416756357648e6c606e74b986b191948a8d0fb0b539866775,20.0,82.55759899475379,98.55759899801342,2.773600004729815,0.0,0.42180001037195325,0.6568000098923221,1.6497999895364046,0.0,execute,qp_continuous_collision_and_braking_invariant_passed,accepted,,True,1,1,True,False,True,True,True,True,True,1,0,0,0,1,0,0,1,0,True,False,False,False,1080,1055,25,0.9768518518518519,2,1,1
armbench.pi05_windowed_cpu_replay.v1,row_04462__free_space__direct_dispatch__certified_window_h1,row_04462__free_space__direct_dispatch,20,4462,free_space,certified_window_h1,10,1,70b9224f98dd7ca753ca304e5409a01563f652e68827468e70fea86b3cbcc658,d87bea5cda713815cc702fcf0cb689543dcb4aec4193e13e71f4a201b17e17b2,20.0,111.02229199605063,127.02229199931026,1.7911000031745061,0.0,0.2693999995244667,0.5608999927062541,0.937699995120056,0.0,execute,qp_continuous_collision_and_braking_invariant_passed,accepted,,True,1,1,True,False,True,True,True,True,True,1,0,0,0,1,0,0,1,0,True,False,False,False,1029,992,37,0.9640427599611273,2,1,1
armbench.pi05_windowed_cpu_replay.v1,row_04462__single_block__direct_dispatch__certified_window_h1,row_04462__single_block__direct_dispatch,20,4462,single_block,certified_window_h1,10,1,70b9224f98dd7ca753ca304e5409a01563f652e68827468e70fea86b3cbcc658,d87bea5cda713815cc702fcf0cb689543dcb4aec4193e13e71f4a201b17e17b2,20.0,111.17109200131381,126.17109200073173,3.4682000114116818,0.0,0.40469999657943845,1.3450999977067113,1.6696999955456704,0.0,execute,qp_continuous_collision_and_braking_invariant_passed,accepted,,True,1,1,True,False,True,True,True,True,True,1,0,0,0,1,0,0,1,0,True,False,False,False,1190,1146,44,0.9630252100840336,2,1,1
armbench.pi05_windowed_cpu_replay.v1,row_04462__narrow_gate__direct_dispatch__certified_window_h1,row_04462__narrow_gate__direct_dispatch,20,4462,narrow_gate,certified_window_h1,10,1,70b9224f98dd7ca753ca304e5409a01563f652e68827468e70fea86b3cbcc658,d87bea5cda713815cc702fcf0cb689543dcb4aec4193e13e71f4a201b17e17b2,20.0,111.15519199665869,127.15519199991832,3.4451999963494018,16.00000000325963,0.47199999971780926,1.3276999961817637,1.5992999979062006,0.0,execute,qp_continuous_collision_and_braking_invariant_passed,accepted,,True,1,1,True,False,True,True,True,True,True,1,0,0,0,1,0,0,1,0,True,False,False,False,1512,1474,38,0.9748677248677249,2,1,1
armbench.pi05_windowed_cpu_replay.v1,row_05082__free_space__direct_dispatch__certified_window_h1,row_05082__free_space__direct_dispatch,21,5082,free_space,certified_window_h1,10,1,577d2da6f2f31ec5d381f089ea57502db82b6bcd60b682984a7bf79c80ba6092,81a36083747d024a7b69af70f835fd989280c36af204f4a729c51a6f1058e6b8,20.0,110.6104869977571,125.61048699717503,1.553200010675937,0.0,0.27770000451710075,0.4628000024240464,0.7475000020349398,0.0,execute,qp_continuous_collision_and_braking_invariant_passed,accepted,,True,1,1,True,False,True,True,True,True,True,1,0,0,0,1,0,0,1,0,True,False,False,False,1029,992,37,0.9640427599611273,2,1,1
armbench.pi05_windowed_cpu_replay.v1,row_05082__single_block__direct_dispatch__certified_window_h1,row_05082__single_block__direct_dispatch,21,5082,single_block,certified_window_h1,10,1,577d2da6f2f31ec5d381f089ea57502db82b6bcd60b682984a7bf79c80ba6092,81a36083747d024a7b69af70f835fd989280c36af204f4a729c51a6f1058e6b8,20.0,110.89368699322222,126.89368699648185,2.616400000988506,0.0,0.27019999106414616,0.4844000068260357,1.819700002670288,0.0,execute,qp_continuous_collision_and_braking_invariant_passed,accepted,,True,1,1,True,False,True,True,True,True,True,1,0,0,0,1,0,0,1,0,True,False,False,False,1190,1143,47,0.9605042016806723,2,1,1
armbench.pi05_windowed_cpu_replay.v1,row_05082__narrow_gate__direct_dispatch__certified_window_h1,row_05082__narrow_gate__direct_dispatch,21,5082,narrow_gate,certified_window_h1,10,1,577d2da6f2f31ec5d381f089ea57502db82b6bcd60b682984a7bf79c80ba6092,81a36083747d024a7b69af70f835fd989280c36af204f4a729c51a6f1058e6b8,20.0,111.32948700105771,127.32948698976543,4.517800000030547,15.999999988707714,0.4288000054657459,1.3236999948276207,2.7123000036226586,0.0,execute,qp_continuous_collision_and_braking_invariant_passed,accepted,,True,1,1,True,False,True,True,True,True,True,1,0,0,0,1,0,0,1,0,True,False,False,False,1512,1470,42,0.9722222222222222,2,1,1
armbench.pi05_windowed_cpu_replay.v1,row_05128__free_space__direct_dispatch__certified_window_h1,row_05128__free_space__direct_dispatch,22,5128,free_space,certified_window_h1,10,1,0e92838da6d4cdb706e0b8d31366212826fa86c5ce6ccd320378f7981599112c,eba9161044f3f67b8dae9dc84e957dbd88de7172618847162156be25d428b23c,20.0,81.91675999842118,96.91675999783911,5.111099992063828,14.999999999417923,0.7156999927246943,1.701800007140264,2.5760999997146428,0.0,execute,qp_continuous_collision_and_braking_invariant_passed,accepted,,True,1,1,True,False,True,True,True,True,True,1,0,0,0,1,0,0,1,0,True,False,False,False,1029,992,37,0.9640427599611273,2,1,1
armbench.pi05_windowed_cpu_replay.v1,row_05128__single_block__direct_dispatch__certified_window_h1,row_05128__single_block__direct_dispatch,22,5128,single_block,certified_window_h1,10,1,0e92838da6d4cdb706e0b8d31366212826fa86c5ce6ccd320378f7981599112c,eba9161044f3f67b8dae9dc84e957dbd88de7172618847162156be25d428b23c,20.0,82.06626000173856,98.06626000499818,3.8693999958923087,16.00000000325963,0.4757999995490536,1.1757000029319897,2.142700002877973,0.0,execute,qp_continuous_collision_and_braking_invariant_passed,accepted,,True,1,1,True,False,True,True,True,True,True,1,0,0,0,1,0,0,1,0,True,False,False,False,1190,1150,40,0.9663865546218487,2,1,1
armbench.pi05_windowed_cpu_replay.v1,row_05128__narrow_gate__direct_dispatch__certified_window_h1,row_05128__narrow_gate__direct_dispatch,22,5128,narrow_gate,certified_window_h1,10,1,0e92838da6d4cdb706e0b8d31366212826fa86c5ce6ccd320378f7981599112c,eba9161044f3f67b8dae9dc84e957dbd88de7172618847162156be25d428b23c,20.0,81.9978599975002,97.99786000075983,3.862099998514168,0.0,0.44579998939298093,1.1744000075850636,2.1680000063497573,0.0,execute,qp_continuous_collision_and_braking_invariant_passed,accepted,,True,1,1,True,False,True,True,True,True,True,1,0,0,0,1,0,0,1,0,True,False,False,False,1512,1474,38,0.9748677248677249,2,1,1
armbench.pi05_windowed_cpu_replay.v1,row_05011__free_space__direct_dispatch__certified_window_h1,row_05011__free_space__direct_dispatch,23,5011,free_space,certified_window_h1,10,1,24f71f3f30cc2312cc0339c738754d5367bbccc0f419fe35bd17438d01f7e5b0,2c0b20136542e8990b28f2781c655c566293a4a9a31ede664393f56653744b5e,20.0,125.8769419946475,140.87694199406542,3.325300000142306,0.0,0.4152000037720427,0.9942000033333898,1.8642000068211928,0.0,execute,qp_continuous_collision_and_braking_invariant_passed,accepted,,True,1,1,True,False,True,True,True,True,True,1,0,0,0,1,0,0,1,0,True,False,False,False,1029,991,38,0.9630709426627794,2,1,1
armbench.pi05_windowed_cpu_replay.v1,row_05011__single_block__direct_dispatch__certified_window_h1,row_05011__single_block__direct_dispatch,23,5011,single_block,certified_window_h1,10,1,24f71f3f30cc2312cc0339c738754d5367bbccc0f419fe35bd17438d01f7e5b0,2c0b20136542e8990b28f2781c655c566293a4a9a31ede664393f56653744b5e,20.0,125.52454199612839,141.52454199938802,3.5623000003397465,0.0,0.5323000077623874,1.2079000007361174,1.7602000007173046,0.0,execute,qp_continuous_collision_and_braking_invariant_passed,accepted,,True,1,1,True,False,True,True,True,True,True,1,0,0,0,1,0,0,1,0,True,False,False,False,1190,1144,46,0.9613445378151261,2,1,1
armbench.pi05_windowed_cpu_replay.v1,row_05011__narrow_gate__direct_dispatch__certified_window_h1,row_05011__narrow_gate__direct_dispatch,23,5011,narrow_gate,certified_window_h1,10,1,24f71f3f30cc2312cc0339c738754d5367bbccc0f419fe35bd17438d01f7e5b0,2c0b20136542e8990b28f2781c655c566293a4a9a31ede664393f56653744b5e,20.0,125.34244199923705,140.34244199865498,2.565100003266707,0.0,0.30109999352134764,0.6850999925518408,1.142599998274818,0.0,execute,qp_continuous_collision_and_braking_invariant_passed,accepted,,True,1,1,True,False,True,True,True,True,True,1,0,0,0,1,0,0,1,0,True,False,False,False,1512,1473,39,0.9742063492063492,2,1,1
armbench.pi05_windowed_cpu_replay.v1,row_06407__free_space__direct_dispatch__certified_window_h1,row_06407__free_space__direct_dispatch,24,6407,free_space,certified_window_h1,10,1,7b5e04770f18653120842172231465c3df16a76a94e8a11104babba987988de8,64f51553745e39a315470ab9f1cc5a5c69faa22a991e9e8b9d209eb7ca4fd089,20.0,79.93548199738143,95.93548200064106,1.7484999989392236,0.0,0.23999999393709004,0.5133999948156998,0.9685999975772575,0.0,execute,qp_continuous_collision_and_braking_invariant_passed,accepted,,True,1,1,True,False,True,True,True,True,True,1,0,0,0,1,0,0,1,0,True,False,False,False,1029,992,37,0.9640427599611273,2,1,1
armbench.pi05_windowed_cpu_replay.v1,row_06407__single_block__direct_dispatch__certified_window_h1,row_06407__single_block__direct_dispatch,24,6407,single_block,certified_window_h1,10,1,7b5e04770f18653120842172231465c3df16a76a94e8a11104babba987988de8,64f51553745e39a315470ab9f1cc5a5c69faa22a991e9e8b9d209eb7ca4fd089,20.0,79.68128198990598,95.6812819786137,1.6516000032424927,0.0,0.24649999977555126,0.5412000027718022,0.8190999942598864,0.0,execute,qp_continuous_collision_and_braking_invariant_passed,accepted,,True,1,1,True,False,True,True,True,True,True,1,0,0,0,1,0,0,1,0,True,False,False,False,1190,1146,44,0.9630252100840336,2,1,1
armbench.pi05_windowed_cpu_replay.v1,row_06407__narrow_gate__direct_dispatch__certified_window_h1,row_06407__narrow_gate__direct_dispatch,24,6407,narrow_gate,certified_window_h1,10,1,7b5e04770f18653120842172231465c3df16a76a94e8a11104babba987988de8,64f51553745e39a315470ab9f1cc5a5c69faa22a991e9e8b9d209eb7ca4fd089,20.0,79.81598198966822,94.81598198908614,4.530299993348308,0.0,0.4976999916834757,1.6269999905489385,2.3262000031536445,0.0,execute,qp_continuous_collision_and_braking_invariant_passed,accepted,,True,1,1,True,False,True,True,True,True,True,1,0,0,0,1,0,0,1,0,True,False,False,False,1512,1473,39,0.9742063492063492,2,1,1
armbench.pi05_windowed_cpu_replay.v1,row_06364__free_space__direct_dispatch__certified_window_h1,row_06364__free_space__direct_dispatch,25,6364,free_space,certified_window_h1,10,1,099bef15a0770071b640eb04fb9e343f82702d9e681553817b0e1967bc447ca8,f46ae38dd3dba77659395a4938cdb8a443ef4e2289db13a2b642448ea9a26a4a,20.0,82.34263800113695,98.34263800439658,3.914399989298545,0.0,0.5725999944843352,1.4929000026313588,1.7435000045225024,0.0,execute,qp_continuous_collision_and_braking_invariant_passed,accepted,,True,1,1,True,False,True,True,True,True,True,1,0,0,0,1,0,0,1,0,True,False,False,False,1029,993,36,0.9650145772594753,2,1,1
armbench.pi05_windowed_cpu_replay.v1,row_06364__single_block__direct_dispatch__certified_window_h1,row_06364__single_block__direct_dispatch,25,6364,single_block,certified_window_h1,10,1,099bef15a0770071b640eb04fb9e343f82702d9e681553817b0e1967bc447ca8,f46ae38dd3dba77659395a4938cdb8a443ef4e2289db13a2b642448ea9a26a4a,20.0,82.07083799061365,98.07083799387328,3.3716999896569178,0.0,0.4489000129979104,1.1583000014070421,1.6901000053621829,0.0,execute,qp_continuous_collision_and_braking_invariant_passed,accepted,,True,1,1,True,False,True,True,True,True,True,1,0,0,0,1,0,0,1,0,True,False,False,False,1190,1152,38,0.9680672268907563,2,1,1
armbench.pi05_windowed_cpu_replay.v1,row_06364__narrow_gate__direct_dispatch__certified_window_h1,row_06364__narrow_gate__direct_dispatch,25,6364,narrow_gate,certified_window_h1,10,1,099bef15a0770071b640eb04fb9e343f82702d9e681553817b0e1967bc447ca8,f46ae38dd3dba77659395a4938cdb8a443ef4e2289db13a2b642448ea9a26a4a,20.0,82.32073799445061,97.32073799386853,5.026799990446307,0.0,0.48519999836571515,1.7950000037671998,2.696800002013333,0.0,execute,qp_continuous_collision_and_braking_invariant_passed,accepted,,True,1,1,True,False,True,True,True,True,True,1,0,0,0,1,0,0,1,0,True,False,False,False,1512,1476,36,0.9761904761904762,2,1,1
armbench.pi05_windowed_cpu_replay.v1,row_06056__free_space__direct_dispatch__certified_window_h1,row_06056__free_space__direct_dispatch,26,6056,free_space,certified_window_h1,10,1,d0b5162cd61b5df39a5caf842d2257e7f6d300cbbf1f21fa30dcf183810e85e2,b481ebb784317358da9714bb652ef191b38cb46e946efa92e451561fb73c5023,20.0,119.53662599989912,135.53662600315874,2.469099999871105,0.0,0.40800000715535134,0.8402999956160784,1.1434999905759469,0.0,execute,qp_continuous_collision_and_braking_invariant_passed,accepted,,True,1,1,True,False,True,True,True,True,True,1,0,0,0,1,0,0,1,0,True,False,False,False,1029,992,37,0.9640427599611273,2,1,1
armbench.pi05_windowed_cpu_replay.v1,row_06056__single_block__direct_dispatch__certified_window_h1,row_06056__single_block__direct_dispatch,26,6056,single_block,certified_window_h1,10,1,d0b5162cd61b5df39a5caf842d2257e7f6d300cbbf1f21fa30dcf183810e85e2,b481ebb784317358da9714bb652ef191b38cb46e946efa92e451561fb73c5023,20.0,119.18442600290291,134.18442600232083,6.475500005763024,14.999999999417923,0.671899993903935,2.3421999940183014,3.3607000077608973,0.0,execute,qp_continuous_collision_and_braking_invariant_passed,accepted,,True,1,1,True,False,True,True,True,True,True,1,0,0,0,1,0,0,1,0,True,False,False,False,1190,1151,39,0.9672268907563025,2,1,1
armbench.pi05_windowed_cpu_replay.v1,row_06056__narrow_gate__direct_dispatch__certified_window_h1,row_06056__narrow_gate__direct_dispatch,26,6056,narrow_gate,certified_window_h1,10,1,d0b5162cd61b5df39a5caf842d2257e7f6d300cbbf1f21fa30dcf183810e85e2,b481ebb784317358da9714bb652ef191b38cb46e946efa92e451561fb73c5023,20.0,119.34112600283697,135.3411260060966,4.444300007889979,16.00000000325963,0.5904000136069953,1.8191999988630414,1.9518999906722456,0.0,execute,qp_continuous_collision_and_braking_invariant_passed,accepted,,True,1,1,True,False,True,True,True,True,True,1,0,0,0,1,0,0,1,0,True,False,False,False,1512,1473,39,0.9742063492063492,2,1,1
armbench.pi05_windowed_cpu_replay.v1,row_07683__free_space__direct_dispatch__certified_window_h1,row_07683__free_space__direct_dispatch,27,7683,free_space,certified_window_h1,10,1,a00422d34079c464db8df8c5409bf2828aea05bbf77b08b587c170edb57e57c7,edba285177931ffd37a97eea8190dea45287e21513bb609216344a9e1005d024,20.0,80.2862310083583,96.28623099706601,5.273300004773773,15.999999988707714,0.6629999988945201,1.5809000033186749,2.9227999912109226,0.0,execute,qp_continuous_collision_and_braking_invariant_passed,accepted,,True,1,1,True,False,True,True,True,True,True,1,0,0,0,1,0,0,1,0,True,False,False,False,1029,992,37,0.9640427599611273,2,1,1
armbench.pi05_windowed_cpu_replay.v1,row_07683__single_block__direct_dispatch__certified_window_h1,row_07683__single_block__direct_dispatch,27,7683,single_block,certified_window_h1,10,1,a00422d34079c464db8df8c5409bf2828aea05bbf77b08b587c170edb57e57c7,edba285177931ffd37a97eea8190dea45287e21513bb609216344a9e1005d024,20.0,80.42503100296017,95.42503100237809,5.582800004049204,14.999999999417923,0.8726999949431047,2.1681000071112067,2.424700011033565,0.0,execute,qp_continuous_collision_and_braking_invariant_passed,accepted,,True,1,1,True,False,True,True,True,True,True,1,0,0,0,1,0,0,1,0,True,False,False,False,1190,1151,39,0.9672268907563025,2,1,1
armbench.pi05_windowed_cpu_replay.v1,row_07683__narrow_gate__direct_dispatch__certified_window_h1,row_07683__narrow_gate__direct_dispatch,27,7683,narrow_gate,certified_window_h1,10,1,a00422d34079c464db8df8c5409bf2828aea05bbf77b08b587c170edb57e57c7,edba285177931ffd37a97eea8190dea45287e21513bb609216344a9e1005d024,20.0,80.37813100963831,96.37813101289794,4.558300002827309,16.00000000325963,0.5661000031977892,1.6082999936770648,2.2810000082245097,0.0,execute,qp_continuous_collision_and_braking_invariant_passed,accepted,,True,1,1,True,False,True,True,True,True,True,1,0,0,0,1,0,0,1,0,True,False,False,False,1512,1474,38,0.9748677248677249,2,1,1
armbench.pi05_windowed_cpu_replay.v1,row_07373__free_space__direct_dispatch__certified_window_h1,row_07373__free_space__direct_dispatch,28,7373,free_space,certified_window_h1,10,1,e342e284a6b9329bf43b6560e5358b71495f40177533837036afecf930c2b4c0,48a4735334003de534a7da73d8a4d4f04e8fa7adf2829a853283d3947a316f41,20.0,95.29193700291216,111.29193700617179,3.5506999993231148,0.0,0.5006999999750406,1.6916000022320077,1.276700000744313,0.0,execute,qp_continuous_collision_and_braking_invariant_passed,accepted,,True,1,1,True,False,True,True,True,True,True,1,0,0,0,1,0,0,1,0,True,False,False,False,1029,992,37,0.9640427599611273,2,1,1
armbench.pi05_windowed_cpu_replay.v1,row_07373__single_block__direct_dispatch__certified_window_h1,row_07373__single_block__direct_dispatch,28,7373,single_block,certified_window_h1,10,1,e342e284a6b9329bf43b6560e5358b71495f40177533837036afecf930c2b4c0,48a4735334003de534a7da73d8a4d4f04e8fa7adf2829a853283d3947a316f41,20.0,94.81193700048607,109.81193699990399,5.593900001258589,14.999999999417923,0.7178999949246645,2.2203999978955835,2.5147999986074865,0.0,execute,qp_continuous_collision_and_braking_invariant_passed,accepted,,True,1,1,True,False,True,True,True,True,True,1,0,0,0,1,0,0,1,0,True,False,False,False,1190,1146,44,0.9630252100840336,2,1,1
armbench.pi05_windowed_cpu_replay.v1,row_07373__narrow_gate__direct_dispatch__certified_window_h1,row_07373__narrow_gate__direct_dispatch,28,7373,narrow_gate,certified_window_h1,10,1,e342e284a6b9329bf43b6560e5358b71495f40177533837036afecf930c2b4c0,48a4735334003de534a7da73d8a4d4f04e8fa7adf2829a853283d3947a316f41,20.0,94.97553700202843,110.97553700528806,3.936500012059696,0.0,0.4315999976824969,1.2491999950725585,2.207900004577823,0.0,execute,qp_continuous_collision_and_braking_invariant_passed,accepted,,True,1,1,True,False,True,True,True,True,True,1,0,0,0,1,0,0,1,0,True,False,False,False,1512,1474,38,0.9748677248677249,2,1,1
armbench.pi05_windowed_cpu_replay.v1,row_07772__free_space__direct_dispatch__certified_window_h1,row_07772__free_space__direct_dispatch,29,7772,free_space,certified_window_h1,10,1,c3533edfda4b0016620bef05041c1b2e100c114929dc01b6c006379c8f39062d,ea68999022578c052b3a24c77884d4980cb78ee50ec5b92e526a2b04dab89659,20.0,109.84383399772923,124.84383399714716,4.864400005317293,14.999999999417923,0.890900002559647,2.196599991293624,1.629599995794706,0.0,execute,qp_continuous_collision_and_braking_invariant_passed,accepted,,True,1,1,True,False,True,True,True,True,True,1,0,0,0,1,0,0,1,0,True,False,False,False,1029,992,37,0.9640427599611273,2,1,1
armbench.pi05_windowed_cpu_replay.v1,row_07772__single_block__direct_dispatch__certified_window_h1,row_07772__single_block__direct_dispatch,29,7772,single_block,certified_window_h1,10,1,c3533edfda4b0016620bef05041c1b2e100c114929dc01b6c006379c8f39062d,ea68999022578c052b3a24c77884d4980cb78ee50ec5b92e526a2b04dab89659,20.0,109.91603399452288,125.9160339977825,7.498499995563179,16.00000000325963,0.5391000013332814,2.486400000634603,4.370599999674596,0.0,execute,qp_continuous_collision_and_braking_invariant_passed,accepted,,True,1,1,True,False,True,True,True,True,True,1,0,0,0,1,0,0,1,0,True,False,False,False,1190,1146,44,0.9630252100840336,2,1,1
armbench.pi05_windowed_cpu_replay.v1,row_07772__narrow_gate__direct_dispatch__certified_window_h1,row_07772__narrow_gate__direct_dispatch,29,7772,narrow_gate,certified_window_h1,10,1,c3533edfda4b0016620bef05041c1b2e100c114929dc01b6c006379c8f39062d,ea68999022578c052b3a24c77884d4980cb78ee50ec5b92e526a2b04dab89659,20.0,109.8769340023864,125.87693399109412,7.317600000533275,15.999999988707714,0.8792000007815659,2.5859000015771016,3.742100001545623,0.0,execute,qp_continuous_collision_and_braking_invariant_passed,accepted,,True,1,1,True,False,True,True,True,True,True,1,0,0,0,1,0,0,1,0,True,False,False,False,1512,1473,39,0.9742063492063492,2,1,1
