scenario,payload_mass,execution_horizon,query_index,sequence_id,action_offset,action_index,executed,decision_status,policy_source,reason,intervened,scale,raw_action,guarded_action,q_before,q_after
single_block,0.0,15,0,0,0,0,True,guarded,scripted_non_learned_reference,accepted,False,1.0,"[-0.041088638565048, 0.10602430311095368, -0.034191399087225585, 0.1825242270099614, -0.04941966733793654, 0.09622664291576766, -0.26099999999681045, 0.9999999260599012]","[-0.041088638565048, 0.10602430311095368, -0.034191399087225585, 0.1825242270099614, -0.04941966733793654, 0.09622664291576766, -0.26099999999681045, 0.9999999260599012]","[-6.645505167103729e-12, -0.7499999999998178, -8.430052443761439e-12, -2.2499999999996256, -1.5328964921158848e-11, 1.5500000000003826, 0.7499999999997874]","[-0.002739242577648705, -0.7429317131257542, -0.002279426614245091, -2.2378317181989615, -0.0032946445045247343, 1.5564151095281005, 0.7326]"
single_block,0.0,15,0,0,0,1,True,guarded,scripted_non_learned_reference,accepted,False,1.0,"[-0.04108863866473058, 0.10602430311368816, -0.034191399213676366, 0.1825242270155769, -0.049419667567871015, 0.0962266429215064, -0.26099999999999957, 0.9999999260599012]","[-0.04108863866473058, 0.10602430311368816, -0.034191399213676366, 0.1825242270155769, -0.049419667567871015, 0.0962266429215064, -0.26099999999999957, 0.9999999260599012]","[-0.002739242577648705, -0.7429317131257542, -0.002279426614245091, -2.2378317181989615, -0.0032946445045247343, 1.5564151095281005, 0.7326]","[-0.00547848515529741, -0.7358634262515084, -0.004558853228490182, -2.225663436397923, -0.0065892890090494685, 1.562830219056201, 0.7152000000000001]"
single_block,0.0,15,0,0,0,2,True,guarded,scripted_non_learned_reference,accepted,False,1.0,"[-0.041088638664730594, 0.10602430311368649, -0.03419139921367637, 0.1825242270155769, -0.04941966756787102, 0.0962266429215064, -0.26100000000000123, 0.9999999260599012]","[-0.041088638664730594, 0.10602430311368649, -0.03419139921367637, 0.1825242270155769, -0.04941966756787102, 0.0962266429215064, -0.26100000000000123, 0.9999999260599012]","[-0.00547848515529741, -0.7358634262515084, -0.004558853228490182, -2.225663436397923, -0.0065892890090494685, 1.562830219056201, 0.7152000000000001]","[-0.008217727732946116, -0.7287951393772626, -0.006838279842735274, -2.2134951545968846, -0.009883933513574203, 1.5692453285843013, 0.6978]"
single_block,0.0,15,0,0,0,3,True,guarded,scripted_non_learned_reference,accepted,False,1.0,"[-0.041088638664730566, 0.10602430311368649, -0.03419139921367636, 0.1825242270155769, -0.04941966756787101, 0.09622664292150307, -0.26099999999999957, 0.9999999260599012]","[-0.041088638664730566, 0.10602430311368649, -0.03419139921367636, 0.1825242270155769, -0.04941966756787101, 0.09622664292150307, -0.26099999999999957, 0.9999999260599012]","[-0.008217727732946116, -0.7287951393772626, -0.006838279842735274, -2.2134951545968846, -0.009883933513574203, 1.5692453285843013, 0.6978]","[-0.01095697031059482, -0.7217268525030168, -0.009117706456980365, -2.201326872795846, -0.013178578018098937, 1.5756604381124015, 0.6804]"
single_block,0.0,15,0,0,0,4,True,guarded,scripted_non_learned_reference,accepted,False,1.0,"[-0.041088638664730594, 0.10602430311368816, -0.03419139921367637, 0.1825242270155769, -0.049419667567871035, 0.0962266429215064, -0.26099999999999957, 0.9999999260599012]","[-0.041088638664730594, 0.10602430311368816, -0.03419139921367637, 0.1825242270155769, -0.049419667567871035, 0.0962266429215064, -0.26099999999999957, 0.9999999260599012]","[-0.01095697031059482, -0.7217268525030168, -0.009117706456980365, -2.201326872795846, -0.013178578018098937, 1.5756604381124015, 0.6804]","[-0.013696212888243527, -0.714658565628771, -0.011397133071225456, -2.1891585909948077, -0.016473222522623673, 1.582075547640502, 0.663]"
single_block,0.0,15,0,0,0,5,True,guarded,scripted_non_learned_reference,accepted,False,1.0,"[-0.041088638664730594, 0.10602430311368649, -0.03419139921367637, 0.1825242270155769, -0.04941966756787101, 0.0962266429215064, -0.26100000000000123, 0.9999999260599012]","[-0.041088638664730594, 0.10602430311368649, -0.03419139921367637, 0.1825242270155769, -0.04941966756787101, 0.0962266429215064, -0.26100000000000123, 0.9999999260599012]","[-0.013696212888243527, -0.714658565628771, -0.011397133071225456, -2.1891585909948077, -0.016473222522623673, 1.582075547640502, 0.663]","[-0.016435455465892233, -0.7075902787545252, -0.013676559685470548, -2.1769903091937692, -0.019767867027148407, 1.5884906571686024, 0.6456]"
single_block,0.0,15,0,0,0,6,True,guarded,scripted_non_learned_reference,accepted,False,1.0,"[-0.04108863866473054, 0.10602430311368649, -0.034191399213676324, 0.18252422701557025, -0.04941966756787096, 0.0962266429215064, -0.26099999999999957, 0.9999999260599012]","[-0.04108863866473054, 0.10602430311368649, -0.034191399213676324, 0.18252422701557025, -0.04941966756787096, 0.0962266429215064, -0.26099999999999957, 0.9999999260599012]","[-0.016435455465892233, -0.7075902787545252, -0.013676559685470548, -2.1769903091937692, -0.019767867027148407, 1.5884906571686024, 0.6456]","[-0.019174698043540935, -0.7005219918802794, -0.015955986299715636, -2.164822027392731, -0.023062511531673137, 1.5949057666967028, 0.6282]"
single_block,0.0,15,0,0,0,7,True,guarded,scripted_non_learned_reference,accepted,False,1.0,"[-0.041088638664730594, 0.10602430311368816, -0.0341913992136764, 0.1825242270155769, -0.04941966756787106, 0.0962266429215064, -0.26099999999999957, 0.9999999260599012]","[-0.041088638664730594, 0.10602430311368816, -0.0341913992136764, 0.1825242270155769, -0.04941966756787106, 0.0962266429215064, -0.26099999999999957, 0.9999999260599012]","[-0.019174698043540935, -0.7005219918802794, -0.015955986299715636, -2.164822027392731, -0.023062511531673137, 1.5949057666967028, 0.6282]","[-0.02191394062118964, -0.6934537050060335, -0.01823541291396073, -2.1526537455916928, -0.026357156036197874, 1.6013208762248032, 0.6108]"
single_block,0.0,15,0,0,0,8,True,guarded,scripted_non_learned_reference,accepted,False,1.0,"[-0.041088638664730594, 0.10602430311368649, -0.03419139921367635, 0.1825242270155769, -0.04941966756787101, 0.0962266429215064, -0.26099999999999957, 0.9999999260599012]","[-0.041088638664730594, 0.10602430311368649, -0.03419139921367635, 0.1825242270155769, -0.04941966756787101, 0.0962266429215064, -0.26099999999999957, 0.9999999260599012]","[-0.02191394062118964, -0.6934537050060335, -0.01823541291396073, -2.1526537455916928, -0.026357156036197874, 1.6013208762248032, 0.6108]","[-0.024653183198838347, -0.6863854181317878, -0.02051483952820582, -2.1404854637906543, -0.029651800540722608, 1.6077359857529037, 0.5934]"
single_block,0.0,15,0,0,0,9,True,guarded,scripted_non_learned_reference,accepted,False,1.0,"[-0.041088638664730594, 0.10602430311368649, -0.0341913992136764, 0.1825242270155769, -0.04941966756787106, 0.09622664292150307, -0.26100000000000123, 0.9999999260599012]","[-0.041088638664730594, 0.10602430311368649, -0.0341913992136764, 0.1825242270155769, -0.04941966756787106, 0.09622664292150307, -0.26100000000000123, 0.9999999260599012]","[-0.024653183198838347, -0.6863854181317878, -0.02051483952820582, -2.1404854637906543, -0.029651800540722608, 1.6077359857529037, 0.5934]","[-0.027392425776487053, -0.679317131257542, -0.022794266142450913, -2.128317181989616, -0.032946445045247345, 1.6141510952810039, 0.576]"
single_block,0.0,15,0,0,0,10,True,guarded,scripted_non_learned_reference,accepted,False,1.0,"[-0.04108863866473054, 0.10602430311368816, -0.03419139921367635, 0.1825242270155769, -0.049419667567870904, 0.0962266429215064, -0.26099999999999957, 0.9999999260599012]","[-0.04108863866473054, 0.10602430311368816, -0.03419139921367635, 0.1825242270155769, -0.049419667567870904, 0.0962266429215064, -0.26099999999999957, 0.9999999260599012]","[-0.027392425776487053, -0.679317131257542, -0.022794266142450913, -2.128317181989616, -0.032946445045247345, 1.6141510952810039, 0.576]","[-0.030131668354135756, -0.6722488443832961, -0.025073692756696003, -2.1161489001885774, -0.03624108954977207, 1.6205662048091043, 0.5586]"
single_block,0.0,15,0,0,0,11,True,guarded,scripted_non_learned_reference,accepted,False,1.0,"[-0.04108863866473064, 0.10602430311368649, -0.0341913992136764, 0.1825242270155769, -0.04941966756787111, 0.0962266429215064, -0.26099999999999957, 0.9999999260599012]","[-0.04108863866473064, 0.10602430311368649, -0.0341913992136764, 0.1825242270155769, -0.04941966756787111, 0.0962266429215064, -0.26099999999999957, 0.9999999260599012]","[-0.030131668354135756, -0.6722488443832961, -0.025073692756696003, -2.1161489001885774, -0.03624108954977207, 1.6205662048091043, 0.5586]","[-0.032870910931784465, -0.6651805575090504, -0.027353119370941096, -2.103980618387539, -0.03953573405429681, 1.6269813143372047, 0.5412]"
single_block,0.0,15,0,0,0,12,True,guarded,scripted_non_learned_reference,accepted,False,1.0,"[-0.04108863866473054, 0.10602430311368649, -0.03419139921367635, 0.1825242270155769, -0.04941966756787101, 0.0962266429215064, -0.26099999999999957, 0.9999999260599012]","[-0.04108863866473054, 0.10602430311368649, -0.03419139921367635, 0.1825242270155769, -0.04941966756787101, 0.0962266429215064, -0.26099999999999957, 0.9999999260599012]","[-0.032870910931784465, -0.6651805575090504, -0.027353119370941096, -2.103980618387539, -0.03953573405429681, 1.6269813143372047, 0.5412]","[-0.03561015350943317, -0.6581122706348046, -0.029632545985186186, -2.0918123365865005, -0.04283037855882155, 1.6333964238653051, 0.5238]"
single_block,0.0,15,0,0,0,13,True,guarded,scripted_non_learned_reference,accepted,False,1.0,"[-0.04108863866473054, 0.10602430311368816, -0.034191399213676296, 0.1825242270155769, -0.049419667567870904, 0.0962266429215064, -0.26100000000000123, 0.9999999260599012]","[-0.04108863866473054, 0.10602430311368816, -0.034191399213676296, 0.1825242270155769, -0.049419667567870904, 0.0962266429215064, -0.26100000000000123, 0.9999999260599012]","[-0.03561015350943317, -0.6581122706348046, -0.029632545985186186, -2.0918123365865005, -0.04283037855882155, 1.6333964238653051, 0.5238]","[-0.03834939608708187, -0.6510439837605587, -0.03191197259943127, -2.079644054785462, -0.046125023063346274, 1.6398115333934056, 0.5064]"
single_block,0.0,15,0,0,0,14,True,guarded,scripted_non_learned_reference,accepted,False,1.0,"[-0.04108863866473064, 0.10602430311368649, -0.0341913992136764, 0.1825242270155769, -0.04941966756787111, 0.0962266429215064, -0.26099999999999957, 0.9999999260599012]","[-0.04108863866473064, 0.10602430311368649, -0.0341913992136764, 0.1825242270155769, -0.04941966756787111, 0.0962266429215064, -0.26099999999999957, 0.9999999260599012]","[-0.03834939608708187, -0.6510439837605587, -0.03191197259943127, -2.079644054785462, -0.046125023063346274, 1.6398115333934056, 0.5064]","[-0.04108863866473058, -0.643975696886313, -0.034191399213676366, -2.0674757729844235, -0.049419667567871015, 1.646226642921506, 0.489]"
single_block,0.0,15,1,15,15,0,True,guarded,scripted_non_learned_reference,accepted,False,1.0,"[-0.04610686877297026, 0.11765577736945754, -0.038534706041422964, 0.20944751958648533, -0.06175014406968188, 0.13276191104930724, -0.3905837151286354, 0.9999968563063666]","[-0.04610686877297026, 0.11765577736945754, -0.038534706041422964, 0.20944751958648533, -0.06175014406968188, 0.13276191104930724, -0.3905837151286354, 0.9999968563063666]","[-0.041576498713323744, -0.6430273028906114, -0.03528759160761922, -2.0660007061209487, -0.048867651043272245, 1.6460803352418083, 0.4952455855407204]","[-0.044650289964855094, -0.6351835843993142, -0.03785657201038075, -2.0520375381485163, -0.05298432731458437, 1.6549311293117621, 0.4692066711988114]"
single_block,0.0,15,1,15,15,1,True,guarded,scripted_non_learned_reference,accepted,False,1.0,"[-0.04108863866473054, 0.10602430311368816, -0.034191399213676296, 0.1825242270155769, -0.049419667567870904, 0.0962266429215064, -0.2610000000000004, 0.9999968563063666]","[-0.04108863866473054, 0.10602430311368816, -0.034191399213676296, 0.1825242270155769, -0.049419667567870904, 0.0962266429215064, -0.2610000000000004, 0.9999968563063666]","[-0.044650289964855094, -0.6351835843993142, -0.03785657201038075, -2.0520375381485163, -0.05298432731458437, 1.6549311293117621, 0.4692066711988114]","[-0.0473895325425038, -0.6281152975250683, -0.040135998624625836, -2.039869256347478, -0.0562789718191091, 1.6613462388398625, 0.45180667119881135]"
single_block,0.0,15,1,15,15,2,True,guarded,scripted_non_learned_reference,accepted,False,1.0,"[-0.04108863866473064, 0.10602430311368649, -0.0341913992136764, 0.18252422701557025, -0.04941966756787111, 0.0962266429215064, -0.26099999999999957, 0.9999968563063666]","[-0.04108863866473064, 0.10602430311368649, -0.0341913992136764, 0.18252422701557025, -0.04941966756787111, 0.0962266429215064, -0.26099999999999957, 0.9999968563063666]","[-0.0473895325425038, -0.6281152975250683, -0.040135998624625836, -2.039869256347478, -0.0562789718191091, 1.6613462388398625, 0.45180667119881135]","[-0.050128775120152506, -0.6210470106508226, -0.04241542523887093, -2.02770097454644, -0.05957361632363384, 1.667761348367963, 0.4344066711988114]"
single_block,0.0,15,1,15,15,3,True,guarded,scripted_non_learned_reference,accepted,False,1.0,"[-0.041088638664730434, 0.10602430311368649, -0.034191399213676296, 0.1825242270155769, -0.0494196675678708, 0.0962266429215064, -0.26099999999999957, 0.9999968563063666]","[-0.041088638664730434, 0.10602430311368649, -0.034191399213676296, 0.1825242270155769, -0.0494196675678708, 0.0962266429215064, -0.26099999999999957, 0.9999968563063666]","[-0.050128775120152506, -0.6210470106508226, -0.04241542523887093, -2.02770097454644, -0.05957361632363384, 1.667761348367963, 0.4344066711988114]","[-0.0528680176978012, -0.6139787237765768, -0.044694851853116016, -2.0155326927454014, -0.06286826082815855, 1.6741764578960634, 0.4170066711988114]"
single_block,0.0,15,1,15,15,4,True,guarded,scripted_non_learned_reference,accepted,False,1.0,"[-0.041088638664730746, 0.10602430311368816, -0.034191399213676504, 0.1825242270155769, -0.04941966756787132, 0.0962266429215064, -0.26100000000000123, 0.9999968563063666]","[-0.041088638664730746, 0.10602430311368816, -0.034191399213676504, 0.1825242270155769, -0.04941966756787132, 0.0962266429215064, -0.26100000000000123, 0.9999968563063666]","[-0.0528680176978012, -0.6139787237765768, -0.044694851853116016, -2.0155326927454014, -0.06286826082815855, 1.6741764578960634, 0.4170066711988114]","[-0.05560726027544992, -0.6069104369023309, -0.046974278467361116, -2.003364410944363, -0.0661629053326833, 1.6805915674241638, 0.3996066711988113]"
single_block,0.0,15,1,15,15,5,True,guarded,scripted_non_learned_reference,accepted,False,1.0,"[-0.04108863866473054, 0.10602430311368649, -0.034191399213676296, 0.1825242270155769, -0.049419667567870904, 0.0962266429215064, -0.26099999999999957, 0.9999968563063666]","[-0.04108863866473054, 0.10602430311368649, -0.034191399213676296, 0.1825242270155769, -0.049419667567870904, 0.0962266429215064, -0.26099999999999957, 0.9999968563063666]","[-0.05560726027544992, -0.6069104369023309, -0.046974278467361116, -2.003364410944363, -0.0661629053326833, 1.6805915674241638, 0.3996066711988113]","[-0.05834650285309862, -0.5998421500280852, -0.0492537050816062, -1.9911961291433244, -0.06945754983720803, 1.6870066769522643, 0.38220667119881135]"
single_block,0.0,15,1,15,15,6,True,guarded,scripted_non_learned_reference,accepted,False,1.0,"[-0.04108863866473054, 0.10602430311368649, -0.0341913992136764, 0.1825242270155769, -0.049419667567870904, 0.09622664292150307, -0.26099999999999957, 0.9999968563063666]","[-0.04108863866473054, 0.10602430311368649, -0.0341913992136764, 0.1825242270155769, -0.049419667567870904, 0.09622664292150307, -0.26099999999999957, 0.9999968563063666]","[-0.05834650285309862, -0.5998421500280852, -0.0492537050816062, -1.9911961291433244, -0.06945754983720803, 1.6870066769522643, 0.38220667119881135]","[-0.061085745430747324, -0.5927738631538394, -0.051533131695851296, -1.979027847342286, -0.07275219434173276, 1.6934217864803645, 0.3648066711988114]"
single_block,0.0,15,1,15,15,7,True,guarded,scripted_non_learned_reference,accepted,False,1.0,"[-0.041088638664730434, 0.10602430311368816, -0.034191399213676296, 0.1825242270155769, -0.04941966756787111, 0.0962266429215064, -0.26099999999999957, 0.9999968563063666]","[-0.041088638664730434, 0.10602430311368816, -0.034191399213676296, 0.1825242270155769, -0.04941966756787111, 0.0962266429215064, -0.26099999999999957, 0.9999968563063666]","[-0.061085745430747324, -0.5927738631538394, -0.051533131695851296, -1.979027847342286, -0.07275219434173276, 1.6934217864803645, 0.3648066711988114]","[-0.06382498800839602, -0.5857055762795935, -0.05381255831009638, -1.9668595655412475, -0.0760468388462575, 1.6998368960084649, 0.3474066711988114]"
single_block,0.0,15,1,15,15,8,True,guarded,scripted_non_learned_reference,accepted,False,1.0,"[-0.04108863866473085, 0.10602430311368649, -0.034191399213676504, 0.1825242270155769, -0.04941966756787111, 0.0962266429215064, -0.26100000000000123, 0.9999968563063666]","[-0.04108863866473085, 0.10602430311368649, -0.034191399213676504, 0.1825242270155769, -0.04941966756787111, 0.0962266429215064, -0.26100000000000123, 0.9999968563063666]","[-0.06382498800839602, -0.5857055762795935, -0.05381255831009638, -1.9668595655412475, -0.0760468388462575, 1.6998368960084649, 0.3474066711988114]","[-0.06656423058604474, -0.5786372894053478, -0.05609198492434148, -1.954691283740209, -0.07934148335078224, 1.7062520055365653, 0.33000667119881133]"
single_block,0.0,15,1,15,15,9,True,guarded,scripted_non_learned_reference,accepted,False,1.0,"[-0.041088638664730434, 0.10602430311368649, -0.034191399213676296, 0.1825242270155769, -0.049419667567870904, 0.0962266429215064, -0.26099999999999957, 0.9999968563063666]","[-0.041088638664730434, 0.10602430311368649, -0.034191399213676296, 0.1825242270155769, -0.049419667567870904, 0.0962266429215064, -0.26099999999999957, 0.9999968563063666]","[-0.06656423058604474, -0.5786372894053478, -0.05609198492434148, -1.954691283740209, -0.07934148335078224, 1.7062520055365653, 0.33000667119881133]","[-0.06930347316369344, -0.571569002531102, -0.05837141153858657, -1.9425230019391706, -0.08263612785530697, 1.7126671150646657, 0.31260667119881136]"
single_block,0.0,15,1,15,15,10,True,guarded,scripted_non_learned_reference,accepted,False,1.0,"[-0.04108863866473064, 0.10602430311368816, -0.0341913992136764, 0.1825242270155769, -0.04941966756787111, 0.0962266429215064, -0.2610000000000004, 0.9999968563063666]","[-0.04108863866473064, 0.10602430311368816, -0.0341913992136764, 0.1825242270155769, -0.04941966756787111, 0.0962266429215064, -0.2610000000000004, 0.9999968563063666]","[-0.06930347316369344, -0.571569002531102, -0.05837141153858657, -1.9425230019391706, -0.08263612785530697, 1.7126671150646657, 0.31260667119881136]","[-0.07204271574134215, -0.5645007156568561, -0.06065083815283166, -1.9303547201381321, -0.08593077235983171, 1.7190822245927662, 0.29520667119881133]"
single_block,0.0,15,1,15,15,11,True,guarded,scripted_non_learned_reference,accepted,False,1.0,"[-0.041088638664730434, 0.10602430311368649, -0.034191399213676296, 0.1825242270155769, -0.049419667567870904, 0.0962266429215064, -0.26099999999999957, 0.9999968563063666]","[-0.041088638664730434, 0.10602430311368649, -0.034191399213676296, 0.1825242270155769, -0.049419667567870904, 0.0962266429215064, -0.26099999999999957, 0.9999968563063666]","[-0.07204271574134215, -0.5645007156568561, -0.06065083815283166, -1.9303547201381321, -0.08593077235983171, 1.7190822245927662, 0.29520667119881133]","[-0.07478195831899084, -0.5574324287826103, -0.06293026476707675, -1.9181864383370937, -0.08922541686435644, 1.7254973341208666, 0.27780667119881136]"
single_block,0.0,15,1,15,15,12,True,guarded,scripted_non_learned_reference,accepted,False,1.0,"[-0.04108863866473064, 0.10602430311368649, -0.034191399213676296, 0.18252422701557358, -0.049419667567870904, 0.09622664292150307, -0.26099999999999957, 0.9999968563063666]","[-0.04108863866473064, 0.10602430311368649, -0.034191399213676296, 0.18252422701557358, -0.049419667567870904, 0.09622664292150307, -0.26099999999999957, 0.9999968563063666]","[-0.07478195831899084, -0.5574324287826103, -0.06293026476707675, -1.9181864383370937, -0.08922541686435644, 1.7254973341208666, 0.27780667119881136]","[-0.07752120089663955, -0.5503641419083646, -0.06520969138132184, -1.9060181565360554, -0.09252006136888116, 1.7319124436489668, 0.2604066711988114]"
single_block,0.0,15,1,15,15,13,True,guarded,scripted_non_learned_reference,accepted,False,1.0,"[-0.04108863866473064, 0.10602430311368816, -0.034191399213676504, 0.1825242270155769, -0.04941966756787132, 0.0962266429215064, -0.26100000000000123, 0.9999968563063666]","[-0.04108863866473064, 0.10602430311368816, -0.034191399213676504, 0.1825242270155769, -0.04941966756787132, 0.0962266429215064, -0.26100000000000123, 0.9999968563063666]","[-0.07752120089663955, -0.5503641419083646, -0.06520969138132184, -1.9060181565360554, -0.09252006136888116, 1.7319124436489668, 0.2604066711988114]","[-0.08026044347428826, -0.5432958550341187, -0.06748911799556694, -1.893849874735017, -0.09581470587340592, 1.7383275531770672, 0.2430066711988113]"
single_block,0.0,15,1,15,15,14,True,guarded,scripted_non_learned_reference,accepted,False,1.0,"[-0.04108863866473064, 0.10602430311368649, -0.034191399213676296, 0.1825242270155769, -0.049419667567870904, 0.0962266429215064, -0.26099999999999957, 0.9999968563063666]","[-0.04108863866473064, 0.10602430311368649, -0.034191399213676296, 0.1825242270155769, -0.049419667567870904, 0.0962266429215064, -0.26099999999999957, 0.9999968563063666]","[-0.08026044347428826, -0.5432958550341187, -0.06748911799556694, -1.893849874735017, -0.09581470587340592, 1.7383275531770672, 0.2430066711988113]","[-0.08299968605193697, -0.5362275681598729, -0.06976854460981202, -1.8816815929339785, -0.09910935037793064, 1.7447426627051676, 0.22560667119881134]"
single_block,0.0,15,2,30,30,0,True,guarded,scripted_non_learned_reference,accepted,False,1.0,"[-0.033805326617065076, 0.0914890601415258, -0.017982105186974337, 0.16046689185484353, -0.057691915926083234, 0.0982318239774771, -0.354764147270929, 0.9999900724541155]","[-0.033805326617065076, 0.0914890601415258, -0.017982105186974337, 0.16046689185484353, -0.057691915926083234, 0.0982318239774771, -0.354764147270929, 0.9999900724541155]","[-0.08387502208840947, -0.5355547559945653, -0.07165534478490368, -1.880469106767692, -0.09860930760959398, 1.7446544209001935, 0.23220601221502957]","[-0.08612871052954714, -0.5294554853184635, -0.07285415179736864, -1.869771313977369, -0.10245543533799953, 1.7512032091653587, 0.2085550690636343]"
single_block,0.0,15,2,30,30,1,True,guarded,scripted_non_learned_reference,accepted,False,1.0,"[-0.04108863866473064, 0.10602430311368816, -0.034191399213676504, 0.1825242270155769, -0.04941966756787132, 0.0962266429215064, -0.26100000000000123, 0.9999900724541155]","[-0.04108863866473064, 0.10602430311368816, -0.034191399213676504, 0.1825242270155769, -0.04941966756787132, 0.0962266429215064, -0.26100000000000123, 0.9999900724541155]","[-0.08612871052954714, -0.5294554853184635, -0.07285415179736864, -1.869771313977369, -0.10245543533799953, 1.7512032091653587, 0.2085550690636343]","[-0.08886795310719585, -0.5223871984442177, -0.07513357841161374, -1.8576030321763306, -0.10575007984252428, 1.757618318693459, 0.19115506906363422]"
single_block,0.0,15,2,30,30,2,True,guarded,scripted_non_learned_reference,accepted,False,1.0,"[-0.04108863866473064, 0.10602430311368649, -0.034191399213676504, 0.1825242270155769, -0.04941966756787111, 0.0962266429215064, -0.26100000000000123, 0.9999900724541155]","[-0.04108863866473064, 0.10602430311368649, -0.034191399213676504, 0.1825242270155769, -0.04941966756787111, 0.0962266429215064, -0.26100000000000123, 0.9999900724541155]","[-0.08886795310719585, -0.5223871984442177, -0.07513357841161374, -1.8576030321763306, -0.10575007984252428, 1.757618318693459, 0.19115506906363422]","[-0.09160719568484456, -0.5153189115699719, -0.07741300502585884, -1.8454347503752921, -0.10904472434704902, 1.7640334282215595, 0.17375506906363414]"
single_block,0.0,15,2,30,30,3,True,guarded,scripted_non_learned_reference,accepted,False,1.0,"[-0.041088638664730434, 0.10602430311368649, -0.03419139921367609, 0.18252422701557358, -0.049419667567870695, 0.0962266429215064, -0.26099999999999957, 0.9999900724541155]","[-0.041088638664730434, 0.10602430311368649, -0.03419139921367609, 0.18252422701557358, -0.049419667567870695, 0.0962266429215064, -0.26099999999999957, 0.9999900724541155]","[-0.09160719568484456, -0.5153189115699719, -0.07741300502585884, -1.8454347503752921, -0.10904472434704902, 1.7640334282215595, 0.17375506906363414]","[-0.09434643826249325, -0.5082506246957261, -0.07969243164010391, -1.833266468574254, -0.11233936885157374, 1.77044853774966, 0.15635506906363417]"
single_block,0.0,15,2,30,30,4,True,guarded,scripted_non_learned_reference,accepted,False,1.0,"[-0.04108863866473064, 0.10602430311368816, -0.034191399213676504, 0.1825242270155769, -0.04941966756787132, 0.09622664292150307, -0.26099999999999957, 0.9999900724541155]","[-0.04108863866473064, 0.10602430311368816, -0.034191399213676504, 0.1825242270155769, -0.04941966756787132, 0.09622664292150307, -0.26099999999999957, 0.9999900724541155]","[-0.09434643826249325, -0.5082506246957261, -0.07969243164010391, -1.833266468574254, -0.11233936885157374, 1.77044853774966, 0.15635506906363417]","[-0.09708568084014196, -0.5011823378214803, -0.08197185825434901, -1.8210981867732154, -0.11563401335609849, 1.7768636472777601, 0.1389550690636342]"
single_block,0.0,15,2,30,30,5,True,guarded,scripted_non_learned_reference,accepted,False,1.0,"[-0.04108863866473064, 0.10602430311368649, -0.034191399213676296, 0.1825242270155769, -0.049419667567870904, 0.0962266429215064, -0.26099999999999957, 0.9999900724541155]","[-0.04108863866473064, 0.10602430311368649, -0.034191399213676296, 0.1825242270155769, -0.049419667567870904, 0.0962266429215064, -0.26099999999999957, 0.9999900724541155]","[-0.09708568084014196, -0.5011823378214803, -0.08197185825434901, -1.8210981867732154, -0.11563401335609849, 1.7768636472777601, 0.1389550690636342]","[-0.09982492341779067, -0.4941140509472345, -0.0842512848685941, -1.808929904972177, -0.11892865786062322, 1.7832787568058606, 0.12155506906363422]"
single_block,0.0,15,2,30,30,6,True,guarded,scripted_non_learned_reference,accepted,False,1.0,"[-0.04108863866473064, 0.10602430311368732, -0.034191399213676504, 0.1825242270155769, -0.04941966756787111, 0.0962266429215064, -0.26100000000000123, 0.9999900724541155]","[-0.04108863866473064, 0.10602430311368732, -0.034191399213676504, 0.1825242270155769, -0.04941966756787111, 0.0962266429215064, -0.26100000000000123, 0.9999900724541155]","[-0.09982492341779067, -0.4941140509472345, -0.0842512848685941, -1.808929904972177, -0.11892865786062322, 1.7832787568058606, 0.12155506906363422]","[-0.10256416599543938, -0.48704576407298866, -0.0865307114828392, -1.7967616231711385, -0.12222330236514796, 1.789693866333961, 0.10415506906363414]"
single_block,0.0,15,2,30,30,7,True,guarded,scripted_non_learned_reference,accepted,False,1.0,"[-0.041088638664730226, 0.10602430311368649, -0.03419139921367609, 0.1825242270155769, -0.04941966756787049, 0.0962266429215064, -0.2609999999999979, 0.9999900724541155]","[-0.041088638664730226, 0.10602430311368649, -0.03419139921367609, 0.1825242270155769, -0.04941966756787049, 0.0962266429215064, -0.2609999999999979, 0.9999900724541155]","[-0.10256416599543938, -0.48704576407298866, -0.0865307114828392, -1.7967616231711385, -0.12222330236514796, 1.789693866333961, 0.10415506906363414]","[-0.10530340857308806, -0.4799774771987429, -0.08881013809708427, -1.7845933413701, -0.12551794686967266, 1.7961089758620614, 0.08675506906363428]"
single_block,0.0,15,2,30,30,8,True,guarded,scripted_non_learned_reference,accepted,False,1.0,"[-0.04108863866473085, 0.10602430311368732, -0.03419139921367671, 0.1825242270155769, -0.04941966756787153, 0.0962266429215064, -0.26100000000000123, 0.9999900724541155]","[-0.04108863866473085, 0.10602430311368732, -0.03419139921367671, 0.1825242270155769, -0.04941966756787153, 0.0962266429215064, -0.26100000000000123, 0.9999900724541155]","[-0.10530340857308806, -0.4799774771987429, -0.08881013809708427, -1.7845933413701, -0.12551794686967266, 1.7961089758620614, 0.08675506906363428]","[-0.10804265115073679, -0.4729091903244971, -0.09108956471132938, -1.7724250595690616, -0.12881259137419743, 1.8025240853901618, 0.0693550690636342]"
single_block,0.0,15,2,30,30,9,True,guarded,scripted_non_learned_reference,accepted,False,1.0,"[-0.04108863866473064, 0.10602430311368732, -0.034191399213676296, 0.1825242270155769, -0.04941966756787111, 0.09622664292150307, -0.26100000000000123, 0.9999900724541155]","[-0.04108863866473064, 0.10602430311368732, -0.034191399213676296, 0.1825242270155769, -0.04941966756787111, 0.09622664292150307, -0.26100000000000123, 0.9999900724541155]","[-0.10804265115073679, -0.4729091903244971, -0.09108956471132938, -1.7724250595690616, -0.12881259137419743, 1.8025240853901618, 0.0693550690636342]","[-0.1107818937283855, -0.46584090345025125, -0.09336899132557447, -1.7602567777680231, -0.13210723587872217, 1.808939194918262, 0.05195506906363412]"
single_block,0.0,15,2,30,30,10,True,guarded,scripted_non_learned_reference,accepted,False,1.0,"[-0.041088638664730434, 0.10602430311368649, -0.034191399213676296, 0.18252422701557358, -0.049419667567870695, 0.0962266429215064, -0.26099999999999957, 0.9999900724541155]","[-0.041088638664730434, 0.10602430311368649, -0.034191399213676296, 0.18252422701557358, -0.049419667567870695, 0.0962266429215064, -0.26099999999999957, 0.9999900724541155]","[-0.1107818937283855, -0.46584090345025125, -0.09336899132557447, -1.7602567777680231, -0.13210723587872217, 1.808939194918262, 0.05195506906363412]","[-0.11352113630603419, -0.4587726165760055, -0.09564841793981955, -1.748088495966985, -0.13540188038324688, 1.8153543044463625, 0.03455506906363415]"
single_block,0.0,15,2,30,30,11,True,guarded,scripted_non_learned_reference,accepted,False,1.0,"[-0.04108863866473064, 0.10602430311368732, -0.034191399213676296, 0.1825242270155769, -0.04941966756787111, 0.0962266429215064, -0.26099999999999957, 0.9999900724541155]","[-0.04108863866473064, 0.10602430311368732, -0.034191399213676296, 0.1825242270155769, -0.04941966756787111, 0.0962266429215064, -0.26099999999999957, 0.9999900724541155]","[-0.11352113630603419, -0.4587726165760055, -0.09564841793981955, -1.748088495966985, -0.13540188038324688, 1.8153543044463625, 0.03455506906363415]","[-0.1162603788836829, -0.45170432970175967, -0.09792784455406464, -1.7359202141659464, -0.13869652488777162, 1.821769413974463, 0.017155069063634176]"
single_block,0.0,15,2,30,30,12,True,guarded,scripted_non_learned_reference,accepted,False,1.0,"[-0.041088638664730434, 0.10602430311368732, -0.034191399213676296, 0.1825242270155769, -0.04941966756787111, 0.0962266429215064, -0.26099999999999957, 0.9999900724541155]","[-0.041088638664730434, 0.10602430311368732, -0.034191399213676296, 0.1825242270155769, -0.04941966756787111, 0.0962266429215064, -0.26099999999999957, 0.9999900724541155]","[-0.1162603788836829, -0.45170432970175967, -0.09792784455406464, -1.7359202141659464, -0.13869652488777162, 1.821769413974463, 0.017155069063634176]","[-0.1189996214613316, -0.44463604282751384, -0.10020727116830973, -1.723751932364908, -0.14199116939229636, 1.8281845235025633, -0.00024493093636579477]"
single_block,0.0,15,2,30,30,13,True,guarded,scripted_non_learned_reference,accepted,False,1.0,"[-0.04108863866473064, 0.10602430311368649, -0.034191399213676504, 0.18252422701557358, -0.049419667567870695, 0.0962266429215064, -0.26099999999999957, 0.9999900724541155]","[-0.04108863866473064, 0.10602430311368649, -0.034191399213676504, 0.18252422701557358, -0.049419667567870695, 0.0962266429215064, -0.26099999999999957, 0.9999900724541155]","[-0.1189996214613316, -0.44463604282751384, -0.10020727116830973, -1.723751932364908, -0.14199116939229636, 1.8281845235025633, -0.00024493093636579477]","[-0.12173886403898031, -0.4375677559532681, -0.10248669778255483, -1.7115836505638697, -0.14528581389682108, 1.8345996330306638, -0.017644930936365766]"
single_block,0.0,15,2,30,30,14,True,guarded,scripted_non_learned_reference,accepted,False,1.0,"[-0.041088638664730434, 0.10602430311368732, -0.034191399213676296, 0.1825242270155769, -0.04941966756787111, 0.0962266429215064, -0.26099999999999957, 0.9999900724541155]","[-0.041088638664730434, 0.10602430311368732, -0.034191399213676296, 0.1825242270155769, -0.04941966756787111, 0.0962266429215064, -0.26099999999999957, 0.9999900724541155]","[-0.12173886403898031, -0.4375677559532681, -0.10248669778255483, -1.7115836505638697, -0.14528581389682108, 1.8345996330306638, -0.017644930936365766]","[-0.124478106616629, -0.43049946907902226, -0.10476612439679991, -1.6994153687628313, -0.14858045840134582, 1.8410147425587642, -0.03504493093636574]"
single_block,0.0,15,3,45,45,0,True,guarded,scripted_non_learned_reference,accepted,False,1.0,"[-0.027697954736383562, 0.09634568404122468, -0.005622720934144801, 0.1640493374472063, -0.05688054887965657, 0.09742657158545054, -0.35997809466104846, 0.9999815298081888]","[-0.027697954736383562, 0.09634568404122468, -0.005622720934144801, 0.1640493374472063, -0.05688054887965657, 0.09742657158545054, -0.35997809466104846, 0.9999815298081888]","[-0.12558438349609902, -0.4306965185435376, -0.10701366085935018, -1.6994751581572243, -0.14808039986942345, 1.8400356759580756, -0.02778931655780767]","[-0.12743091381185792, -0.42427347294078926, -0.1073885089216265, -1.6885385356607439, -0.15187243646140056, 1.846530780730439, -0.05178785620187756]"
single_block,0.0,15,3,45,45,1,True,guarded,scripted_non_learned_reference,accepted,False,1.0,"[-0.04108863866473064, 0.10602430311368732, -0.034191399213676296, 0.1825242270155769, -0.049419667567870695, 0.09622664292150307, -0.26100000000000123, 0.9999815298081888]","[-0.04108863866473064, 0.10602430311368732, -0.034191399213676296, 0.1825242270155769, -0.049419667567870695, 0.09622664292150307, -0.26100000000000123, 0.9999815298081888]","[-0.12743091381185792, -0.42427347294078926, -0.1073885089216265, -1.6885385356607439, -0.15187243646140056, 1.846530780730439, -0.05178785620187756]","[-0.13017015638950663, -0.41720518606654344, -0.10966793553587159, -1.6763702538597054, -0.15516708096592527, 1.8529458902585392, -0.06918785620187765]"
single_block,0.0,15,3,45,45,2,True,guarded,scripted_non_learned_reference,accepted,False,1.0,"[-0.04108863866473106, 0.10602430311368816, -0.03419139921367671, 0.1825242270155769, -0.04941966756787153, 0.0962266429215064, -0.26100000000000123, 0.9999815298081888]","[-0.04108863866473106, 0.10602430311368816, -0.03419139921367671, 0.1825242270155769, -0.04941966756787153, 0.0962266429215064, -0.26100000000000123, 0.9999815298081888]","[-0.13017015638950663, -0.41720518606654344, -0.10966793553587159, -1.6763702538597054, -0.15516708096592527, 1.8529458902585392, -0.06918785620187765]","[-0.13290939896715537, -0.41013689919229757, -0.1119473621501167, -1.664201972058667, -0.15846172547045004, 1.8593609997866396, -0.08658785620187773]"
single_block,0.0,15,3,45,45,3,True,guarded,scripted_non_learned_reference,accepted,False,1.0,"[-0.04108863866473064, 0.10602430311368649, -0.034191399213676296, 0.1825242270155769, -0.04941966756787111, 0.0962266429215064, -0.26099999999999957, 0.9999815298081888]","[-0.04108863866473064, 0.10602430311368649, -0.034191399213676296, 0.1825242270155769, -0.04941966756787111, 0.0962266429215064, -0.26099999999999957, 0.9999815298081888]","[-0.13290939896715537, -0.41013689919229757, -0.1119473621501167, -1.664201972058667, -0.15846172547045004, 1.8593609997866396, -0.08658785620187773]","[-0.13564864154480408, -0.4030686123180518, -0.11422678876436179, -1.6520336902576285, -0.16175636997497478, 1.86577610931474, -0.1039878562018777]"
single_block,0.0,15,3,45,45,4,True,guarded,scripted_non_learned_reference,accepted,False,1.0,"[-0.041088638664730226, 0.10602430311368732, -0.034191399213676296, 0.1825242270155769, -0.049419667567870695, 0.0962266429215064, -0.26099999999999957, 0.9999815298081888]","[-0.041088638664730226, 0.10602430311368732, -0.034191399213676296, 0.1825242270155769, -0.049419667567870695, 0.0962266429215064, -0.26099999999999957, 0.9999815298081888]","[-0.13564864154480408, -0.4030686123180518, -0.11422678876436179, -1.6520336902576285, -0.16175636997497478, 1.86577610931474, -0.1039878562018777]","[-0.13838788412245276, -0.396000325443806, -0.11650621537860688, -1.63986540845659, -0.1650510144794995, 1.8721912188428405, -0.12138785620187767]"
single_block,0.0,15,3,45,45,5,True,guarded,scripted_non_learned_reference,accepted,False,1.0,"[-0.04108863866473064, 0.10602430311368649, -0.034191399213676504, 0.1825242270155769, -0.04941966756787111, 0.0962266429215064, -0.26099999999999957, 0.9999815298081888]","[-0.04108863866473064, 0.10602430311368649, -0.034191399213676504, 0.1825242270155769, -0.04941966756787111, 0.0962266429215064, -0.26099999999999957, 0.9999815298081888]","[-0.13838788412245276, -0.396000325443806, -0.11650621537860688, -1.63986540845659, -0.1650510144794995, 1.8721912188428405, -0.12138785620187767]","[-0.14112712670010147, -0.3889320385695602, -0.11878564199285198, -1.6276971266555516, -0.16834565898402423, 1.8786063283709409, -0.13878785620187764]"
single_block,0.0,15,3,45,45,6,True,guarded,scripted_non_learned_reference,accepted,False,1.0,"[-0.04108863866473064, 0.10602430311368732, -0.034191399213676296, 0.1825242270155769, -0.04941966756787111, 0.09622664292150307, -0.26100000000000123, 0.9999815298081888]","[-0.04108863866473064, 0.10602430311368732, -0.034191399213676296, 0.1825242270155769, -0.04941966756787111, 0.09622664292150307, -0.26100000000000123, 0.9999815298081888]","[-0.14112712670010147, -0.3889320385695602, -0.11878564199285198, -1.6276971266555516, -0.16834565898402423, 1.8786063283709409, -0.13878785620187764]","[-0.14386636927775018, -0.3818637516953144, -0.12106506860709706, -1.615528844854513, -0.17164030348854897, 1.885021437899041, -0.15618785620187772]"
single_block,0.0,15,3,45,45,7,True,guarded,scripted_non_learned_reference,accepted,False,1.0,"[-0.04108863866473064, 0.10602430311368649, -0.034191399213676296, 0.18252422701557358, -0.049419667567870695, 0.0962266429215064, -0.26099999999999957, 0.9999815298081888]","[-0.04108863866473064, 0.10602430311368649, -0.034191399213676296, 0.18252422701557358, -0.049419667567870695, 0.0962266429215064, -0.26099999999999957, 0.9999815298081888]","[-0.14386636927775018, -0.3818637516953144, -0.12106506860709706, -1.615528844854513, -0.17164030348854897, 1.885021437899041, -0.15618785620187772]","[-0.1466056118553989, -0.3747954648210686, -0.12334449522134215, -1.6033605630534749, -0.1749349479930737, 1.8914365474271415, -0.1735878562018777]"
single_block,0.0,15,3,45,45,8,True,guarded,scripted_non_learned_reference,accepted,False,1.0,"[-0.041088638664730226, 0.10602430311368732, -0.034191399213676296, 0.1825242270155769, -0.04941966756787111, 0.0962266429215064, -0.26099999999999957, 0.9999815298081888]","[-0.041088638664730226, 0.10602430311368732, -0.034191399213676296, 0.1825242270155769, -0.04941966756787111, 0.0962266429215064, -0.26099999999999957, 0.9999815298081888]","[-0.1466056118553989, -0.3747954648210686, -0.12334449522134215, -1.6033605630534749, -0.1749349479930737, 1.8914365474271415, -0.1735878562018777]","[-0.14934485443304757, -0.3677271779468228, -0.12562392183558724, -1.5911922812524364, -0.17822959249759843, 1.897851656955242, -0.19098785620187766]"
single_block,0.0,15,3,45,45,9,True,guarded,scripted_non_learned_reference,accepted,False,1.0,"[-0.04108863866473064, 0.10602430311368732, -0.034191399213676504, 0.1825242270155769, -0.04941966756787111, 0.0962266429215064, -0.26099999999999957, 0.9999815298081888]","[-0.04108863866473064, 0.10602430311368732, -0.034191399213676504, 0.1825242270155769, -0.04941966756787111, 0.0962266429215064, -0.26099999999999957, 0.9999815298081888]","[-0.14934485443304757, -0.3677271779468228, -0.12562392183558724, -1.5911922812524364, -0.17822959249759843, 1.897851656955242, -0.19098785620187766]","[-0.15208409701069628, -0.360658891072577, -0.12790334844983234, -1.579023999451398, -0.18152423700212317, 1.9042667664833424, -0.20838785620187764]"
single_block,0.0,15,3,45,45,10,True,guarded,scripted_non_learned_reference,accepted,False,1.0,"[-0.04108863866473064, 0.10602430311368649, -0.03419139921367609, 0.18252422701557358, -0.049419667567870695, 0.0962266429215064, -0.26099999999999957, 0.9999815298081888]","[-0.04108863866473064, 0.10602430311368649, -0.03419139921367609, 0.18252422701557358, -0.049419667567870695, 0.0962266429215064, -0.26099999999999957, 0.9999815298081888]","[-0.15208409701069628, -0.360658891072577, -0.12790334844983234, -1.579023999451398, -0.18152423700212317, 1.9042667664833424, -0.20838785620187764]","[-0.154823339588345, -0.3535906041983312, -0.1301827750640774, -1.5668557176503597, -0.18481888150664788, 1.9106818760114428, -0.2257878562018776]"
single_block,0.0,15,3,45,45,11,True,guarded,scripted_non_learned_reference,accepted,False,1.0,"[-0.04108863866473064, 0.10602430311368732, -0.034191399213676504, 0.1825242270155769, -0.04941966756787111, 0.0962266429215064, -0.26099999999999957, 0.9999815298081888]","[-0.04108863866473064, 0.10602430311368732, -0.034191399213676504, 0.1825242270155769, -0.04941966756787111, 0.0962266429215064, -0.26099999999999957, 0.9999815298081888]","[-0.154823339588345, -0.3535906041983312, -0.1301827750640774, -1.5668557176503597, -0.18481888150664788, 1.9106818760114428, -0.2257878562018776]","[-0.1575625821659937, -0.3465223173240854, -0.1324622016783225, -1.5546874358493212, -0.18811352601117262, 1.9170969855395432, -0.24318785620187758]"
single_block,0.0,15,3,45,45,12,True,guarded,scripted_non_learned_reference,accepted,False,1.0,"[-0.04108863866473064, 0.10602430311368732, -0.034191399213676504, 0.1825242270155769, -0.04941966756787153, 0.0962266429215064, -0.2610000000000029, 0.9999815298081888]","[-0.04108863866473064, 0.10602430311368732, -0.034191399213676504, 0.1825242270155769, -0.04941966756787153, 0.0962266429215064, -0.2610000000000029, 0.9999815298081888]","[-0.1575625821659937, -0.3465223173240854, -0.1324622016783225, -1.5546874358493212, -0.18811352601117262, 1.9170969855395432, -0.24318785620187758]","[-0.1603018247436424, -0.33945403044983957, -0.1347416282925676, -1.5425191540482828, -0.1914081705156974, 1.9235120950676436, -0.26058785620187774]"
single_block,0.0,15,3,45,45,13,True,guarded,scripted_non_learned_reference,accepted,False,1.0,"[-0.041088638664730226, 0.10602430311368649, -0.03419139921367609, 0.1825242270155769, -0.04941966756787028, 0.09622664292150307, -0.2609999999999979, 0.9999815298081888]","[-0.041088638664730226, 0.10602430311368649, -0.03419139921367609, 0.1825242270155769, -0.04941966756787028, 0.09622664292150307, -0.2609999999999979, 0.9999815298081888]","[-0.1603018247436424, -0.33945403044983957, -0.1347416282925676, -1.5425191540482828, -0.1914081705156974, 1.9235120950676436, -0.26058785620187774]","[-0.1630410673212911, -0.3323857435755938, -0.13702105490681268, -1.5303508722472443, -0.19470281502022208, 1.9299272045957439, -0.2779878562018776]"
single_block,0.0,15,3,45,45,14,True,guarded,scripted_non_learned_reference,accepted,False,1.0,"[-0.04108863866473106, 0.10602430311368732, -0.034191399213676504, 0.1825242270155769, -0.04941966756787153, 0.0962266429215064, -0.26100000000000123, 0.9999815298081888]","[-0.04108863866473106, 0.10602430311368732, -0.034191399213676504, 0.1825242270155769, -0.04941966756787153, 0.0962266429215064, -0.26100000000000123, 0.9999815298081888]","[-0.1630410673212911, -0.3323857435755938, -0.13702105490681268, -1.5303508722472443, -0.19470281502022208, 1.9299272045957439, -0.2779878562018776]","[-0.16578030989893983, -0.325317456701348, -0.13930048152105778, -1.5181825904462058, -0.19799745952474684, 1.9363423141238443, -0.2953878562018777]"
single_block,0.0,15,4,60,60,0,True,guarded,scripted_non_learned_reference,accepted,False,1.0,"[-0.024164983084941916, 0.10955062016165529, -0.0001762070717391262, 0.1829985202105322, -0.05688519421633689, 0.11066609065394806, -0.3698314153988011, 0.9999730545885831]","[-0.024164983084941916, 0.10955062016165529, -0.0001762070717391262, 0.1829985202105322, -0.05688519421633689, 0.11066609065394806, -0.3698314153988011, 0.9999730545885831]","[-0.16548279836424154, -0.32613787534844974, -0.1390332763308346, -1.519934711484025, -0.19718096849491965, 1.933943941837194, -0.2867445723067465]","[-0.167093797236571, -0.31883450067100605, -0.13904502346895053, -1.5077348101366561, -0.20097331477600877, 1.9413216812141239, -0.3113999999999999]"
single_block,0.0,15,4,60,60,1,True,guarded,scripted_non_learned_reference,accepted,False,1.0,"[-0.04108863866473064, 0.10602430311368649, -0.034191399213676504, 0.1825242270155769, -0.049419667567870695, 0.0962266429215064, -0.2609999999999979, 0.9999730545885831]","[-0.04108863866473064, 0.10602430311368649, -0.034191399213676504, 0.1825242270155769, -0.049419667567870695, 0.0962266429215064, -0.2609999999999979, 0.9999730545885831]","[-0.167093797236571, -0.31883450067100605, -0.13904502346895053, -1.5077348101366561, -0.20097331477600877, 1.9413216812141239, -0.3113999999999999]","[-0.1698330398142197, -0.3117662137967603, -0.14132445008319564, -1.4955665283356177, -0.20426795928053348, 1.9477367907422243, -0.32879999999999976]"
single_block,0.0,15,4,60,60,2,True,guarded,scripted_non_learned_reference,accepted,False,1.0,"[-0.04108863866473064, 0.10602430311368816, -0.034191399213676504, 0.1825242270155769, -0.04941966756787153, 0.0962266429215064, -0.26100000000000456, 0.9999730545885831]","[-0.04108863866473064, 0.10602430311368816, -0.034191399213676504, 0.1825242270155769, -0.04941966756787153, 0.0962266429215064, -0.26100000000000456, 0.9999730545885831]","[-0.1698330398142197, -0.3117662137967603, -0.14132445008319564, -1.4955665283356177, -0.20426795928053348, 1.9477367907422243, -0.32879999999999976]","[-0.17257228239186842, -0.3046979269225144, -0.14360387669744074, -1.4833982465345792, -0.20756260378505825, 1.9541519002703247, -0.34620000000000006]"
single_block,0.0,15,4,60,60,3,True,guarded,scripted_non_learned_reference,accepted,False,1.0,"[-0.04108863866473064, 0.10602430311368732, -0.034191399213676504, 0.1825242270155769, -0.04941966756787111, 0.09622664292150307, -0.2609999999999979, 0.9999730545885831]","[-0.04108863866473064, 0.10602430311368732, -0.034191399213676504, 0.1825242270155769, -0.04941966756787111, 0.09622664292150307, -0.2609999999999979, 0.9999730545885831]","[-0.17257228239186842, -0.3046979269225144, -0.14360387669744074, -1.4833982465345792, -0.20756260378505825, 1.9541519002703247, -0.34620000000000006]","[-0.17531152496951713, -0.2976296400482686, -0.14588330331168584, -1.4712299647335407, -0.210857248289583, 1.960567009798425, -0.3635999999999999]"
single_block,0.0,15,4,60,60,4,True,guarded,scripted_non_learned_reference,accepted,False,1.0,"[-0.04108863866473064, 0.10602430311368649, -0.03419139921367609, 0.18252422701557358, -0.049419667567870695, 0.0962266429215064, -0.26100000000000123, 0.9999730545885831]","[-0.04108863866473064, 0.10602430311368649, -0.03419139921367609, 0.18252422701557358, -0.049419667567870695, 0.0962266429215064, -0.26100000000000123, 0.9999730545885831]","[-0.17531152496951713, -0.2976296400482686, -0.14588330331168584, -1.4712299647335407, -0.210857248289583, 1.960567009798425, -0.3635999999999999]","[-0.17805076754716584, -0.2905613531740228, -0.1481627299259309, -1.4590616829325025, -0.2141518927941077, 1.9669821193265253, -0.381]"
single_block,0.0,15,4,60,60,5,True,guarded,scripted_non_learned_reference,accepted,False,1.0,"[-0.04108863866473064, 0.10602430311368816, -0.03419139921367692, 0.18252422701558024, -0.04941966756787153, 0.0962266429215064, -0.26100000000000123, 0.9999730545885831]","[-0.04108863866473064, 0.10602430311368816, -0.03419139921367692, 0.18252422701558024, -0.04941966756787153, 0.0962266429215064, -0.26100000000000123, 0.9999730545885831]","[-0.17805076754716584, -0.2905613531740228, -0.1481627299259309, -1.4590616829325025, -0.2141518927941077, 1.9669821193265253, -0.381]","[-0.18079001012481455, -0.28349306629977694, -0.15044215654017604, -1.4468934011314638, -0.21744653729863248, 1.9733972288546258, -0.3984000000000001]"
single_block,0.0,15,4,60,60,6,True,guarded,scripted_non_learned_reference,accepted,False,1.0,"[-0.04108863866473064, 0.10602430311368649, -0.03419139921367609, 0.18252422701557358, -0.04941966756787111, 0.0962266429215064, -0.26100000000000123, 0.9999730545885831]","[-0.04108863866473064, 0.10602430311368649, -0.03419139921367609, 0.18252422701557358, -0.04941966756787111, 0.0962266429215064, -0.26100000000000123, 0.9999730545885831]","[-0.18079001012481455, -0.28349306629977694, -0.15044215654017604, -1.4468934011314638, -0.21744653729863248, 1.9733972288546258, -0.3984000000000001]","[-0.18352925270246326, -0.2764247794255312, -0.1527215831544211, -1.4347251193304256, -0.22074118180315722, 1.9798123383827262, -0.41580000000000017]"
single_block,0.0,15,4,60,60,7,True,guarded,scripted_non_learned_reference,accepted,False,1.0,"[-0.041088638664730226, 0.10602430311368649, -0.03419139921367609, 0.18252422701557358, -0.04941966756787028, 0.0962266429215064, -0.2609999999999979, 0.9999730545885831]","[-0.041088638664730226, 0.10602430311368649, -0.03419139921367609, 0.18252422701557358, -0.04941966756787028, 0.0962266429215064, -0.2609999999999979, 0.9999730545885831]","[-0.18352925270246326, -0.2764247794255312, -0.1527215831544211, -1.4347251193304256, -0.22074118180315722, 1.9798123383827262, -0.41580000000000017]","[-0.18626849528011194, -0.2693564925512854, -0.15500100976866618, -1.4225568375293873, -0.2240358263076819, 1.9862274479108266, -0.43320000000000003]"
single_block,0.0,15,4,60,60,8,True,guarded,scripted_non_learned_reference,accepted,False,1.0,"[-0.04108863866473064, 0.10602430311368732, -0.034191399213676504, 0.1825242270155769, -0.04941966756787111, 0.0962266429215064, -0.2609999999999979, 0.9999730545885831]","[-0.04108863866473064, 0.10602430311368732, -0.034191399213676504, 0.1825242270155769, -0.04941966756787111, 0.0962266429215064, -0.2609999999999979, 0.9999730545885831]","[-0.18626849528011194, -0.2693564925512854, -0.15500100976866618, -1.4225568375293873, -0.2240358263076819, 1.9862274479108266, -0.43320000000000003]","[-0.18900773785776065, -0.2622882056770396, -0.15728043638291128, -1.4103885557283489, -0.22733047081220664, 1.992642557438927, -0.4505999999999999]"
single_block,0.0,15,4,60,60,9,True,guarded,scripted_non_learned_reference,accepted,False,1.0,"[-0.04108863866473064, 0.10602430311368732, -0.034191399213676504, 0.1825242270155769, -0.04941966756787153, 0.0962266429215064, -0.26100000000000123, 0.9999730545885831]","[-0.04108863866473064, 0.10602430311368732, -0.034191399213676504, 0.1825242270155769, -0.04941966756787153, 0.0962266429215064, -0.26100000000000123, 0.9999730545885831]","[-0.18900773785776065, -0.2622882056770396, -0.15728043638291128, -1.4103885557283489, -0.22733047081220664, 1.992642557438927, -0.4505999999999999]","[-0.19174698043540936, -0.25521991880279377, -0.15955986299715638, -1.3982202739273104, -0.2306251153167314, 1.9990576669670275, -0.46799999999999997]"
single_block,0.0,15,4,60,60,10,True,guarded,scripted_non_learned_reference,accepted,False,1.0,"[-0.04108863866473064, 0.10602430311368732, -0.034191399213676504, 0.1825242270155769, -0.049419667567870695, 0.0962266429215064, -0.26100000000000123, 0.9999730545885831]","[-0.04108863866473064, 0.10602430311368732, -0.034191399213676504, 0.1825242270155769, -0.049419667567870695, 0.0962266429215064, -0.26100000000000123, 0.9999730545885831]","[-0.19174698043540936, -0.25521991880279377, -0.15955986299715638, -1.3982202739273104, -0.2306251153167314, 1.9990576669670275, -0.46799999999999997]","[-0.19448622301305807, -0.24815163192854794, -0.16183928961140148, -1.386051992126272, -0.23391975982125612, 2.005472776495128, -0.48540000000000005]"
single_block,0.0,15,4,60,60,11,True,guarded,scripted_non_learned_reference,accepted,False,1.0,"[-0.04108863866473064, 0.10602430311368649, -0.03419139921367609, 0.1825242270155769, -0.04941966756787111, 0.0962266429215064, -0.2609999999999979, 0.9999730545885831]","[-0.04108863866473064, 0.10602430311368649, -0.03419139921367609, 0.1825242270155769, -0.04941966756787111, 0.0962266429215064, -0.2609999999999979, 0.9999730545885831]","[-0.19448622301305807, -0.24815163192854794, -0.16183928961140148, -1.386051992126272, -0.23391975982125612, 2.005472776495128, -0.48540000000000005]","[-0.19722546559070678, -0.24108334505430218, -0.16411871622564655, -1.3738837103252335, -0.23721440432578086, 2.0118878860232283, -0.5027999999999999]"
single_block,0.0,15,4,60,60,12,True,guarded,scripted_non_learned_reference,accepted,False,1.0,"[-0.041088638664730226, 0.10602430311368649, -0.03419139921367609, 0.1825242270155769, -0.049419667567870695, 0.0962266429215064, -0.2609999999999979, 0.9999730545885831]","[-0.041088638664730226, 0.10602430311368649, -0.03419139921367609, 0.1825242270155769, -0.049419667567870695, 0.0962266429215064, -0.2609999999999979, 0.9999730545885831]","[-0.19722546559070678, -0.24108334505430218, -0.16411871622564655, -1.3738837103252335, -0.23721440432578086, 2.0118878860232283, -0.5027999999999999]","[-0.19996470816835546, -0.2340150581800564, -0.16639814283989163, -1.361715428524195, -0.24050904883030558, 2.0183029955513287, -0.5201999999999998]"
single_block,0.0,15,4,60,60,13,True,guarded,scripted_non_learned_reference,accepted,False,1.0,"[0.006215108045432016, 0.053076398190147894, 0.12626447736647173, 0.07258951665711222, -0.05767349427281854, 0.055071617079713864, -0.1214125777353442, 0.9999730545885831]","[0.006215108045432016, 0.053076398190147894, 0.12626447736647173, 0.07258951665711222, -0.05767349427281854, 0.055071617079713864, -0.1214125777353442, 0.9999730545885831]","[-0.19996470816835546, -0.2340150581800564, -0.16639814283989163, -1.361715428524195, -0.24050904883030558, 2.0183029955513287, -0.5201999999999998]","[-0.19955036763199333, -0.23047663163404655, -0.15798051101546018, -1.3568761274137209, -0.24435394844849348, 2.0219744366899763, -0.5282941718490227]"
single_block,0.0,15,4,60,60,14,True,guarded,scripted_non_learned_reference,accepted,False,1.0,"[0.033112110172182074, 0.02297011675622046, 0.21749999999999936, 0.01008042712488888, -0.062366636145850946, 0.031670789564390844, -0.04204289870073541, 0.9999730545885831]","[0.033112110172182074, 0.02297011675622046, 0.21749999999999936, 0.01008042712488888, -0.062366636145850946, 0.031670789564390844, -0.04204289870073541, 0.9999730545885831]","[-0.19955036763199333, -0.23047663163404655, -0.15798051101546018, -1.3568761274137209, -0.24435394844849348, 2.0219744366899763, -0.5282941718490227]","[-0.19734289362051452, -0.2289452905169652, -0.14348051101546022, -1.3562040989387283, -0.2485117241915502, 2.0240858226609357, -0.5310970317624051]"
single_block,0.0,15,5,75,75,0,True,guarded,scripted_non_learned_reference,accepted,False,1.0,"[0.13734376183164448, 0.03700475835485731, 0.4017721137942956, -0.00258623556063875, -0.0671554142934068, 0.0478223261849009, -0.10308745182341983, 0.9999677525349472]","[0.13734376183164448, 0.03700475835485731, 0.4017721137942956, -0.00258623556063875, -0.0671554142934068, 0.0478223261849009, -0.10308745182341983, 0.9999677525349472]","[-0.20207629331097926, -0.22966021871953368, -0.15207032618570376, -1.3550777535293579, -0.248310935271642, 2.0235652379390126, -0.527572884040168]","[-0.19292004252220296, -0.22719323482920986, -0.1252855185994174, -1.3552501692334005, -0.2527879628912024, 2.026753393018006, -0.534445380828396]"
single_block,0.0,15,5,75,75,1,True,guarded,scripted_non_learned_reference,accepted,False,1.0,"[0.033112110172182074, 0.02297011675622046, 0.21749999999999894, 0.01008042712488888, -0.06236663614585053, 0.031670789564390844, -0.04204289870073541, 0.9999677525349472]","[0.033112110172182074, 0.02297011675622046, 0.21749999999999894, 0.01008042712488888, -0.06236663614585053, 0.031670789564390844, -0.04204289870073541, 0.9999677525349472]","[-0.19292004252220296, -0.22719323482920986, -0.1252855185994174, -1.3552501692334005, -0.2527879628912024, 2.026753393018006, -0.534445380828396]","[-0.19071256851072416, -0.2256618937121285, -0.11078551859941746, -1.3545781407584079, -0.2569457386342591, 2.0288647789889653, -0.5372482407417783]"
single_block,0.0,15,5,75,75,2,True,guarded,scripted_non_learned_reference,accepted,False,1.0,"[0.03311211017218249, 0.022970116756220876, 0.21750000000000227, 0.01008042712488888, -0.06236663614585136, 0.031670789564390844, -0.04204289870073541, 0.9999677525349472]","[0.03311211017218249, 0.022970116756220876, 0.21750000000000227, 0.01008042712488888, -0.06236663614585136, 0.031670789564390844, -0.04204289870073541, 0.9999677525349472]","[-0.19071256851072416, -0.2256618937121285, -0.11078551859941746, -1.3545781407584079, -0.2569457386342591, 2.0288647789889653, -0.5372482407417783]","[-0.18850509449924532, -0.2241305525950471, -0.09628551859941731, -1.3539061122834153, -0.2611035143773159, 2.0309761649599247, -0.5400511006551607]"
single_block,0.0,15,5,75,75,3,True,guarded,scripted_non_learned_reference,accepted,False,1.0,"[0.033112110172182074, 0.02297011675622046, 0.21749999999999936, 0.01008042712488888, -0.06236663614585053, 0.031670789564397506, -0.042042898700733744, 0.9999677525349472]","[0.033112110172182074, 0.02297011675622046, 0.21749999999999936, 0.01008042712488888, -0.06236663614585053, 0.031670789564397506, -0.042042898700733744, 0.9999677525349472]","[-0.18850509449924532, -0.2241305525950471, -0.09628551859941731, -1.3539061122834153, -0.2611035143773159, 2.0309761649599247, -0.5400511006551607]","[-0.18629762048776652, -0.22259921147796574, -0.08178551859941735, -1.3532340838084227, -0.2652612901203726, 2.0330875509308846, -0.542853960568543]"
single_block,0.0,15,5,75,75,4,True,guarded,scripted_non_learned_reference,accepted,False,1.0,"[0.03311211017218166, 0.02297011675622046, 0.21749999999999917, 0.01008042712488888, -0.06236663614585053, 0.031670789564390844, -0.04204289870073541, 0.9999677525349472]","[0.03311211017218166, 0.02297011675622046, 0.21749999999999917, 0.01008042712488888, -0.06236663614585053, 0.031670789564390844, -0.04204289870073541, 0.9999677525349472]","[-0.18629762048776652, -0.22259921147796574, -0.08178551859941735, -1.3532340838084227, -0.2652612901203726, 2.0330875509308846, -0.542853960568543]","[-0.18409014647628774, -0.22106787036088438, -0.06728551859941741, -1.35256205533343, -0.2694190658634293, 2.035198936901844, -0.5456568204819253]"
single_block,0.0,15,5,75,75,5,True,guarded,scripted_non_learned_reference,accepted,False,1.0,"[0.03311211017218249, 0.02297011675622046, 0.21750000000000208, 0.01008042712488888, -0.06236663614585136, 0.031670789564390844, -0.04204289870073541, 0.9999677525349472]","[0.03311211017218249, 0.02297011675622046, 0.21750000000000208, 0.01008042712488888, -0.06236663614585136, 0.031670789564390844, -0.04204289870073541, 0.9999677525349472]","[-0.18409014647628774, -0.22106787036088438, -0.06728551859941741, -1.35256205533343, -0.2694190658634293, 2.035198936901844, -0.5456568204819253]","[-0.1818826724648089, -0.219536529243803, -0.05278551859941727, -1.3518900268584375, -0.27357684160648604, 2.0373103228728033, -0.5484596803953077]"
single_block,0.0,15,5,75,75,6,True,guarded,scripted_non_learned_reference,accepted,False,1.0,"[0.033112110172182074, 0.02297011675622046, 0.21749999999999894, 0.01008042712488888, -0.06236663614585136, 0.031670789564397506, -0.042042898700733744, 0.9999677525349472]","[0.033112110172182074, 0.02297011675622046, 0.21749999999999894, 0.01008042712488888, -0.06236663614585136, 0.031670789564397506, -0.042042898700733744, 0.9999677525349472]","[-0.1818826724648089, -0.219536529243803, -0.05278551859941727, -1.3518900268584375, -0.27357684160648604, 2.0373103228728033, -0.5484596803953077]","[-0.1796751984533301, -0.21800518812672165, -0.03828551859941734, -1.351217998383445, -0.2777346173495428, 2.039421708843763, -0.5512625403086899]"
single_block,0.0,15,5,75,75,7,True,guarded,scripted_non_learned_reference,accepted,False,1.0,"[0.03311211017218166, 0.02297011675622046, 0.21749999999999936, 0.01008042712488888, -0.06236663614585053, 0.031670789564390844, -0.04204289870073541, 0.9999677525349472]","[0.03311211017218166, 0.02297011675622046, 0.21749999999999936, 0.01008042712488888, -0.06236663614585053, 0.031670789564390844, -0.04204289870073541, 0.9999677525349472]","[-0.1796751984533301, -0.21800518812672165, -0.03828551859941734, -1.351217998383445, -0.2777346173495428, 2.039421708843763, -0.5512625403086899]","[-0.17746772444185133, -0.21647384700964029, -0.023785518599417382, -1.3505459699084523, -0.2818923930925995, 2.0415330948147226, -0.5540654002220723]"
single_block,0.0,15,5,75,75,8,True,guarded,scripted_non_learned_reference,accepted,False,1.0,"[0.033112110172182074, 0.02297011675622046, 0.21749999999999936, 0.01008042712488555, -0.06236663614585053, 0.031670789564390844, -0.042042898700733744, 0.9999677525349472]","[0.033112110172182074, 0.02297011675622046, 0.21749999999999936, 0.01008042712488555, -0.06236663614585053, 0.031670789564390844, -0.042042898700733744, 0.9999677525349472]","[-0.17746772444185133, -0.21647384700964029, -0.023785518599417382, -1.3505459699084523, -0.2818923930925995, 2.0415330948147226, -0.5540654002220723]","[-0.17526025043037252, -0.21494250589255892, -0.009285518599417425, -1.34987394143346, -0.2860501688356562, 2.043644480785682, -0.5568682601354545]"
single_block,0.0,15,5,75,75,9,True,guarded,scripted_non_learned_reference,accepted,False,1.0,"[0.03311211017218249, 0.022970116756220876, 0.21750000000000227, 0.01008042712488888, -0.06236663614585136, 0.031670789564397506, -0.04204289870073541, 0.9999677525349472]","[0.03311211017218249, 0.022970116756220876, 0.21750000000000227, 0.01008042712488888, -0.06236663614585136, 0.031670789564397506, -0.04204289870073541, 0.9999677525349472]","[-0.17526025043037252, -0.21494250589255892, -0.009285518599417425, -1.34987394143346, -0.2860501688356562, 2.043644480785682, -0.5568682601354545]","[-0.1730527764188937, -0.21341116477547753, 0.005214481400582727, -1.3492019129584674, -0.29020794457871296, 2.045755866756642, -0.5596711200488369]"
single_block,0.0,15,5,75,75,10,True,guarded,scripted_non_learned_reference,accepted,False,1.0,"[0.033112110172182074, 0.02297011675622046, 0.21749999999999894, 0.01008042712488888, -0.06236663614585053, 0.031670789564390844, -0.04204289870073541, 0.9999677525349472]","[0.033112110172182074, 0.02297011675622046, 0.21749999999999894, 0.01008042712488888, -0.06236663614585053, 0.031670789564390844, -0.04204289870073541, 0.9999677525349472]","[-0.1730527764188937, -0.21341116477547753, 0.005214481400582727, -1.3492019129584674, -0.29020794457871296, 2.045755866756642, -0.5596711200488369]","[-0.17084530240741488, -0.21187982365839617, 0.019714481400582656, -1.3485298844834748, -0.29436572032176966, 2.047867252727601, -0.5624739799622193]"
single_block,0.0,15,5,75,75,11,True,guarded,scripted_non_learned_reference,accepted,False,1.0,"[0.03311211017218166, 0.02297011675622046, 0.21749999999999936, 0.01008042712488888, -0.06236663614585053, 0.031670789564390844, -0.042042898700733744, 0.9999677525349472]","[0.03311211017218166, 0.02297011675622046, 0.21749999999999936, 0.01008042712488888, -0.06236663614585053, 0.031670789564390844, -0.042042898700733744, 0.9999677525349472]","[-0.17084530240741488, -0.21187982365839617, 0.019714481400582656, -1.3485298844834748, -0.29436572032176966, 2.047867252727601, -0.5624739799622193]","[-0.1686378283959361, -0.2103484825413148, 0.034214481400582614, -1.3478578560084822, -0.29852349606482637, 2.0499786386985606, -0.5652768398756015]"
single_block,0.0,15,5,75,75,12,True,guarded,scripted_non_learned_reference,accepted,False,1.0,"[0.033112110172182074, 0.02297011675622046, 0.21749999999999936, 0.01008042712488888, -0.06236663614585053, 0.031670789564397506, -0.04204289870073541, 0.9999677525349472]","[0.033112110172182074, 0.02297011675622046, 0.21749999999999936, 0.01008042712488888, -0.06236663614585053, 0.031670789564397506, -0.04204289870073541, 0.9999677525349472]","[-0.1686378283959361, -0.2103484825413148, 0.034214481400582614, -1.3478578560084822, -0.29852349606482637, 2.0499786386985606, -0.5652768398756015]","[-0.1664303543844573, -0.20881714142423344, 0.04871448140058257, -1.3471858275334896, -0.30268127180788307, 2.0520900246695204, -0.5680796997889839]"
single_block,0.0,15,5,75,75,13,True,guarded,scripted_non_learned_reference,accepted,False,1.0,"[0.03311211017218249, 0.022970116756220876, 0.21750000000000186, 0.01008042712488888, -0.062366636145852195, 0.031670789564390844, -0.04204289870073541, 0.9999677525349472]","[0.03311211017218249, 0.022970116756220876, 0.21750000000000186, 0.01008042712488888, -0.062366636145852195, 0.031670789564390844, -0.04204289870073541, 0.9999677525349472]","[-0.1664303543844573, -0.20881714142423344, 0.04871448140058257, -1.3471858275334896, -0.30268127180788307, 2.0520900246695204, -0.5680796997889839]","[-0.16422288037297847, -0.20728580030715205, 0.0632144814005827, -1.346513799058497, -0.3068390475509399, 2.05420141064048, -0.5708825597023662]"
single_block,0.0,15,5,75,75,14,True,guarded,scripted_non_learned_reference,accepted,False,1.0,"[0.03311211017218166, 0.02297011675622046, 0.21749999999999936, 0.01008042712488888, -0.062366636145849697, 0.031670789564390844, -0.042042898700733744, 0.9999677525349472]","[0.03311211017218166, 0.02297011675622046, 0.21749999999999936, 0.01008042712488888, -0.062366636145849697, 0.031670789564390844, -0.042042898700733744, 0.9999677525349472]","[-0.16422288037297847, -0.20728580030715205, 0.0632144814005827, -1.346513799058497, -0.3068390475509399, 2.05420141064048, -0.5708825597023662]","[-0.1620154063614997, -0.20575445919007068, 0.07771448140058265, -1.3458417705835044, -0.3109968232939965, 2.056312796611439, -0.5736854196157485]"
single_block,0.0,15,6,90,90,0,True,guarded,scripted_non_learned_reference,accepted,False,1.0,"[0.004349971441813538, 0.019066615594839076, 0.19417896338980342, 0.009440409344528833, -0.0760604902877246, 0.03560708810083968, -0.05475737540635128, 0.9999656096520771]","[0.004349971441813538, 0.019066615594839076, 0.19417896338980342, 0.009440409344528833, -0.0760604902877246, 0.03560708810083968, -0.05475737540635128, 0.9999656096520771]","[-0.15695781992931682, -0.20520671869503238, 0.08397207530118564, -1.346602204343368, -0.3097844955528153, 2.056410583872652, -0.5727727855475034]","[-0.1566678218331959, -0.20393561098870977, 0.09691733952717253, -1.3459728437203995, -0.31485519490533026, 2.0587843897460414, -0.5764232772412602]"
single_block,0.0,15,6,90,90,1,True,guarded,scripted_non_learned_reference,accepted,False,1.0,"[0.033112110172182074, 0.02297011675622046, 0.21749999999999936, 0.01008042712488888, -0.06236663614585053, 0.031670789564390844, -0.042042898700733744, 0.9999656096520771]","[0.033112110172182074, 0.02297011675622046, 0.21749999999999936, 0.01008042712488888, -0.06236663614585053, 0.031670789564390844, -0.042042898700733744, 0.9999656096520771]","[-0.1566678218331959, -0.20393561098870977, 0.09691733952717253, -1.3459728437203995, -0.31485519490533026, 2.0587843897460414, -0.5764232772412602]","[-0.1544603478217171, -0.2024042698716284, 0.11141733952717249, -1.345300815245407, -0.31901297064838696, 2.0608957757170008, -0.5792261371546424]"
single_block,0.0,15,6,90,90,2,True,guarded,scripted_non_learned_reference,accepted,False,1.0,"[0.03311211017218249, 0.02297011675622046, 0.2175000000000027, 0.01008042712488888, -0.06236663614585136, 0.031670789564390844, -0.04204289870073541, 0.9999656096520771]","[0.03311211017218249, 0.02297011675622046, 0.2175000000000027, 0.01008042712488888, -0.06236663614585136, 0.031670789564390844, -0.04204289870073541, 0.9999656096520771]","[-0.1544603478217171, -0.2024042698716284, 0.11141733952717249, -1.345300815245407, -0.31901297064838696, 2.0608957757170008, -0.5792261371546424]","[-0.15225287381023828, -0.20087292875454704, 0.12591733952717266, -1.3446287867704143, -0.3231707463914437, 2.06300716168796, -0.5820289970680248]"
single_block,0.0,15,6,90,90,3,True,guarded,scripted_non_learned_reference,accepted,False,1.0,"[0.03311211017218166, 0.02297011675622046, 0.21749999999999936, 0.01008042712488888, -0.06236663614585053, 0.031670789564397506, -0.04204289870073541, 0.9999656096520771]","[0.03311211017218166, 0.02297011675622046, 0.21749999999999936, 0.01008042712488888, -0.06236663614585053, 0.031670789564397506, -0.04204289870073541, 0.9999656096520771]","[-0.15225287381023828, -0.20087292875454704, 0.12591733952717266, -1.3446287867704143, -0.3231707463914437, 2.06300716168796, -0.5820289970680248]","[-0.1500453997987595, -0.19934158763746568, 0.1404173395271726, -1.3439567582954217, -0.3273285221345004, 2.06511854765892, -0.5848318569814072]"
single_block,0.0,15,6,90,90,4,True,guarded,scripted_non_learned_reference,accepted,False,1.0,"[0.033112110172182074, 0.02297011675622046, 0.21749999999999936, 0.01008042712488888, -0.06236663614585053, 0.031670789564390844, -0.042042898700733744, 0.9999656096520771]","[0.033112110172182074, 0.02297011675622046, 0.21749999999999936, 0.01008042712488888, -0.06236663614585053, 0.031670789564390844, -0.042042898700733744, 0.9999656096520771]","[-0.1500453997987595, -0.19934158763746568, 0.1404173395271726, -1.3439567582954217, -0.3273285221345004, 2.06511854765892, -0.5848318569814072]","[-0.1478379257872807, -0.19781024652038431, 0.15491733952717257, -1.3432847298204291, -0.3314862978775571, 2.0672299336298794, -0.5876347168947894]"
single_block,0.0,15,6,90,90,5,True,guarded,scripted_non_learned_reference,accepted,False,1.0,"[0.03311211017218249, 0.022970116756220876, 0.21750000000000103, 0.01008042712488888, -0.06236663614585136, 0.031670789564390844, -0.04204289870073541, 0.9999656096520771]","[0.03311211017218249, 0.022970116756220876, 0.21750000000000103, 0.01008042712488888, -0.06236663614585136, 0.031670789564390844, -0.04204289870073541, 0.9999656096520771]","[-0.1478379257872807, -0.19781024652038431, 0.15491733952717257, -1.3432847298204291, -0.3314862978775571, 2.0672299336298794, -0.5876347168947894]","[-0.14563045177580186, -0.19627890540330292, 0.16941733952717264, -1.3426127013454365, -0.3356440736206139, 2.069341319600839, -0.5904375768081718]"
single_block,0.0,15,6,90,90,6,True,guarded,scripted_non_learned_reference,accepted,False,1.0,"[0.033112110172182074, 0.02297011675622046, 0.2175000000000002, 0.01008042712488888, -0.06236663614585053, 0.031670789564397506, -0.04204289870073541, 0.9999656096520771]","[0.033112110172182074, 0.02297011675622046, 0.2175000000000002, 0.01008042712488888, -0.06236663614585053, 0.031670789564397506, -0.04204289870073541, 0.9999656096520771]","[-0.14563045177580186, -0.19627890540330292, 0.16941733952717264, -1.3426127013454365, -0.3356440736206139, 2.069341319600839, -0.5904375768081718]","[-0.14342297776432306, -0.19474756428622156, 0.18391733952717265, -1.341940672870444, -0.3398018493636706, 2.0714527055717986, -0.5932404367215541]"
single_block,0.0,15,6,90,90,7,True,guarded,scripted_non_learned_reference,accepted,False,1.0,"[0.03311211017218166, 0.02297011675622046, 0.21749999999999853, 0.01008042712488555, -0.06236663614585136, 0.031670789564390844, -0.042042898700733744, 0.9999656096520771]","[0.03311211017218166, 0.02297011675622046, 0.21749999999999853, 0.01008042712488555, -0.06236663614585136, 0.031670789564390844, -0.042042898700733744, 0.9999656096520771]","[-0.14342297776432306, -0.19474756428622156, 0.18391733952717265, -1.341940672870444, -0.3398018493636706, 2.0714527055717986, -0.5932404367215541]","[-0.14121550375284428, -0.1932162231691402, 0.19841733952717255, -1.3412686443954516, -0.34395962510672734, 2.073564091542758, -0.5960432966349364]"
single_block,0.0,15,6,90,90,8,True,guarded,scripted_non_learned_reference,accepted,False,1.0,"[0.033112110172182074, 0.02297011675622046, 0.21749999999999936, 0.01008042712488888, -0.06236663614585053, 0.031670789564390844, -0.04204289870073541, 0.9999656096520771]","[0.033112110172182074, 0.02297011675622046, 0.21749999999999936, 0.01008042712488888, -0.06236663614585053, 0.031670789564390844, -0.04204289870073541, 0.9999656096520771]","[-0.14121550375284428, -0.1932162231691402, 0.19841733952717255, -1.3412686443954516, -0.34395962510672734, 2.073564091542758, -0.5960432966349364]","[-0.13900802974136547, -0.19168488205205883, 0.2129173395271725, -1.340596615920459, -0.34811740084978404, 2.0756754775137174, -0.5988461565483187]"
single_block,0.0,15,6,90,90,9,True,guarded,scripted_non_learned_reference,accepted,False,1.0,"[0.03311211017218249, 0.022970116756220876, 0.21750000000000186, 0.01008042712488888, -0.06236663614585136, 0.031670789564397506, -0.04204289870073541, 0.9999656096520771]","[0.03311211017218249, 0.022970116756220876, 0.21750000000000186, 0.01008042712488888, -0.06236663614585136, 0.031670789564397506, -0.04204289870073541, 0.9999656096520771]","[-0.13900802974136547, -0.19168488205205883, 0.2129173395271725, -1.340596615920459, -0.34811740084978404, 2.0756754775137174, -0.5988461565483187]","[-0.13680055572988664, -0.19015354093497744, 0.22741733952717264, -1.3399245874454664, -0.3522751765928408, 2.0777868634846772, -0.6016490164617011]"
single_block,0.0,15,6,90,90,10,True,guarded,scripted_non_learned_reference,accepted,False,1.0,"[0.033112110172182074, 0.02297011675622046, 0.2175000000000002, 0.01008042712488888, -0.06236663614585053, 0.031670789564390844, -0.042042898700733744, 0.9999656096520771]","[0.033112110172182074, 0.02297011675622046, 0.2175000000000002, 0.01008042712488888, -0.06236663614585053, 0.031670789564390844, -0.042042898700733744, 0.9999656096520771]","[-0.13680055572988664, -0.19015354093497744, 0.22741733952717264, -1.3399245874454664, -0.3522751765928408, 2.0777868634846772, -0.6016490164617011]","[-0.13459308171840784, -0.18862219981789607, 0.24191733952717265, -1.3392525589704738, -0.3564329523358975, 2.0798982494556366, -0.6044518763750834]"
single_block,0.0,15,6,90,90,11,True,guarded,scripted_non_learned_reference,accepted,False,1.0,"[0.03311211017218166, 0.02297011675622046, 0.21749999999999853, 0.01008042712488888, -0.06236663614585053, 0.031670789564390844, -0.04204289870073541, 0.9999656096520771]","[0.03311211017218166, 0.02297011675622046, 0.21749999999999853, 0.01008042712488888, -0.06236663614585053, 0.031670789564390844, -0.04204289870073541, 0.9999656096520771]","[-0.13459308171840784, -0.18862219981789607, 0.24191733952717265, -1.3392525589704738, -0.3564329523358975, 2.0798982494556366, -0.6044518763750834]","[-0.13238560770692906, -0.1870908587008147, 0.25641733952717255, -1.3385805304954812, -0.3605907280789542, 2.082009635426596, -0.6072547362884657]"
single_block,0.0,15,6,90,90,12,True,guarded,scripted_non_learned_reference,accepted,False,1.0,"[0.033112110172182074, 0.02297011675622046, 0.2175000000000002, 0.01008042712488888, -0.06236663614585053, 0.031670789564397506, -0.042042898700733744, 0.9999656096520771]","[0.033112110172182074, 0.02297011675622046, 0.2175000000000002, 0.01008042712488888, -0.06236663614585053, 0.031670789564397506, -0.042042898700733744, 0.9999656096520771]","[-0.13238560770692906, -0.1870908587008147, 0.25641733952717255, -1.3385805304954812, -0.3605907280789542, 2.082009635426596, -0.6072547362884657]","[-0.13017813369545025, -0.18555951758373335, 0.27091733952717256, -1.3379085020204886, -0.3647485038220109, 2.084121021397556, -0.610057596201848]"
single_block,0.0,15,6,90,90,13,True,guarded,scripted_non_learned_reference,accepted,False,1.0,"[0.03311211017218249, 0.02297011675622046, 0.21750000000000186, 0.01008042712488888, -0.06236663614585136, 0.031670789564390844, -0.04204289870073541, 0.9999656096520771]","[0.03311211017218249, 0.02297011675622046, 0.21750000000000186, 0.01008042712488888, -0.06236663614585136, 0.031670789564390844, -0.04204289870073541, 0.9999656096520771]","[-0.13017813369545025, -0.18555951758373335, 0.27091733952717256, -1.3379085020204886, -0.3647485038220109, 2.084121021397556, -0.610057596201848]","[-0.12797065968397142, -0.18402817646665198, 0.2854173395271727, -1.337236473545496, -0.36890627956506766, 2.0862324073685152, -0.6128604561152303]"
single_block,0.0,15,6,90,90,14,True,guarded,scripted_non_learned_reference,accepted,False,1.0,"[0.03311211017218166, 0.02297011675622046, 0.21749999999999853, 0.01008042712488888, -0.06236663614585136, 0.031670789564397506, -0.04204289870073541, 0.9999656096520771]","[0.03311211017218166, 0.02297011675622046, 0.21749999999999853, 0.01008042712488888, -0.06236663614585136, 0.031670789564397506, -0.04204289870073541, 0.9999656096520771]","[-0.12797065968397142, -0.18402817646665198, 0.2854173395271727, -1.337236473545496, -0.36890627956506766, 2.0862324073685152, -0.6128604561152303]","[-0.12576318567249264, -0.18249683534957062, 0.2999173395271726, -1.3365644450705034, -0.3730640553081244, 2.088343793339475, -0.6156633160286127]"
single_block,0.0,15,7,105,105,0,True,guarded,scripted_non_learned_reference,accepted,False,1.0,"[-0.044806887933888234, 0.02036286154657785, 0.12088831880630202, 0.01904283457940803, -0.08069698931521097, 0.029118247763131322, -0.05567854049379983, 0.9999655936245466]","[-0.044806887933888234, 0.02036286154657785, 0.12088831880630202, 0.01904283457940803, -0.08069698931521097, 0.029118247763131322, -0.05567854049379983, 0.9999655936245466]","[-0.11931261123542712, -0.18376622815531932, 0.30792869978409815, -1.3377703298833046, -0.37169416472216005, 2.0886070812678343, -0.6146949605764805]","[-0.12229973709768634, -0.18240870405221413, 0.3159879210378516, -1.3365008075780107, -0.3770739640098408, 2.0905482977853764, -0.6184068632760672]"
single_block,0.0,15,7,105,105,1,True,guarded,scripted_non_learned_reference,accepted,False,1.0,"[0.033112110172182074, 0.02297011675622046, 0.21749999999999936, 0.01008042712488888, -0.06236663614585136, 0.031670789564390844, -0.04204289870073541, 0.9999655936245466]","[0.033112110172182074, 0.02297011675622046, 0.21749999999999936, 0.01008042712488888, -0.06236663614585136, 0.031670789564390844, -0.04204289870073541, 0.9999655936245466]","[-0.12229973709768634, -0.18240870405221413, 0.3159879210378516, -1.3365008075780107, -0.3770739640098408, 2.0905482977853764, -0.6184068632760672]","[-0.12009226308620753, -0.18087736293513276, 0.3304879210378516, -1.3358287791030181, -0.38123173975289754, 2.092659683756336, -0.6212097231894496]"
single_block,0.0,15,7,105,105,2,True,guarded,scripted_non_learned_reference,accepted,False,1.0,"[0.03311211017218228, 0.022970116756220876, 0.21750000000000103, 0.01008042712488888, -0.06236663614585136, 0.031670789564397506, -0.04204289870073541, 0.9999655936245466]","[0.03311211017218228, 0.022970116756220876, 0.21750000000000103, 0.01008042712488888, -0.06236663614585136, 0.031670789564397506, -0.04204289870073541, 0.9999655936245466]","[-0.12009226308620753, -0.18087736293513276, 0.3304879210378516, -1.3358287791030181, -0.38123173975289754, 2.092659683756336, -0.6212097231894496]","[-0.11788478907472871, -0.17934602181805137, 0.34498792103785164, -1.3351567506280255, -0.3853895154959543, 2.0947710697272957, -0.6240125831028319]"
single_block,0.0,15,7,105,105,3,True,guarded,scripted_non_learned_reference,accepted,False,1.0,"[0.033112110172182074, 0.02297011675622046, 0.21750000000000103, 0.01008042712488888, -0.06236663614585053, 0.031670789564390844, -0.042042898700733744, 0.9999655936245466]","[0.033112110172182074, 0.02297011675622046, 0.21750000000000103, 0.01008042712488888, -0.06236663614585053, 0.031670789564390844, -0.042042898700733744, 0.9999655936245466]","[-0.11788478907472871, -0.17934602181805137, 0.34498792103785164, -1.3351567506280255, -0.3853895154959543, 2.0947710697272957, -0.6240125831028319]","[-0.11567731506324991, -0.17781468070097, 0.3594879210378517, -1.334484722153033, -0.389547291239011, 2.096882455698255, -0.6268154430162142]"
single_block,0.0,15,7,105,105,4,True,guarded,scripted_non_learned_reference,accepted,False,1.0,"[0.033112110172181866, 0.02297011675622046, 0.2174999999999977, 0.01008042712488888, -0.06236663614585053, 0.031670789564390844, -0.04204289870073541, 0.9999655936245466]","[0.033112110172181866, 0.02297011675622046, 0.2174999999999977, 0.01008042712488888, -0.06236663614585053, 0.031670789564390844, -0.04204289870073541, 0.9999655936245466]","[-0.11567731506324991, -0.17781468070097, 0.3594879210378517, -1.334484722153033, -0.389547291239011, 2.096882455698255, -0.6268154430162142]","[-0.11346984105177112, -0.17628333958388864, 0.37398792103785156, -1.3338126936780403, -0.3937050669820677, 2.0989938416692144, -0.6296183029295965]"
single_block,0.0,15,7,105,105,5,True,guarded,scripted_non_learned_reference,accepted,False,1.0,"[0.033112110172182074, 0.02297011675622046, 0.21749999999999936, 0.01008042712488555, -0.06236663614585053, 0.031670789564397506, -0.042042898700733744, 0.9999655936245466]","[0.033112110172182074, 0.02297011675622046, 0.21749999999999936, 0.01008042712488555, -0.06236663614585053, 0.031670789564397506, -0.042042898700733744, 0.9999655936245466]","[-0.11346984105177112, -0.17628333958388864, 0.37398792103785156, -1.3338126936780403, -0.3937050669820677, 2.0989938416692144, -0.6296183029295965]","[-0.11126236704029231, -0.17475199846680728, 0.3884879210378515, -1.333140665203048, -0.3978628427251244, 2.1011052276401743, -0.6324211628429788]"
single_block,0.0,15,7,105,105,6,True,guarded,scripted_non_learned_reference,accepted,False,1.0,"[0.03311211017218228, 0.022970116756220876, 0.2175000000000027, 0.01008042712488888, -0.06236663614585136, 0.031670789564390844, -0.04204289870073541, 0.9999655936245466]","[0.03311211017218228, 0.022970116756220876, 0.2175000000000027, 0.01008042712488888, -0.06236663614585136, 0.031670789564390844, -0.04204289870073541, 0.9999655936245466]","[-0.11126236704029231, -0.17475199846680728, 0.3884879210378515, -1.333140665203048, -0.3978628427251244, 2.1011052276401743, -0.6324211628429788]","[-0.1090548930288135, -0.1732206573497259, 0.4029879210378517, -1.3324686367280554, -0.40202061846818116, 2.1032166136111337, -0.6352240227563611]"
single_block,0.0,15,7,105,105,7,True,guarded,scripted_non_learned_reference,accepted,False,1.0,"[0.033112110172182074, 0.02297011675622046, 0.21749999999999936, 0.01008042712488888, -0.06236663614585053, 0.031670789564390844, -0.04204289870073541, 0.9999655936245466]","[0.033112110172182074, 0.02297011675622046, 0.21749999999999936, 0.01008042712488888, -0.06236663614585053, 0.031670789564390844, -0.04204289870073541, 0.9999655936245466]","[-0.1090548930288135, -0.1732206573497259, 0.4029879210378517, -1.3324686367280554, -0.40202061846818116, 2.1032166136111337, -0.6352240227563611]","[-0.10684741901733469, -0.17168931623264452, 0.41748792103785165, -1.3317966082530628, -0.40617839421123786, 2.105327999582093, -0.6380268826697435]"
single_block,0.0,15,7,105,105,8,True,guarded,scripted_non_learned_reference,accepted,False,1.0,"[0.033112110172181866, 0.022970116756220044, 0.21749999999999936, 0.01008042712488888, -0.06236663614585136, 0.031670789564397506, -0.042042898700733744, 0.9999655936245466]","[0.033112110172181866, 0.022970116756220044, 0.21749999999999936, 0.01008042712488888, -0.06236663614585136, 0.031670789564397506, -0.042042898700733744, 0.9999655936245466]","[-0.10684741901733469, -0.17168931623264452, 0.41748792103785165, -1.3317966082530628, -0.40617839421123786, 2.105327999582093, -0.6380268826697435]","[-0.1046399450058559, -0.1701579751155632, 0.4319879210378516, -1.3311245797780702, -0.4103361699542946, 2.107439385553053, -0.6408297425831257]"
single_block,0.0,15,7,105,105,9,True,guarded,scripted_non_learned_reference,accepted,False,1.0,"[0.03311211017218228, 0.022970116756220876, 0.21750000000000103, 0.01008042712488888, -0.06236663614585136, 0.031670789564390844, -0.04204289870073541, 0.9999655936245466]","[0.03311211017218228, 0.022970116756220876, 0.21750000000000103, 0.01008042712488888, -0.06236663614585136, 0.031670789564390844, -0.04204289870073541, 0.9999655936245466]","[-0.1046399450058559, -0.1701579751155632, 0.4319879210378516, -1.3311245797780702, -0.4103361699542946, 2.107439385553053, -0.6408297425831257]","[-0.10243247099437708, -0.1686266339984818, 0.4464879210378517, -1.3304525513030776, -0.4144939456973514, 2.1095507715240123, -0.6436326024965081]"
single_block,0.0,15,7,105,105,10,True,guarded,scripted_non_learned_reference,accepted,False,1.0,"[0.033112110172182074, 0.02297011675622046, 0.21750000000000103, 0.01008042712488888, -0.06236663614585053, 0.031670789564390844, -0.04204289870073541, 0.9999655936245466]","[0.033112110172182074, 0.02297011675622046, 0.21750000000000103, 0.01008042712488888, -0.06236663614585053, 0.031670789564390844, -0.04204289870073541, 0.9999655936245466]","[-0.10243247099437708, -0.1686266339984818, 0.4464879210378517, -1.3304525513030776, -0.4144939456973514, 2.1095507715240123, -0.6436326024965081]","[-0.10022499698289827, -0.16709529288140043, 0.46098792103785174, -1.329780522828085, -0.4186517214404081, 2.1116621574949717, -0.6464354624098905]"
single_block,0.0,15,7,105,105,11,True,guarded,scripted_non_learned_reference,accepted,False,1.0,"[0.033112110172181866, 0.02297011675622046, 0.2174999999999977, 0.01008042712488888, -0.06236663614585053, 0.031670789564397506, -0.042042898700733744, 0.9999655936245466]","[0.033112110172181866, 0.02297011675622046, 0.2174999999999977, 0.01008042712488888, -0.06236663614585053, 0.031670789564397506, -0.042042898700733744, 0.9999655936245466]","[-0.10022499698289827, -0.16709529288140043, 0.46098792103785174, -1.329780522828085, -0.4186517214404081, 2.1116621574949717, -0.6464354624098905]","[-0.09801752297141948, -0.16556395176431907, 0.4754879210378516, -1.3291084943530924, -0.4228094971834648, 2.1137735434659315, -0.6492383223232727]"
single_block,0.0,15,7,105,105,12,True,guarded,scripted_non_learned_reference,accepted,False,1.0,"[0.05974601678214245, 0.03975838692765257, 0.2092573584341073, -0.007410310979382162, -0.057489947288488774, 0.007920730691741706, -0.042406903789972694, 0.9999655936245466]","[0.05974601678214245, 0.03975838692765257, 0.2092573584341073, -0.007410310979382162, -0.057489947288488774, 0.007920730691741706, -0.042406903789972694, 0.9999655936245466]","[-0.09801752297141948, -0.16556395176431907, 0.4754879210378516, -1.3291084943530924, -0.4228094971834648, 2.1137735434659315, -0.6492383223232727]","[-0.09403445518594332, -0.1629133926358089, 0.4894384116001254, -1.3296025150850512, -0.4266421603360307, 2.1143015921787143, -0.6520654492426042]"
single_block,0.0,15,7,105,105,13,True,guarded,scripted_non_learned_reference,accepted,False,1.0,"[0.21750000000000227, 0.13919616485733047, 0.16043577329082293, -0.11100884219661267, -0.028605071200686893, -0.13275207573080428, -0.04456292444363408, 0.9999655936245466]","[0.21750000000000227, 0.13919616485733047, 0.16043577329082293, -0.11100884219661267, -0.028605071200686893, -0.13275207573080428, -0.04456292444363408, 0.9999655936245466]","[-0.09403445518594332, -0.1629133926358089, 0.4894384116001254, -1.3296025150850512, -0.4266421603360307, 2.1143015921787143, -0.6520654492426042]","[-0.07953445518594317, -0.15363364831198686, 0.5001341298195137, -1.3370031045648254, -0.42854916508274316, 2.1054514537966607, -0.6550363108721798]"
single_block,0.0,15,7,105,105,14,True,guarded,scripted_non_learned_reference,accepted,False,1.0,"[0.21749999999999917, 0.13919616485732839, 0.16043577329082043, -0.11100884219661267, -0.02860507120068606, -0.13275207573079761, -0.04456292444363408, 0.9999655936245466]","[0.21749999999999917, 0.13919616485732839, 0.16043577329082043, -0.11100884219661267, -0.02860507120068606, -0.13275207573079761, -0.04456292444363408, 0.9999655936245466]","[-0.07953445518594317, -0.15363364831198686, 0.5001341298195137, -1.3370031045648254, -0.42854916508274316, 2.1054514537966607, -0.6550363108721798]","[-0.06503445518594322, -0.14435390398816497, 0.5108298480389017, -1.3444036940445996, -0.43045616982945556, 2.0966013154146075, -0.6580071725017554]"
single_block,0.0,15,8,120,120,0,True,guarded,scripted_non_learned_reference,accepted,False,1.0,"[0.14917558941020026, 0.31231159197712455, 0.06932899839580065, -0.22636381795891114, -0.041188329927726586, -0.21235358119961578, -0.06146232683888919, 0.9999689230820358]","[0.14917558941020026, 0.31231159197712455, 0.06932899839580065, -0.22636381795891114, -0.041188329927726586, -0.21235358119961578, -0.06146232683888919, 0.9999689230820358]","[-0.06709095664694188, -0.1549599442980467, 0.506935200978591, -1.3355837709630607, -0.4299460941307873, 2.100898572421167, -0.6564593714765949]","[-0.05714591735292853, -0.13413917149957172, 0.5115571342049777, -1.3506746921603214, -0.43269198279263577, 2.086741667007859, -0.6605568599325209]"
single_block,0.0,15,8,120,120,1,True,guarded,scripted_non_learned_reference,accepted,False,1.0,"[0.21749999999999917, 0.1391961648573282, 0.16043577329082126, -0.11100884219661267, -0.02860507120068606, -0.13275207573079761, -0.04456292444363408, 0.9999689230820358]","[0.21749999999999917, 0.1391961648573282, 0.16043577329082126, -0.11100884219661267, -0.02860507120068606, -0.13275207573079761, -0.04456292444363408, 0.9999689230820358]","[-0.05714591735292853, -0.13413917149957172, 0.5115571342049777, -1.3506746921603214, -0.43269198279263577, 2.086741667007859, -0.6605568599325209]","[-0.04264591735292859, -0.12485942717574984, 0.5222528524243658, -1.3580752816400956, -0.43459898753934817, 2.077891528625806, -0.6635277215620965]"
single_block,0.0,15,8,120,120,2,True,guarded,scripted_non_learned_reference,accepted,False,1.0,"[0.21749999999999925, 0.13919616485732839, 0.1604357732908196, -0.11100884219661267, -0.02860507120068606, -0.13275207573080428, -0.04456292444363408, 0.9999689230820358]","[0.21749999999999925, 0.13919616485732839, 0.1604357732908196, -0.11100884219661267, -0.02860507120068606, -0.13275207573080428, -0.04456292444363408, 0.9999689230820358]","[-0.04264591735292859, -0.12485942717574984, 0.5222528524243658, -1.3580752816400956, -0.43459898753934817, 2.077891528625806, -0.6635277215620965]","[-0.028145917352928637, -0.11557968285192795, 0.5329485706437538, -1.3654758711198698, -0.4365059922860606, 2.0690413902437523, -0.6664985831916721]"
single_block,0.0,15,8,120,120,3,True,guarded,scripted_non_learned_reference,accepted,False,1.0,"[0.21749999999999936, 0.1391961648573286, 0.16043577329082126, -0.11100884219661267, -0.02860507120068606, -0.13275207573079761, -0.04456292444363574, 0.9999689230820358]","[0.21749999999999936, 0.1391961648573286, 0.16043577329082126, -0.11100884219661267, -0.02860507120068606, -0.13275207573079761, -0.04456292444363574, 0.9999689230820358]","[-0.028145917352928637, -0.11557968285192795, 0.5329485706437538, -1.3654758711198698, -0.4365059922860606, 2.0690413902437523, -0.6664985831916721]","[-0.01364591735292868, -0.10629993852810604, 0.5436442888631419, -1.372876460599644, -0.438412997032773, 2.060191251861699, -0.6694694448212478]"
single_block,0.0,15,8,120,120,4,True,guarded,scripted_non_learned_reference,accepted,False,1.0,"[0.217500000000005, 0.13919616485733194, 0.1604357732908246, -0.111008842196616, -0.028605071200686893, -0.13275207573080428, -0.04456292444363574, 0.9999689230820358]","[0.217500000000005, 0.13919616485733194, 0.1604357732908246, -0.111008842196616, -0.028605071200686893, -0.13275207573080428, -0.04456292444363574, 0.9999689230820358]","[-0.01364591735292868, -0.10629993852810604, 0.5436442888631419, -1.372876460599644, -0.438412997032773, 2.060191251861699, -0.6694694448212478]","[0.0008540826470716523, -0.09702019420428391, 0.5543400070825302, -1.3802770500794184, -0.44032000177948544, 2.0513411134796455, -0.6724403064508235]"
single_block,0.0,15,8,120,120,5,True,guarded,scripted_non_learned_reference,accepted,False,1.0,"[0.21749999999999917, 0.1391961648573282, 0.1604357732908196, -0.11100884219661267, -0.02860507120068606, -0.13275207573080428, -0.04456292444363408, 0.9999689230820358]","[0.21749999999999917, 0.1391961648573282, 0.1604357732908196, -0.11100884219661267, -0.02860507120068606, -0.13275207573080428, -0.04456292444363408, 0.9999689230820358]","[0.0008540826470716523, -0.09702019420428391, 0.5543400070825302, -1.3802770500794184, -0.44032000177948544, 2.0513411134796455, -0.6724403064508235]","[0.015354082647071596, -0.08774044988046203, 0.5650357253019181, -1.3876776395591925, -0.44222700652619784, 2.042490975097592, -0.6754111680803991]"
single_block,0.0,15,8,120,120,6,True,guarded,scripted_non_learned_reference,accepted,False,1.0,"[0.21749999999999917, 0.1391961648573286, 0.16043577329082126, -0.11100884219661267, -0.02860507120068606, -0.13275207573079761, -0.04456292444363408, 0.9999689230820358]","[0.21749999999999917, 0.1391961648573286, 0.16043577329082126, -0.11100884219661267, -0.02860507120068606, -0.13275207573079761, -0.04456292444363408, 0.9999689230820358]","[0.015354082647071596, -0.08774044988046203, 0.5650357253019181, -1.3876776395591925, -0.44222700652619784, 2.042490975097592, -0.6754111680803991]","[0.02985408264707154, -0.07846070555664013, 0.5757314435213062, -1.3950782290389667, -0.44413401127291025, 2.0336408367155387, -0.6783820297099747]"
single_block,0.0,15,8,120,120,7,True,guarded,scripted_non_learned_reference,accepted,False,1.0,"[0.21749999999999936, 0.13919616485732839, 0.1604357732908196, -0.11100884219661267, -0.02860507120068606, -0.13275207573080428, -0.04456292444363408, 0.9999689230820358]","[0.21749999999999936, 0.13919616485732839, 0.1604357732908196, -0.11100884219661267, -0.02860507120068606, -0.13275207573080428, -0.04456292444363408, 0.9999689230820358]","[0.02985408264707154, -0.07846070555664013, 0.5757314435213062, -1.3950782290389667, -0.44413401127291025, 2.0336408367155387, -0.6783820297099747]","[0.0443540826470715, -0.06918096123281824, 0.5864271617406942, -1.402478818518741, -0.44604101601962265, 2.024790698333485, -0.6813528913395503]"
single_block,0.0,15,8,120,120,8,True,guarded,scripted_non_learned_reference,accepted,False,1.0,"[0.21749999999999894, 0.1391961648573282, 0.16043577329082126, -0.11100884219661267, -0.02860507120068606, -0.13275207573079761, -0.04456292444363408, 0.9999689230820358]","[0.21749999999999894, 0.1391961648573282, 0.16043577329082126, -0.11100884219661267, -0.02860507120068606, -0.13275207573079761, -0.04456292444363408, 0.9999689230820358]","[0.0443540826470715, -0.06918096123281824, 0.5864271617406942, -1.402478818518741, -0.44604101601962265, 2.024790698333485, -0.6813528913395503]","[0.058854082647071426, -0.05990121690899636, 0.5971228799600823, -1.409879407998515, -0.44794802076633505, 2.015940559951432, -0.684323752969126]"
single_block,0.0,15,8,120,120,9,True,guarded,scripted_non_learned_reference,accepted,False,1.0,"[0.21749999999999936, 0.1391961648573286, 0.1604357732908196, -0.11100884219661267, -0.02860507120068606, -0.13275207573080428, -0.04456292444363574, 0.9999689230820358]","[0.21749999999999936, 0.1391961648573286, 0.1604357732908196, -0.11100884219661267, -0.02860507120068606, -0.13275207573080428, -0.04456292444363574, 0.9999689230820358]","[0.058854082647071426, -0.05990121690899636, 0.5971228799600823, -1.409879407998515, -0.44794802076633505, 2.015940559951432, -0.684323752969126]","[0.07335408264707138, -0.05062147258517445, 0.6078185981794703, -1.4172799974782893, -0.44985502551304746, 2.0070904215693783, -0.6872946145987017]"
single_block,0.0,15,8,120,120,10,True,guarded,scripted_non_learned_reference,accepted,False,1.0,"[0.21749999999999936, 0.1391961648573282, 0.1604357732908196, -0.11100884219661267, -0.02860507120068606, -0.13275207573079761, -0.04456292444363408, 0.9999689230820358]","[0.21749999999999936, 0.1391961648573282, 0.1604357732908196, -0.11100884219661267, -0.02860507120068606, -0.13275207573079761, -0.04456292444363408, 0.9999689230820358]","[0.07335408264707138, -0.05062147258517445, 0.6078185981794703, -1.4172799974782893, -0.44985502551304746, 2.0070904215693783, -0.6872946145987017]","[0.08785408264707134, -0.04134172826135257, 0.6185143163988582, -1.4246805869580634, -0.45176203025975986, 1.9982402831873252, -0.6902654762282773]"
single_block,0.0,15,8,120,120,11,True,guarded,scripted_non_learned_reference,accepted,False,1.0,"[0.2175000000000052, 0.13919616485733213, 0.1604357732908246, -0.111008842196616, -0.028605071200686893, -0.13275207573080428, -0.04456292444363574, 0.9999689230820358]","[0.2175000000000052, 0.13919616485733213, 0.1604357732908246, -0.111008842196616, -0.028605071200686893, -0.13275207573080428, -0.04456292444363574, 0.9999689230820358]","[0.08785408264707134, -0.04134172826135257, 0.6185143163988582, -1.4246805869580634, -0.45176203025975986, 1.9982402831873252, -0.6902654762282773]","[0.10235408264707169, -0.03206198393753043, 0.6292100346182465, -1.4320811764378378, -0.4536690350064723, 1.9893901448052715, -0.693236337857853]"
single_block,0.0,15,8,120,120,12,True,guarded,scripted_non_learned_reference,accepted,False,1.0,"[0.20136128833217604, 0.11405372271875114, 0.04501908960554968, -0.07307556677810356, 0.033530597900992554, -0.07987804042967506, -0.028859585066045024, 0.9999689230820358]","[0.20136128833217604, 0.11405372271875114, 0.04501908960554968, -0.07307556677810356, 0.033530597900992554, -0.07987804042967506, -0.028859585066045024, 0.9999689230820358]","[0.10235408264707169, -0.03206198393753043, 0.6292100346182465, -1.4320811764378378, -0.4536690350064723, 1.9893901448052715, -0.693236337857853]","[0.11577816853588342, -0.024458402422947022, 0.6322113072586165, -1.4369528808897114, -0.4514336618130728, 1.9840649421099599, -0.6951603101955893]"
single_block,0.0,15,8,120,120,13,True,guarded,scripted_non_learned_reference,accepted,False,1.0,"[0.16465325133818592, 0.05686640100816083, -0.21749999999999936, 0.01320493107243359, 0.17486024595330218, 0.040385713196048334, 0.006858183158978681, 0.9999689230820358]","[0.16465325133818592, 0.05686640100816083, -0.21749999999999936, 0.01320493107243359, 0.17486024595330218, 0.040385713196048334, 0.006858183158978681, 0.9999689230820358]","[0.11577816853588342, -0.024458402422947022, 0.6322113072586165, -1.4369528808897114, -0.4514336618130728, 1.9840649421099599, -0.6951603101955893]","[0.12675505195842915, -0.020667309022402967, 0.6177113072586166, -1.4360725521515492, -0.43977631208285267, 1.9867573229896964, -0.6947030979849907]"
single_block,0.0,15,8,120,120,14,True,guarded,scripted_non_learned_reference,accepted,False,1.0,"[0.1646532513381857, 0.05686640100816083, -0.21749999999999936, 0.01320493107243692, 0.17486024595330218, 0.040385713196048334, 0.006858183158978681, 0.9999689230820358]","[0.1646532513381857, 0.05686640100816083, -0.21749999999999936, 0.01320493107243692, 0.17486024595330218, 0.040385713196048334, 0.006858183158978681, 0.9999689230820358]","[0.12675505195842915, -0.020667309022402967, 0.6177113072586166, -1.4360725521515492, -0.43977631208285267, 1.9867573229896964, -0.6947030979849907]","[0.13773193538097486, -0.01687621562185891, 0.6032113072586166, -1.4351922234133867, -0.4281189623526325, 1.989449703869433, -0.6942458857743922]"
single_block,0.0,15,9,135,135,0,True,guarded,scripted_non_learned_reference,accepted,False,1.0,"[0.0053071320059418226, 0.020799638065845266, -0.4536946612594833, 0.14006691593702603, 0.19003317776601858, 0.04704037083274493, 0.007758812655674352, 0.9999717123517247]","[0.0053071320059418226, 0.020799638065845266, -0.4536946612594833, 0.14006691593702603, 0.19003317776601858, 0.04704037083274493, 0.007758812655674352, 0.9999717123517247]","[0.14825073605811087, -0.013417176157009192, 0.6188538406745366, -1.4436117764146805, -0.4284319338428784, 1.9893540056454349, -0.6942356039569195]","[0.148604544858507, -0.012030533619286174, 0.5886075299239044, -1.4342739820188788, -0.41576305532514385, 1.9924900303676178, -0.6937183497798746]"
single_block,0.0,15,9,135,135,1,True,guarded,scripted_non_learned_reference,accepted,False,1.0,"[0.16465325133818529, 0.056866401008160775, -0.21749999999999936, 0.01320493107243692, 0.17486024595330218, 0.040385713196048334, 0.006858183158978681, 0.9999717123517247]","[0.16465325133818529, 0.056866401008160775, -0.21749999999999936, 0.01320493107243692, 0.17486024595330218, 0.040385713196048334, 0.006858183158978681, 0.9999717123517247]","[0.148604544858507, -0.012030533619286174, 0.5886075299239044, -1.4342739820188788, -0.41576305532514385, 1.9924900303676178, -0.6937183497798746]","[0.15958142828105268, -0.008239440218742122, 0.5741075299239045, -1.4333936532807163, -0.4041057055949237, 1.9951824112473544, -0.693261137569276]"
single_block,0.0,15,9,135,135,2,True,guarded,scripted_non_learned_reference,accepted,False,1.0,"[0.1646532513381857, 0.056866401008160775, -0.21749999999999936, 0.01320493107243359, 0.17486024595330218, 0.040385713196048334, 0.006858183158978681, 0.9999717123517247]","[0.1646532513381857, 0.056866401008160775, -0.21749999999999936, 0.01320493107243359, 0.17486024595330218, 0.040385713196048334, 0.006858183158978681, 0.9999717123517247]","[0.15958142828105268, -0.008239440218742122, 0.5741075299239045, -1.4333936532807163, -0.4041057055949237, 1.9951824112473544, -0.693261137569276]","[0.1705583117035984, -0.004448346818198071, 0.5596075299239045, -1.432513324542554, -0.39244835586470356, 1.997874792127091, -0.6928039253586774]"
single_block,0.0,15,9,135,135,3,True,guarded,scripted_non_learned_reference,accepted,False,1.0,"[0.1646532513381857, 0.05686640100816083, -0.21749999999999936, 0.01320493107243359, 0.17486024595330218, 0.040385713196048334, 0.006858183158980347, 0.9999717123517247]","[0.1646532513381857, 0.05686640100816083, -0.21749999999999936, 0.01320493107243359, 0.17486024595330218, 0.040385713196048334, 0.006858183158980347, 0.9999717123517247]","[0.1705583117035984, -0.004448346818198071, 0.5596075299239045, -1.432513324542554, -0.39244835586470356, 1.997874792127091, -0.6928039253586774]","[0.1815351951261441, -0.0006572534176540155, 0.5451075299239045, -1.4316329958043919, -0.3807910061344834, 2.0005671730068277, -0.6923467131480787]"
single_block,0.0,15,9,135,135,4,True,guarded,scripted_non_learned_reference,accepted,False,1.0,"[0.1646532513381907, 0.056866401008162336, -0.21750000000000436, 0.01320493107243692, 0.17486024595330718, 0.040385713196051665, 0.006858183158978681, 0.9999717123517247]","[0.1646532513381907, 0.056866401008162336, -0.21750000000000436, 0.01320493107243692, 0.17486024595330718, 0.040385713196051665, 0.006858183158978681, 0.9999717123517247]","[0.1815351951261441, -0.0006572534176540155, 0.5451075299239045, -1.4316329958043919, -0.3807910061344834, 2.0005671730068277, -0.6923467131480787]","[0.19251207854869015, 0.00313383998289014, 0.5306075299239043, -1.4307526670662294, -0.36913365640426293, 2.0032595538865645, -0.6918895009374801]"
single_block,0.0,15,9,135,135,5,True,guarded,scripted_non_learned_reference,accepted,False,1.0,"[0.16465325133818529, 0.056866401008160726, -0.21749999999999936, 0.01320493107243359, 0.17486024595330218, 0.040385713196045, 0.006858183158978681, 0.9999717123517247]","[0.16465325133818529, 0.056866401008160726, -0.21749999999999936, 0.01320493107243359, 0.17486024595330218, 0.040385713196045, 0.006858183158978681, 0.9999717123517247]","[0.19251207854869015, 0.00313383998289014, 0.5306075299239043, -1.4307526670662294, -0.36913365640426293, 2.0032595538865645, -0.6918895009374801]","[0.20348896197123584, 0.006924933383434188, 0.5161075299239043, -1.4298723383280671, -0.3574763066740428, 2.005951934766301, -0.6914322887268816]"
single_block,0.0,15,9,135,135,6,True,guarded,scripted_non_learned_reference,accepted,False,1.0,"[0.1646532513381857, 0.056866401008160775, -0.21749999999999936, 0.01320493107243692, 0.17486024595330302, 0.040385713196045, 0.006858183158980347, 0.9999717123517247]","[0.1646532513381857, 0.056866401008160775, -0.21749999999999936, 0.01320493107243692, 0.17486024595330302, 0.040385713196045, 0.006858183158980347, 0.9999717123517247]","[0.20348896197123584, 0.006924933383434188, 0.5161075299239043, -1.4298723383280671, -0.3574763066740428, 2.005951934766301, -0.6914322887268816]","[0.21446584539378155, 0.01071602678397824, 0.5016075299239043, -1.4289920095899047, -0.3458189569438226, 2.008644315646037, -0.6909750765162829]"
single_block,0.0,15,9,135,135,7,True,guarded,scripted_non_learned_reference,accepted,False,1.0,"[0.16465325133818612, 0.05686640100816088, -0.21749999999999936, 0.01320493107243359, 0.17486024595330218, 0.040385713196051665, 0.006858183158978681, 0.9999717123517247]","[0.16465325133818612, 0.05686640100816088, -0.21749999999999936, 0.01320493107243359, 0.17486024595330218, 0.040385713196051665, 0.006858183158978681, 0.9999717123517247]","[0.21446584539378155, 0.01071602678397824, 0.5016075299239043, -1.4289920095899047, -0.3458189569438226, 2.008644315646037, -0.6909750765162829]","[0.2254427288163273, 0.014507120184522299, 0.4871075299239044, -1.4281116808517424, -0.33416160721360244, 2.011336696525774, -0.6905178643056843]"
single_block,0.0,15,9,135,135,8,True,guarded,scripted_non_learned_reference,accepted,False,1.0,"[0.16465325133818529, 0.056866401008160775, -0.21749999999999936, 0.01320493107243692, 0.17486024595330302, 0.040385713196045, 0.006858183158978681, 0.9999717123517247]","[0.16465325133818529, 0.056866401008160775, -0.21749999999999936, 0.01320493107243692, 0.17486024595330302, 0.040385713196045, 0.006858183158978681, 0.9999717123517247]","[0.2254427288163273, 0.014507120184522299, 0.4871075299239044, -1.4281116808517424, -0.33416160721360244, 2.011336696525774, -0.6905178643056843]","[0.23641961223887298, 0.01829821358506635, 0.4726075299239044, -1.42723135211358, -0.32250425748338224, 2.0140290774055103, -0.6900606520950857]"
single_block,0.0,15,9,135,135,9,True,guarded,scripted_non_learned_reference,accepted,False,1.0,"[0.1646532513381857, 0.056866401008160775, -0.21749999999999936, 0.01320493107243359, 0.17486024595330218, 0.040385713196051665, 0.006858183158980347, 0.9999717123517247]","[0.1646532513381857, 0.056866401008160775, -0.21749999999999936, 0.01320493107243359, 0.17486024595330218, 0.040385713196051665, 0.006858183158980347, 0.9999717123517247]","[0.23641961223887298, 0.01829821358506635, 0.4726075299239044, -1.42723135211358, -0.32250425748338224, 2.0140290774055103, -0.6900606520950857]","[0.2473964956614187, 0.022089306985610402, 0.45810752992390447, -1.4263510233754177, -0.3108469077531621, 2.016721458285247, -0.689603439884487]"
single_block,0.0,15,9,135,135,10,True,guarded,scripted_non_learned_reference,accepted,False,1.0,"[0.16465325133818529, 0.056866401008160775, -0.21749999999999936, 0.01320493107243692, 0.17486024595330218, 0.040385713196045, 0.006858183158978681, 0.9999717123517247]","[0.16465325133818529, 0.056866401008160775, -0.21749999999999936, 0.01320493107243692, 0.17486024595330218, 0.040385713196045, 0.006858183158978681, 0.9999717123517247]","[0.2473964956614187, 0.022089306985610402, 0.45810752992390447, -1.4263510233754177, -0.3108469077531621, 2.016721458285247, -0.689603439884487]","[0.2583733790839644, 0.025880400386154453, 0.4436075299239045, -1.4254706946372553, -0.29918955802294195, 2.0194138391649834, -0.6891462276738884]"
single_block,0.0,15,9,135,135,11,True,guarded,scripted_non_learned_reference,accepted,False,1.0,"[0.1646532513381907, 0.056866401008162336, -0.2175000000000052, 0.01320493107243359, 0.17486024595330718, 0.040385713196051665, 0.006858183158978681, 0.9999717123517247]","[0.1646532513381907, 0.056866401008162336, -0.2175000000000052, 0.01320493107243359, 0.17486024595330718, 0.040385713196051665, 0.006858183158978681, 0.9999717123517247]","[0.2583733790839644, 0.025880400386154453, 0.4436075299239045, -1.4254706946372553, -0.29918955802294195, 2.0194138391649834, -0.6891462276738884]","[0.26935026250651045, 0.02967149378669861, 0.42910752992390416, -1.424590365899093, -0.28753220829272147, 2.02210622004472, -0.6886890154632899]"
single_block,0.0,15,9,135,135,12,True,guarded,scripted_non_learned_reference,accepted,False,1.0,"[0.1646532513381857, 0.05686640100816067, -0.21749999999999853, 0.01320493107243692, 0.17486024595330218, 0.040385713196045, 0.006858183158980347, 0.9999717123517247]","[0.1646532513381857, 0.05686640100816067, -0.21749999999999853, 0.01320493107243692, 0.17486024595330218, 0.040385713196045, 0.006858183158980347, 0.9999717123517247]","[0.26935026250651045, 0.02967149378669861, 0.42910752992390416, -1.424590365899093, -0.28753220829272147, 2.02210622004472, -0.6886890154632899]","[0.28032714592905617, 0.033462587187242654, 0.41460752992390426, -1.4237100371609306, -0.2758748585625013, 2.0247986009244565, -0.6882318032526912]"
single_block,0.0,15,9,135,135,13,True,guarded,scripted_non_learned_reference,accepted,False,1.0,"[0.1646532513381857, 0.05686640100816088, -0.21749999999999936, 0.01320493107243359, 0.17486024595330218, 0.040385713196051665, 0.006858183158978681, 0.9999717123517247]","[0.1646532513381857, 0.05686640100816088, -0.21749999999999936, 0.01320493107243359, 0.17486024595330218, 0.040385713196051665, 0.006858183158978681, 0.9999717123517247]","[0.28032714592905617, 0.033462587187242654, 0.41460752992390426, -1.4237100371609306, -0.2758748585625013, 2.0247986009244565, -0.6882318032526912]","[0.2913040293516019, 0.03725368058778671, 0.4001075299239043, -1.4228297084227683, -0.2642175088322812, 2.0274909818041933, -0.6877745910420926]"
single_block,0.0,15,9,135,135,14,True,guarded,scripted_non_learned_reference,accepted,False,1.0,"[0.1646532513381857, 0.05686640100816088, -0.21749999999999936, 0.01320493107243692, 0.17486024595330218, 0.040385713196045, 0.006858183158978681, 0.9999717123517247]","[0.1646532513381857, 0.05686640100816088, -0.21749999999999936, 0.01320493107243692, 0.17486024595330218, 0.040385713196045, 0.006858183158978681, 0.9999717123517247]","[0.2913040293516019, 0.03725368058778671, 0.4001075299239043, -1.4228297084227683, -0.2642175088322812, 2.0274909818041933, -0.6877745910420926]","[0.3022809127741476, 0.04104477398833077, 0.38560752992390435, -1.4219493796846059, -0.25256015910206103, 2.0301833626839296, -0.687317378831494]"
single_block,0.0,15,10,150,150,0,True,guarded,scripted_non_learned_reference,accepted,False,1.0,"[0.18689707614029855, 0.03804265263179823, -0.24768209728398938, 0.01950891321241932, 0.20811710740616066, 0.05210985507950738, 0.009205610300964118, 0.9999762414607493]","[0.18689707614029855, 0.03804265263179823, -0.24768209728398938, 0.01950891321241932, 0.20811710740616066, 0.05210985507950738, 0.009205610300964118, 0.9999762414607493]","[0.2996724158187903, 0.04366594820574563, 0.3863063079005168, -1.423115913887037, -0.2549965296065121, 2.0291264810061684, -0.6874333077405249]","[0.3121322208948102, 0.046202125047865514, 0.36979416808158416, -1.4218153196728758, -0.2411220557794347, 2.0326004713448023, -0.6868196003871273]"
single_block,0.0,15,10,150,150,1,True,guarded,scripted_non_learned_reference,accepted,False,1.0,"[0.16465325133818653, 0.05686640100816098, -0.21749999999999936, 0.01320493107243359, 0.1748602459533026, 0.040385713196045, 0.006858183158978681, 0.9999762414607493]","[0.16465325133818653, 0.05686640100816098, -0.21749999999999936, 0.01320493107243359, 0.1748602459533026, 0.040385713196045, 0.006858183158978681, 0.9999762414607493]","[0.3121322208948102, 0.046202125047865514, 0.36979416808158416, -1.4218153196728758, -0.2411220557794347, 2.0326004713448023, -0.6868196003871273]","[0.32310910431735596, 0.04999321844840958, 0.3552941680815842, -1.4209349909347135, -0.22946470604921454, 2.0352928522245386, -0.6863623881765287]"
single_block,0.0,15,10,150,150,2,True,guarded,scripted_non_learned_reference,accepted,False,1.0,"[0.1646532513381857, 0.056866401008160775, -0.21749999999999936, 0.01320493107243692, 0.1748602459533026, 0.040385713196051665, 0.006858183158978681, 0.9999762414607493]","[0.1646532513381857, 0.056866401008160775, -0.21749999999999936, 0.01320493107243692, 0.1748602459533026, 0.040385713196051665, 0.006858183158978681, 0.9999762414607493]","[0.32310910431735596, 0.04999321844840958, 0.3552941680815842, -1.4209349909347135, -0.22946470604921454, 2.0352928522245386, -0.6863623881765287]","[0.33408598773990167, 0.05378431184895363, 0.34079416808158425, -1.420054662196551, -0.21780735631899437, 2.0379852331042754, -0.6859051759659301]"
single_block,0.0,15,10,150,150,3,True,guarded,scripted_non_learned_reference,accepted,False,1.0,"[0.1646532513381857, 0.056866401008160775, -0.21749999999999936, 0.01320493107243359, 0.1748602459533026, 0.040385713196045, 0.006858183158980347, 0.9999762414607493]","[0.1646532513381857, 0.056866401008160775, -0.21749999999999936, 0.01320493107243359, 0.1748602459533026, 0.040385713196045, 0.006858183158980347, 0.9999762414607493]","[0.33408598773990167, 0.05378431184895363, 0.34079416808158425, -1.420054662196551, -0.21780735631899437, 2.0379852331042754, -0.6859051759659301]","[0.3450628711624474, 0.05757540524949768, 0.3262941680815843, -1.4191743334583888, -0.2061500065887742, 2.0406776139840117, -0.6854479637553315]"
single_block,0.0,15,10,150,150,4,True,guarded,scripted_non_learned_reference,accepted,False,1.0,"[0.16465325133818987, 0.05686640100816223, -0.21750000000000436, 0.01320493107243692, 0.17486024595330635, 0.040385713196051665, 0.006858183158978681, 0.9999762414607493]","[0.16465325133818987, 0.05686640100816223, -0.21750000000000436, 0.01320493107243692, 0.17486024595330635, 0.040385713196051665, 0.006858183158978681, 0.9999762414607493]","[0.3450628711624474, 0.05757540524949768, 0.3262941680815843, -1.4191743334583888, -0.2061500065887742, 2.0406776139840117, -0.6854479637553315]","[0.3560397545849934, 0.06136649865004183, 0.311794168081584, -1.4182940047202264, -0.19449265685855377, 2.0433699948637485, -0.6849907515447329]"
single_block,0.0,15,10,150,150,5,True,guarded,scripted_non_learned_reference,accepted,False,1.0,"[0.16465325133818653, 0.05686640100816098, -0.21749999999999936, 0.01320493107243359, 0.17486024595330302, 0.040385713196045, 0.006858183158978681, 0.9999762414607493]","[0.16465325133818653, 0.05686640100816098, -0.21749999999999936, 0.01320493107243359, 0.17486024595330302, 0.040385713196045, 0.006858183158978681, 0.9999762414607493]","[0.3560397545849934, 0.06136649865004183, 0.311794168081584, -1.4182940047202264, -0.19449265685855377, 2.0433699948637485, -0.6849907515447329]","[0.36701663800753914, 0.0651575920505859, 0.29729416808158404, -1.4174136759820641, -0.18283530712833357, 2.046062375743485, -0.6845335393341343]"
single_block,0.0,15,10,150,150,6,True,guarded,scripted_non_learned_reference,accepted,False,1.0,"[0.16465325133818487, 0.056866401008160566, -0.21749999999999936, 0.01320493107243692, 0.17486024595330218, 0.040385713196051665, 0.006858183158980347, 0.9999762414607493]","[0.16465325133818487, 0.056866401008160566, -0.21749999999999936, 0.01320493107243692, 0.17486024595330218, 0.040385713196051665, 0.006858183158980347, 0.9999762414607493]","[0.36701663800753914, 0.0651575920505859, 0.29729416808158404, -1.4174136759820641, -0.18283530712833357, 2.046062375743485, -0.6845335393341343]","[0.3779935214300848, 0.06894868545112993, 0.2827941680815841, -1.4165333472439017, -0.17117795739811342, 2.0487547566232216, -0.6840763271235356]"
single_block,0.0,15,10,150,150,7,True,guarded,scripted_non_learned_reference,accepted,False,1.0,"[0.16465325133818487, 0.056866401008160775, -0.21749999999999853, 0.01320493107243359, 0.17486024595330218, 0.040385713196045, 0.006858183158978681, 0.9999762414607493]","[0.16465325133818487, 0.056866401008160775, -0.21749999999999853, 0.01320493107243359, 0.17486024595330218, 0.040385713196045, 0.006858183158978681, 0.9999762414607493]","[0.3779935214300848, 0.06894868545112993, 0.2827941680815841, -1.4165333472439017, -0.17117795739811342, 2.0487547566232216, -0.6840763271235356]","[0.38897040485263046, 0.07273977885167399, 0.2682941680815842, -1.4156530185057394, -0.15952060766789328, 2.051447137502958, -0.683619114912937]"
single_block,0.0,15,10,150,150,8,True,guarded,scripted_non_learned_reference,accepted,False,1.0,"[0.16465325133818653, 0.056866401008160775, -0.21749999999999936, 0.01320493107243692, 0.17486024595330218, 0.040385713196045, 0.006858183158978681, 0.9999762414607493]","[0.16465325133818653, 0.056866401008160775, -0.21749999999999936, 0.01320493107243692, 0.17486024595330218, 0.040385713196045, 0.006858183158978681, 0.9999762414607493]","[0.38897040485263046, 0.07273977885167399, 0.2682941680815842, -1.4156530185057394, -0.15952060766789328, 2.051447137502958, -0.683619114912937]","[0.3999472882751762, 0.07653087225221804, 0.2537941680815842, -1.414772689767577, -0.14786325793767313, 2.0541395183826943, -0.6831619027023385]"
single_block,0.0,15,10,150,150,9,True,guarded,scripted_non_learned_reference,accepted,False,1.0,"[0.16465325133818487, 0.05686640100816098, -0.21749999999999936, 0.01320493107243359, 0.17486024595330302, 0.040385713196051665, 0.006858183158980347, 0.9999762414607493]","[0.16465325133818487, 0.05686640100816098, -0.21749999999999936, 0.01320493107243359, 0.17486024595330302, 0.040385713196051665, 0.006858183158980347, 0.9999762414607493]","[0.3999472882751762, 0.07653087225221804, 0.2537941680815842, -1.414772689767577, -0.14786325793767313, 2.0541395183826943, -0.6831619027023385]","[0.4109241716977219, 0.0803219656527621, 0.23929416808158427, -1.4138923610294147, -0.13620590820745293, 2.056831899262431, -0.6827046904917398]"
single_block,0.0,15,10,150,150,10,True,guarded,scripted_non_learned_reference,accepted,False,1.0,"[0.16465325133818653, 0.056866401008160775, -0.21749999999999936, 0.01320493107243692, 0.17486024595330218, 0.040385713196045, 0.006858183158978681, 0.9999762414607493]","[0.16465325133818653, 0.056866401008160775, -0.21749999999999936, 0.01320493107243692, 0.17486024595330218, 0.040385713196045, 0.006858183158978681, 0.9999762414607493]","[0.4109241716977219, 0.0803219656527621, 0.23929416808158427, -1.4138923610294147, -0.13620590820745293, 2.056831899262431, -0.6827046904917398]","[0.42190105512026765, 0.08411305905330616, 0.2247941680815843, -1.4130120322912523, -0.12454855847723278, 2.0595242801421674, -0.6822474782811412]"
single_block,0.0,15,10,150,150,11,True,guarded,scripted_non_learned_reference,accepted,False,1.0,"[0.16465325133818987, 0.05686640100816244, -0.21750000000000602, 0.01320493107243359, 0.17486024595330718, 0.040385713196051665, 0.006858183158978681, 0.9999762414607493]","[0.16465325133818987, 0.05686640100816244, -0.21750000000000602, 0.01320493107243359, 0.17486024595330718, 0.040385713196051665, 0.006858183158978681, 0.9999762414607493]","[0.42190105512026765, 0.08411305905330616, 0.2247941680815843, -1.4130120322912523, -0.12454855847723278, 2.0595242801421674, -0.6822474782811412]","[0.43287793854281365, 0.08790415245385032, 0.2102941680815839, -1.41213170355309, -0.1128912087470123, 2.062216661021904, -0.6817902660705426]"
single_block,0.0,15,10,150,150,12,True,guarded,scripted_non_learned_reference,accepted,False,1.0,"[0.16465325133818487, 0.056866401008160566, -0.2174999999999977, 0.01320493107243359, 0.17486024595330135, 0.040385713196045, 0.006858183158980347, 0.9999762414607493]","[0.16465325133818487, 0.056866401008160566, -0.2174999999999977, 0.01320493107243359, 0.17486024595330135, 0.040385713196045, 0.006858183158980347, 0.9999762414607493]","[0.43287793854281365, 0.08790415245385032, 0.2102941680815839, -1.41213170355309, -0.1128912087470123, 2.062216661021904, -0.6817902660705426]","[0.4438548219653593, 0.09169524585439436, 0.19579416808158406, -1.4112513748149278, -0.10123385901679222, 2.0649090419016405, -0.6813330538599439]"
single_block,0.0,15,10,150,150,13,True,guarded,scripted_non_learned_reference,accepted,False,1.0,"[0.16465325133818653, 0.056866401008160775, -0.21749999999999936, 0.01320493107243692, 0.17486024595330302, 0.040385713196051665, 0.006858183158978681, 0.9999762414607493]","[0.16465325133818653, 0.056866401008160775, -0.21749999999999936, 0.01320493107243692, 0.17486024595330302, 0.040385713196051665, 0.006858183158978681, 0.9999762414607493]","[0.4438548219653593, 0.09169524585439436, 0.19579416808158406, -1.4112513748149278, -0.10123385901679222, 2.0649090419016405, -0.6813330538599439]","[0.45483170538790507, 0.09548633925493841, 0.1812941680815841, -1.4103710460767653, -0.08957650928657201, 2.0676014227813773, -0.6808758416493453]"
single_block,0.0,15,10,150,150,14,True,guarded,scripted_non_learned_reference,accepted,False,1.0,"[0.16465325133818653, 0.056866401008160775, -0.21749999999999936, 0.01320493107243359, 0.17486024595330218, 0.040385713196045, 0.006858183158978681, 0.9999762414607493]","[0.16465325133818653, 0.056866401008160775, -0.21749999999999936, 0.01320493107243359, 0.17486024595330218, 0.040385713196045, 0.006858183158978681, 0.9999762414607493]","[0.45483170538790507, 0.09548633925493841, 0.1812941680815841, -1.4103710460767653, -0.08957650928657201, 2.0676014227813773, -0.6808758416493453]","[0.46580858881045084, 0.09927743265548246, 0.16679416808158415, -1.409490717338603, -0.07791915955635187, 2.0702938036611136, -0.6804186294387468]"
single_block,0.0,15,11,165,165,0,True,guarded,scripted_non_learned_reference,accepted,False,1.0,"[0.2050942276913445, 0.02091786785260348, -0.22705977385347895, 0.02871319890151991, 0.2113336809496376, 0.05526720465603541, 0.008572291767922624, 0.9999768900701901]","[0.2050942276913445, 0.02091786785260348, -0.22705977385347895, 0.02871319890151991, 0.2113336809496376, 0.05526720465603541, 0.008572291767922624, 0.9999768900701901]","[0.46289219404673293, 0.10275927863738396, 0.1672252801912898, -1.4115649964796835, -0.08058749401743358, 2.068900070560158, -0.6805484211666577]","[0.47656514255948923, 0.10415380316089086, 0.1520879619343912, -1.4096507832195821, -0.0664985819541244, 2.0725845508705603, -0.6799769350487962]"
single_block,0.0,15,11,165,165,1,True,guarded,scripted_non_learned_reference,accepted,False,1.0,"[0.16465325133818653, 0.056866401008160566, -0.2175000000000002, 0.01320493107243359, 0.17486024595330218, 0.040385713196045, 0.006858183158978681, 0.9999768900701901]","[0.16465325133818653, 0.056866401008160566, -0.2175000000000002, 0.01320493107243359, 0.17486024595330218, 0.040385713196045, 0.006858183158978681, 0.9999768900701901]","[0.47656514255948923, 0.10415380316089086, 0.1520879619343912, -1.4096507832195821, -0.0664985819541244, 2.0725845508705603, -0.6799769350487962]","[0.487542025982035, 0.1079448965614349, 0.13758796193439118, -1.40877045448142, -0.05484123222390426, 2.0752769317502966, -0.6795197228381976]"
single_block,0.0,15,11,165,165,2,True,guarded,scripted_non_learned_reference,accepted,False,1.0,"[0.16465325133818487, 0.05686640100816098, -0.21749999999999936, 0.01320493107243692, 0.17486024595330302, 0.040385713196051665, 0.006858183158978681, 0.9999768900701901]","[0.16465325133818487, 0.05686640100816098, -0.21749999999999936, 0.01320493107243692, 0.17486024595330302, 0.040385713196051665, 0.006858183158978681, 0.9999768900701901]","[0.487542025982035, 0.1079448965614349, 0.13758796193439118, -1.40877045448142, -0.05484123222390426, 2.0752769317502966, -0.6795197228381976]","[0.49851890940458066, 0.11173598996197896, 0.12308796193439123, -1.4078901257432574, -0.04318388249368406, 2.0779693126300334, -0.679062510627599]"
single_block,0.0,15,11,165,165,3,True,guarded,scripted_non_learned_reference,accepted,False,1.0,"[0.16465325133818653, 0.05686640100816098, -0.21749999999999936, 0.01320493107243359, 0.17486024595330218, 0.040385713196045, 0.006858183158980347, 0.9999768900701901]","[0.16465325133818653, 0.05686640100816098, -0.21749999999999936, 0.01320493107243359, 0.17486024595330218, 0.040385713196045, 0.006858183158980347, 0.9999768900701901]","[0.49851890940458066, 0.11173598996197896, 0.12308796193439123, -1.4078901257432574, -0.04318388249368406, 2.0779693126300334, -0.679062510627599]","[0.5094957928271264, 0.11552708336252303, 0.10858796193439127, -1.4070097970050952, -0.03152653276346391, 2.0806616935097697, -0.6786052984170003]"
single_block,0.0,15,11,165,165,4,True,guarded,scripted_non_learned_reference,accepted,False,1.0,"[0.16465325133818987, 0.056866401008161815, -0.21750000000000436, 0.01320493107243692, 0.17486024595330635, 0.040385713196051665, 0.006858183158978681, 0.9999768900701901]","[0.16465325133818987, 0.056866401008161815, -0.21750000000000436, 0.01320493107243692, 0.17486024595330635, 0.040385713196051665, 0.006858183158978681, 0.9999768900701901]","[0.5094957928271264, 0.11552708336252303, 0.10858796193439127, -1.4070097970050952, -0.03152653276346391, 2.0806616935097697, -0.6786052984170003]","[0.5204726762496724, 0.11931817676306715, 0.09408796193439098, -1.4061294682669327, -0.01986918303324349, 2.0833540743895065, -0.6781480862064018]"
single_block,0.0,15,11,165,165,5,True,guarded,scripted_non_learned_reference,accepted,False,1.0,"[0.16465325133818487, 0.05686640100816098, -0.21749999999999936, 0.01320493107243359, 0.17486024595330302, 0.040385713196045, 0.006858183158978681, 0.9999768900701901]","[0.16465325133818487, 0.05686640100816098, -0.21749999999999936, 0.01320493107243359, 0.17486024595330302, 0.040385713196045, 0.006858183158978681, 0.9999768900701901]","[0.5204726762496724, 0.11931817676306715, 0.09408796193439098, -1.4061294682669327, -0.01986918303324349, 2.0833540743895065, -0.6781480862064018]","[0.5314495596722181, 0.12310927016361121, 0.07958796193439102, -1.4052491395287705, -0.008211833303023289, 2.086046455269243, -0.6776908739958032]"
single_block,0.0,15,11,165,165,6,True,guarded,scripted_non_learned_reference,accepted,False,1.0,"[0.16465325133818653, 0.05686640100816098, -0.21749999999999936, 0.01320493107243692, 0.17486024595330218, 0.040385713196051665, 0.006858183158980347, 0.9999768900701901]","[0.16465325133818653, 0.05686640100816098, -0.21749999999999936, 0.01320493107243692, 0.17486024595330218, 0.040385713196051665, 0.006858183158980347, 0.9999768900701901]","[0.5314495596722181, 0.12310927016361121, 0.07958796193439102, -1.4052491395287705, -0.008211833303023289, 2.086046455269243, -0.6776908739958032]","[0.5424264430947638, 0.1269003635641553, 0.06508796193439106, -1.404368810790608, 0.003445516427196857, 2.0887388361489796, -0.6772336617852045]"
single_block,0.0,15,11,165,165,7,True,guarded,scripted_non_learned_reference,accepted,False,1.0,"[0.16465325133818487, 0.056866401008160566, -0.21749999999999936, 0.01320493107243359, 0.17486024595330302, 0.040385713196045, 0.006858183158978681, 0.9999768900701901]","[0.16465325133818487, 0.056866401008160566, -0.21749999999999936, 0.01320493107243359, 0.17486024595330302, 0.040385713196045, 0.006858183158978681, 0.9999768900701901]","[0.5424264430947638, 0.1269003635641553, 0.06508796193439106, -1.404368810790608, 0.003445516427196857, 2.0887388361489796, -0.6772336617852045]","[0.5534033265173095, 0.13069145696469933, 0.05058796193439111, -1.4034884820524458, 0.015102866157417058, 2.091431217028716, -0.6767764495746059]"
single_block,0.0,15,11,165,165,8,True,guarded,scripted_non_learned_reference,accepted,False,1.0,"[0.16465325133818653, 0.05686640100816098, -0.21749999999999936, 0.01320493107243359, 0.17486024595330218, 0.040385713196051665, 0.006858183158978681, 0.9999768900701901]","[0.16465325133818653, 0.05686640100816098, -0.21749999999999936, 0.01320493107243359, 0.17486024595330218, 0.040385713196051665, 0.006858183158978681, 0.9999768900701901]","[0.5534033265173095, 0.13069145696469933, 0.05058796193439111, -1.4034884820524458, 0.015102866157417058, 2.091431217028716, -0.6767764495746059]","[0.5643802099398553, 0.1344825503652434, 0.03608796193439115, -1.4026081533142836, 0.026760215887637204, 2.0941235979084527, -0.6763192373640073]"
single_block,0.0,15,11,165,165,9,True,guarded,scripted_non_learned_reference,accepted,False,1.0,"[0.16465325133818487, 0.056866401008160566, -0.2174999999999977, 0.01320493107243692, 0.17486024595330135, 0.040385713196045, 0.006858183158980347, 0.9999768900701901]","[0.16465325133818487, 0.056866401008160566, -0.2174999999999977, 0.01320493107243692, 0.17486024595330135, 0.040385713196045, 0.006858183158980347, 0.9999768900701901]","[0.5643802099398553, 0.1344825503652434, 0.03608796193439115, -1.4026081533142836, 0.026760215887637204, 2.0941235979084527, -0.6763192373640073]","[0.5753570933624009, 0.13827364376578744, 0.021587961934391303, -1.401727824576121, 0.038417565617857294, 2.096815978788189, -0.6758620251534087]"
single_block,0.0,15,11,165,165,10,True,guarded,scripted_non_learned_reference,accepted,False,1.0,"[0.16465325133818653, 0.05686640100816098, -0.21749999999999936, 0.01320493107243359, 0.17486024595330302, 0.040385713196051665, 0.006858183158978681, 0.9999768900701901]","[0.16465325133818653, 0.05686640100816098, -0.21749999999999936, 0.01320493107243359, 0.17486024595330302, 0.040385713196051665, 0.006858183158978681, 0.9999768900701901]","[0.5753570933624009, 0.13827364376578744, 0.021587961934391303, -1.401727824576121, 0.038417565617857294, 2.096815978788189, -0.6758620251534087]","[0.5863339767849467, 0.1420647371663315, 0.007087961934391346, -1.4008474958379589, 0.050074915348077495, 2.099508359667926, -0.6754048129428101]"
single_block,0.0,15,11,165,165,11,True,guarded,scripted_non_learned_reference,accepted,False,1.0,"[0.16465325133818987, 0.05686640100816223, -0.21750000000000602, 0.01320493107243692, 0.17486024595330718, 0.040385713196045, 0.006858183158978681, 0.9999768900701901]","[0.16465325133818987, 0.05686640100816223, -0.21750000000000602, 0.01320493107243692, 0.17486024595330718, 0.040385713196045, 0.006858183158978681, 0.9999768900701901]","[0.5863339767849467, 0.1420647371663315, 0.007087961934391346, -1.4008474958379589, 0.050074915348077495, 2.099508359667926, -0.6754048129428101]","[0.5973108602074927, 0.14585583056687565, -0.007412038065609056, -1.3999671670997964, 0.061732265078297974, 2.102200740547662, -0.6749476007322115]"
single_block,0.0,15,11,165,165,12,True,guarded,scripted_non_learned_reference,accepted,False,1.0,"[0.16465325133818653, 0.05686640100816098, -0.21749999999999936, 0.01320493107243359, 0.17486024595330218, 0.040385713196051665, 0.006858183158980347, 0.9999768900701901]","[0.16465325133818653, 0.05686640100816098, -0.21749999999999936, 0.01320493107243359, 0.17486024595330218, 0.040385713196051665, 0.006858183158980347, 0.9999768900701901]","[0.5973108602074927, 0.14585583056687565, -0.007412038065609056, -1.3999671670997964, 0.061732265078297974, 2.102200740547662, -0.6749476007322115]","[0.6082877436300385, 0.14964692396741971, -0.021912038065609013, -1.3990868383616342, 0.07338961480851812, 2.104893121427399, -0.6744903885216128]"
single_block,0.0,15,11,165,165,13,True,guarded,scripted_non_learned_reference,accepted,False,1.0,"[0.16465325133818487, 0.056866401008160566, -0.21749999999999936, 0.01320493107243692, 0.17486024595330218, 0.040385713196045, 0.006858183158978681, 0.9999768900701901]","[0.16465325133818487, 0.056866401008160566, -0.21749999999999936, 0.01320493107243692, 0.17486024595330218, 0.040385713196045, 0.006858183158978681, 0.9999768900701901]","[0.6082877436300385, 0.14964692396741971, -0.021912038065609013, -1.3990868383616342, 0.07338961480851812, 2.104893121427399, -0.6744903885216128]","[0.6192646270525841, 0.15343801736796375, -0.03641203806560897, -1.3982065096234717, 0.08504696453873827, 2.1075855023071353, -0.6740331763110142]"
single_block,0.0,15,11,165,165,14,True,guarded,scripted_non_learned_reference,accepted,False,1.0,"[0.16465325133818487, 0.056866401008160566, -0.2174999999999977, 0.01320493107243359, 0.17486024595330218, 0.040385713196045, 0.006858183158978681, 0.9999768900701901]","[0.16465325133818487, 0.056866401008160566, -0.2174999999999977, 0.01320493107243359, 0.17486024595330218, 0.040385713196045, 0.006858183158978681, 0.9999768900701901]","[0.6192646270525841, 0.15343801736796375, -0.03641203806560897, -1.3982065096234717, 0.08504696453873827, 2.1075855023071353, -0.6740331763110142]","[0.6302415104751298, 0.1572291107685078, -0.05091203806560882, -1.3973261808853095, 0.09670431426895841, 2.1102778831868716, -0.6735759641004156]"
single_block,0.0,15,12,180,180,0,True,guarded,scripted_non_learned_reference,accepted,False,1.0,"[0.20892330558979766, 0.003065746146547893, -0.22411231390465264, 0.04608773458412929, 0.2148756839947938, 0.06158653008023096, 0.008789753826587976, 0.9999778796041443]","[0.20892330558979766, 0.003065746146547893, -0.22411231390465264, 0.04608773458412929, 0.2148756839947938, 0.06158653008023096, 0.008789753826587976, 0.9999778796041443]","[0.6287403524454263, 0.1573096977267316, -0.04884787181440648, -1.397769617096861, 0.09379407963784375, 2.1091934556652987, -0.673800107675295]","[0.6426685728180794, 0.15751408080316812, -0.06378869274138332, -1.394697101457919, 0.10811912523749667, 2.113299224337314, -0.6732141240868558]"
single_block,0.0,15,12,180,180,1,True,guarded,scripted_non_learned_reference,accepted,False,1.0,"[0.16465325133818487, 0.05686640100816098, -0.21749999999999936, 0.01320493107243359, 0.17486024595330385, 0.040385713196045, 0.006858183158978681, 0.9999778796041443]","[0.16465325133818487, 0.05686640100816098, -0.21749999999999936, 0.01320493107243359, 0.17486024595330385, 0.040385713196045, 0.006858183158978681, 0.9999778796041443]","[0.6426685728180794, 0.15751408080316812, -0.06378869274138332, -1.394697101457919, 0.10811912523749667, 2.113299224337314, -0.6732141240868558]","[0.6536454562406251, 0.16130517420371218, -0.07828869274138328, -1.3938167727197568, 0.11977647496771693, 2.1159916052170504, -0.6727569118762572]"
single_block,0.0,15,12,180,180,2,True,guarded,scripted_non_learned_reference,accepted,False,1.0,"[0.16465325133818653, 0.056866401008160566, -0.21749999999999936, 0.01320493107243692, 0.17486024595330218, 0.040385713196051665, 0.006858183158978681, 0.9999778796041443]","[0.16465325133818653, 0.056866401008160566, -0.21749999999999936, 0.01320493107243692, 0.17486024595330218, 0.040385713196051665, 0.006858183158978681, 0.9999778796041443]","[0.6536454562406251, 0.16130517420371218, -0.07828869274138328, -1.3938167727197568, 0.11977647496771693, 2.1159916052170504, -0.6727569118762572]","[0.6646223396631709, 0.16509626760425622, -0.09278869274138324, -1.3929364439815943, 0.13143382469793707, 2.118683986096787, -0.6722996996656586]"
single_block,0.0,15,12,180,180,3,True,guarded,scripted_non_learned_reference,accepted,False,1.0,"[0.16465325133818487, 0.056866401008160566, -0.21749999999999936, 0.01320493107243359, 0.17486024595330052, 0.040385713196045, 0.006858183158980347, 0.9999778796041443]","[0.16465325133818487, 0.056866401008160566, -0.21749999999999936, 0.01320493107243359, 0.17486024595330052, 0.040385713196045, 0.006858183158980347, 0.9999778796041443]","[0.6646223396631709, 0.16509626760425622, -0.09278869274138324, -1.3929364439815943, 0.13143382469793707, 2.118683986096787, -0.6722996996656586]","[0.6755992230857165, 0.16888736100480026, -0.1072886927413832, -1.392056115243432, 0.1430911744281571, 2.1213763669765235, -0.6718424874550599]"
single_block,0.0,15,12,180,180,4,True,guarded,scripted_non_learned_reference,accepted,False,1.0,"[0.16465325133818987, 0.05686640100816265, -0.21750000000000436, 0.01320493107243692, 0.17486024595330885, 0.040385713196051665, 0.006858183158978681, 0.9999778796041443]","[0.16465325133818987, 0.05686640100816265, -0.21750000000000436, 0.01320493107243692, 0.17486024595330885, 0.040385713196051665, 0.006858183158978681, 0.9999778796041443]","[0.6755992230857165, 0.16888736100480026, -0.1072886927413832, -1.392056115243432, 0.1430911744281571, 2.1213763669765235, -0.6718424874550599]","[0.6865761065082625, 0.17267845440534443, -0.12178869274138349, -1.3911757865052696, 0.1547485241583777, 2.1240687478562603, -0.6713852752444613]"
single_block,0.0,15,12,180,180,5,True,guarded,scripted_non_learned_reference,accepted,False,1.0,"[0.16465325133818653, 0.05686640100816098, -0.21750000000000103, 0.01320493107243359, 0.17486024595330218, 0.040385713196045, 0.006858183158978681, 0.9999778796041443]","[0.16465325133818653, 0.05686640100816098, -0.21750000000000103, 0.01320493107243359, 0.17486024595330218, 0.040385713196045, 0.006858183158978681, 0.9999778796041443]","[0.6865761065082625, 0.17267845440534443, -0.12178869274138349, -1.3911757865052696, 0.1547485241583777, 2.1240687478562603, -0.6713852752444613]","[0.6975529899308083, 0.1764695478058885, -0.13628869274138355, -1.3902954577671074, 0.16640587388859784, 2.1267611287359967, -0.6709280630338628]"
single_block,0.0,15,12,180,180,6,True,guarded,scripted_non_learned_reference,accepted,False,1.0,"[0.16465325133818487, 0.056866401008160566, -0.2174999999999977, 0.01320493107243359, 0.17486024595330218, 0.040385713196051665, 0.006858183158980347, 0.9999778796041443]","[0.16465325133818487, 0.056866401008160566, -0.2174999999999977, 0.01320493107243359, 0.17486024595330218, 0.040385713196051665, 0.006858183158980347, 0.9999778796041443]","[0.6975529899308083, 0.1764695478058885, -0.13628869274138355, -1.3902954577671074, 0.16640587388859784, 2.1267611287359967, -0.6709280630338628]","[0.7085298733533539, 0.18026064120643254, -0.1507886927413834, -1.3894151290289452, 0.178063223618818, 2.1294535096157334, -0.6704708508232641]"
single_block,0.0,15,12,180,180,7,True,guarded,scripted_non_learned_reference,accepted,False,1.0,"[0.16465325133818653, 0.05686640100816098, -0.21750000000000103, 0.01320493107243692, 0.17486024595330385, 0.040385713196045, 0.006858183158978681, 0.9999778796041443]","[0.16465325133818653, 0.05686640100816098, -0.21750000000000103, 0.01320493107243692, 0.17486024595330385, 0.040385713196045, 0.006858183158978681, 0.9999778796041443]","[0.7085298733533539, 0.18026064120643254, -0.1507886927413834, -1.3894151290289452, 0.178063223618818, 2.1294535096157334, -0.6704708508232641]","[0.7195067567758997, 0.1840517346069766, -0.16528869274138347, -1.3885348002907827, 0.18972057334903825, 2.1321458904954698, -0.6700136386126655]"
single_block,0.0,15,12,180,180,8,True,guarded,scripted_non_learned_reference,accepted,False,1.0,"[0.16465325133818487, 0.056866401008160566, -0.2174999999999977, 0.01320493107243359, 0.17486024595330052, 0.040385713196051665, 0.006858183158978681, 0.9999778796041443]","[0.16465325133818487, 0.056866401008160566, -0.2174999999999977, 0.01320493107243359, 0.17486024595330052, 0.040385713196051665, 0.006858183158978681, 0.9999778796041443]","[0.7195067567758997, 0.1840517346069766, -0.16528869274138347, -1.3885348002907827, 0.18972057334903825, 2.1321458904954698, -0.6700136386126655]","[0.7304836401984454, 0.18784282800752064, -0.17978869274138332, -1.3876544715526204, 0.20137792307925828, 2.1348382713752065, -0.6695564264020669]"
single_block,0.0,15,12,180,180,9,True,guarded,scripted_non_learned_reference,accepted,False,1.0,"[0.16465325133818487, 0.056866401008160566, -0.21749999999999936, 0.01320493107243692, 0.17486024595330218, 0.040385713196045, 0.006858183158980347, 0.9999778796041443]","[0.16465325133818487, 0.056866401008160566, -0.21749999999999936, 0.01320493107243692, 0.17486024595330218, 0.040385713196045, 0.006858183158980347, 0.9999778796041443]","[0.7304836401984454, 0.18784282800752064, -0.17978869274138332, -1.3876544715526204, 0.20137792307925828, 2.1348382713752065, -0.6695564264020669]","[0.741460523620991, 0.19163392140806468, -0.19428869274138327, -1.386774142814458, 0.21303527280947843, 2.137530652254943, -0.6690992141914682]"
single_block,0.0,15,12,180,180,10,True,guarded,scripted_non_learned_reference,accepted,False,1.0,"[0.1646532513381882, 0.0568664010081614, -0.21750000000000103, 0.01320493107243359, 0.17486024595330385, 0.040385713196051665, 0.006858183158978681, 0.9999778796041443]","[0.1646532513381882, 0.0568664010081614, -0.21750000000000103, 0.01320493107243359, 0.17486024595330385, 0.040385713196051665, 0.006858183158978681, 0.9999778796041443]","[0.741460523620991, 0.19163392140806468, -0.19428869274138327, -1.386774142814458, 0.21303527280947843, 2.137530652254943, -0.6690992141914682]","[0.7524374070435369, 0.19542501480860877, -0.20878869274138334, -1.3858938140762957, 0.22469262253969868, 2.1402230331346797, -0.6686420019808696]"
single_block,0.0,15,12,180,180,11,True,guarded,scripted_non_learned_reference,accepted,False,1.0,"[0.16465325133818987, 0.05686640100816223, -0.21750000000000436, 0.01320493107243692, 0.17486024595330718, 0.040385713196045, 0.006858183158978681, 0.9999778796041443]","[0.16465325133818987, 0.05686640100816223, -0.21750000000000436, 0.01320493107243692, 0.17486024595330718, 0.040385713196045, 0.006858183158978681, 0.9999778796041443]","[0.7524374070435369, 0.19542501480860877, -0.20878869274138334, -1.3858938140762957, 0.22469262253969868, 2.1402230331346797, -0.6686420019808696]","[0.7634142904660829, 0.19921610820915292, -0.22328869274138363, -1.3850134853381333, 0.23634997226991916, 2.142915414014416, -0.6681847897702711]"
single_block,0.0,15,12,180,180,12,True,guarded,scripted_non_learned_reference,accepted,False,1.0,"[0.16465325133818487, 0.056866401008160566, -0.2174999999999977, 0.01320493107243359, 0.17486024595330218, 0.040385713196051665, 0.006858183158980347, 0.9999778796041443]","[0.16465325133818487, 0.056866401008160566, -0.2174999999999977, 0.01320493107243359, 0.17486024595330218, 0.040385713196051665, 0.006858183158980347, 0.9999778796041443]","[0.7634142904660829, 0.19921610820915292, -0.22328869274138363, -1.3850134853381333, 0.23634997226991916, 2.142915414014416, -0.6681847897702711]","[0.7743911738886285, 0.20300720160969696, -0.23778869274138348, -1.384133156599971, 0.2480073220001393, 2.1456077948941528, -0.6677275775596724]"
single_block,0.0,15,12,180,180,13,True,guarded,scripted_non_learned_reference,accepted,False,1.0,"[0.16465325133818487, 0.056866401008160566, -0.21749999999999936, 0.01320493107243692, 0.17486024595330052, 0.040385713196045, 0.006858183158978681, 0.9999778796041443]","[0.16465325133818487, 0.056866401008160566, -0.21749999999999936, 0.01320493107243692, 0.17486024595330052, 0.040385713196045, 0.006858183158978681, 0.9999778796041443]","[0.7743911738886285, 0.20300720160969696, -0.23778869274138348, -1.384133156599971, 0.2480073220001393, 2.1456077948941528, -0.6677275775596724]","[0.7853680573111742, 0.206798295010241, -0.25228869274138344, -1.3832528278618086, 0.25966467173035934, 2.148300175773889, -0.6672703653490738]"
single_block,0.0,15,12,180,180,14,True,guarded,scripted_non_learned_reference,accepted,False,1.0,"[0.16465325133818653, 0.05686640100816098, -0.21750000000000103, 0.01320493107243359, 0.17486024595330385, 0.040385713196051665, 0.006858183158978681, 0.9999778796041443]","[0.16465325133818653, 0.05686640100816098, -0.21750000000000103, 0.01320493107243359, 0.17486024595330385, 0.040385713196051665, 0.006858183158978681, 0.9999778796041443]","[0.7853680573111742, 0.206798295010241, -0.25228869274138344, -1.3832528278618086, 0.25966467173035934, 2.148300175773889, -0.6672703653490738]","[0.79634494073372, 0.21058938841078506, -0.2667886927413835, -1.3823724991236463, 0.2713220214605796, 2.150992556653626, -0.6668131531384752]"
single_block,0.0,15,13,195,195,0,True,guarded,scripted_non_learned_reference,accepted,False,1.0,"[0.18559312416454754, 0.06194843004955902, -0.25068934398691345, 0.016339918841675738, 0.21819973446137703, 0.055403697273197494, 0.01023504968507949, 0.9999786581542501]","[0.18559312416454754, 0.06194843004955902, -0.25068934398691345, 0.016339918841675738, 0.21819973446137703, 0.055403697273197494, 0.01023504968507949, 0.9999786581542501]","[0.7947029407779034, 0.21149715729068466, -0.264783757669671, -1.3827544399828386, 0.26893877153439527, 2.150395983696828, -0.666902377723636]","[0.8070758157222065, 0.21562705262732193, -0.2814963806021319, -1.3816651120600603, 0.2834854204984871, 2.154089563515041, -0.6662200410779641]"
single_block,0.0,15,13,195,195,1,True,guarded,scripted_non_learned_reference,accepted,False,1.0,"[0.16465325133818653, 0.0568664010081614, -0.21750000000000103, 0.01320493107243359, 0.17486024595330385, 0.040385713196051665, 0.006858183158978681, 0.9999786581542501]","[0.16465325133818653, 0.0568664010081614, -0.21750000000000103, 0.01320493107243359, 0.17486024595330385, 0.040385713196051665, 0.006858183158978681, 0.9999786581542501]","[0.8070758157222065, 0.21562705262732193, -0.2814963806021319, -1.3816651120600603, 0.2834854204984871, 2.154089563515041, -0.6662200410779641]","[0.8180526991447523, 0.21941814602786602, -0.29599638060213196, -1.380784783321898, 0.29514277022870733, 2.156781944394778, -0.6657628288673655]"
single_block,0.0,15,13,195,195,2,True,guarded,scripted_non_learned_reference,accepted,False,1.0,"[0.16465325133818487, 0.056866401008160566, -0.2174999999999977, 0.01320493107243359, 0.17486024595330052, 0.040385713196045, 0.006858183158978681, 0.9999786581542501]","[0.16465325133818487, 0.056866401008160566, -0.2174999999999977, 0.01320493107243359, 0.17486024595330052, 0.040385713196045, 0.006858183158978681, 0.9999786581542501]","[0.8180526991447523, 0.21941814602786602, -0.29599638060213196, -1.380784783321898, 0.29514277022870733, 2.156781944394778, -0.6657628288673655]","[0.829029582567298, 0.22320923942841006, -0.3104963806021318, -1.3799044545837358, 0.30680011995892736, 2.1594743252745143, -0.6653056166567669]"
single_block,0.0,15,13,195,195,3,True,guarded,scripted_non_learned_reference,accepted,False,1.0,"[0.16465325133818653, 0.05686640100816098, -0.21750000000000103, 0.01320493107243692, 0.17486024595330385, 0.040385713196051665, 0.006858183158980347, 0.9999786581542501]","[0.16465325133818653, 0.05686640100816098, -0.21750000000000103, 0.01320493107243692, 0.17486024595330385, 0.040385713196051665, 0.006858183158980347, 0.9999786581542501]","[0.829029582567298, 0.22320923942841006, -0.3104963806021318, -1.3799044545837358, 0.30680011995892736, 2.1594743252745143, -0.6653056166567669]","[0.8400064659898437, 0.22700033282895413, -0.3249963806021319, -1.3790241258455733, 0.3184574696891476, 2.162166706154251, -0.6648484044461682]"
single_block,0.0,15,13,195,195,4,True,guarded,scripted_non_learned_reference,accepted,False,1.0,"[0.16465325133818987, 0.056866401008161815, -0.2175000000000027, 0.01320493107243359, 0.17486024595330552, 0.040385713196045, 0.006858183158978681, 0.9999786581542501]","[0.16465325133818987, 0.056866401008161815, -0.2175000000000027, 0.01320493107243359, 0.17486024595330552, 0.040385713196045, 0.006858183158978681, 0.9999786581542501]","[0.8400064659898437, 0.22700033282895413, -0.3249963806021319, -1.3790241258455733, 0.3184574696891476, 2.162166706154251, -0.6648484044461682]","[0.8509833494123897, 0.23079142622949825, -0.33949638060213205, -1.378143797107411, 0.330114819419368, 2.1648590870339874, -0.6643911922355696]"
single_block,0.0,15,13,195,195,5,True,guarded,scripted_non_learned_reference,accepted,False,1.0,"[0.16465325133818653, 0.05686640100816098, -0.21750000000000103, 0.01320493107243692, 0.17486024595330385, 0.040385713196051665, 0.006858183158978681, 0.9999786581542501]","[0.16465325133818653, 0.05686640100816098, -0.21750000000000103, 0.01320493107243692, 0.17486024595330385, 0.040385713196051665, 0.006858183158978681, 0.9999786581542501]","[0.8509833494123897, 0.23079142622949825, -0.33949638060213205, -1.378143797107411, 0.330114819419368, 2.1648590870339874, -0.6643911922355696]","[0.8619602328349355, 0.2345825196300423, -0.3539963806021321, -1.3772634683692486, 0.34177216914958825, 2.167551467913724, -0.6639339800249711]"
single_block,0.0,15,13,195,195,6,True,guarded,scripted_non_learned_reference,accepted,False,1.0,"[0.16465325133818487, 0.05686640100816098, -0.21749999999999603, 0.01320493107243359, 0.17486024595330052, 0.040385713196045, 0.006858183158980347, 0.9999786581542501]","[0.16465325133818487, 0.05686640100816098, -0.21749999999999603, 0.01320493107243359, 0.17486024595330052, 0.040385713196045, 0.006858183158980347, 0.9999786581542501]","[0.8619602328349355, 0.2345825196300423, -0.3539963806021321, -1.3772634683692486, 0.34177216914958825, 2.167551467913724, -0.6639339800249711]","[0.8729371162574812, 0.23837361303058638, -0.36849638060213186, -1.3763831396310864, 0.3534295188798083, 2.1702438487934606, -0.6634767678143724]"
single_block,0.0,15,13,195,195,7,True,guarded,scripted_non_learned_reference,accepted,False,1.0,"[0.16465325133818653, 0.05686640100816098, -0.2175000000000027, 0.01320493107243692, 0.17486024595330385, 0.040385713196045, 0.006858183158978681, 0.9999786581542501]","[0.16465325133818653, 0.05686640100816098, -0.2175000000000027, 0.01320493107243692, 0.17486024595330385, 0.040385713196045, 0.006858183158978681, 0.9999786581542501]","[0.8729371162574812, 0.23837361303058638, -0.36849638060213186, -1.3763831396310864, 0.3534295188798083, 2.1702438487934606, -0.6634767678143724]","[0.8839139996800269, 0.24216470643113044, -0.38299638060213204, -1.375502810892924, 0.36508686861002854, 2.172936229673197, -0.6630195556037738]"
single_block,0.0,15,13,195,195,8,True,guarded,scripted_non_learned_reference,accepted,False,1.0,"[0.16465325133818487, 0.05686640100816015, -0.21749999999999936, 0.01320493107243359, 0.17486024595330218, 0.040385713196051665, 0.006858183158978681, 0.9999786581542501]","[0.16465325133818487, 0.05686640100816015, -0.21749999999999936, 0.01320493107243359, 0.17486024595330218, 0.040385713196051665, 0.006858183158978681, 0.9999786581542501]","[0.8839139996800269, 0.24216470643113044, -0.38299638060213204, -1.375502810892924, 0.36508686861002854, 2.172936229673197, -0.6630195556037738]","[0.8948908831025726, 0.24595579983167445, -0.397496380602132, -1.3746224821547617, 0.3767442183402487, 2.1756286105529337, -0.6625623433931752]"
single_block,0.0,15,13,195,195,9,True,guarded,scripted_non_learned_reference,accepted,False,1.0,"[0.16465325133818487, 0.05686640100816098, -0.21749999999999603, 0.01320493107243692, 0.17486024595330052, 0.040385713196045, 0.006858183158980347, 0.9999786581542501]","[0.16465325133818487, 0.05686640100816098, -0.21749999999999603, 0.01320493107243692, 0.17486024595330052, 0.040385713196045, 0.006858183158980347, 0.9999786581542501]","[0.8948908831025726, 0.24595579983167445, -0.397496380602132, -1.3746224821547617, 0.3767442183402487, 2.1756286105529337, -0.6625623433931752]","[0.9058677665251182, 0.24974689323221852, -0.41199638060213173, -1.3737421534165992, 0.3884015680704687, 2.17832099143267, -0.6621051311825765]"
single_block,0.0,15,13,195,195,10,True,guarded,scripted_non_learned_reference,accepted,False,1.0,"[0.16465325133818653, 0.056866401008160566, -0.2175000000000027, 0.01320493107243359, 0.17486024595330385, 0.040385713196051665, 0.006858183158978681, 0.9999786581542501]","[0.16465325133818653, 0.056866401008160566, -0.2175000000000027, 0.01320493107243359, 0.17486024595330385, 0.040385713196051665, 0.006858183158978681, 0.9999786581542501]","[0.9058677665251182, 0.24974689323221852, -0.41199638060213173, -1.3737421534165992, 0.3884015680704687, 2.17832099143267, -0.6621051311825765]","[0.916844649947664, 0.25353798663276256, -0.4264963806021319, -1.372861824678437, 0.400058917800689, 2.1810133723124068, -0.6616479189719779]"
single_block,0.0,15,13,195,195,11,True,guarded,scripted_non_learned_reference,accepted,False,1.0,"[0.16465325133818487, 0.05686640100816098, -0.21749999999999603, 0.01320493107243692, 0.17486024595330218, 0.040385713196045, 0.006858183158978681, 0.9999786581542501]","[0.16465325133818487, 0.05686640100816098, -0.21749999999999603, 0.01320493107243692, 0.17486024595330218, 0.040385713196045, 0.006858183158978681, 0.9999786581542501]","[0.916844649947664, 0.25353798663276256, -0.4264963806021319, -1.372861824678437, 0.400058917800689, 2.1810133723124068, -0.6616479189719779]","[0.9278215333702097, 0.2573290800333066, -0.44099638060213164, -1.3719814959402745, 0.4117162675309091, 2.183705753192143, -0.6611907067613794]"
single_block,0.0,15,13,195,195,12,True,guarded,scripted_non_learned_reference,accepted,False,1.0,"[0.16465325133819153, 0.05686640100816265, -0.21750000000000602, 0.01320493107243359, 0.17486024595330718, 0.040385713196051665, 0.006858183158980347, 0.9999786581542501]","[0.16465325133819153, 0.05686640100816265, -0.21750000000000602, 0.01320493107243359, 0.17486024595330718, 0.040385713196051665, 0.006858183158980347, 0.9999786581542501]","[0.9278215333702097, 0.2573290800333066, -0.44099638060213164, -1.3719814959402745, 0.4117162675309091, 2.183705753192143, -0.6611907067613794]","[0.9387984167927558, 0.2611201734338508, -0.45549638060213204, -1.3711011672021123, 0.4233736172611296, 2.18639813407188, -0.6607334945507807]"
single_block,0.0,15,13,195,195,13,True,guarded,scripted_non_learned_reference,accepted,False,1.0,"[0.16465325133818653, 0.05686640100816098, -0.21749999999999936, 0.01320493107243692, 0.17486024595330385, 0.040385713196045, 0.006858183158978681, 0.9999786581542501]","[0.16465325133818653, 0.05686640100816098, -0.21749999999999936, 0.01320493107243692, 0.17486024595330385, 0.040385713196045, 0.006858183158978681, 0.9999786581542501]","[0.9387984167927558, 0.2611201734338508, -0.45549638060213204, -1.3711011672021123, 0.4233736172611296, 2.18639813407188, -0.6607334945507807]","[0.9497753002153015, 0.26491126683439487, -0.469996380602132, -1.3702208384639498, 0.43503096699134985, 2.189090514951616, -0.6602762823401821]"
single_block,0.0,15,13,195,195,14,True,guarded,scripted_non_learned_reference,accepted,False,1.0,"[0.16465325133818487, 0.05686640100816098, -0.21749999999999936, 0.01320493107243359, 0.17486024595330052, 0.040385713196051665, 0.006858183158978681, 0.9999786581542501]","[0.16465325133818487, 0.05686640100816098, -0.21749999999999936, 0.01320493107243359, 0.17486024595330052, 0.040385713196051665, 0.006858183158978681, 0.9999786581542501]","[0.9497753002153015, 0.26491126683439487, -0.469996380602132, -1.3702208384639498, 0.43503096699134985, 2.189090514951616, -0.6602762823401821]","[0.9607521836378472, 0.26870236023493893, -0.48449638060213196, -1.3693405097257876, 0.4466883167215699, 2.191782895831353, -0.6598190701295835]"
single_block,0.0,15,14,210,210,0,True,guarded,scripted_non_learned_reference,accepted,False,1.0,"[0.1884953931112887, 0.04473723502175564, -0.24874196187644165, 0.01824841197057836, 0.21063303058945687, 0.04945285185384396, 0.008232973276892652, 0.9999793715238999]","[0.1884953931112887, 0.04473723502175564, -0.24874196187644165, 0.01824841197057836, 0.21063303058945687, 0.04945285185384396, 0.008232973276892652, 0.9999793715238999]","[0.959417107419514, 0.26954617228466715, -0.48216098250105693, -1.3697630848730193, 0.4441660266687724, 2.191121713858288, -0.6599287980781399]","[0.9719834669602666, 0.27252865461945086, -0.4987437799594864, -1.3685465240749808, 0.45820822870806954, 2.194418570648544, -0.6593799331930137]"
single_block,0.0,15,14,210,210,1,True,guarded,scripted_non_learned_reference,accepted,False,1.0,"[0.16465325133818653, 0.05686640100816098, -0.21749999999999936, 0.01320493107243692, 0.17486024595330385, 0.040385713196051665, 0.006858183158978681, 0.9999793715238999]","[0.16465325133818653, 0.05686640100816098, -0.21749999999999936, 0.01320493107243692, 0.17486024595330385, 0.040385713196051665, 0.006858183158978681, 0.9999793715238999]","[0.9719834669602666, 0.27252865461945086, -0.4987437799594864, -1.3685465240749808, 0.45820822870806954, 2.194418570648544, -0.6593799331930137]","[0.9829603503828124, 0.2763197480199949, -0.5132437799594863, -1.3676661953368183, 0.4698655784382898, 2.197110951528281, -0.6589227209824151]"
single_block,0.0,15,14,210,210,2,True,guarded,scripted_non_learned_reference,accepted,False,1.0,"[0.16465325133818487, 0.05686640100816098, -0.21749999999999936, 0.01320493107243359, 0.17486024595330218, 0.040385713196045, 0.006858183158978681, 0.9999793715238999]","[0.16465325133818487, 0.05686640100816098, -0.21749999999999936, 0.01320493107243359, 0.17486024595330218, 0.040385713196045, 0.006858183158978681, 0.9999793715238999]","[0.9829603503828124, 0.2763197480199949, -0.5132437799594863, -1.3676661953368183, 0.4698655784382898, 2.197110951528281, -0.6589227209824151]","[0.993937233805358, 0.280110841420539, -0.5277437799594863, -1.366785866598656, 0.48152292816850994, 2.1998033324080173, -0.6584655087718165]"
single_block,0.0,15,14,210,210,3,True,guarded,scripted_non_learned_reference,accepted,False,1.0,"[0.1646532513381882, 0.05686640100816098, -0.21749999999999936, 0.01320493107243692, 0.17486024595330218, 0.040385713196051665, 0.006858183158980347, 0.9999793715238999]","[0.1646532513381882, 0.05686640100816098, -0.21749999999999936, 0.01320493107243692, 0.17486024595330218, 0.040385713196051665, 0.006858183158980347, 0.9999793715238999]","[0.993937233805358, 0.280110841420539, -0.5277437799594863, -1.366785866598656, 0.48152292816850994, 2.1998033324080173, -0.6584655087718165]","[1.004914117227904, 0.28390193482108306, -0.5422437799594862, -1.3659055378604936, 0.4931802778987301, 2.202495713287754, -0.6580082965612178]"
single_block,0.0,15,14,210,210,4,True,guarded,scripted_non_learned_reference,accepted,False,1.0,"[0.1646532513381882, 0.05686640100816265, -0.21750000000000602, 0.01320493107243359, 0.17486024595330718, 0.040385713196045, 0.006858183158978681, 0.9999793715238999]","[0.1646532513381882, 0.05686640100816265, -0.21750000000000602, 0.01320493107243359, 0.17486024595330718, 0.040385713196045, 0.006858183158978681, 0.9999793715238999]","[1.004914117227904, 0.28390193482108306, -0.5422437799594862, -1.3659055378604936, 0.4931802778987301, 2.202495713287754, -0.6580082965612178]","[1.0158910006504498, 0.28769302822162723, -0.5567437799594867, -1.3650252091223314, 0.5048376276289506, 2.2051880941674904, -0.6575510843506193]"
single_block,0.0,15,14,210,210,5,True,guarded,scripted_non_learned_reference,accepted,False,1.0,"[0.16465325133818487, 0.05686640100816098, -0.21749999999999936, 0.01320493107243692, 0.17486024595330218, 0.040385713196051665, 0.006858183158978681, 0.9999793715238999]","[0.16465325133818487, 0.05686640100816098, -0.21749999999999936, 0.01320493107243692, 0.17486024595330218, 0.040385713196051665, 0.006858183158978681, 0.9999793715238999]","[1.0158910006504498, 0.28769302822162723, -0.5567437799594867, -1.3650252091223314, 0.5048376276289506, 2.2051880941674904, -0.6575510843506193]","[1.0268678840729955, 0.2914841216221713, -0.5712437799594866, -1.364144880384169, 0.5164949773591707, 2.207880475047227, -0.6570938721400207]"
single_block,0.0,15,14,210,210,6,True,guarded,scripted_non_learned_reference,accepted,False,1.0,"[0.16465325133818487, 0.05686640100816098, -0.21749999999999603, 0.01320493107243359, 0.17486024595330218, 0.040385713196045, 0.006858183158980347, 0.9999793715238999]","[0.16465325133818487, 0.05686640100816098, -0.21749999999999603, 0.01320493107243359, 0.17486024595330218, 0.040385713196045, 0.006858183158980347, 0.9999793715238999]","[1.0268678840729955, 0.2914841216221713, -0.5712437799594866, -1.364144880384169, 0.5164949773591707, 2.207880475047227, -0.6570938721400207]","[1.037844767495541, 0.29527521502271536, -0.5857437799594863, -1.3632645516460067, 0.5281523270893909, 2.2105728559269635, -0.656636659929422]"
single_block,0.0,15,14,210,210,7,True,guarded,scripted_non_learned_reference,accepted,False,1.0,"[0.1646532513381882, 0.05686640100816098, -0.2175000000000027, 0.01320493107243692, 0.17486024595330385, 0.040385713196051665, 0.006858183158978681, 0.9999793715238999]","[0.1646532513381882, 0.05686640100816098, -0.2175000000000027, 0.01320493107243692, 0.17486024595330385, 0.040385713196051665, 0.006858183158978681, 0.9999793715238999]","[1.037844767495541, 0.29527521502271536, -0.5857437799594863, -1.3632645516460067, 0.5281523270893909, 2.2105728559269635, -0.656636659929422]","[1.048821650918087, 0.29906630842325943, -0.6002437799594865, -1.3623842229078442, 0.5398096768196111, 2.2132652368067003, -0.6561794477188234]"
single_block,0.0,15,14,210,210,8,True,guarded,scripted_non_learned_reference,accepted,False,1.0,"[0.16465325133818487, 0.05686640100815932, -0.21749999999999603, 0.01320493107243359, 0.17486024595330218, 0.040385713196045, 0.006858183158978681, 0.9999793715238999]","[0.16465325133818487, 0.05686640100815932, -0.21749999999999603, 0.01320493107243359, 0.17486024595330218, 0.040385713196045, 0.006858183158978681, 0.9999793715238999]","[1.048821650918087, 0.29906630842325943, -0.6002437799594865, -1.3623842229078442, 0.5398096768196111, 2.2132652368067003, -0.6561794477188234]","[1.0597985343406326, 0.3028574018238034, -0.6147437799594863, -1.361503894169682, 0.5514670265498313, 2.2159576176864366, -0.6557222355082248]"
single_block,0.0,15,14,210,210,9,True,guarded,scripted_non_learned_reference,accepted,False,1.0,"[0.1646532513381882, 0.05686640100816265, -0.2175000000000027, 0.01320493107243692, 0.17486024595330218, 0.040385713196051665, 0.006858183158980347, 0.9999793715238999]","[0.1646532513381882, 0.05686640100816265, -0.2175000000000027, 0.01320493107243692, 0.17486024595330218, 0.040385713196051665, 0.006858183158980347, 0.9999793715238999]","[1.0597985343406326, 0.3028574018238034, -0.6147437799594863, -1.361503894169682, 0.5514670265498313, 2.2159576176864366, -0.6557222355082248]","[1.0707754177631785, 0.30664849522434756, -0.6292437799594864, -1.3606235654315195, 0.5631243762800514, 2.2186499985661734, -0.6552650232976261]"
single_block,0.0,15,14,210,210,10,True,guarded,scripted_non_learned_reference,accepted,False,1.0,"[0.16465325133818487, 0.05686640100815932, -0.21749999999999603, 0.01320493107243359, 0.17486024595330218, 0.040385713196045, 0.006858183158978681, 0.9999793715238999]","[0.16465325133818487, 0.05686640100815932, -0.21749999999999603, 0.01320493107243359, 0.17486024595330218, 0.040385713196045, 0.006858183158978681, 0.9999793715238999]","[1.0707754177631785, 0.30664849522434756, -0.6292437799594864, -1.3606235654315195, 0.5631243762800514, 2.2186499985661734, -0.6552650232976261]","[1.0817523011857242, 0.3104395886248915, -0.6437437799594862, -1.3597432366933573, 0.5747817260102716, 2.2213423794459097, -0.6548078110870276]"
single_block,0.0,15,14,210,210,11,True,guarded,scripted_non_learned_reference,accepted,False,1.0,"[0.16465325133818487, 0.05686640100816098, -0.21749999999999936, 0.01320493107243359, 0.17486024595330218, 0.040385713196045, 0.006858183158978681, 0.9999793715238999]","[0.16465325133818487, 0.05686640100816098, -0.21749999999999936, 0.01320493107243359, 0.17486024595330218, 0.040385713196045, 0.006858183158978681, 0.9999793715238999]","[1.0817523011857242, 0.3104395886248915, -0.6437437799594862, -1.3597432366933573, 0.5747817260102716, 2.2213423794459097, -0.6548078110870276]","[1.0927291846082698, 0.3142306820254356, -0.6582437799594861, -1.358862907955195, 0.5864390757404917, 2.224034760325646, -0.654350598876429]"
single_block,0.0,15,14,210,210,12,True,guarded,scripted_non_learned_reference,accepted,False,1.0,"[0.1646532513381882, 0.05686640100816265, -0.21750000000000602, 0.01320493107243692, 0.17486024595330552, 0.040385713196051665, 0.006858183158980347, 0.9999793715238999]","[0.1646532513381882, 0.05686640100816265, -0.21750000000000602, 0.01320493107243692, 0.17486024595330552, 0.040385713196051665, 0.006858183158980347, 0.9999793715238999]","[1.0927291846082698, 0.3142306820254356, -0.6582437799594861, -1.358862907955195, 0.5864390757404917, 2.224034760325646, -0.654350598876429]","[1.1037060680308157, 0.31802177542597976, -0.6727437799594865, -1.3579825792170326, 0.5980964254707121, 2.226727141205383, -0.6538933866658303]"
single_block,0.0,15,14,210,210,13,True,guarded,scripted_non_learned_reference,accepted,False,1.0,"[0.1646532513381882, 0.05686640100816098, -0.21749999999999936, 0.01320493107243359, 0.17486024595330552, 0.040385713196045, 0.006858183158978681, 0.9999793715238999]","[0.1646532513381882, 0.05686640100816098, -0.21749999999999936, 0.01320493107243359, 0.17486024595330552, 0.040385713196045, 0.006858183158978681, 0.9999793715238999]","[1.1037060680308157, 0.31802177542597976, -0.6727437799594865, -1.3579825792170326, 0.5980964254707121, 2.226727141205383, -0.6538933866658303]","[1.1146829514533616, 0.3218128688265238, -0.6872437799594865, -1.3571022504788703, 0.6097537752009324, 2.229419522085119, -0.6534361744552317]"
single_block,0.0,15,14,210,210,14,True,guarded,scripted_non_learned_reference,accepted,False,1.0,"[0.16465325133818487, 0.05686640100816098, -0.21749999999999936, 0.01320493107243692, 0.17486024595329885, 0.040385713196051665, 0.006858183158978681, 0.9999793715238999]","[0.16465325133818487, 0.05686640100816098, -0.21749999999999936, 0.01320493107243692, 0.17486024595329885, 0.040385713196051665, 0.006858183158978681, 0.9999793715238999]","[1.1146829514533616, 0.3218128688265238, -0.6872437799594865, -1.3571022504788703, 0.6097537752009324, 2.229419522085119, -0.6534361744552317]","[1.1256598348759073, 0.3256039622270679, -0.7017437799594864, -1.3562219217407079, 0.6214111249311524, 2.232111902964856, -0.6529789622446331]"
single_block,0.0,15,15,225,225,0,True,guarded,scripted_non_learned_reference,accepted,False,1.0,"[0.18431192071139302, 0.044293623518202874, -0.253325482288167, 0.019630480722204746, 0.21267526225165478, 0.050452297106955424, 0.008506123812126454, 0.999979480648772]","[0.18431192071139302, 0.044293623518202874, -0.253325482288167, 0.019630480722204746, 0.21267526225165478, 0.050452297106955424, 0.008506123812126454, 0.999979480648772]","[1.1250561491344948, 0.325879390844585, -0.6987870580288864, -1.356200062197437, 0.6187500067517406, 2.2313480090642006, -0.6531363216227584]","[1.1373436105152543, 0.32883229907913186, -0.7156754235147642, -1.3548913634826234, 0.6329283575685176, 2.2347114955379976, -0.6525692467019499]"
single_block,0.0,15,15,225,225,1,True,guarded,scripted_non_learned_reference,accepted,False,1.0,"[0.16465325133818487, 0.05686640100816098, -0.21749999999999936, 0.01320493107243692, 0.17486024595330218, 0.040385713196051665, 0.006858183158978681, 0.999979480648772]","[0.16465325133818487, 0.05686640100816098, -0.21749999999999936, 0.01320493107243692, 0.17486024595330218, 0.040385713196051665, 0.006858183158978681, 0.999979480648772]","[1.1373436105152543, 0.32883229907913186, -0.7156754235147642, -1.3548913634826234, 0.6329283575685176, 2.2347114955379976, -0.6525692467019499]","[1.1483204939378, 0.33262339247967593, -0.7301754235147642, -1.354011034744461, 0.6445857072987378, 2.2374038764177344, -0.6521120344913514]"
single_block,0.0,15,15,225,225,2,True,guarded,scripted_non_learned_reference,accepted,False,1.0,"[0.16465325133818487, 0.05686640100815932, -0.21749999999999936, 0.01320493107243359, 0.17486024595329885, 0.040385713196045, 0.006858183158978681, 0.999979480648772]","[0.16465325133818487, 0.05686640100815932, -0.21749999999999936, 0.01320493107243359, 0.17486024595329885, 0.040385713196045, 0.006858183158978681, 0.999979480648772]","[1.1483204939378, 0.33262339247967593, -0.7301754235147642, -1.354011034744461, 0.6445857072987378, 2.2374038764177344, -0.6521120344913514]","[1.1592973773603457, 0.3364144858802199, -0.7446754235147641, -1.3531307060062987, 0.6562430570289577, 2.2400962572974707, -0.6516548222807528]"
single_block,0.0,15,15,225,225,3,True,guarded,scripted_non_learned_reference,accepted,False,1.0,"[0.16465325133818487, 0.05686640100816098, -0.21749999999999936, 0.01320493107243692, 0.17486024595330552, 0.040385713196051665, 0.006858183158980347, 0.999979480648772]","[0.16465325133818487, 0.05686640100816098, -0.21749999999999936, 0.01320493107243692, 0.17486024595330552, 0.040385713196051665, 0.006858183158980347, 0.999979480648772]","[1.1592973773603457, 0.3364144858802199, -0.7446754235147641, -1.3531307060062987, 0.6562430570289577, 2.2400962572974707, -0.6516548222807528]","[1.1702742607828913, 0.34020557928076395, -0.7591754235147641, -1.3522503772681362, 0.6679004067591781, 2.2427886381772075, -0.6511976100701541]"
single_block,0.0,15,15,225,225,4,True,guarded,scripted_non_learned_reference,accepted,False,1.0,"[0.16465325133819153, 0.05686640100816265, -0.21750000000000602, 0.01320493107243359, 0.17486024595330552, 0.040385713196045, 0.006858183158978681, 0.999979480648772]","[0.16465325133819153, 0.05686640100816265, -0.21750000000000602, 0.01320493107243359, 0.17486024595330552, 0.040385713196045, 0.006858183158978681, 0.999979480648772]","[1.1702742607828913, 0.34020557928076395, -0.7591754235147641, -1.3522503772681362, 0.6679004067591781, 2.2427886381772075, -0.6511976100701541]","[1.1812511442054374, 0.3439966726813081, -0.7736754235147645, -1.351370048529974, 0.6795577564893984, 2.245481019056944, -0.6507403978595555]"
single_block,0.0,15,15,225,225,5,True,guarded,scripted_non_learned_reference,accepted,False,1.0,"[0.16465325133818487, 0.05686640100816098, -0.21749999999999603, 0.01320493107243692, 0.17486024595330218, 0.040385713196051665, 0.006858183158978681, 0.999979480648772]","[0.16465325133818487, 0.05686640100816098, -0.21749999999999603, 0.01320493107243692, 0.17486024595330218, 0.040385713196051665, 0.006858183158978681, 0.999979480648772]","[1.1812511442054374, 0.3439966726813081, -0.7736754235147645, -1.351370048529974, 0.6795577564893984, 2.245481019056944, -0.6507403978595555]","[1.192228027627983, 0.3477877660818522, -0.7881754235147642, -1.3504897197918115, 0.6912151062196186, 2.2481733999366806, -0.6502831856489569]"
single_block,0.0,15,15,225,225,6,True,guarded,scripted_non_learned_reference,accepted,False,1.0,"[0.12730884081949112, 0.04396873754442754, -0.16816960887924948, 0.010209968247028023, 0.13520082377239673, 0.031225975137878503, 0.005302703353875504, 0.999979480648772]","[0.12730884081949112, 0.04396873754442754, -0.16816960887924948, 0.010209968247028023, 0.13520082377239673, 0.031225975137878503, 0.005302703353875504, 0.999979480648772]","[1.192228027627983, 0.3477877660818522, -0.7881754235147642, -1.3504897197918115, 0.6912151062196186, 2.2481733999366806, -0.6502831856489569]","[1.2007152836826158, 0.3507190152514807, -0.7993867307733808, -1.3498090552420097, 0.7002284944711117, 2.250255131612539, -0.6499296720920319]"
single_block,0.0,15,15,225,225,7,True,guarded,scripted_non_learned_reference,accepted,False,1.0,"[0.0, 0.0, 0.0, 0.0, 0.0, 0.0, 0.0, 0.999979480648772]","[0.0, 0.0, 0.0, 0.0, 0.0, 0.0, 0.0, 0.999979480648772]","[1.2007152836826158, 0.3507190152514807, -0.7993867307733808, -1.3498090552420097, 0.7002284944711117, 2.250255131612539, -0.6499296720920319]","[1.2007152836826158, 0.3507190152514807, -0.7993867307733808, -1.3498090552420097, 0.7002284944711117, 2.250255131612539, -0.6499296720920319]"
single_block,0.0,15,15,225,225,8,True,guarded,scripted_non_learned_reference,accepted,False,1.0,"[0.0, 0.0, 0.0, 0.0, 0.0, 0.0, 0.0, 0.999979480648772]","[0.0, 0.0, 0.0, 0.0, 0.0, 0.0, 0.0, 0.999979480648772]","[1.2007152836826158, 0.3507190152514807, -0.7993867307733808, -1.3498090552420097, 0.7002284944711117, 2.250255131612539, -0.6499296720920319]","[1.2007152836826158, 0.3507190152514807, -0.7993867307733808, -1.3498090552420097, 0.7002284944711117, 2.250255131612539, -0.6499296720920319]"
single_block,0.0,15,15,225,225,9,True,guarded,scripted_non_learned_reference,accepted,False,1.0,"[0.0, 0.0, 0.0, 0.0, 0.0, 0.0, 0.0, 0.999979480648772]","[0.0, 0.0, 0.0, 0.0, 0.0, 0.0, 0.0, 0.999979480648772]","[1.2007152836826158, 0.3507190152514807, -0.7993867307733808, -1.3498090552420097, 0.7002284944711117, 2.250255131612539, -0.6499296720920319]","[1.2007152836826158, 0.3507190152514807, -0.7993867307733808, -1.3498090552420097, 0.7002284944711117, 2.250255131612539, -0.6499296720920319]"
single_block,0.0,15,15,225,225,10,True,guarded,scripted_non_learned_reference,accepted,False,1.0,"[0.0, 0.0, 0.0, 0.0, 0.0, 0.0, 0.0, 0.999979480648772]","[0.0, 0.0, 0.0, 0.0, 0.0, 0.0, 0.0, 0.999979480648772]","[1.2007152836826158, 0.3507190152514807, -0.7993867307733808, -1.3498090552420097, 0.7002284944711117, 2.250255131612539, -0.6499296720920319]","[1.2007152836826158, 0.3507190152514807, -0.7993867307733808, -1.3498090552420097, 0.7002284944711117, 2.250255131612539, -0.6499296720920319]"
single_block,0.0,15,15,225,225,11,True,guarded,scripted_non_learned_reference,accepted,False,1.0,"[0.0, 0.0, 0.0, 0.0, 0.0, 0.0, 0.0, 0.999979480648772]","[0.0, 0.0, 0.0, 0.0, 0.0, 0.0, 0.0, 0.999979480648772]","[1.2007152836826158, 0.3507190152514807, -0.7993867307733808, -1.3498090552420097, 0.7002284944711117, 2.250255131612539, -0.6499296720920319]","[1.2007152836826158, 0.3507190152514807, -0.7993867307733808, -1.3498090552420097, 0.7002284944711117, 2.250255131612539, -0.6499296720920319]"
single_block,0.0,15,15,225,225,12,True,guarded,scripted_non_learned_reference,accepted,False,1.0,"[0.0, 0.0, 0.0, 0.0, 0.0, 0.0, 0.0, 0.999979480648772]","[0.0, 0.0, 0.0, 0.0, 0.0, 0.0, 0.0, 0.999979480648772]","[1.2007152836826158, 0.3507190152514807, -0.7993867307733808, -1.3498090552420097, 0.7002284944711117, 2.250255131612539, -0.6499296720920319]","[1.2007152836826158, 0.3507190152514807, -0.7993867307733808, -1.3498090552420097, 0.7002284944711117, 2.250255131612539, -0.6499296720920319]"
single_block,0.0,15,15,225,225,13,True,guarded,scripted_non_learned_reference,accepted,False,1.0,"[0.0, 0.0, 0.0, 0.0, 0.0, 0.0, 0.0, 0.999979480648772]","[0.0, 0.0, 0.0, 0.0, 0.0, 0.0, 0.0, 0.999979480648772]","[1.2007152836826158, 0.3507190152514807, -0.7993867307733808, -1.3498090552420097, 0.7002284944711117, 2.250255131612539, -0.6499296720920319]","[1.2007152836826158, 0.3507190152514807, -0.7993867307733808, -1.3498090552420097, 0.7002284944711117, 2.250255131612539, -0.6499296720920319]"
single_block,0.0,15,15,225,225,14,True,guarded,scripted_non_learned_reference,accepted,False,1.0,"[0.0, 0.0, 0.0, 0.0, 0.0, 0.0, 0.0, 0.999979480648772]","[0.0, 0.0, 0.0, 0.0, 0.0, 0.0, 0.0, 0.999979480648772]","[1.2007152836826158, 0.3507190152514807, -0.7993867307733808, -1.3498090552420097, 0.7002284944711117, 2.250255131612539, -0.6499296720920319]","[1.2007152836826158, 0.3507190152514807, -0.7993867307733808, -1.3498090552420097, 0.7002284944711117, 2.250255131612539, -0.6499296720920319]"
