scenario,payload_mass,execution_horizon,sequence_id,action_offset,executed_horizon,decision_status,policy_source,runtime_fallback,failure_stage,deadline_exceeded,state_mismatch_exceeded,state_mismatch_rad,policy_latency_ms,simulated_inference_wait_s,executed_interventions,planned_interventions,supervisor_latency_ms,observation_q,dispatch_q,actual_q_after
single_block,0.0,1,0,0,1,guarded,scripted_non_learned_reference,False,,False,False,0.0,0.0,0.0,0,0,4.565499999444,"[-6.645505167103729e-12, -0.7499999999998178, -8.430052443761439e-12, -2.2499999999996256, -1.5328964921158848e-11, 1.5500000000003826, 0.7499999999997874]","[-6.645505167103729e-12, -0.7499999999998178, -8.430052443761439e-12, -2.2499999999996256, -1.5328964921158848e-11, 1.5500000000003826, 0.7499999999997874]","[-0.0015762498131403754, -0.7449697022331491, -0.00030910019731126187, -2.242254048111689, -0.0028101360540065765, 1.5532618724663658, 0.7369031905191655]"
single_block,0.0,1,1,1,1,guarded,scripted_non_learned_reference,False,,False,False,0.0,0.0,0.0,0,0,4.327899994677864,"[-0.0015762498131403754, -0.7449697022331491, -0.00030910019731126187, -2.242254048111689, -0.0028101360540065765, 1.5532618724663658, 0.7369031905191655]","[-0.0015762498131403754, -0.7449697022331491, -0.00030910019731126187, -2.242254048111689, -0.0028101360540065765, 1.5532618724663658, 0.7369031905191655]","[-0.00435899480470806, -0.7363791911302922, -0.002403435852494082, -2.22844844316643, -0.006144136266350571, 1.5606517492115122, 0.7186676241417557]"
single_block,0.0,1,2,2,1,guarded,scripted_non_learned_reference,False,,False,False,0.0,0.0,0.0,0,0,4.894300000160001,"[-0.00435899480470806, -0.7363791911302922, -0.002403435852494082, -2.22844844316643, -0.006144136266350571, 1.5606517492115122, 0.7186676241417557]","[-0.00435899480470806, -0.7363791911302922, -0.002403435852494082, -2.22844844316643, -0.006144136266350571, 1.5606517492115122, 0.7186676241417557]","[-0.007736622628618999, -0.7280610898582781, -0.005933036492491139, -2.213992253040529, -0.009530450463888465, 1.5687366043652018, 0.7003402434304076]"
single_block,0.0,1,3,3,1,guarded,scripted_non_learned_reference,False,,False,False,0.0,0.0,0.0,0,0,4.67229999776464,"[-0.007736622628618999, -0.7280610898582781, -0.005933036492491139, -2.213992253040529, -0.009530450463888465, 1.5687366043652018, 0.7003402434304076]","[-0.007736622628618999, -0.7280610898582781, -0.005933036492491139, -2.213992253040529, -0.009530450463888465, 1.5687366043652018, 0.7003402434304076]","[-0.0110824704200007, -0.7214433311684084, -0.009537999794264609, -2.201431477262627, -0.012929143119143019, 1.5754135685101782, 0.6829820195277109]"
single_block,0.0,1,4,4,1,guarded,scripted_non_learned_reference,False,,False,False,0.0,0.0,0.0,0,0,6.680699996650219,"[-0.0110824704200007, -0.7214433311684084, -0.009537999794264609, -2.201431477262627, -0.012929143119143019, 1.5754135685101782, 0.6829820195277109]","[-0.0110824704200007, -0.7214433311684084, -0.009537999794264609, -2.201431477262627, -0.012929143119143019, 1.5754135685101782, 0.6829820195277109]","[-0.014070064540453474, -0.7152378355795224, -0.012351619198423694, -2.189578767391913, -0.016299217189682802, 1.581434636367355, 0.6656937234273652]"
single_block,0.0,1,5,5,1,guarded,scripted_non_learned_reference,False,,False,False,0.0,0.0,0.0,0,0,6.514200002129655,"[-0.014070064540453474, -0.7152378355795224, -0.012351619198423694, -2.189578767391913, -0.016299217189682802, 1.581434636367355, 0.6656937234273652]","[-0.014070064540453474, -0.7152378355795224, -0.012351619198423694, -2.189578767391913, -0.016299217189682802, 1.581434636367355, 0.6656937234273652]","[-0.016648861767752442, -0.7084643455425763, -0.014290908230354801, -2.1775190108914058, -0.01956562308403969, 1.587649725845253, 0.6483613365218662]"
single_block,0.0,1,6,6,1,guarded,scripted_non_learned_reference,False,,False,False,0.0,0.0,0.0,0,0,7.4666000000434,"[-0.016648861767752442, -0.7084643455425763, -0.014290908230354801, -2.1775190108914058, -0.01956562308403969, 1.587649725845253, 0.6483613365218662]","[-0.016648861767752442, -0.7084643455425763, -0.014290908230354801, -2.1775190108914058, -0.01956562308403969, 1.587649725845253, 0.6483613365218662]","[-0.019062383332883244, -0.7011991577232953, -0.01588499816702181, -2.165342968742432, -0.022792032744790892, 1.5941168460928743, 0.6309173323687877]"
single_block,0.0,1,7,7,1,guarded,scripted_non_learned_reference,False,,False,False,0.0,0.0,0.0,0,0,10.603299997455906,"[-0.019062383332883244, -0.7011991577232953, -0.01588499816702181, -2.165342968742432, -0.022792032744790892, 1.5941168460928743, 0.6309173323687877]","[-0.019062383332883244, -0.7011991577232953, -0.01588499816702181, -2.165342968742432, -0.022792032744790892, 1.5941168460928743, 0.6309173323687877]","[-0.021563084443952548, -0.6937888043460462, -0.01766347160296216, -2.1532556625330046, -0.02603994738973727, 1.600603788696448, 0.61344832354085]"
single_block,0.0,1,8,8,1,guarded,scripted_non_learned_reference,False,,False,False,0.0,0.0,0.0,0,0,4.868799995165318,"[-0.021563084443952548, -0.6937888043460462, -0.01766347160296216, -2.1532556625330046, -0.02603994738973727, 1.600603788696448, 0.61344832354085]","[-0.021563084443952548, -0.6937888043460462, -0.01766347160296216, -2.1532556625330046, -0.02603994738973727, 1.600603788696448, 0.61344832354085]","[-0.02427876083632188, -0.6865122100785401, -0.019896547783434606, -2.141271973655498, -0.029329357046567348, 1.6069748447156191, 0.5960938776988268]"
single_block,0.0,1,9,9,1,guarded,scripted_non_learned_reference,False,,False,False,0.0,0.0,0.0,0,0,8.354800003871787,"[-0.02427876083632188, -0.6865122100785401, -0.019896547783434606, -2.141271973655498, -0.029329357046567348, 1.6069748447156191, 0.5960938776988268]","[-0.02427876083632188, -0.6865122100785401, -0.019896547783434606, -2.141271973655498, -0.029329357046567348, 1.6069748447156191, 0.5960938776988268]","[-0.02715239311512085, -0.6793819824135451, -0.02245444233014824, -2.1292048636292464, -0.03265749423826836, 1.6133413636147522, 0.5786838716734058]"
single_block,0.0,1,10,10,1,guarded,scripted_non_learned_reference,False,,False,False,0.0,0.0,0.0,0,0,6.287599993811455,"[-0.02715239311512085, -0.6793819824135451, -0.02245444233014824, -2.1292048636292464, -0.03265749423826836, 1.6133413636147522, 0.5786838716734058]","[-0.02715239311512085, -0.6793819824135451, -0.02245444233014824, -2.1292048636292464, -0.03265749423826836, 1.6133413636147522, 0.5786838716734058]","[-0.030039086276344065, -0.6723783640827771, -0.025043173352793907, -2.117010665069925, -0.035977898355920475, 1.6197380752772772, 0.5613337164245996]"
single_block,0.0,1,11,11,1,guarded,scripted_non_learned_reference,False,,False,False,0.0,0.0,0.0,0,0,4.547900003672112,"[-0.030039086276344065, -0.6723783640827771, -0.025043173352793907, -2.117010665069925, -0.035977898355920475, 1.6197380752772772, 0.5613337164245996]","[-0.030039086276344065, -0.6723783640827771, -0.025043173352793907, -2.117010665069925, -0.035977898355920475, 1.6197380752772772, 0.5613337164245996]","[-0.03285281161963786, -0.6654321029590122, -0.02747545611852915, -2.1047271460104064, -0.039287243831196625, 1.6261850534889708, 0.5439135473858426]"
single_block,0.0,1,12,12,1,guarded,scripted_non_learned_reference,False,,False,False,0.0,0.0,0.0,0,0,4.435499999090098,"[-0.03285281161963786, -0.6654321029590122, -0.02747545611852915, -2.1047271460104064, -0.039287243831196625, 1.6261850534889708, 0.5439135473858426]","[-0.03285281161963786, -0.6654321029590122, -0.02747545611852915, -2.1047271460104064, -0.039287243831196625, 1.6261850534889708, 0.5439135473858426]","[-0.03557464777042531, -0.6584806382211242, -0.02971501710872759, -2.092438779602173, -0.04257942764985213, 1.6326473431175745, 0.5264629548642599]"
single_block,0.0,1,13,13,1,guarded,scripted_non_learned_reference,False,,False,False,0.0,0.0,0.0,0,0,5.387700002756901,"[-0.03557464777042531, -0.6584806382211242, -0.02971501710872759, -2.092438779602173, -0.04257942764985213, 1.6326473431175745, 0.5264629548642599]","[-0.03557464777042531, -0.6584806382211242, -0.02971501710872759, -2.092438779602173, -0.04257942764985213, 1.6326473431175745, 0.5264629548642599]","[-0.03824263143433097, -0.6514817549402435, -0.03184867884987144, -2.080234215784932, -0.04585358490358227, 1.639066677778108, 0.509107750411298]"
single_block,0.0,1,14,14,1,guarded,scripted_non_learned_reference,False,,False,False,0.0,0.0,0.0,0,0,4.297200001019519,"[-0.03824263143433097, -0.6514817549402435, -0.03184867884987144, -2.080234215784932, -0.04585358490358227, 1.639066677778108, 0.509107750411298]","[-0.03824263143433097, -0.6514817549402435, -0.03184867884987144, -2.080234215784932, -0.04585358490358227, 1.639066677778108, 0.509107750411298]","[-0.04091771736976748, -0.6443978790076068, -0.03399360995374201, -2.0680816144302487, -0.04913807440555619, 1.6454821749962787, 0.4916878221453043]"
single_block,0.0,1,15,15,1,guarded,scripted_non_learned_reference,False,,False,False,0.0,0.0,0.0,0,0,5.196499994781334,"[-0.04091771736976748, -0.6443978790076068, -0.03399360995374201, -2.0680816144302487, -0.04913807440555619, 1.6454821749962787, 0.4916878221453043]","[-0.04091771736976748, -0.6443978790076068, -0.03399360995374201, -2.0680816144302487, -0.04913807440555619, 1.6454821749962787, 0.4916878221453043]","[-0.04363469052380763, -0.6372678603879139, -0.03623008523060263, -2.0559746703609374, -0.05242575817807784, 1.651874296970994, 0.4743291654010528]"
single_block,0.0,1,16,16,1,guarded,scripted_non_learned_reference,False,,False,False,0.0,0.0,0.0,0,0,4.445099999429658,"[-0.04363469052380763, -0.6372678603879139, -0.03623008523060263, -2.0559746703609374, -0.05242575817807784, 1.651874296970994, 0.4743291654010528]","[-0.04363469052380763, -0.6372678603879139, -0.03623008523060263, -2.0559746703609374, -0.05242575817807784, 1.651874296970994, 0.4743291654010528]","[-0.04639405560291252, -0.6301203692628238, -0.038550735679940204, -2.0438575203161076, -0.05572843365022923, 1.6582805760244597, 0.45690626117692895]"
single_block,0.0,1,17,17,1,guarded,scripted_non_learned_reference,False,,False,False,0.0,0.0,0.0,0,0,5.417400003352668,"[-0.04639405560291252, -0.6301203692628238, -0.038550735679940204, -2.0438575203161076, -0.05572843365022923, 1.6582805760244597, 0.45690626117692895]","[-0.04639405560291252, -0.6301203692628238, -0.038550735679940204, -2.0438575203161076, -0.05572843365022923, 1.6582805760244597, 0.45690626117692895]","[-0.04917161839288492, -0.622996692366874, -0.04090751981628903, -2.0317096902251532, -0.05903562670790435, 1.664700987574698, 0.43945817806140447]"
single_block,0.0,1,18,18,1,guarded,scripted_non_learned_reference,False,,False,False,0.0,0.0,0.0,0,0,4.815300002519507,"[-0.04917161839288492, -0.622996692366874, -0.04090751981628903, -2.0317096902251532, -0.05903562670790435, 1.664700987574698, 0.43945817806140447]","[-0.04917161839288492, -0.622996692366874, -0.04090751981628903, -2.0317096902251532, -0.05903562670790435, 1.664700987574698, 0.43945817806140447]","[-0.05193518429774157, -0.6159338337714341, -0.04323987848532553, -2.0195525725429824, -0.06233034134863151, 1.671102072897479, 0.42210746110034775]"
single_block,0.0,1,19,19,1,guarded,scripted_non_learned_reference,False,,False,False,0.0,0.0,0.0,0,0,5.224399996222928,"[-0.05193518429774157, -0.6159338337714341, -0.04323987848532553, -2.0195525725429824, -0.06233034134863151, 1.671102072897479, 0.42210746110034775]","[-0.05193518429774157, -0.6159338337714341, -0.04323987848532553, -2.0195525725429824, -0.06233034134863151, 1.671102072897479, 0.42210746110034775]","[-0.054678971746093825, -0.6088990270162368, -0.04552632592619407, -2.007358806409572, -0.0656274321360468, 1.6775240759437942, 0.4046907817987768]"
single_block,0.0,1,20,20,1,guarded,scripted_non_learned_reference,False,,False,False,0.0,0.0,0.0,0,0,4.500300005020108,"[-0.054678971746093825, -0.6088990270162368, -0.04552632592619407, -2.007358806409572, -0.0656274321360468, 1.6775240759437942, 0.4046907817987768]","[-0.054678971746093825, -0.6088990270162368, -0.04552632592619407, -2.007358806409572, -0.0656274321360468, 1.6775240759437942, 0.4046907817987768]","[-0.057403543279872335, -0.6018793624981829, -0.04777666484423, -1.9951678602657914, -0.06891433654663102, 1.6839369521871732, 0.38733255013299345]"
single_block,0.0,1,21,21,1,guarded,scripted_non_learned_reference,False,,False,False,0.0,0.0,0.0,0,0,5.68859999475535,"[-0.057403543279872335, -0.6018793624981829, -0.04777666484423, -1.9951678602657914, -0.06891433654663102, 1.6839369521871732, 0.38733255013299345]","[-0.057403543279872335, -0.6018793624981829, -0.04777666484423, -1.9951678602657914, -0.06891433654663102, 1.6839369521871732, 0.38733255013299345]","[-0.060125760812060655, -0.5948388197414649, -0.05001868328543362, -1.9829706361630008, -0.07220757708135517, 1.690365500800225, 0.3699079648115036]"
single_block,0.0,1,22,22,1,guarded,scripted_non_learned_reference,False,,False,False,0.0,0.0,0.0,0,0,4.535299995040987,"[-0.060125760812060655, -0.5948388197414649, -0.05001868328543362, -1.9829706361630008, -0.07220757708135517, 1.690365500800225, 0.3699079648115036]","[-0.060125760812060655, -0.5948388197414649, -0.05001868328543362, -1.9829706361630008, -0.07220757708135517, 1.690365500800225, 0.3699079648115036]","[-0.06285591302675869, -0.587771302360006, -0.05227662205669683, -1.970781070132657, -0.07550436787680714, 1.6967998396060557, 0.3524576392518774]"
single_block,0.0,1,23,23,1,guarded,scripted_non_learned_reference,False,,False,False,0.0,0.0,0.0,0,0,5.047599996032659,"[-0.06285591302675869, -0.587771302360006, -0.05227662205669683, -1.970781070132657, -0.07550436787680714, 1.6967998396060557, 0.3524576392518774]","[-0.06285591302675869, -0.587771302360006, -0.05227662205669683, -1.970781070132657, -0.07550436787680714, 1.6967998396060557, 0.3524576392518774]","[-0.06559444367064306, -0.5806978309152866, -0.0545575030336949, -1.9586318563587986, -0.07879436886313546, 1.7032012666628111, 0.3351056507508871]"
single_block,0.0,1,24,24,1,guarded,scripted_non_learned_reference,False,,False,False,0.0,0.0,0.0,0,0,4.841400004806928,"[-0.06559444367064306, -0.5806978309152866, -0.0545575030336949, -1.9586318563587986, -0.07879436886313546, 1.7032012666628111, 0.3351056507508871]","[-0.06559444367064306, -0.5806978309152866, -0.0545575030336949, -1.9586318563587986, -0.07879436886313546, 1.7032012666628111, 0.3351056507508871]","[-0.06834217094508573, -0.5736057536787706, -0.056853376538544054, -1.9464799332918266, -0.08209325917498723, 1.7096131501431888, 0.317689073604954]"
single_block,0.0,1,25,25,1,guarded,scripted_non_learned_reference,False,,False,False,0.0,0.0,0.0,0,0,5.106099997647107,"[-0.06834217094508573, -0.5736057536787706, -0.056853376538544054, -1.9464799332918266, -0.08209325917498723, 1.7096131501431888, 0.317689073604954]","[-0.06834217094508573, -0.5736057536787706, -0.056853376538544054, -1.9464799332918266, -0.08209325917498723, 1.7096131501431888, 0.317689073604954]","[-0.07108791468172564, -0.5665219693941669, -0.059148729925095754, -1.934336643921286, -0.08538555237216378, 1.7160124671204506, 0.3003318540966693]"
single_block,0.0,1,26,26,1,guarded,scripted_non_learned_reference,False,,False,False,0.0,0.0,0.0,0,0,4.288400006771553,"[-0.07108791468172564, -0.5665219693941669, -0.059148729925095754, -1.934336643921286, -0.08538555237216378, 1.7160124671204506, 0.3003318540966693]","[-0.07108791468172564, -0.5665219693941669, -0.059148729925095754, -1.934336643921286, -0.08538555237216378, 1.7160124671204506, 0.3003318540966693]","[-0.07383139791796131, -0.5594394017015166, -0.061435547475912754, -1.922170735629517, -0.08868374394120178, 1.7224310922056836, 0.2829083272150368]"
single_block,0.0,1,27,27,1,guarded,scripted_non_learned_reference,False,,False,False,0.0,0.0,0.0,0,0,4.287900002964307,"[-0.07383139791796131, -0.5594394017015166, -0.061435547475912754, -1.922170735629517, -0.08868374394120178, 1.7224310922056836, 0.2829083272150368]","[-0.07383139791796131, -0.5594394017015166, -0.061435547475912754, -1.922170735629517, -0.08868374394120178, 1.7224310922056836, 0.2829083272150368]","[-0.07657121303582058, -0.552365368134766, -0.06371357148352043, -1.909986549446217, -0.09198261103712434, 1.728862672853585, 0.26545853483143395]"
single_block,0.0,1,28,28,1,guarded,scripted_non_learned_reference,False,,False,False,0.0,0.0,0.0,0,0,4.619200000888668,"[-0.07657121303582058, -0.552365368134766, -0.06371357148352043, -1.909986549446217, -0.09198261103712434, 1.728862672853585, 0.26545853483143395]","[-0.07657121303582058, -0.552365368134766, -0.06371357148352043, -1.909986549446217, -0.09198261103712434, 1.728862672853585, 0.26545853483143395]","[-0.07930546099432102, -0.5453158004542933, -0.0659849526527293, -1.8978203873456845, -0.09527138981372961, 1.7352682675574453, 0.24810638919636538]"
single_block,0.0,1,29,29,1,guarded,scripted_non_learned_reference,False,,False,False,0.0,0.0,0.0,0,0,4.347900001448579,"[-0.07930546099432102, -0.5453158004542933, -0.0659849526527293, -1.8978203873456845, -0.09527138981372961, 1.7352682675574453, 0.24810638919636538]","[-0.07930546099432102, -0.5453158004542933, -0.0659849526527293, -1.8978203873456845, -0.09527138981372961, 1.7352682675574453, 0.24810638919636538]","[-0.08204161071441764, -0.5382607477969383, -0.06825609541854716, -1.8856408607706223, -0.09856735787508963, 1.7416880635243492, 0.23068925479859903]"
single_block,0.0,1,30,30,1,guarded,scripted_non_learned_reference,False,,False,False,0.0,0.0,0.0,0,0,5.479499995999504,"[-0.08204161071441764, -0.5382607477969383, -0.06825609541854716, -1.8856408607706223, -0.09856735787508963, 1.7416880635243492, 0.23068925479859903]","[-0.08204161071441764, -0.5382607477969383, -0.06825609541854716, -1.8856408607706223, -0.09856735787508963, 1.7416880635243492, 0.23068925479859903]","[-0.08477787041885589, -0.5312068388561775, -0.07053101927385577, -1.8734755701868486, -0.10185725580956631, 1.7480941497666695, 0.21333153333394486]"
single_block,0.0,1,31,31,1,guarded,scripted_non_learned_reference,False,,False,False,0.0,0.0,0.0,0,0,5.353200001991354,"[-0.08477787041885589, -0.5312068388561775, -0.07053101927385577, -1.8734755701868486, -0.10185725580956631, 1.7480941497666695, 0.21333153333394486]","[-0.08477787041885589, -0.5312068388561775, -0.07053101927385577, -1.8734755701868486, -0.10185725580956631, 1.7480941497666695, 0.21333153333394486]","[-0.08751836325479181, -0.5241361271581715, -0.07281125331982806, -1.8613006350426102, -0.10515458638695892, 1.754515843028756, 0.19590780246771697]"
single_block,0.0,1,32,32,1,guarded,scripted_non_learned_reference,False,,False,False,0.0,0.0,0.0,0,0,4.9450000005890615,"[-0.08751836325479181, -0.5241361271581715, -0.07281125331982806, -1.8613006350426102, -0.10515458638695892, 1.754515843028756, 0.19590780246771697]","[-0.08751836325479181, -0.5241361271581715, -0.07281125331982806, -1.8613006350426102, -0.10515458638695892, 1.754515843028756, 0.19590780246771697]","[-0.09026140864268861, -0.5170549570445101, -0.07509599672549175, -1.8491217038769816, -0.10845415279339546, 1.760946178177502, 0.17845812875524195]"
single_block,0.0,1,33,33,1,guarded,scripted_non_learned_reference,False,,False,False,0.0,0.0,0.0,0,0,4.48560000222642,"[-0.09026140864268861, -0.5170549570445101, -0.07509599672549175, -1.8491217038769816, -0.10845415279339546, 1.760946178177502, 0.17845812875524195]","[-0.09026140864268861, -0.5170549570445101, -0.07509599672549175, -1.8491217038769816, -0.10845415279339546, 1.760946178177502, 0.17845812875524195]","[-0.09300131850475625, -0.5099868658217084, -0.07737935009609892, -1.836969401741342, -0.11174433314951278, 1.7673476397512313, 0.16110626293926475]"
single_block,0.0,1,34,34,1,guarded,scripted_non_learned_reference,False,,False,False,0.0,0.0,0.0,0,0,4.204899996693712,"[-0.09300131850475625, -0.5099868658217084, -0.07737935009609892, -1.836969401741342, -0.11174433314951278, 1.7673476397512313, 0.16110626293926475]","[-0.09300131850475625, -0.5099868658217084, -0.07737935009609892, -1.836969401741342, -0.11174433314951278, 1.7673476397512313, 0.16110626293926475]","[-0.09574172952786311, -0.5029117597010601, -0.07965994823748855, -1.8248040373268986, -0.11504146147695703, 1.7737632650619384, 0.1436893568744729]"
single_block,0.0,1,35,35,1,guarded,scripted_non_learned_reference,False,,False,False,0.0,0.0,0.0,0,0,4.536799999186769,"[-0.09574172952786311, -0.5029117597010601, -0.07965994823748855, -1.8248040373268986, -0.11504146147695703, 1.7737632650619384, 0.1436893568744729]","[-0.09574172952786311, -0.5029117597010601, -0.07965994823748855, -1.8248040373268986, -0.11504146147695703, 1.7737632650619384, 0.1436893568744729]","[-0.09847866419437883, -0.4958461433948885, -0.08193678002210247, -1.8126473085966799, -0.1183317700681866, 1.7801668182483839, 0.1263317073454934]"
single_block,0.0,1,36,36,1,guarded,scripted_non_learned_reference,False,,False,False,0.0,0.0,0.0,0,0,5.9236000015516765,"[-0.09847866419437883, -0.4958461433948885, -0.08193678002210247, -1.8126473085966799, -0.1183317700681866, 1.7801668182483839, 0.1263317073454934]","[-0.09847866419437883, -0.4958461433948885, -0.08193678002210247, -1.8126473085966799, -0.1183317700681866, 1.7801668182483839, 0.1263317073454934]","[-0.10121692935226957, -0.48877464217438144, -0.08421274723761701, -1.800472800920913, -0.12162877188271731, 1.7865883835802474, 0.10890789743857432]"
single_block,0.0,1,37,37,1,guarded,scripted_non_learned_reference,False,,False,False,0.0,0.0,0.0,0,0,5.0428000031388365,"[-0.10121692935226957, -0.48877464217438144, -0.08421274723761701, -1.800472800920913, -0.12162877188271731, 1.7865883835802474, 0.10890789743857432]","[-0.10121692935226957, -0.48877464217438144, -0.08421274723761701, -1.800472800920913, -0.12162877188271731, 1.7865883835802474, 0.10890789743857432]","[-0.10395683007150681, -0.48170175990584296, -0.08649095428445525, -1.788288099627152, -0.12492767422477224, 1.7930203990223128, 0.09145808416923261]"
single_block,0.0,1,38,38,1,guarded,scripted_non_learned_reference,False,,False,False,0.0,0.0,0.0,0,0,4.624300003342796,"[-0.10395683007150681, -0.48170175990584296, -0.08649095428445525, -1.788288099627152, -0.12492767422477224, 1.7930203990223128, 0.09145808416923261]","[-0.10395683007150681, -0.48170175990584296, -0.08649095428445525, -1.788288099627152, -0.12492767422477224, 1.7930203990223128, 0.09145808416923261]","[-0.10669485996147386, -0.474645255858597, -0.08876990004317391, -1.7761278749962104, -0.12821729277206992, 1.7994240985076682, 0.07410611480583557]"
single_block,0.0,1,39,39,1,guarded,scripted_non_learned_reference,False,,False,False,0.0,0.0,0.0,0,0,4.507099998591002,"[-0.10669485996147386, -0.474645255858597, -0.08876990004317391, -1.7761278749962104, -0.12821729277206992, 1.7994240985076682, 0.07410611480583557]","[-0.10669485996147386, -0.474645255858597, -0.08876990004317391, -1.7761278749962104, -0.12821729277206992, 1.7994240985076682, 0.07410611480583557]","[-0.10943536311627666, -0.467579479966471, -0.09105018772528599, -1.7639554118241876, -0.13151418033110945, 1.8058418250511856, 0.05668917497170911]"
single_block,0.0,1,40,40,1,guarded,scripted_non_learned_reference,False,,False,False,0.0,0.0,0.0,0,0,4.1665000026114285,"[-0.10943536311627666, -0.467579479966471, -0.09105018772528599, -1.7639554118241876, -0.13151418033110945, 1.8058418250511856, 0.05668917497170911]","[-0.10943536311627666, -0.467579479966471, -0.09105018772528599, -1.7639554118241876, -0.13151418033110945, 1.8058418250511856, 0.05668917497170911]","[-0.11217383455505629, -0.4605177481667907, -0.09332971918214195, -1.751796016758736, -0.13480464817640153, 1.812246136288456, 0.039331576120328594]"
single_block,0.0,1,41,41,1,guarded,scripted_non_learned_reference,False,,False,False,0.0,0.0,0.0,0,0,4.458399998839013,"[-0.11217383455505629, -0.4605177481667907, -0.09332971918214195, -1.751796016758736, -0.13480464817640153, 1.812246136288456, 0.039331576120328594]","[-0.11217383455505629, -0.4605177481667907, -0.09332971918214195, -1.751796016758736, -0.13480464817640153, 1.812246136288456, 0.039331576120328594]","[-0.11491386989762012, -0.45344419217914883, -0.09560926446251347, -1.7396228453805758, -0.13810197105060218, 1.8186673170774623, 0.021907839928605583]"
single_block,0.0,1,42,42,1,guarded,scripted_non_learned_reference,False,,False,False,0.0,0.0,0.0,0,0,4.419099997903686,"[-0.11491386989762012, -0.45344419217914883, -0.09560926446251347, -1.7396228453805758, -0.13810197105060218, 1.8186673170774623, 0.021907839928605583]","[-0.11491386989762012, -0.45344419217914883, -0.09560926446251347, -1.7396228453805758, -0.13810197105060218, 1.8186673170774623, 0.021907839928605583]","[-0.11765474641476918, -0.44636546371756824, -0.0978897334593205, -1.727442496280507, -0.14140118712856176, 1.8250980679757287, 0.004458087132534305]"
single_block,0.0,1,43,43,1,guarded,scripted_non_learned_reference,False,,False,False,0.0,0.0,0.0,0,0,4.524199997831602,"[-0.11765474641476918, -0.44636546371756824, -0.0978897334593205, -1.727442496280507, -0.14140118712856176, 1.8250980679757287, 0.004458087132534305]","[-0.11765474641476918, -0.44636546371756824, -0.0978897334593205, -1.727442496280507, -0.14140118712856176, 1.8250980679757287, 0.004458087132534305]","[-0.12039252839720732, -0.4393026221660498, -0.1001684698954468, -1.7152870726324647, -0.14469091975429033, 1.831500294654025, -0.012893870201124974]"
single_block,0.0,1,44,44,1,guarded,scripted_non_learned_reference,False,,False,False,0.0,0.0,0.0,0,0,4.623499997251201,"[-0.12039252839720732, -0.4393026221660498, -0.1001684698954468, -1.7152870726324647, -0.14469091975429033, 1.831500294654025, -0.012893870201124974]","[-0.12039252839720732, -0.4393026221660498, -0.1001684698954468, -1.7152870726324647, -0.14469091975429033, 1.831500294654025, -0.012893870201124974]","[-0.12313197411362073, -0.43223229008316655, -0.10244703540939538, -1.703117314375137, -0.14798771697331933, 1.8379173559429893, -0.03031085115539444]"
single_block,0.0,1,45,45,1,guarded,scripted_non_learned_reference,False,,False,False,0.0,0.0,0.0,0,0,4.977500000677537,"[-0.12313197411362073, -0.43223229008316655, -0.10244703540939538, -1.703117314375137, -0.14798771697331933, 1.8379173559429893, -0.03031085115539444]","[-0.12313197411362073, -0.43223229008316655, -0.10244703540939538, -1.703117314375137, -0.14798771697331933, 1.8379173559429893, -0.03031085115539444]","[-0.12586937817274127, -0.4251697080450071, -0.10472453758282206, -1.6909585565269638, -0.15127805124377322, 1.8443215622114482, -0.04766849248273433]"
single_block,0.0,1,46,46,1,guarded,scripted_non_learned_reference,False,,False,False,0.0,0.0,0.0,0,0,6.153199996333569,"[-0.12586937817274127, -0.4251697080450071, -0.10472453758282206, -1.6909585565269638, -0.15127805124377322, 1.8443215622114482, -0.04766849248273433]","[-0.12586937817274127, -0.4251697080450071, -0.10472453758282206, -1.6909585565269638, -0.15127805124377322, 1.8443215622114482, -0.04766849248273433]","[-0.128608881893694, -0.41809831024914046, -0.10700299668779396, -1.6787837194922144, -0.15457524785042906, 1.8507432650698599, -0.06509225892763798]"
single_block,0.0,1,47,47,1,guarded,scripted_non_learned_reference,False,,False,False,0.0,0.0,0.0,0,0,4.184799996437505,"[-0.128608881893694, -0.41809831024914046, -0.10700299668779396, -1.6787837194922144, -0.15457524785042906, 1.8507432650698599, -0.06509225892763798]","[-0.128608881893694, -0.41809831024914046, -0.10700299668779396, -1.6787837194922144, -0.15457524785042906, 1.8507432650698599, -0.06509225892763798]","[-0.13134991661569814, -0.4110234978261758, -0.10928358885804268, -1.6666008830365586, -0.1578744310677632, 1.8571746898378063, -0.08254200796965717]"
single_block,0.0,1,48,48,1,guarded,scripted_non_learned_reference,False,,False,False,0.0,0.0,0.0,0,0,4.933500000333879,"[-0.13134991661569814, -0.4110234978261758, -0.10928358885804268, -1.6666008830365586, -0.1578744310677632, 1.8571746898378063, -0.08254200796965717]","[-0.13134991661569814, -0.4110234978261758, -0.10928358885804268, -1.6666008830365586, -0.1578744310677632, 1.8571746898378063, -0.08254200796965717]","[-0.13408830488148224, -0.40396425150293347, -0.11156315910417336, -1.6544433202329452, -0.16116417880822098, 1.863577381258182, -0.09989394179681355]"
single_block,0.0,1,49,49,1,guarded,scripted_non_learned_reference,False,,False,False,0.0,0.0,0.0,0,0,4.968400004145224,"[-0.13408830488148224, -0.40396425150293347, -0.11156315910417336, -1.6544433202329452, -0.16116417880822098, 1.863577381258182, -0.09989394179681355]","[-0.13408830488148224, -0.40396425150293347, -0.11156315910417336, -1.6544433202329452, -0.16116417880822098, 1.863577381258182, -0.09989394179681355]","[-0.13682843916861806, -0.3968956903178404, -0.11384294883378829, -1.6422719087996591, -0.16446100571474406, 1.869994962716191, -0.11731090671447392]"
single_block,0.0,1,50,50,1,guarded,scripted_non_learned_reference,False,,False,False,0.0,0.0,0.0,0,0,4.212500003632158,"[-0.13682843916861806, -0.3968956903178404, -0.11384294883378829, -1.6422719087996591, -0.16446100571474406, 1.869994962716191, -0.11731090671447392]","[-0.13682843916861806, -0.3968956903178404, -0.11384294883378829, -1.6422719087996591, -0.16446100571474406, 1.869994962716191, -0.11731090671447392]","[-0.1395662217354331, -0.3898331180452881, -0.11612111543301722, -1.6301132476768625, -0.1677514025636331, 1.8763991548171086, -0.13466853036259988]"
single_block,0.0,1,51,51,1,guarded,scripted_non_learned_reference,False,,False,False,0.0,0.0,0.0,0,0,4.586899995047133,"[-0.1395662217354331, -0.3898331180452881, -0.11612111543301722, -1.6301132476768625, -0.1677514025636331, 1.8763991548171086, -0.13466853036259988]","[-0.1395662217354331, -0.3898331180452881, -0.11612111543301722, -1.6301132476768625, -0.1677514025636331, 1.8763991548171086, -0.13466853036259988]","[-0.1423056926919686, -0.3827600977856128, -0.11839966381411617, -1.6179393812471434, -0.1710486305784777, 1.8828206356558348, -0.15209229621378093]"
single_block,0.0,1,52,52,1,guarded,scripted_non_learned_reference,False,,False,False,0.0,0.0,0.0,0,0,4.776599998876918,"[-0.1423056926919686, -0.3827600977856128, -0.11839966381411617, -1.6179393812471434, -0.1710486305784777, 1.8828206356558348, -0.15209229621378093]","[-0.1423056926919686, -0.3827600977856128, -0.11839966381411617, -1.6179393812471434, -0.1710486305784777, 1.8828206356558348, -0.15209229621378093]","[-0.14504636237700688, -0.3756830856072394, -0.1206797724589154, -1.6057582638870005, -0.17434783987707717, 1.889251583173947, -0.16954204848201604]"
single_block,0.0,1,53,53,1,guarded,scripted_non_learned_reference,False,,False,False,0.0,0.0,0.0,0,0,5.3157000002101995,"[-0.14504636237700688, -0.3756830856072394, -0.1206797724589154, -1.6057582638870005, -0.17434783987707717, 1.889251583173947, -0.16954204848201604]","[-0.14504636237700688, -0.3756830856072394, -0.1206797724589154, -1.6057582638870005, -0.17434783987707717, 1.889251583173947, -0.16954204848201604]","[-0.1477842769663693, -0.3686219811500115, -0.12295850044734886, -1.593602228672483, -0.17763756327677763, 1.895653749083096, -0.18689399364694945]"
single_block,0.0,1,54,54,1,guarded,scripted_non_learned_reference,False,,False,False,0.0,0.0,0.0,0,0,4.198400005407166,"[-0.1477842769663693, -0.3686219811500115, -0.12295850044734886, -1.593602228672483, -0.17763756327677763, 1.895653749083096, -0.18689399364694945]","[-0.1477842769663693, -0.3686219811500115, -0.12295850044734886, -1.593602228672483, -0.17763756327677763, 1.895653749083096, -0.18689399364694945]","[-0.15052410777205222, -0.3615522910498824, -0.12523784662879564, -1.581431116410246, -0.18093434361991526, 1.902071338360372, -0.20431097935605755]"
single_block,0.0,1,55,55,1,guarded,scripted_non_learned_reference,False,,False,False,0.0,0.0,0.0,0,0,4.297899999073707,"[-0.15052410777205222, -0.3615522910498824, -0.12523784662879564, -1.581431116410246, -0.18093434361991526, 1.902071338360372, -0.20431097935605755]","[-0.15052410777205222, -0.3615522910498824, -0.12523784662879564, -1.581431116410246, -0.18093434361991526, 1.902071338360372, -0.20431097935605755]","[-0.15326185462935457, -0.35449000603541186, -0.1275158984200611, -1.5692723614613429, -0.1842247380106929, 1.9084755671521414, -0.22166860428287924]"
single_block,0.0,1,56,56,1,guarded,scripted_non_learned_reference,False,,False,False,0.0,0.0,0.0,0,0,5.668800004059449,"[-0.15326185462935457, -0.35449000603541186, -0.1275158984200611, -1.5692723614613429, -0.1842247380106929, 1.9084755671521414, -0.22166860428287924]","[-0.15326185462935457, -0.35449000603541186, -0.1275158984200611, -1.5692723614613429, -0.1842247380106929, 1.9084755671521414, -0.22166860428287924]","[-0.15600153595169877, -0.3474180772850301, -0.1297948216486515, -1.557097640874715, -0.18752197244688698, 1.9148973052191858, -0.23909236563789282]"
single_block,0.0,1,57,57,1,guarded,scripted_non_learned_reference,False,,False,False,0.0,0.0,0.0,0,0,6.042700006219093,"[-0.15600153595169877, -0.3474180772850301, -0.1297948216486515, -1.557097640874715, -0.18752197244688698, 1.9148973052191858, -0.23909236563789282]","[-0.15600153595169877, -0.3474180772850301, -0.1297948216486515, -1.557097640874715, -0.18752197244688698, 1.9148973052191858, -0.23909236563789282]","[-0.15874249900197773, -0.34034259370473424, -0.1320754343883523, -1.5449157520099388, -0.19082121771946642, 1.92132842878618, -0.25654210034139685]"
single_block,0.0,1,58,58,1,guarded,scripted_non_learned_reference,False,,False,False,0.0,0.0,0.0,0,0,4.381999999168329,"[-0.15874249900197773, -0.34034259370473424, -0.1320754343883523, -1.5449157520099388, -0.19082121771946642, 1.92132842878618, -0.25654210034139685]","[-0.15874249900197773, -0.34034259370473424, -0.1320754343883523, -1.5449157520099388, -0.19082121771946642, 1.92132842878618, -0.25654210034139685]","[-0.16148058961503356, -0.3332826547650341, -0.13435433388278414, -1.5327591816622024, -0.19411093772225035, 1.9277306325079275, -0.27389403456528705]"
single_block,0.0,1,59,59,1,guarded,scripted_non_learned_reference,False,,False,False,0.0,0.0,0.0,0,0,4.309800002374686,"[-0.16148058961503356, -0.3332826547650341, -0.13435433388278414, -1.5327591816622024, -0.19411093772225035, 1.9277306325079275, -0.27389403456528705]","[-0.16148058961503356, -0.3332826547650341, -0.13435433388278414, -1.5327591816622024, -0.19411093772225035, 1.9277306325079275, -0.27389403456528705]","[-0.1642204876579323, -0.3262132327318605, -0.13663383108121657, -1.5205874409600888, -0.19740769423468055, 1.9341485043287716, -0.2913110260524279]"
single_block,0.0,1,60,60,1,guarded,scripted_non_learned_reference,False,,False,False,0.0,0.0,0.0,0,0,4.1379000031156465,"[-0.1642204876579323, -0.3262132327318605, -0.13663383108121657, -1.5205874409600888, -0.19740769423468055, 1.9341485043287716, -0.2913110260524279]","[-0.1642204876579323, -0.3262132327318605, -0.13663383108121657, -1.5205874409600888, -0.19740769423468055, 1.9341485043287716, -0.2913110260524279]","[-0.16695815868516647, -0.3191507677053576, -0.1389117326675962, -1.5084289027417017, -0.20069809036773942, 1.9405526982007755, -0.3086686512305357]"
single_block,0.0,1,61,61,1,guarded,scripted_non_learned_reference,False,,False,False,0.0,0.0,0.0,0,0,4.6065999995335005,"[-0.16695815868516647, -0.3191507677053576, -0.1389117326675962, -1.5084289027417017, -0.20069809036773942, 1.9405526982007755, -0.3086686512305357]","[-0.16695815868516647, -0.3191507677053576, -0.1389117326675962, -1.5084289027417017, -0.20069809036773942, 1.9405526982007755, -0.3086686512305357]","[-0.16969772706521166, -0.31207812286687037, -0.14119055803841488, -1.4962545314616809, -0.20399532660714134, 1.9469743845642913, -0.32609241739437334]"
single_block,0.0,1,62,62,1,guarded,scripted_non_learned_reference,False,,False,False,0.0,0.0,0.0,0,0,5.128999997396022,"[-0.16969772706521166, -0.31207812286687037, -0.14119055803841488, -1.4962545314616809, -0.20399532660714134, 1.9469743845642913, -0.32609241739437334]","[-0.16969772706521166, -0.31207812286687037, -0.14119055803841488, -1.4962545314616809, -0.20399532660714134, 1.9469743845642913, -0.32609241739437334]","[-0.1724385689116514, -0.3050018971301263, -0.14347107057896982, -1.484073383986592, -0.2072946006702324, 1.9534052732609877, -0.3435421479735111]"
single_block,0.0,1,63,63,1,guarded,scripted_non_learned_reference,False,,False,False,0.0,0.0,0.0,0,0,5.5484000040451065,"[-0.1724385689116514, -0.3050018971301263, -0.14347107057896982, -1.484073383986592, -0.2072946006702324, 1.9534052732609877, -0.3435421479735111]","[-0.1724385689116514, -0.3050018971301263, -0.14347107057896982, -1.484073383986592, -0.2072946006702324, 1.9534052732609877, -0.3435421479735111]","[-0.1751765339614017, -0.2979413533757802, -0.14574971851887802, -1.471917412435837, -0.21058431283382725, 1.9598071987308538, -0.36089408298735465]"
single_block,0.0,1,64,64,1,guarded,scripted_non_learned_reference,False,,False,False,0.0,0.0,0.0,0,0,5.338099996151868,"[-0.1751765339614017, -0.2979413533757802, -0.14574971851887802, -1.471917412435837, -0.21058431283382725, 1.9598071987308538, -0.36089408298735465]","[-0.1751765339614017, -0.2979413533757802, -0.14574971851887802, -1.471917412435837, -0.21058431283382725, 1.9598071987308538, -0.36089408298735465]","[-0.17791642188992907, -0.2908714884716056, -0.1480292755193252, -1.45974553818059, -0.21388105323794793, 1.9662251991587347, -0.3783110833050542]"
single_block,0.0,1,65,65,1,guarded,scripted_non_learned_reference,False,,False,False,0.0,0.0,0.0,0,0,5.600799995590933,"[-0.17791642188992907, -0.2908714884716056, -0.1480292755193252, -1.45974553818059, -0.21388105323794793, 1.9662251991587347, -0.3783110833050542]","[-0.17791642188992907, -0.2908714884716056, -0.1480292755193252, -1.45974553818059, -0.21388105323794793, 1.9662251991587347, -0.3783110833050542]","[-0.18065412443133308, -0.2838092347210967, -0.15030720373458756, -1.4475869737175346, -0.21717145628163764, 1.9726293994687276, -0.39566870524190106]"
single_block,0.0,1,66,66,1,guarded,scripted_non_learned_reference,False,,False,False,0.0,0.0,0.0,0,0,5.155199993168935,"[-0.18065412443133308, -0.2838092347210967, -0.15030720373458756, -1.4475869737175346, -0.21717145628163764, 1.9726293994687276, -0.39566870524190106]","[-0.18065412443133308, -0.2838092347210967, -0.15030720373458756, -1.4475869737175346, -0.21717145628163764, 1.9726293994687276, -0.39566870524190106]","[-0.1833937998877451, -0.27673703514896947, -0.1525862529745398, -1.4354122028661465, -0.22046869754388382, 1.979051224572328, -0.41309246845274983]"
single_block,0.0,1,67,67,1,guarded,scripted_non_learned_reference,False,,False,False,0.0,0.0,0.0,0,0,4.572000005282462,"[-0.1833937998877451, -0.27673703514896947, -0.1525862529745398, -1.4354122028661465, -0.22046869754388382, 1.979051224572328, -0.41309246845274983]","[-0.1833937998877451, -0.27673703514896947, -0.1525862529745398, -1.4354122028661465, -0.22046869754388382, 1.979051224572328, -0.41309246845274983]","[-0.18613473576023754, -0.26966146815788283, -0.1548669642514651, -1.4232308825173259, -0.22376799648194448, 1.985482125632654, -0.43054218705896447]"
single_block,0.0,1,68,68,1,guarded,scripted_non_learned_reference,False,,False,False,0.0,0.0,0.0,0,0,5.034099995100405,"[-0.18613473576023754, -0.26966146815788283, -0.1548669642514651, -1.4232308825173259, -0.22376799648194448, 1.985482125632654, -0.43054218705896447]","[-0.18613473576023754, -0.26966146815788283, -0.1548669642514651, -1.4232308825173259, -0.22376799648194448, 1.985482125632654, -0.43054218705896447]","[-0.18887268798343496, -0.262601359022168, -0.15714550458634652, -1.4110747782663497, -0.22705768987160324, 1.9918839976046672, -0.4478941192656742]"
single_block,0.0,1,69,69,1,guarded,scripted_non_learned_reference,False,,False,False,0.0,0.0,0.0,0,0,4.196100002445746,"[-0.18887268798343496, -0.262601359022168, -0.15714550458634652, -1.4110747782663497, -0.22705768987160324, 1.9918839976046672, -0.4478941192656742]","[-0.18887268798343496, -0.262601359022168, -0.15714550458634652, -1.4110747782663497, -0.22705768987160324, 1.9918839976046672, -0.4478941192656742]","[-0.19161257759026656, -0.2555314692837298, -0.15942511849256574, -1.3989025066154626, -0.23035440870848642, 1.9983022220864834, -0.465311126710656]"
single_block,0.0,1,70,70,1,guarded,scripted_non_learned_reference,False,,False,False,0.0,0.0,0.0,0,0,4.029000003356487,"[-0.19161257759026656, -0.2555314692837298, -0.15942511849256574, -1.3989025066154626, -0.23035440870848642, 1.9983022220864834, -0.465311126710656]","[-0.19161257759026656, -0.2555314692837298, -0.15942511849256574, -1.3989025066154626, -0.23035440870848642, 1.9983022220864834, -0.465311126710656]","[-0.19435022991924514, -0.24846915681703374, -0.1617029565613497, -1.386744085055873, -0.2336448135076679, 2.0047063900519095, -0.482668747673246]"
single_block,0.0,1,71,71,1,guarded,scripted_non_learned_reference,False,,False,False,0.0,0.0,0.0,0,0,4.224099997372832,"[-0.19435022991924514, -0.24846915681703374, -0.1617029565613497, -1.386744085055873, -0.2336448135076679, 2.0047063900519095, -0.482668747673246]","[-0.19435022991924514, -0.24846915681703374, -0.1617029565613497, -1.386744085055873, -0.2336448135076679, 2.0047063900519095, -0.482668747673246]","[-0.19708990860072706, -0.24139667009891344, -0.16398209295209154, -1.3745694002715987, -0.2369420622509391, 2.011128220541867, -0.5000925110167771]"
single_block,0.0,1,72,72,1,guarded,scripted_non_learned_reference,False,,False,False,0.0,0.0,0.0,0,0,4.6498000010615215,"[-0.19708990860072706, -0.24139667009891344, -0.16398209295209154, -1.3745694002715987, -0.2369420622509391, 2.011128220541867, -0.5000925110167771]","[-0.19708990860072706, -0.24139667009891344, -0.16398209295209154, -1.3745694002715987, -0.2369420622509391, 2.011128220541867, -0.5000925110167771]","[-0.19983084524054587, -0.23432089074859155, -0.16626289521794604, -1.3623884829287674, -0.24024139204949932, 2.0175589621549648, -0.5175422210434101]"
single_block,0.0,1,73,73,1,guarded,scripted_non_learned_reference,False,,False,False,0.0,0.0,0.0,0,0,5.744500005675945,"[-0.19983084524054587, -0.23432089074859155, -0.16626289521794604, -1.3623884829287674, -0.24024139204949932, 2.0175589621549648, -0.5175422210434101]","[-0.19983084524054587, -0.23432089074859155, -0.16626289521794604, -1.3623884829287674, -0.24024139204949932, 2.0175589621549648, -0.5175422210434101]","[-0.203102886187825, -0.23054953501111786, -0.16421076964966716, -1.3560302150918189, -0.2443327579647608, 2.0221345655689356, -0.5279887042625577]"
single_block,0.0,1,74,74,1,guarded,scripted_non_learned_reference,False,,False,False,0.0,0.0,0.0,0,0,4.383500003314111,"[-0.203102886187825, -0.23054953501111786, -0.16421076964966716, -1.3560302150918189, -0.2443327579647608, 2.0221345655689356, -0.5279887042625577]","[-0.203102886187825, -0.23054953501111786, -0.16421076964966716, -1.3560302150918189, -0.2443327579647608, 2.0221345655689356, -0.5279887042625577]","[-0.20393905688012476, -0.22982074174962389, -0.15489068102733253, -1.3549386825136438, -0.2487391576619624, 2.0241032649170796, -0.531809087045732]"
single_block,0.0,1,75,75,1,guarded,scripted_non_learned_reference,False,,False,False,0.0,0.0,0.0,0,0,4.323900000599679,"[-0.20393905688012476, -0.22982074174962389, -0.15489068102733253, -1.3549386825136438, -0.2487391576619624, 2.0241032649170796, -0.531809087045732]","[-0.20393905688012476, -0.22982074174962389, -0.15489068102733253, -1.3549386825136438, -0.2487391576619624, 2.0241032649170796, -0.531809087045732]","[-0.20062248861234316, -0.22941733341631476, -0.13843219726422737, -1.3549238779626205, -0.2528221172250807, 2.0254510643686703, -0.5335374850364276]"
single_block,0.0,1,76,76,1,guarded,scripted_non_learned_reference,False,,False,False,0.0,0.0,0.0,0,0,4.189799998130184,"[-0.20062248861234316, -0.22941733341631476, -0.13843219726422737, -1.3549238779626205, -0.2528221172250807, 2.0254510643686703, -0.5335374850364276]","[-0.20062248861234316, -0.22941733341631476, -0.13843219726422737, -1.3549238779626205, -0.2528221172250807, 2.0254510643686703, -0.5335374850364276]","[-0.1948135374764358, -0.22783407453077872, -0.11813047776338967, -1.3541535846103308, -0.2566353492954852, 2.0278133367646864, -0.5360533997482855]"
single_block,0.0,1,77,77,1,guarded,scripted_non_learned_reference,False,,False,False,0.0,0.0,0.0,0,0,5.5585999944014475,"[-0.1948135374764358, -0.22783407453077872, -0.11813047776338967, -1.3541535846103308, -0.2566353492954852, 2.0278133367646864, -0.5360533997482855]","[-0.1948135374764358, -0.22783407453077872, -0.11813047776338967, -1.3541535846103308, -0.2566353492954852, 2.0278133367646864, -0.5360533997482855]","[-0.18899805487531873, -0.22544545825518614, -0.0978511809163951, -1.3534286387214223, -0.2604581865769867, 2.030587885622543, -0.5390340721898298]"
single_block,0.0,1,78,78,1,guarded,scripted_non_learned_reference,False,,False,False,0.0,0.0,0.0,0,0,4.389500005345326,"[-0.18899805487531873, -0.22544545825518614, -0.0978511809163951, -1.3534286387214223, -0.2604581865769867, 2.030587885622543, -0.5390340721898298]","[-0.18899805487531873, -0.22544545825518614, -0.0978511809163951, -1.3534286387214223, -0.2604581865769867, 2.030587885622543, -0.5390340721898298]","[-0.18517061267632892, -0.2229020963134779, -0.08078917674519877, -1.3532298437312609, -0.26446904464917775, 2.032918088510379, -0.5419772775491367]"
single_block,0.0,1,79,79,1,guarded,scripted_non_learned_reference,False,,False,False,0.0,0.0,0.0,0,0,4.569600001559593,"[-0.18517061267632892, -0.2229020963134779, -0.08078917674519877, -1.3532298437312609, -0.26446904464917775, 2.032918088510379, -0.5419772775491367]","[-0.18517061267632892, -0.2229020963134779, -0.08078917674519877, -1.3532298437312609, -0.26446904464917775, 2.032918088510379, -0.5419772775491367]","[-0.1835869383764794, -0.2205353349475172, -0.06729196670693977, -1.3532278650396348, -0.2686999585733615, 2.03475686225004, -0.5447900693707072]"
single_block,0.0,1,80,80,1,guarded,scripted_non_learned_reference,False,,False,False,0.0,0.0,0.0,0,0,4.48820000019623,"[-0.1835869383764794, -0.2205353349475172, -0.06729196670693977, -1.3532278650396348, -0.2686999585733615, 2.03475686225004, -0.5447900693707072]","[-0.1835869383764794, -0.2205353349475172, -0.06729196670693977, -1.3532278650396348, -0.2686999585733615, 2.03475686225004, -0.5447900693707072]","[-0.18325346931609934, -0.21857287809753312, -0.05578396891941634, -1.3529913872284074, -0.2730342956235775, 2.0364299133133916, -0.5475190805136785]"
single_block,0.0,1,81,81,1,guarded,scripted_non_learned_reference,False,,False,False,0.0,0.0,0.0,0,0,4.359499995189253,"[-0.18325346931609934, -0.21857287809753312, -0.05578396891941634, -1.3529913872284074, -0.2730342956235775, 2.0364299133133916, -0.5475190805136785]","[-0.18325346931609934, -0.21857287809753312, -0.05578396891941634, -1.3529913872284074, -0.2730342956235775, 2.0364299133133916, -0.5475190805136785]","[-0.18289848870065165, -0.21708227438972386, -0.04421238587211239, -1.352371315117056, -0.2773682559969519, 2.038234360690244, -0.5502606844558605]"
single_block,0.0,1,82,82,1,guarded,scripted_non_learned_reference,False,,False,False,0.0,0.0,0.0,0,0,6.0904999991180375,"[-0.18289848870065165, -0.21708227438972386, -0.04421238587211239, -1.352371315117056, -0.2773682559969519, 2.038234360690244, -0.5502606844558605]","[-0.18289848870065165, -0.21708227438972386, -0.04421238587211239, -1.352371315117056, -0.2773682559969519, 2.038234360690244, -0.5502606844558605]","[-0.18159844595914584, -0.21598496391110075, -0.03113819994984894, -1.3514183461710885, -0.2816119114506399, 2.040284294246794, -0.5530376066042818]"
single_block,0.0,1,83,83,1,guarded,scripted_non_learned_reference,False,,False,False,0.0,0.0,0.0,0,0,4.726500003016554,"[-0.18159844595914584, -0.21598496391110075, -0.03113819994984894, -1.3514183461710885, -0.2816119114506399, 2.040284294246794, -0.5530376066042818]","[-0.18159844595914584, -0.21598496391110075, -0.03113819994984894, -1.3514183461710885, -0.2816119114506399, 2.040284294246794, -0.5530376066042818]","[-0.1791003295337965, -0.21505888295598516, -0.016196479901763153, -1.350321802622673, -0.2857294092213564, 2.042555615563779, -0.5558372905819923]"
single_block,0.0,1,84,84,1,guarded,scripted_non_learned_reference,False,,False,False,0.0,0.0,0.0,0,0,4.851400000916328,"[-0.1791003295337965, -0.21505888295598516, -0.016196479901763153, -1.350321802622673, -0.2857294092213564, 2.042555615563779, -0.5558372905819923]","[-0.1791003295337965, -0.21505888295598516, -0.016196479901763153, -1.350321802622673, -0.2857294092213564, 2.042555615563779, -0.5558372905819923]","[-0.17588629450476018, -0.21408692696004836, -0.00010728905354101396, -1.3492647967516083, -0.28979205469119834, 2.044936605641787, -0.5586711022826435]"
single_block,0.0,1,85,85,1,guarded,scripted_non_learned_reference,False,,False,False,0.0,0.0,0.0,0,0,4.19030000193743,"[-0.17588629450476018, -0.21408692696004836, -0.00010728905354101396, -1.3492647967516083, -0.28979205469119834, 2.044936605641787, -0.5586711022826435]","[-0.17588629450476018, -0.21408692696004836, -0.00010728905354101396, -1.3492647967516083, -0.28979205469119834, 2.044936605641787, -0.5586711022826435]","[-0.17270830040961474, -0.21289480094787278, 0.015907779133200024, -1.3483876263532637, -0.2938520888352105, 2.0472639371608112, -0.5614975620457677]"
single_block,0.0,1,86,86,1,guarded,scripted_non_learned_reference,False,,False,False,0.0,0.0,0.0,0,0,4.787300000316463,"[-0.17270830040961474, -0.21289480094787278, 0.015907779133200024, -1.3483876263532637, -0.2938520888352105, 2.0472639371608112, -0.5614975620457677]","[-0.17270830040961474, -0.21289480094787278, 0.015907779133200024, -1.3483876263532637, -0.2938520888352105, 2.0472639371608112, -0.5614975620457677]","[-0.17003620554611298, -0.21141888436525835, 0.031146363879269695, -1.3477030046168041, -0.29797040969573174, 2.0494644419527046, -0.5643208192859134]"
single_block,0.0,1,87,87,1,guarded,scripted_non_learned_reference,False,,False,False,0.0,0.0,0.0,0,0,4.29479999729665,"[-0.17003620554611298, -0.21141888436525835, 0.031146363879269695, -1.3477030046168041, -0.29797040969573174, 2.0494644419527046, -0.5643208192859134]","[-0.17003620554611298, -0.21141888436525835, 0.031146363879269695, -1.3477030046168041, -0.29797040969573174, 2.0494644419527046, -0.5643208192859134]","[-0.1679606848062653, -0.2096861901915118, 0.04545135431591684, -1.347168801992553, -0.302147255436667, 2.0515272993168, -0.567130276525885]"
single_block,0.0,1,88,88,1,guarded,scripted_non_learned_reference,False,,False,False,0.0,0.0,0.0,0,0,4.25849999737693,"[-0.1679606848062653, -0.2096861901915118, 0.04545135431591684, -1.347168801992553, -0.302147255436667, 2.0515272993168, -0.567130276525885]","[-0.1679606848062653, -0.2096861901915118, 0.04545135431591684, -1.347168801992553, -0.302147255436667, 2.0515272993168, -0.567130276525885]","[-0.16624578946608948, -0.20780611777026264, 0.05917310187015344, -1.3467057347143845, -0.30634535891344006, 2.053496378177766, -0.5699119358515847]"
single_block,0.0,1,89,89,1,guarded,scripted_non_learned_reference,False,,False,False,0.0,0.0,0.0,0,0,4.905599998892285,"[-0.16624578946608948, -0.20780611777026264, 0.05917310187015344, -1.3467057347143845, -0.30634535891344006, 2.053496378177766, -0.5699119358515847]","[-0.16624578946608948, -0.20780611777026264, 0.05917310187015344, -1.3467057347143845, -0.30634535891344006, 2.053496378177766, -0.5699119358515847]","[-0.1645632924776465, -0.20589790531354613, 0.07286524150535797, -1.346244338574334, -0.31055570516462366, 2.055460495215108, -0.5727021144432786]"
single_block,0.0,1,90,90,1,guarded,scripted_non_learned_reference,False,,False,False,0.0,0.0,0.0,0,0,5.316099995980039,"[-0.1645632924776465, -0.20589790531354613, 0.07286524150535797, -1.346244338574334, -0.31055570516462366, 2.055460495215108, -0.5727021144432786]","[-0.1645632924776465, -0.20589790531354613, 0.07286524150535797, -1.346244338574334, -0.31055570516462366, 2.055460495215108, -0.5727021144432786]","[-0.1626128742432805, -0.20409162480945464, 0.08695860487560131, -1.3457280220270267, -0.3147329831418441, 2.0574753405639337, -0.5754902336829644]"
single_block,0.0,1,91,91,1,guarded,scripted_non_learned_reference,False,,False,False,0.0,0.0,0.0,0,0,5.034499998146202,"[-0.1626128742432805, -0.20409162480945464, 0.08695860487560131, -1.3457280220270267, -0.3147329831418441, 2.0574753405639337, -0.5754902336829644]","[-0.1626128742432805, -0.20409162480945464, 0.08695860487560131, -1.3457280220270267, -0.3147329831418441, 2.0574753405639337, -0.5754902336829644]","[-0.16035791958398057, -0.202456062767693, 0.10154239693402047, -1.3451237561036251, -0.31889163451476393, 2.059569939606483, -0.5782978345450066]"
single_block,0.0,1,92,92,1,guarded,scripted_non_learned_reference,False,,False,False,0.0,0.0,0.0,0,0,4.605799993441906,"[-0.16035791958398057, -0.202456062767693, 0.10154239693402047, -1.3451237561036251, -0.31889163451476393, 2.059569939606483, -0.5782978345450066]","[-0.16035791958398057, -0.202456062767693, 0.10154239693402047, -1.3451237561036251, -0.31889163451476393, 2.059569939606483, -0.5782978345450066]","[-0.15789692133066055, -0.20100749767255996, 0.1164439309156966, -1.3444212152667891, -0.32303340688317184, 2.061730994890489, -0.5811157707746437]"
single_block,0.0,1,93,93,1,guarded,scripted_non_learned_reference,False,,False,False,0.0,0.0,0.0,0,0,4.699199998867698,"[-0.15789692133066055, -0.20100749767255996, 0.1164439309156966, -1.3444212152667891, -0.32303340688317184, 2.061730994890489, -0.5811157707746437]","[-0.15789692133066055, -0.20100749767255996, 0.1164439309156966, -1.3444212152667891, -0.32303340688317184, 2.061730994890489, -0.5811157707746437]","[-0.15541969919379106, -0.19970029961658337, 0.13134373674487734, -1.3436396806423152, -0.3271600257429901, 2.0639148266901697, -0.5839187218685798]"
single_block,0.0,1,94,94,1,guarded,scripted_non_learned_reference,False,,False,False,0.0,0.0,0.0,0,0,4.680199999711476,"[-0.15541969919379106, -0.19970029961658337, 0.13134373674487734, -1.3436396806423152, -0.3271600257429901, 2.0639148266901697, -0.5839187218685798]","[-0.15541969919379106, -0.19970029961658337, 0.13134373674487734, -1.3436396806423152, -0.3271600257429901, 2.0639148266901697, -0.5839187218685798]","[-0.1530665482679609, -0.19844428755643073, 0.14606672538692225, -1.3428095493171603, -0.3313062653891022, 2.066100222137104, -0.5867281744668199]"
single_block,0.0,1,95,95,1,guarded,scripted_non_learned_reference,False,,False,False,0.0,0.0,0.0,0,0,4.809099998965394,"[-0.1530665482679609, -0.19844428755643073, 0.14606672538692225, -1.3428095493171603, -0.3313062653891022, 2.066100222137104, -0.5867281744668199]","[-0.1530665482679609, -0.19844428755643073, 0.14606672538692225, -1.3428095493171603, -0.3313062653891022, 2.066100222137104, -0.5867281744668199]","[-0.15086695307402034, -0.19713579839845205, 0.16053425745852115, -1.3419937876495782, -0.33545731406991486, 2.0682524291006175, -0.5895233488398046]"
single_block,0.0,1,96,96,1,guarded,scripted_non_learned_reference,False,,False,False,0.0,0.0,0.0,0,0,4.531599995971192,"[-0.15086695307402034, -0.19713579839845205, 0.16053425745852115, -1.3419937876495782, -0.33545731406991486, 2.0682524291006175, -0.5895233488398046]","[-0.15086695307402034, -0.19713579839845205, 0.16053425745852115, -1.3419937876495782, -0.33545731406991486, 2.0682524291006175, -0.5895233488398046]","[-0.14877567722503915, -0.19570363691236745, 0.1748565279772537, -1.3412370146867085, -0.339627225435287, 2.0703747954167393, -0.5923260125163194]"
single_block,0.0,1,97,97,1,guarded,scripted_non_learned_reference,False,,False,False,0.0,0.0,0.0,0,0,6.008500000461936,"[-0.14877567722503915, -0.19570363691236745, 0.1748565279772537, -1.3412370146867085, -0.339627225435287, 2.0703747954167393, -0.5923260125163194]","[-0.14877567722503915, -0.19570363691236745, 0.1748565279772537, -1.3412370146867085, -0.339627225435287, 2.0703747954167393, -0.5923260125163194]","[-0.14669907855360928, -0.19412674699767885, 0.18916433465238097, -1.3405687382437619, -0.3438017707869882, 2.072469516792037, -0.5951327501594702]"
single_block,0.0,1,98,98,1,guarded,scripted_non_learned_reference,False,,False,False,0.0,0.0,0.0,0,0,5.164599999261554,"[-0.14669907855360928, -0.19412674699767885, 0.18916433465238097, -1.3405687382437619, -0.3438017707869882, 2.072469516792037, -0.5951327501594702]","[-0.14669907855360928, -0.19412674699767885, 0.18916433465238097, -1.3405687382437619, -0.3438017707869882, 2.072469516792037, -0.5951327501594702]","[-0.14456071724586042, -0.19244422296354421, 0.20355188811555736, -1.3399850131412618, -0.3479595943819554, 2.0745394968696558, -0.5979262422453815]"
single_block,0.0,1,99,99,1,guarded,scripted_non_learned_reference,False,,False,False,0.0,0.0,0.0,0,0,5.074799999420065,"[-0.14456071724586042, -0.19244422296354421, 0.20355188811555736, -1.3399850131412618, -0.3479595943819554, 2.0745394968696558, -0.5979262422453815]","[-0.14456071724586042, -0.19244422296354421, 0.20355188811555736, -1.3399850131412618, -0.3479595943819554, 2.0745394968696558, -0.5979262422453815]","[-0.1423595445074635, -0.19071858072998613, 0.218058324112439, -1.3394409402918566, -0.35212211765049706, 2.0766126916913517, -0.6007324376346791]"
single_block,0.0,1,100,100,1,guarded,scripted_non_learned_reference,False,,False,False,0.0,0.0,0.0,0,0,4.604800000379328,"[-0.1423595445074635, -0.19071858072998613, 0.218058324112439, -1.3394409402918566, -0.35212211765049706, 2.0766126916913517, -0.6007324376346791]","[-0.1423595445074635, -0.19071858072998613, 0.218058324112439, -1.3394409402918566, -0.35212211765049706, 2.0766126916913517, -0.6007324376346791]","[-0.1401111572238392, -0.18903602079782753, 0.23261879822645612, -1.338883057542993, -0.3562718952580786, 2.0786927674324973, -0.6035307006727038]"
single_block,0.0,1,101,101,1,guarded,scripted_non_learned_reference,False,,False,False,0.0,0.0,0.0,0,0,4.515299995546229,"[-0.1401111572238392, -0.18903602079782753, 0.23261879822645612, -1.338883057542993, -0.3562718952580786, 2.0786927674324973, -0.6035307006727038]","[-0.1401111572238392, -0.18903602079782753, 0.23261879822645612, -1.338883057542993, -0.3562718952580786, 2.0786927674324973, -0.6035307006727038]","[-0.1378616776094911, -0.1874394471898058, 0.247195251482899, -1.338266449568037, -0.3604301564072741, 2.0807954630731773, -0.6063392280439526]"
single_block,0.0,1,102,102,1,guarded,scripted_non_learned_reference,False,,False,False,0.0,0.0,0.0,0,0,4.838999993808102,"[-0.1378616776094911, -0.1874394471898058, 0.247195251482899, -1.338266449568037, -0.3604301564072741, 2.0807954630731773, -0.6063392280439526]","[-0.1378616776094911, -0.1874394471898058, 0.247195251482899, -1.338266449568037, -0.3604301564072741, 2.0807954630731773, -0.6063392280439526]","[-0.13562693919490826, -0.18594048825543613, 0.26174533626353086, -1.3375791924683003, -0.36459140897476916, 2.08291874251933, -0.6091508972324721]"
single_block,0.0,1,103,103,1,guarded,scripted_non_learned_reference,False,,False,False,0.0,0.0,0.0,0,0,4.469600004085805,"[-0.13562693919490826, -0.18594048825543613, 0.26174533626353086, -1.3375791924683003, -0.36459140897476916, 2.08291874251933, -0.6091508972324721]","[-0.13562693919490826, -0.18594048825543613, 0.26174533626353086, -1.3375791924683003, -0.36459140897476916, 2.08291874251933, -0.6091508972324721]","[-0.1334113225024008, -0.18451532415778835, 0.27623917735564335, -1.3368414779132334, -0.3687415071563135, 2.0850465058047503, -0.6119458136064884]"
single_block,0.0,1,104,104,1,guarded,scripted_non_learned_reference,False,,False,False,0.0,0.0,0.0,0,0,4.708199994638562,"[-0.1334113225024008, -0.18451532415778835, 0.27623917735564335, -1.3368414779132334, -0.3687415071563135, 2.0850465058047503, -0.6119458136064884]","[-0.1334113225024008, -0.18451532415778835, 0.27623917735564335, -1.3368414779132334, -0.3687415071563135, 2.0850465058047503, -0.6119458136064884]","[-0.1312164446453406, -0.18311058011113956, 0.2907175239238925, -1.3360792194065751, -0.3729027495328389, 2.0871834078183054, -0.6147501968032766]"
single_block,0.0,1,105,105,1,guarded,scripted_non_learned_reference,False,,False,False,0.0,0.0,0.0,0,0,4.742700002680067,"[-0.1312164446453406, -0.18311058011113956, 0.2907175239238925, -1.3360792194065751, -0.3729027495328389, 2.0871834078183054, -0.6147501968032766]","[-0.1312164446453406, -0.18311058011113956, 0.2907175239238925, -1.3360792194065751, -0.3729027495328389, 2.0871834078183054, -0.6147501968032766]","[-0.12901528821394878, -0.1816777892129513, 0.30518864528712814, -1.335338861428923, -0.3770551557082265, 2.089310862882212, -0.6175453355507847]"
single_block,0.0,1,106,106,1,guarded,scripted_non_learned_reference,False,,False,False,0.0,0.0,0.0,0,0,4.691199996159412,"[-0.12901528821394878, -0.1816777892129513, 0.30518864528712814, -1.335338861428923, -0.3770551557082265, 2.089310862882212, -0.6175453355507847]","[-0.12901528821394878, -0.1816777892129513, 0.30518864528712814, -1.335338861428923, -0.3770551557082265, 2.089310862882212, -0.6175453355507847]","[-0.12681075197494115, -0.18018518379799203, 0.31968746504376494, -1.3346372119276748, -0.3812166084510253, 2.091433306374588, -0.6203514982164576]"
single_block,0.0,1,107,107,1,guarded,scripted_non_learned_reference,False,,False,False,0.0,0.0,0.0,0,0,5.193299999518786,"[-0.12681075197494115, -0.18018518379799203, 0.31968746504376494, -1.3346372119276748, -0.3812166084510253, 2.091433306374588, -0.6203514982164576]","[-0.12681075197494115, -0.18018518379799203, 0.31968746504376494, -1.3346372119276748, -0.3812166084510253, 2.091433306374588, -0.6203514982164576]","[-0.1245957922638407, -0.17863050853052828, 0.3342091428649964, -1.3339805888946497, -0.3853797729588273, 2.093546565970036, -0.6231625819225574]"
single_block,0.0,1,108,108,1,guarded,scripted_non_learned_reference,False,,False,False,0.0,0.0,0.0,0,0,4.492900006880518,"[-0.1245957922638407, -0.17863050853052828, 0.3342091428649964, -1.3339805888946497, -0.3853797729588273, 2.093546565970036, -0.6231625819225574]","[-0.1245957922638407, -0.17863050853052828, 0.3342091428649964, -1.3339805888946497, -0.3853797729588273, 2.093546565970036, -0.6231625819225574]","[-0.1223770588858211, -0.1770405982355229, 0.3487185507176005, -1.3333573726893608, -0.38953033676117993, 2.095642231779221, -0.6259585572253433]"
single_block,0.0,1,109,109,1,guarded,scripted_non_learned_reference,False,,False,False,0.0,0.0,0.0,0,0,5.3963000027579255,"[-0.1223770588858211, -0.1770405982355229, 0.3487185507176005, -1.3333573726893608, -0.38953033676117993, 2.095642231779221, -0.6259585572253433]","[-0.1223770588858211, -0.1770405982355229, 0.3487185507176005, -1.3333573726893608, -0.38953033676117993, 2.095642231779221, -0.6259585572253433]","[-0.12017439817578436, -0.17543681027462935, 0.3632237020090149, -1.3327358474921212, -0.3936915822432844, 2.097739316908644, -0.6287645799811075]"
single_block,0.0,1,110,110,1,guarded,scripted_non_learned_reference,False,,False,False,0.0,0.0,0.0,0,0,6.467300001531839,"[-0.12017439817578436, -0.17543681027462935, 0.3632237020090149, -1.3327358474921212, -0.3936915822432844, 2.097739316908644, -0.6287645799811075]","[-0.12017439817578436, -0.17543681027462935, 0.3632237020090149, -1.3327358474921212, -0.3936915822432844, 2.097739316908644, -0.6287645799811075]","[-0.11797847179926427, -0.17385399714716845, 0.3776996020065002, -1.3321004158860534, -0.3978446223182329, 2.099834371411551, -0.6315608007172089]"
single_block,0.0,1,111,111,1,guarded,scripted_non_learned_reference,False,,False,False,0.0,0.0,0.0,0,0,5.638100003125146,"[-0.11797847179926427, -0.17385399714716845, 0.3776996020065002, -1.3321004158860534, -0.3978446223182329, 2.099834371411551, -0.6315608007172089]","[-0.11797847179926427, -0.17385399714716845, 0.3776996020065002, -1.3321004158860534, -0.3978446223182329, 2.099834371411551, -0.6315608007172089]","[-0.11579174529133242, -0.17229975478315454, 0.3921776110904577, -1.331437259197649, -0.4020073322755918, 2.101940914037746, -0.6343670446156799]"
single_block,0.0,1,112,112,1,guarded,scripted_non_learned_reference,False,,False,False,0.0,0.0,0.0,0,0,5.770299998403061,"[-0.11579174529133242, -0.17229975478315454, 0.3921776110904577, -1.331437259197649, -0.4020073322755918, 2.101940914037746, -0.6343670446156799]","[-0.11579174529133242, -0.17229975478315454, 0.3921776110904577, -1.331437259197649, -0.4020073322755918, 2.101940914037746, -0.6343670446156799]","[-0.11359581885246627, -0.17077613873455855, 0.406668835469813, -1.3307527279790687, -0.4061716662000822, 2.1040574020604654, -0.6371774154202235]"
single_block,0.0,1,113,113,1,guarded,scripted_non_learned_reference,False,,False,False,0.0,0.0,0.0,0,0,4.6285999997053295,"[-0.11359581885246627, -0.17077613873455855, 0.406668835469813, -1.3307527279790687, -0.4061716662000822, 2.1040574020604654, -0.6371774154202235]","[-0.11359581885246627, -0.17077613873455855, 0.406668835469813, -1.3307527279790687, -0.4061716662000822, 2.1040574020604654, -0.6371774154202235]","[-0.11138216651702451, -0.16927967202006255, 0.42116273004756133, -1.3300618971597067, -0.4103224672616255, 2.106171166774863, -0.6399725008841628]"
single_block,0.0,1,114,114,1,guarded,scripted_non_learned_reference,False,,False,False,0.0,0.0,0.0,0,0,4.565299997921102,"[-0.11138216651702451, -0.16927967202006255, 0.42116273004756133, -1.3300618971597067, -0.4103224672616255, 2.106171166774863, -0.6399725008841628]","[-0.11138216651702451, -0.16927967202006255, 0.42116273004756133, -1.3300618971597067, -0.4103224672616255, 2.106171166774863, -0.6399725008841628]","[-0.10916446292057663, -0.16778846548991427, 0.4356804832241522, -1.3293644665046194, -0.4144825912646687, 2.1082926969443823, -0.6427780238081644]"
single_block,0.0,1,115,115,1,guarded,scripted_non_learned_reference,False,,False,False,0.0,0.0,0.0,0,0,4.531200000201352,"[-0.10916446292057663, -0.16778846548991427, 0.4356804832241522, -1.3293644665046194, -0.4144825912646687, 2.1082926969443823, -0.6427780238081644]","[-0.10916446292057663, -0.16778846548991427, 0.4356804832241522, -1.3293644665046194, -0.4144825912646687, 2.1082926969443823, -0.6427780238081644]","[-0.10693943897038288, -0.1662935108018392, 0.4501917226981814, -1.3286761166943246, -0.41863362615042643, 2.1104087417755637, -0.6455743594308978]"
single_block,0.0,1,116,116,1,guarded,scripted_non_learned_reference,False,,False,False,0.0,0.0,0.0,0,0,5.156700004590675,"[-0.10693943897038288, -0.1662935108018392, 0.4501917226981814, -1.3286761166943246, -0.41863362615042643, 2.1104087417755637, -0.6455743594308978]","[-0.10693943897038288, -0.1662935108018392, 0.4501917226981814, -1.3286761166943246, -0.41863362615042643, 2.1104087417755637, -0.6455743594308978]","[-0.1047232668923496, -0.16477979207877888, 0.46470984917052227, -1.3279939307206394, -0.4227943383207219, 2.112526895825904, -0.6483811313097481]"
single_block,0.0,1,117,117,1,guarded,scripted_non_learned_reference,False,,False,False,0.0,0.0,0.0,0,0,4.526500000793021,"[-0.1047232668923496, -0.16477979207877888, 0.46470984917052227, -1.3279939307206394, -0.4227943383207219, 2.112526895825904, -0.6483811313097481]","[-0.1047232668923496, -0.16477979207877888, 0.46470984917052227, -1.3279939307206394, -0.4227943383207219, 2.112526895825904, -0.6483811313097481]","[-0.10114487701469127, -0.1630588861967832, 0.4784092472808557, -1.3275860174761103, -0.42672484089153995, 2.11368451247893, -0.6511998285723134]"
single_block,0.0,1,118,118,1,guarded,scripted_non_learned_reference,False,,False,False,0.0,0.0,0.0,0,0,5.103000003146008,"[-0.10114487701469127, -0.1630588861967832, 0.4784092472808557, -1.3275860174761103, -0.42672484089153995, 2.11368451247893, -0.6511998285723134]","[-0.10114487701469127, -0.1630588861967832, 0.4784092472808557, -1.3275860174761103, -0.42672484089153995, 2.11368451247893, -0.6511998285723134]","[-0.08824810183129131, -0.1595043012436033, 0.4872282325953653, -1.3296294406213438, -0.4289970621157843, 2.1078732495557113, -0.6540663919674924]"
single_block,0.0,1,119,119,1,guarded,scripted_non_learned_reference,False,,False,False,0.0,0.0,0.0,0,0,5.22859999909997,"[-0.08824810183129131, -0.1595043012436033, 0.4872282325953653, -1.3296294406213438, -0.4289970621157843, 2.1078732495557113, -0.6540663919674924]","[-0.08824810183129131, -0.1595043012436033, 0.4872282325953653, -1.3296294406213438, -0.4289970621157843, 2.1078732495557113, -0.6540663919674924]","[-0.07301151109658298, -0.15246860606968757, 0.4983747203088872, -1.3357121953644535, -0.43073511578594276, 2.0988999708045006, -0.6570202920760885]"
single_block,0.0,1,120,120,1,guarded,scripted_non_learned_reference,False,,False,False,0.0,0.0,0.0,0,0,4.525199998170137,"[-0.07301151109658298, -0.15246860606968757, 0.4983747203088872, -1.3357121953644535, -0.43073511578594276, 2.0988999708045006, -0.6570202920760885]","[-0.07301151109658298, -0.15246860606968757, 0.4983747203088872, -1.3357121953644535, -0.43073511578594276, 2.0988999708045006, -0.6570202920760885]","[-0.05701437502192913, -0.1416926099779778, 0.5113984483029571, -1.3451275926220294, -0.43249360101578704, 2.0894073184896436, -0.6600365667632191]"
single_block,0.0,1,121,121,1,guarded,scripted_non_learned_reference,False,,False,False,0.0,0.0,0.0,0,0,5.999799999699462,"[-0.05701437502192913, -0.1416926099779778, 0.5113984483029571, -1.3451275926220294, -0.43249360101578704, 2.0894073184896436, -0.6600365667632191]","[-0.05701437502192913, -0.1416926099779778, 0.5113984483029571, -1.3451275926220294, -0.43249360101578704, 2.0894073184896436, -0.6600365667632191]","[-0.04135425241280459, -0.12862783170837006, 0.5241528265066497, -1.356049748800412, -0.43431299094196435, 2.0797619934327165, -0.6630855868493325]"
single_block,0.0,1,122,122,1,guarded,scripted_non_learned_reference,False,,False,False,0.0,0.0,0.0,0,0,5.167199997231364,"[-0.04135425241280459, -0.12862783170837006, 0.5241528265066497, -1.356049748800412, -0.43431299094196435, 2.0797619934327165, -0.6630855868493325]","[-0.04135425241280459, -0.12862783170837006, 0.5241528265066497, -1.356049748800412, -0.43431299094196435, 2.0797619934327165, -0.6630855868493325]","[-0.026848817610888323, -0.11522439798231163, 0.5351990034802413, -1.3666596391469257, -0.4362065722360887, 2.070035574129002, -0.6661115035191318]"
single_block,0.0,1,123,123,1,guarded,scripted_non_learned_reference,False,,False,False,0.0,0.0,0.0,0,0,4.58230000367621,"[-0.026848817610888323, -0.11522439798231163, 0.5351990034802413, -1.3666596391469257, -0.4362065722360887, 2.070035574129002, -0.6661115035191318]","[-0.026848817610888323, -0.11522439798231163, 0.5351990034802413, -1.3666596391469257, -0.4362065722360887, 2.070035574129002, -0.6661115035191318]","[-0.013571805149405964, -0.10320336360653985, 0.5443718073445052, -1.3756324260186237, -0.4381759930136013, 2.0605284585301744, -0.6690698949459056]"
single_block,0.0,1,124,124,1,guarded,scripted_non_learned_reference,False,,False,False,0.0,0.0,0.0,0,0,4.585700000461657,"[-0.013571805149405964, -0.10320336360653985, 0.5443718073445052, -1.3756324260186237, -0.4381759930136013, 2.0605284585301744, -0.6690698949459056]","[-0.013571805149405964, -0.10320336360653985, 0.5443718073445052, -1.3756324260186237, -0.4381759930136013, 2.0605284585301744, -0.6690698949459056]","[-0.0007793241589852208, -0.09307536215258114, 0.5527531635418893, -1.382873684678035, -0.44019552919279, 2.051383576723399, -0.6720030112611267]"
single_block,0.0,1,125,125,1,guarded,scripted_non_learned_reference,False,,False,False,0.0,0.0,0.0,0,0,5.775099998572841,"[-0.0007793241589852208, -0.09307536215258114, 0.5527531635418893, -1.382873684678035, -0.44019552919279, 2.051383576723399, -0.6720030112611267]","[-0.0007793241589852208, -0.09307536215258114, 0.5527531635418893, -1.382873684678035, -0.44019552919279, 2.051383576723399, -0.6720030112611267]","[0.012528277463875916, -0.08455578211929236, 0.5617862930973759, -1.3890949058376083, -0.4421885375658491, 2.042664899292442, -0.6749223367290504]"
single_block,0.0,1,126,126,1,guarded,scripted_non_learned_reference,False,,False,False,0.0,0.0,0.0,0,0,4.870999997365288,"[0.012528277463875916, -0.08455578211929236, 0.5617862930973759, -1.3890949058376083, -0.4421885375658491, 2.042664899292442, -0.6749223367290504]","[0.012528277463875916, -0.08455578211929236, 0.5617862930973759, -1.3890949058376083, -0.4421885375658491, 2.042664899292442, -0.6749223367290504]","[0.02690235329976068, -0.07695129990720788, 0.5722145843524837, -1.39510088222458, -0.4441213953553608, 2.0341709009056412, -0.6778733038296305]"
single_block,0.0,1,127,127,1,guarded,scripted_non_learned_reference,False,,False,False,0.0,0.0,0.0,0,0,4.980599995178636,"[0.02690235329976068, -0.07695129990720788, 0.5722145843524837, -1.39510088222458, -0.4441213953553608, 2.0341709009056412, -0.6778733038296305]","[0.02690235329976068, -0.07695129990720788, 0.5722145843524837, -1.39510088222458, -0.4441213953553608, 2.0341709009056412, -0.6778733038296305]","[0.042311603104455996, -0.06952073820084041, 0.584020222720434, -1.401474094068622, -0.44598359432826046, 2.0257466574246634, -0.6808573106326842]"
single_block,0.0,1,128,128,1,guarded,scripted_non_learned_reference,False,,False,False,0.0,0.0,0.0,0,0,4.609100004017819,"[0.042311603104455996, -0.06952073820084041, 0.584020222720434, -1.401474094068622, -0.44598359432826046, 2.0257466574246634, -0.6808573106326842]","[0.042311603104455996, -0.06952073820084041, 0.584020222720434, -1.401474094068622, -0.44598359432826046, 2.0257466574246634, -0.6808573106326842]","[0.05819007980220865, -0.06162846108052571, 0.5964669308152594, -1.4084534049386188, -0.4477982886458811, 2.017273191972917, -0.6838457842780633]"
single_block,0.0,1,129,129,1,guarded,scripted_non_learned_reference,False,,False,False,0.0,0.0,0.0,0,0,6.52760000230046,"[0.05819007980220865, -0.06162846108052571, 0.5964669308152594, -1.4084534049386188, -0.4477982886458811, 2.017273191972917, -0.6838457842780633]","[0.05819007980220865, -0.06162846108052571, 0.5964669308152594, -1.4084534049386188, -0.4477982886458811, 2.017273191972917, -0.6838457842780633]","[0.07389572511637586, -0.053023606802149834, 0.6086997896468833, -1.4159109082127863, -0.4496230537862987, 2.0086104603708357, -0.686848392722109]"
single_block,0.0,1,130,130,1,guarded,scripted_non_learned_reference,False,,False,False,0.0,0.0,0.0,0,0,4.536500004178379,"[0.07389572511637586, -0.053023606802149834, 0.6086997896468833, -1.4159109082127863, -0.4496230537862987, 2.0086104603708357, -0.686848392722109]","[0.07389572511637586, -0.053023606802149834, 0.6086997896468833, -1.4159109082127863, -0.4496230537862987, 2.0086104603708357, -0.686848392722109]","[0.08888899205541015, -0.04371804656505777, 0.6200313506477151, -1.4235832449683787, -0.4514872460773934, 1.9997883449100364, -0.689828743206109]"
single_block,0.0,1,131,131,1,guarded,scripted_non_learned_reference,False,,False,False,0.0,0.0,0.0,0,0,4.8316000029444695,"[0.08888899205541015, -0.04371804656505777, 0.6200313506477151, -1.4235832449683787, -0.4514872460773934, 1.9997883449100364, -0.689828743206109]","[0.08888899205541015, -0.04371804656505777, 0.6200313506477151, -1.4235832449683787, -0.4514872460773934, 1.9997883449100364, -0.689828743206109]","[0.10311098801234081, -0.03385938817264481, 0.6303813777059433, -1.4313007159246698, -0.4534094510512323, 1.9908014740621016, -0.6928030313265107]"
single_block,0.0,1,132,132,1,guarded,scripted_non_learned_reference,False,,False,False,0.0,0.0,0.0,0,0,4.486500001803506,"[0.10311098801234081, -0.03385938817264481, 0.6303813777059433, -1.4313007159246698, -0.4534094510512323, 1.9908014740621016, -0.6928030313265107]","[0.10311098801234081, -0.03385938817264481, 0.6303813777059433, -1.4313007159246698, -0.4534094510512323, 1.9908014740621016, -0.6928030313265107]","[0.11828897813971699, -0.024349025159583718, 0.636445455817553, -1.4387997208256624, -0.45192213279832544, 1.9841053424790633, -0.69514214212477]"
single_block,0.0,1,133,133,1,guarded,scripted_non_learned_reference,False,,False,False,0.0,0.0,0.0,0,0,4.805600001418497,"[0.11828897813971699, -0.024349025159583718, 0.636445455817553, -1.4387997208256624, -0.45192213279832544, 1.9841053424790633, -0.69514214212477]","[0.11828897813971699, -0.024349025159583718, 0.636445455817553, -1.4387997208256624, -0.45192213279832544, 1.9841053424790633, -0.69514214212477]","[0.13527940399891075, -0.01764907653939032, 0.6300867568637633, -1.4436250063764846, -0.44072168924948335, 1.9848816469884336, -0.6953812327237663]"
single_block,0.0,1,134,134,1,guarded,scripted_non_learned_reference,False,,False,False,0.0,0.0,0.0,0,0,4.786499994224869,"[0.13527940399891075, -0.01764907653939032, 0.6300867568637633, -1.4436250063764846, -0.44072168924948335, 1.9848816469884336, -0.6953812327237663]","[0.13527940399891075, -0.01764907653939032, 0.6300867568637633, -1.4436250063764846, -0.44072168924948335, 1.9848816469884336, -0.6953812327237663]","[0.14662229507732552, -0.014157417847687323, 0.6156930408154351, -1.4424068341616127, -0.4284736170308396, 1.9882027838262732, -0.6947315062885242]"
single_block,0.0,1,135,135,1,guarded,scripted_non_learned_reference,False,,False,False,0.0,0.0,0.0,0,0,4.714599999715574,"[0.14662229507732552, -0.014157417847687323, 0.6156930408154351, -1.4424068341616127, -0.4284736170308396, 1.9882027838262732, -0.6947315062885242]","[0.14662229507732552, -0.014157417847687323, 0.6156930408154351, -1.4424068341616127, -0.4284736170308396, 1.9882027838262732, -0.6947315062885242]","[0.15333402722260384, -0.01277454359772131, 0.5959529503181951, -1.4372059121306036, -0.41702240119938405, 1.991741587562464, -0.6940176248702121]"
single_block,0.0,1,136,136,1,guarded,scripted_non_learned_reference,False,,False,False,0.0,0.0,0.0,0,0,4.975099996954668,"[0.15333402722260384, -0.01277454359772131, 0.5959529503181951, -1.4372059121306036, -0.41702240119938405, 1.991741587562464, -0.6940176248702121]","[0.15333402722260384, -0.01277454359772131, 0.5959529503181951, -1.4372059121306036, -0.41702240119938405, 1.991741587562464, -0.6940176248702121]","[0.15878409586044198, -0.01145353749799685, 0.5746344206298458, -1.4316279444030233, -0.4057808649689958, 1.9950209988171874, -0.6933735226724236]"
single_block,0.0,1,137,137,1,guarded,scripted_non_learned_reference,False,,False,False,0.0,0.0,0.0,0,0,4.45410000247648,"[0.15878409586044198, -0.01145353749799685, 0.5746344206298458, -1.4316279444030233, -0.4057808649689958, 1.9950209988171874, -0.6933735226724236]","[0.15878409586044198, -0.01145353749799685, 0.5746344206298458, -1.4316279444030233, -0.4057808649689958, 1.9950209988171874, -0.6933735226724236]","[0.16583408391909482, -0.008594176110334839, 0.5552796793188779, -1.4282824544878445, -0.39441098953090287, 1.997891668979163, -0.6928054966730374]"
single_block,0.0,1,138,138,1,guarded,scripted_non_learned_reference,False,,False,False,0.0,0.0,0.0,0,0,5.368500002077781,"[0.16583408391909482, -0.008594176110334839, 0.5552796793188779, -1.4282824544878445, -0.39441098953090287, 1.997891668979163, -0.6928054966730374]","[0.16583408391909482, -0.008594176110334839, 0.5552796793188779, -1.4282824544878445, -0.39441098953090287, 1.997891668979163, -0.6928054966730374]","[0.17599933333885492, -0.0037496491002149126, 0.5398065193184355, -1.428002641842259, -0.38282280492068155, 2.000328512850506, -0.6923323911589316]"
single_block,0.0,1,139,139,1,guarded,scripted_non_learned_reference,False,,False,False,0.0,0.0,0.0,0,0,5.363600001146551,"[0.17599933333885492, -0.0037496491002149126, 0.5398065193184355, -1.428002641842259, -0.38282280492068155, 2.000328512850506, -0.6923323911589316]","[0.17599933333885492, -0.0037496491002149126, 0.5398065193184355, -1.428002641842259, -0.38282280492068155, 2.000328512850506, -0.6923323911589316]","[0.18877307184704847, 0.0022159256853840886, 0.5274879876975335, -1.4296527665861944, -0.3710243221069931, 2.002541599062064, -0.6919342714652258]"
single_block,0.0,1,140,140,1,guarded,scripted_non_learned_reference,False,,False,False,0.0,0.0,0.0,0,0,4.82219999685185,"[0.18877307184704847, 0.0022159256853840886, 0.5274879876975335, -1.4296527665861944, -0.3710243221069931, 2.002541599062064, -0.6919342714652258]","[0.18877307184704847, 0.0022159256853840886, 0.5274879876975335, -1.4296527665861944, -0.3710243221069931, 2.002541599062064, -0.6919342714652258]","[0.2024410268638226, 0.007851378333837885, 0.5162636057084522, -1.4313109424830424, -0.35919564427638817, 2.0048126245589004, -0.6915641081081958]"
single_block,0.0,1,141,141,1,guarded,scripted_non_learned_reference,False,,False,False,0.0,0.0,0.0,0,0,4.757999995490536,"[0.2024410268638226, 0.007851378333837885, 0.5162636057084522, -1.4313109424830424, -0.35919564427638817, 2.0048126245589004, -0.6915641081081958]","[0.2024410268638226, 0.007851378333837885, 0.5162636057084522, -1.4313109424830424, -0.35919564427638817, 2.0048126245589004, -0.6915641081081958]","[0.21557799074091374, 0.012250147481773756, 0.5043461474946466, -1.4317399940719124, -0.34738737629876815, 2.0073541203572427, -0.6911709585998462]"
single_block,0.0,1,142,142,1,guarded,scripted_non_learned_reference,False,,False,False,0.0,0.0,0.0,0,0,4.996899995603599,"[0.21557799074091374, 0.012250147481773756, 0.5043461474946466, -1.4317399940719124, -0.34738737629876815, 2.0073541203572427, -0.6911709585998462]","[0.21557799074091374, 0.012250147481773756, 0.5043461474946466, -1.4317399940719124, -0.34738737629876815, 2.0073541203572427, -0.6911709585998462]","[0.22737859126809717, 0.015260143971335858, 0.4908245553941745, -1.4305562020896374, -0.33566383697227486, 2.0102066402318264, -0.6907326849361969]"
single_block,0.0,1,143,143,1,guarded,scripted_non_learned_reference,False,,False,False,0.0,0.0,0.0,0,0,5.7438000003458,"[0.22737859126809717, 0.015260143971335858, 0.4908245553941745, -1.4305562020896374, -0.33566383697227486, 2.0102066402318264, -0.6907326849361969]","[0.22737859126809717, 0.015260143971335858, 0.4908245553941745, -1.4305562020896374, -0.33566383697227486, 2.0102066402318264, -0.6907326849361969]","[0.2378402640106361, 0.01746105844807725, 0.47575577459269597, -1.4282685704261329, -0.3240563421815975, 2.013247403522948, -0.6902554775187729]"
single_block,0.0,1,144,144,1,guarded,scripted_non_learned_reference,False,,False,False,0.0,0.0,0.0,0,0,6.589099997654557,"[0.2378402640106361, 0.01746105844807725, 0.47575577459269597, -1.4282685704261329, -0.3240563421815975, 2.013247403522948, -0.6902554775187729]","[0.2378402640106361, 0.01746105844807725, 0.47575577459269597, -1.4282685704261329, -0.3240563421815975, 2.013247403522948, -0.6902554775187729]","[0.24762896911309704, 0.019689462204912033, 0.4598492200661021, -1.4257757836136322, -0.312460806539437, 2.016305509808795, -0.6897581438136517]"
single_block,0.0,1,145,145,1,guarded,scripted_non_learned_reference,False,,False,False,0.0,0.0,0.0,0,0,4.653200005122926,"[0.24762896911309704, 0.019689462204912033, 0.4598492200661021, -1.4257757836136322, -0.312460806539437, 2.016305509808795, -0.6897581438136517]","[0.24762896911309704, 0.019689462204912033, 0.4598492200661021, -1.4257757836136322, -0.312460806539437, 2.016305509808795, -0.6897581438136517]","[0.25753561846089906, 0.022694278549934433, 0.44410759896565627, -1.4239517150324055, -0.30087923620259316, 2.0191880428181537, -0.6892691610077609]"
single_block,0.0,1,146,146,1,guarded,scripted_non_learned_reference,False,,False,False,0.0,0.0,0.0,0,0,5.72160000592703,"[0.25753561846089906, 0.022694278549934433, 0.44410759896565627, -1.4239517150324055, -0.30087923620259316, 2.0191880428181537, -0.6892691610077609]","[0.25753561846089906, 0.022694278549934433, 0.44410759896565627, -1.4239517150324055, -0.30087923620259316, 2.0191880428181537, -0.6892691610077609]","[0.26800848751442513, 0.0266770629533984, 0.42899048970320003, -1.423052844976908, -0.28924159285641093, 2.0218580320955586, -0.6887978475106781]"
single_block,0.0,1,147,147,1,guarded,scripted_non_learned_reference,False,,False,False,0.0,0.0,0.0,0,0,5.552900001930539,"[0.26800848751442513, 0.0266770629533984, 0.42899048970320003, -1.423052844976908, -0.28924159285641093, 2.0218580320955586, -0.6887978475106781]","[0.26800848751442513, 0.0266770629533984, 0.42899048970320003, -1.423052844976908, -0.28924159285641093, 2.0218580320955586, -0.6887978475106781]","[0.2790839510701005, 0.03140844513518969, 0.4145739468049737, -1.4228980469402492, -0.27756640016066564, 2.0243554625937694, -0.6883452310830286]"
single_block,0.0,1,148,148,1,guarded,scripted_non_learned_reference,False,,False,False,0.0,0.0,0.0,0,0,6.418899996788241,"[0.2790839510701005, 0.03140844513518969, 0.4145739468049737, -1.4228980469402492, -0.27756640016066564, 2.0243554625937694, -0.6883452310830286]","[0.2790839510701005, 0.03140844513518969, 0.4145739468049737, -1.4228980469402492, -0.27756640016066564, 2.0243554625937694, -0.6883452310830286]","[0.2904911486814695, 0.03633902299234111, 0.40058546369062276, -1.4229854722916895, -0.26590793143073843, 2.02678211805776, -0.6879057250389977]"
single_block,0.0,1,149,149,1,guarded,scripted_non_learned_reference,False,,False,False,0.0,0.0,0.0,0,0,5.517199999303557,"[0.2904911486814695, 0.03633902299234111, 0.40058546369062276, -1.4229854722916895, -0.26590793143073843, 2.02678211805776, -0.6879057250389977]","[0.2904911486814695, 0.03633902299234111, 0.40058546369062276, -1.4229854722916895, -0.26590793143073843, 2.02678211805776, -0.6879057250389977]","[0.30194410385515896, 0.04098786302973031, 0.38661740670455663, -1.4228626430258706, -0.2542220972166566, 2.029273284929486, -0.6874641595383976]"
single_block,0.0,1,150,150,1,guarded,scripted_non_learned_reference,False,,False,False,0.0,0.0,0.0,0,0,4.7924000027705915,"[0.30194410385515896, 0.04098786302973031, 0.38661740670455663, -1.4228626430258706, -0.2542220972166566, 2.029273284929486, -0.6874641595383976]","[0.30194410385515896, 0.04098786302973031, 0.38661740670455663, -1.4228626430258706, -0.2542220972166566, 2.029273284929486, -0.6874641595383976]","[0.31315385397288203, 0.04503886491169671, 0.3724082637236321, -1.4222353134760999, -0.2425701375589753, 2.0318901344849998, -0.687015670221931]"
single_block,0.0,1,151,151,1,guarded,scripted_non_learned_reference,False,,False,False,0.0,0.0,0.0,0,0,5.164200003491715,"[0.31315385397288203, 0.04503886491169671, 0.3724082637236321, -1.4222353134760999, -0.2425701375589753, 2.0318901344849998, -0.687015670221931]","[0.31315385397288203, 0.04503886491169671, 0.3724082637236321, -1.4222353134760999, -0.2425701375589753, 2.0318901344849998, -0.687015670221931]","[0.3241128039559371, 0.04851064307873218, 0.3578816508899654, -1.42111772083177, -0.23090278145095963, 2.034647115461353, -0.6865565418708137]"
single_block,0.0,1,152,152,1,guarded,scripted_non_learned_reference,False,,False,False,0.0,0.0,0.0,0,0,4.412299997056834,"[0.3241128039559371, 0.04851064307873218, 0.3578816508899654, -1.42111772083177, -0.23090278145095963, 2.034647115461353, -0.6865565418708137]","[0.3241128039559371, 0.04851064307873218, 0.3578816508899654, -1.42111772083177, -0.23090278145095963, 2.034647115461353, -0.6865565418708137]","[0.33490214075891744, 0.05162484056238114, 0.34316087783283766, -1.4197048654156434, -0.21923449411423176, 2.037493375097315, -0.686090878409712]"
single_block,0.0,1,153,153,1,guarded,scripted_non_learned_reference,False,,False,False,0.0,0.0,0.0,0,0,5.9732999943662435,"[0.33490214075891744, 0.05162484056238114, 0.34316087783283766, -1.4197048654156434, -0.21923449411423176, 2.037493375097315, -0.686090878409712]","[0.33490214075891744, 0.05162484056238114, 0.34316087783283766, -1.4197048654156434, -0.21923449411423176, 2.037493375097315, -0.686090878409712]","[0.3456693596387894, 0.054726268805758475, 0.328456087672903, -1.4182948790908345, -0.2075984301535513, 2.040337455524704, -0.6856274511729575]"
single_block,0.0,1,154,154,1,guarded,scripted_non_learned_reference,False,,False,False,0.0,0.0,0.0,0,0,4.64819999615429,"[0.3456693596387894, 0.054726268805758475, 0.328456087672903, -1.4182948790908345, -0.2075984301535513, 2.040337455524704, -0.6856274511729575]","[0.3456693596387894, 0.054726268805758475, 0.328456087672903, -1.4182948790908345, -0.2075984301535513, 2.040337455524704, -0.6856274511729575]","[0.35655611519046443, 0.058068994162849365, 0.31384901496038226, -1.417081377216433, -0.19593240761755815, 2.0431389141450027, -0.6851657370469298]"
single_block,0.0,1,155,155,1,guarded,scripted_non_learned_reference,False,,False,False,0.0,0.0,0.0,0,0,6.142099999124184,"[0.35655611519046443, 0.058068994162849365, 0.31384901496038226, -1.417081377216433, -0.19593240761755815, 2.0431389141450027, -0.6851657370469298]","[0.35655611519046443, 0.058068994162849365, 0.31384901496038226, -1.417081377216433, -0.19593240761755815, 2.0431389141450027, -0.6851657370469298]","[0.36756376614447006, 0.06177749881984054, 0.29940774452303826, -1.4161569695175826, -0.1842870154491753, 2.0458501895267025, -0.6847100240690808]"
single_block,0.0,1,156,156,1,guarded,scripted_non_learned_reference,False,,False,False,0.0,0.0,0.0,0,0,4.551199999696109,"[0.36756376614447006, 0.06177749881984054, 0.29940774452303826, -1.4161569695175826, -0.1842870154491753, 2.0458501895267025, -0.6847100240690808]","[0.36756376614447006, 0.06177749881984054, 0.29940774452303826, -1.4161569695175826, -0.1842870154491753, 2.0458501895267025, -0.6847100240690808]","[0.37866912361502475, 0.06580803154459261, 0.2850351608732095, -1.4154688059544707, -0.17261645262203162, 2.0484968793372205, -0.684255647715761]"
single_block,0.0,1,157,157,1,guarded,scripted_non_learned_reference,False,,False,False,0.0,0.0,0.0,0,0,5.087400000775233,"[0.37866912361502475, 0.06580803154459261, 0.2850351608732095, -1.4154688059544707, -0.17261645262203162, 2.0484968793372205, -0.684255647715761]","[0.37866912361502475, 0.06580803154459261, 0.2850351608732095, -1.4154688059544707, -0.17261645262203162, 2.0484968793372205, -0.684255647715761]","[0.3897753971425979, 0.07001618414658974, 0.2706553302494979, -1.4148977753300858, -0.16094269796074562, 2.051104298892775, -0.6838010723660715]"
single_block,0.0,1,158,158,1,guarded,scripted_non_learned_reference,False,,False,False,0.0,0.0,0.0,0,0,5.558100005146116,"[0.3897753971425979, 0.07001618414658974, 0.2706553302494979, -1.4148977753300858, -0.16094269796074562, 2.051104298892775, -0.6838010723660715]","[0.3897753971425979, 0.07001618414658974, 0.2706553302494979, -1.4148977753300858, -0.16094269796074562, 2.051104298892775, -0.6838010723660715]","[0.4007903316376158, 0.07420091545699987, 0.2562141462166948, -1.4142973875835751, -0.14930619231425124, 2.0537007324098044, -0.6833473983280547]"
single_block,0.0,1,159,159,1,guarded,scripted_non_learned_reference,False,,False,False,0.0,0.0,0.0,0,0,4.717600000731181,"[0.4007903316376158, 0.07420091545699987, 0.2562141462166948, -1.4142973875835751, -0.14930619231425124, 2.0537007324098044, -0.6833473983280547]","[0.4007903316376158, 0.07420091545699987, 0.2562141462166948, -1.4142973875835751, -0.14930619231425124, 2.0537007324098044, -0.6833473983280547]","[0.4117328110716259, 0.07823502678267653, 0.24165951160654459, -1.413574687408715, -0.13764574460966797, 2.056337926353224, -0.6828897102266548]"
single_block,0.0,1,160,160,1,guarded,scripted_non_learned_reference,False,,False,False,0.0,0.0,0.0,0,0,4.648200003430247,"[0.4117328110716259, 0.07823502678267653, 0.24165951160654459, -1.413574687408715, -0.13764574460966797, 2.056337926353224, -0.6828897102266548]","[0.4117328110716259, 0.07823502678267653, 0.24165951160654459, -1.413574687408715, -0.13764574460966797, 2.056337926353224, -0.6828897102266548]","[0.422606369401595, 0.08205654841278959, 0.22706609982260845, -1.4127012638188792, -0.1260086127136819, 2.059015797141714, -0.6824315893279813]"
single_block,0.0,1,161,161,1,guarded,scripted_non_learned_reference,False,,False,False,0.0,0.0,0.0,0,0,4.364699998404831,"[0.422606369401595, 0.08205654841278959, 0.22706609982260845, -1.4127012638188792, -0.1260086127136819, 2.059015797141714, -0.6824315893279813]","[0.422606369401595, 0.08205654841278959, 0.22706609982260845, -1.4127012638188792, -0.1260086127136819, 2.059015797141714, -0.6824315893279813]","[0.4334945201815915, 0.08570026174557122, 0.21245625943955795, -1.4117060201180562, -0.11434368869784689, 2.06174196232494, -0.6819713590141587]"
single_block,0.0,1,162,162,1,guarded,scripted_non_learned_reference,False,,False,False,0.0,0.0,0.0,0,0,4.364300002634991,"[0.4334945201815915, 0.08570026174557122, 0.21245625943955795, -1.4117060201180562, -0.11434368869784689, 2.06174196232494, -0.6819713590141587]","[0.4334945201815915, 0.08570026174557122, 0.21245625943955795, -1.4117060201180562, -0.11434368869784689, 2.06174196232494, -0.6819713590141587]","[0.4444277311140642, 0.08924765265289789, 0.1978939305478403, -1.4106529216575519, -0.10266930839425145, 2.064493865562117, -0.6815110785207725]"
single_block,0.0,1,163,163,1,guarded,scripted_non_learned_reference,False,,False,False,0.0,0.0,0.0,0,0,4.833200000575744,"[0.4444277311140642, 0.08924765265289789, 0.1978939305478403, -1.4106529216575519, -0.10266930839425145, 2.064493865562117, -0.6815110785207725]","[0.4444277311140642, 0.08924765265289789, 0.1978939305478403, -1.4106529216575519, -0.10266930839425145, 2.064493865562117, -0.6815110785207725]","[0.4554076946030627, 0.09280549740039108, 0.1834251947133454, -1.4096223333691278, -0.09102541427828287, 2.0672320945974816, -0.6810549473941371]"
single_block,0.0,1,164,164,1,guarded,scripted_non_learned_reference,False,,False,False,0.0,0.0,0.0,0,0,5.547700005990919,"[0.4554076946030627, 0.09280549740039108, 0.1834251947133454, -1.4096223333691278, -0.09102541427828287, 2.0672320945974816, -0.6810549473941371]","[0.4554076946030627, 0.09280549740039108, 0.1834251947133454, -1.4096223333691278, -0.09102541427828287, 2.0672320945974816, -0.6810549473941371]","[0.4664538716117896, 0.09645142202878057, 0.1689933381244868, -1.4086544608302665, -0.07935466778086891, 2.0699595117039378, -0.6805985071761975]"
single_block,0.0,1,165,165,1,guarded,scripted_non_learned_reference,False,,False,False,0.0,0.0,0.0,0,0,5.79940000170609,"[0.4664538716117896, 0.09645142202878057, 0.1689933381244868, -1.4086544608302665, -0.07935466778086891, 2.0699595117039378, -0.6805985071761975]","[0.4664538716117896, 0.09645142202878057, 0.1689933381244868, -1.4086544608302665, -0.07935466778086891, 2.0699595117039378, -0.6805985071761975]","[0.4774984409041005, 0.10021679978788181, 0.15459162116819283, -1.4077688529537868, -0.06770920877839078, 2.072652748640137, -0.6801440212488618]"
single_block,0.0,1,166,166,1,guarded,scripted_non_learned_reference,False,,False,False,0.0,0.0,0.0,0,0,4.919899998640176,"[0.4774984409041005, 0.10021679978788181, 0.15459162116819283, -1.4077688529537868, -0.06770920877839078, 2.072652748640137, -0.6801440212488618]","[0.4774984409041005, 0.10021679978788181, 0.15459162116819283, -1.4077688529537868, -0.06770920877839078, 2.072652748640137, -0.6801440212488618]","[0.48853784321547994, 0.10408882654344878, 0.14014569315069383, -1.406947500016283, -0.05604134581229418, 2.0753312318215857, -0.6796875852239458]"
single_block,0.0,1,167,167,1,guarded,scripted_non_learned_reference,False,,False,False,0.0,0.0,0.0,0,0,5.541900005482603,"[0.48853784321547994, 0.10408882654344878, 0.14014569315069383, -1.406947500016283, -0.05604134581229418, 2.0753312318215857, -0.6796875852239458]","[0.48853784321547994, 0.10408882654344878, 0.14014569315069383, -1.406947500016283, -0.05604134581229418, 2.0753312318215857, -0.6796875852239458]","[0.49953654833550476, 0.10802166232323392, 0.12564896585829965, -1.406159615885041, -0.04437041997269323, 2.0779994874210064, -0.6792294897400192]"
single_block,0.0,1,168,168,1,guarded,scripted_non_learned_reference,False,,False,False,0.0,0.0,0.0,0,0,5.373599997255951,"[0.49953654833550476, 0.10802166232323392, 0.12564896585829965, -1.406159615885041, -0.04437041997269323, 2.0779994874210064, -0.6792294897400192]","[0.49953654833550476, 0.10802166232323392, 0.12564896585829965, -1.406159615885041, -0.04437041997269323, 2.0779994874210064, -0.6792294897400192]","[0.510474518776117, 0.11194808040784152, 0.11112806020867222, -1.4053688409216991, -0.03273435382527194, 2.080655853845941, -0.6787730683204625]"
single_block,0.0,1,169,169,1,guarded,scripted_non_learned_reference,False,,False,False,0.0,0.0,0.0,0,0,4.81479999871226,"[0.510474518776117, 0.11194808040784152, 0.11112806020867222, -1.4053688409216991, -0.03273435382527194, 2.080655853845941, -0.6787730683204625]","[0.510474518776117, 0.11194808040784152, 0.11112806020867222, -1.4053688409216991, -0.03273435382527194, 2.080655853845941, -0.6787730683204625]","[0.5214039588540008, 0.1158288135917998, 0.09656353407261657, -1.40454353435796, -0.021072227158150995, 2.0833303690950538, -0.6783144590053631]"
single_block,0.0,1,170,170,1,guarded,scripted_non_learned_reference,False,,False,False,0.0,0.0,0.0,0,0,4.606800001056399,"[0.5214039588540008, 0.1158288135917998, 0.09656353407261657, -1.40454353435796, -0.021072227158150995, 2.0833303690950538, -0.6783144590053631]","[0.5214039588540008, 0.1158288135917998, 0.09656353407261657, -1.40454353435796, -0.021072227158150995, 2.0833303690950538, -0.6783144590053631]","[0.5323223247177103, 0.11963716176458412, 0.08202261009954145, -1.4036743549078374, -0.009432381943557156, 2.086013301983707, -0.67785725379311]"
single_block,0.0,1,171,171,1,guarded,scripted_non_learned_reference,False,,False,False,0.0,0.0,0.0,0,0,5.170600001292769,"[0.5323223247177103, 0.11963716176458412, 0.08202261009954145, -1.4036743549078374, -0.009432381943557156, 2.086013301983707, -0.67785725379311]","[0.5323223247177103, 0.11963716176458412, 0.08202261009954145, -1.4036743549078374, -0.009432381943557156, 2.086013301983707, -0.67785725379311]","[0.5432791595816221, 0.12338341213043102, 0.06748795338587535, -1.4027630192300093, 0.0022345506860532967, 2.0887179392456043, -0.6773988368720877]"
single_block,0.0,1,172,172,1,guarded,scripted_non_learned_reference,False,,False,False,0.0,0.0,0.0,0,0,5.374400003347546,"[0.5432791595816221, 0.12338341213043102, 0.06748795338587535, -1.4027630192300093, 0.0022345506860532967, 2.0887179392456043, -0.6773988368720877]","[0.5432791595816221, 0.12338341213043102, 0.06748795338587535, -1.4027630192300093, 0.0022345506860532967, 2.0887179392456043, -0.6773988368720877]","[0.554266693233787, 0.12709171207440928, 0.05298193264459606, -1.401826936494781, 0.013909069386348373, 2.091434100802202, -0.6769402199854911]"
single_block,0.0,1,173,173,1,guarded,scripted_non_learned_reference,False,,False,False,0.0,0.0,0.0,0,0,4.561300003842916,"[0.554266693233787, 0.12709171207440928, 0.05298193264459606, -1.401826936494781, 0.013909069386348373, 2.091434100802202, -0.6769402199854911]","[0.554266693233787, 0.12709171207440928, 0.05298193264459606, -1.401826936494781, 0.013909069386348373, 2.091434100802202, -0.6769402199854911]","[0.5652586786804236, 0.13079510402977862, 0.03852302795273162, -1.4008941021723205, 0.02555132737055875, 2.09413881997356, -0.6764847936878853]"
single_block,0.0,1,174,174,1,guarded,scripted_non_learned_reference,False,,False,False,0.0,0.0,0.0,0,0,8.074299999861978,"[0.5652586786804236, 0.13079510402977862, 0.03852302795273162, -1.4008941021723205, 0.02555132737055875, 2.09413881997356, -0.6764847936878853]","[0.5652586786804236, 0.13079510402977862, 0.03852302795273162, -1.4008941021723205, 0.02555132737055875, 2.09413881997356, -0.6764847936878853]","[0.5762755075126229, 0.13452647435471352, 0.02405493202153414, -1.3999761171960792, 0.03721938854653073, 2.0968459510108923, -0.6760279797103783]"
single_block,0.0,1,175,175,1,guarded,scripted_non_learned_reference,False,,False,False,0.0,0.0,0.0,0,0,4.906399997707922,"[0.5762755075126229, 0.13452647435471352, 0.02405493202153414, -1.3999761171960792, 0.03721938854653073, 2.0968459510108923, -0.6760279797103783]","[0.5762755075126229, 0.13452647435471352, 0.02405493202153414, -1.3999761171960792, 0.03721938854653073, 2.0968459510108923, -0.6760279797103783]","[0.5872700493112762, 0.1382982229128351, 0.009596996272035883, -1.3990863658578812, 0.048862567615875895, 2.099537008915339, -0.6755724377656195]"
single_block,0.0,1,176,176,1,guarded,scripted_non_learned_reference,False,,False,False,0.0,0.0,0.0,0,0,5.505699999048375,"[0.5872700493112762, 0.1382982229128351, 0.009596996272035883, -1.3990863658578812, 0.048862567615875895, 2.099537008915339, -0.6755724377656195]","[0.5872700493112762, 0.1382982229128351, 0.009596996272035883, -1.3990863658578812, 0.048862567615875895, 2.099537008915339, -0.6755724377656195]","[0.5982643453310759, 0.1421121991308883, -0.004898010165382791, -1.3982200073223747, 0.06052944906739919, 2.102227832580618, -0.6751149013398674]"
single_block,0.0,1,177,177,1,guarded,scripted_non_learned_reference,False,,False,False,0.0,0.0,0.0,0,0,4.452599998330697,"[0.5982643453310759, 0.1421121991308883, -0.004898010165382791, -1.3982200073223747, 0.06052944906739919, 2.102227832580618, -0.6751149013398674]","[0.5982643453310759, 0.1421121991308883, -0.004898010165382791, -1.3982200073223747, 0.06052944906739919, 2.102227832580618, -0.6751149013398674]","[0.60924234460153, 0.1459533841963094, -0.019415652983427747, -1.3973694797663614, 0.07220095952793652, 2.1049162543420077, -0.6746561450289659]"
single_block,0.0,1,178,178,1,guarded,scripted_non_learned_reference,False,,False,False,0.0,0.0,0.0,0,0,6.375999997544568,"[0.60924234460153, 0.1459533841963094, -0.019415652983427747, -1.3973694797663614, 0.07220095952793652, 2.1049162543420077, -0.6746561450289659]","[0.60924234460153, 0.1459533841963094, -0.019415652983427747, -1.3973694797663614, 0.07220095952793652, 2.1049162543420077, -0.6746561450289659]","[0.6201903262696629, 0.1497942115650469, -0.03392216953027735, -1.3965251995148313, 0.08383898214195189, 2.1075917108489213, -0.6741997809389361]"
single_block,0.0,1,179,179,1,guarded,scripted_non_learned_reference,False,,False,False,0.0,0.0,0.0,0,0,5.428399999800604,"[0.6201903262696629, 0.1497942115650469, -0.03392216953027735, -1.3965251995148313, 0.08383898214195189, 2.1075917108489213, -0.6741997809389361]","[0.6201903262696629, 0.1497942115650469, -0.03392216953027735, -1.3965251995148313, 0.08383898214195189, 2.1075917108489213, -0.6741997809389361]","[0.6311522895808094, 0.15362272633801774, -0.048449606899621876, -1.3956698246282564, 0.0955032715961397, 2.1102779614697784, -0.673741762699637]"
single_block,0.0,1,180,180,1,guarded,scripted_non_learned_reference,False,,False,False,0.0,0.0,0.0,0,0,4.248299999744631,"[0.6311522895808094, 0.15362272633801774, -0.048449606899621876, -1.3956698246282564, 0.0955032715961397, 2.1102779614697784, -0.673741762699637]","[0.6311522895808094, 0.15362272633801774, -0.048449606899621876, -1.3956698246282564, 0.0955032715961397, 2.1102779614697784, -0.673741762699637]","[0.6421067732039542, 0.15742329267950678, -0.06295008607379074, -1.3947993844667461, 0.10714458965216554, 2.1129625924159816, -0.6732853150552891]"
single_block,0.0,1,181,181,1,guarded,scripted_non_learned_reference,False,,False,False,0.0,0.0,0.0,0,0,4.829500001505949,"[0.6421067732039542, 0.15742329267950678, -0.06295008607379074, -1.3947993844667461, 0.10714458965216554, 2.1129625924159816, -0.6732853150552891]","[0.6421067732039542, 0.15742329267950678, -0.06295008607379074, -1.3947993844667461, 0.10714458965216554, 2.1129625924159816, -0.6732853150552891]","[0.6530882549026448, 0.1612008685015666, -0.07745870967561705, -1.3939099476167622, 0.1188118166495285, 2.1156604736745224, -0.6728274698930243]"
single_block,0.0,1,182,182,1,guarded,scripted_non_learned_reference,False,,False,False,0.0,0.0,0.0,0,0,4.761299998790491,"[0.6530882549026448, 0.1612008685015666, -0.07745870967561705, -1.3939099476167622, 0.1188118166495285, 2.1156604736745224, -0.6728274698930243]","[0.6530882549026448, 0.1612008685015666, -0.07745870967561705, -1.3939099476167622, 0.1188118166495285, 2.1156604736745224, -0.6728274698930243]","[0.6640807238947594, 0.16496264599376936, -0.09196127990018302, -1.3930079123330943, 0.1304854072255496, 2.1183650720858447, -0.6723690215090874]"
single_block,0.0,1,183,183,1,guarded,scripted_non_learned_reference,False,,False,False,0.0,0.0,0.0,0,0,4.552999998850282,"[0.6640807238947594, 0.16496264599376936, -0.09196127990018302, -1.3930079123330943, 0.1304854072255496, 2.1183650720858447, -0.6723690215090874]","[0.6640807238947594, 0.16496264599376936, -0.09196127990018302, -1.3930079123330943, 0.1304854072255496, 2.1183650720858447, -0.6723690215090874]","[0.6750584870706595, 0.1687175373822829, -0.10643619450018306, -1.3921073119003657, 0.14212622684051712, 2.1210584727315718, -0.6719133632548654]"
single_block,0.0,1,184,184,1,guarded,scripted_non_learned_reference,False,,False,False,0.0,0.0,0.0,0,0,4.548499993688893,"[0.6750584870706595, 0.1687175373822829, -0.10643619450018306, -1.3921073119003657, 0.14212622684051712, 2.1210584727315718, -0.6719133632548654]","[0.6750584870706595, 0.1687175373822829, -0.10643619450018306, -1.3921073119003657, 0.14212622684051712, 2.1210584727315718, -0.6719133632548654]","[0.686051136230641, 0.1724832416674044, -0.12093194203919129, -1.391209736903652, 0.15379282178007755, 2.123758103507392, -0.6714560789831376]"
single_block,0.0,1,185,185,1,guarded,scripted_non_learned_reference,False,,False,False,0.0,0.0,0.0,0,0,5.249599998933263,"[0.686051136230641, 0.1724832416674044, -0.12093194203919129, -1.391209736903652, 0.15379282178007755, 2.123758103507392, -0.6714560789831376]","[0.686051136230641, 0.1724832416674044, -0.12093194203919129, -1.391209736903652, 0.15379282178007755, 2.123758103507392, -0.6714560789831376]","[0.6970234662268945, 0.17626238799196348, -0.13541378452649003, -1.3903241405073714, 0.16543514660201764, 2.126447549985469, -0.6710000742173983]"
single_block,0.0,1,186,186,1,guarded,scripted_non_learned_reference,False,,False,False,0.0,0.0,0.0,0,0,5.185800000617746,"[0.6970234662268945, 0.17626238799196348, -0.13541378452649003, -1.3903241405073714, 0.16543514660201764, 2.126447549985469, -0.6710000742173983]","[0.6970234662268945, 0.17626238799196348, -0.13541378452649003, -1.3903241405073714, 0.16543514660201764, 2.126447549985469, -0.6710000742173983]","[0.7080058206751189, 0.18006007276134275, -0.14992157151286586, -1.3894470425067968, 0.1771019749673507, 2.129141794168803, -0.6705422704442272]"
single_block,0.0,1,187,187,1,guarded,scripted_non_learned_reference,False,,False,False,0.0,0.0,0.0,0,0,4.675399999541696,"[0.7080058206751189, 0.18006007276134275, -0.14992157151286586, -1.3894470425067968, 0.1771019749673507, 2.129141794168803, -0.6705422704442272]","[0.7080058206751189, 0.18006007276134275, -0.14992157151286586, -1.3894470425067968, 0.1771019749673507, 2.129141794168803, -0.6705422704442272]","[0.7189852377369631, 0.18387013672234165, -0.16443758446494738, -1.3885766303527365, 0.18877408599872836, 2.1318367988436004, -0.6700835081367933]"
single_block,0.0,1,188,188,1,guarded,scripted_non_learned_reference,False,,False,False,0.0,0.0,0.0,0,0,4.409400004078634,"[0.7189852377369631, 0.18387013672234165, -0.16443758446494738, -1.3885766303527365, 0.18877408599872836, 2.1318367988436004, -0.6700835081367933]","[0.7189852377369631, 0.18387013672234165, -0.16443758446494738, -1.3885766303527365, 0.18877408599872836, 2.1318367988436004, -0.6700835081367933]","[0.7299446532117957, 0.1876781872863132, -0.17893037926058944, -1.3877120590371075, 0.20041318112357318, 2.1345191040422082, -0.6696273827199106]"
single_block,0.0,1,189,189,1,guarded,scripted_non_learned_reference,False,,False,False,0.0,0.0,0.0,0,0,4.66450000385521,"[0.7299446532117957, 0.1876781872863132, -0.17893037926058944, -1.3877120590371075, 0.20041318112357318, 2.1345191040422082, -0.6696273827199106]","[0.7299446532117957, 0.1876781872863132, -0.17893037926058944, -1.3877120590371075, 0.20041318112357318, 2.1345191040422082, -0.6696273827199106]","[0.740922362935499, 0.19148414158925808, -0.19344113912665745, -1.3868420463516917, 0.21207841509984726, 2.137210065877241, -0.6691696921286565]"
single_block,0.0,1,190,190,1,guarded,scripted_non_learned_reference,False,,False,False,0.0,0.0,0.0,0,0,4.662299994379282,"[0.740922362935499, 0.19148414158925808, -0.19344113912665745, -1.3868420463516917, 0.21207841509984726, 2.137210065877241, -0.6691696921286565]","[0.740922362935499, 0.19148414158925808, -0.19344113912665745, -1.3868420463516917, 0.21207841509984726, 2.137210065877241, -0.6691696921286565]","[0.7518889920113678, 0.19527773239633966, -0.2079283105067764, -1.3859668699563155, 0.22372020137737678, 2.1398960591485916, -0.668713503933776]"
single_block,0.0,1,191,191,1,guarded,scripted_non_learned_reference,False,,False,False,0.0,0.0,0.0,0,0,4.41080000018701,"[0.7518889920113678, 0.19527773239633966, -0.2079283105067764, -1.3859668699563155, 0.22372020137737678, 2.1398960591485916, -0.668713503933776]","[0.7518889920113678, 0.19527773239633966, -0.2079283105067764, -1.3859668699563155, 0.22372020137737678, 2.1398960591485916, -0.668713503933776]","[0.7628752460997984, 0.1990643785559002, -0.22243237094785864, -1.3850824569202849, 0.2353873384498763, 2.142592074090243, -0.6682557651067748]"
single_block,0.0,1,192,192,1,guarded,scripted_non_learned_reference,False,,False,False,0.0,0.0,0.0,0,0,4.2198999944957905,"[0.7628752460997984, 0.1990643785559002, -0.22243237094785864, -1.3850824569202849, 0.2353873384498763, 2.142592074090243, -0.6682557651067748]","[0.7628752460997984, 0.1990643785559002, -0.22243237094785864, -1.3850824569202849, 0.2353873384498763, 2.142592074090243, -0.6682557651067748]","[0.7738647475627181, 0.20284563912838038, -0.23693900470863855, -1.384192209150705, 0.2470603294220091, 2.1452927092264047, -0.6677972456618174]"
single_block,0.0,1,193,193,1,guarded,scripted_non_learned_reference,False,,False,False,0.0,0.0,0.0,0,0,4.556899999442976,"[0.7738647475627181, 0.20284563912838038, -0.23693900470863855, -1.384192209150705, 0.2470603294220091, 2.1452927092264047, -0.6677972456618174]","[0.7738647475627181, 0.20284563912838038, -0.23693900470863855, -1.384192209150705, 0.2470603294220091, 2.1452927092264047, -0.6677972456618174]","[0.7848342792269272, 0.20662074262134258, -0.25142198069262195, -1.3833050035778418, 0.25870049817166574, 2.1479818133240496, -0.6673414149262547]"
single_block,0.0,1,194,194,1,guarded,scripted_non_learned_reference,False,,False,False,0.0,0.0,0.0,0,0,4.973499999323394,"[0.7848342792269272, 0.20662074262134258, -0.25142198069262195, -1.3833050035778418, 0.25870049817166574, 2.1479818133240496, -0.6673414149262547]","[0.7848342792269272, 0.20662074262134258, -0.25142198069262195, -1.3833050035778418, 0.25870049817166574, 2.1479818133240496, -0.6673414149262547]","[0.7958180107355044, 0.21040183820692057, -0.265927716664077, -1.3824176208614694, 0.2703665430319886, 2.1506781962509747, -0.6668839350142067]"
single_block,0.0,1,195,195,1,guarded,scripted_non_learned_reference,False,,False,False,0.0,0.0,0.0,0,0,4.733099995064549,"[0.7958180107355044, 0.21040183820692057, -0.265927716664077, -1.3824176208614694, 0.2703665430319886, 2.1506781962509747, -0.6668839350142067]","[0.7958180107355044, 0.21040183820692057, -0.265927716664077, -1.3824176208614694, 0.2703665430319886, 2.1506781962509747, -0.6668839350142067]","[0.8067843438606958, 0.2141858006647956, -0.28041546780189847, -1.3815358799818807, 0.28200860542489536, 2.153366556003065, -0.6664277966143626]"
single_block,0.0,1,196,196,1,guarded,scripted_non_learned_reference,False,,False,False,0.0,0.0,0.0,0,0,4.282000001694541,"[0.8067843438606958, 0.2141858006647956, -0.28041546780189847, -1.3815358799818807, 0.28200860542489536, 2.153366556003065, -0.6664277966143626]","[0.8067843438606958, 0.2141858006647956, -0.28041546780189847, -1.3815358799818807, 0.28200860542489536, 2.153366556003065, -0.6664277966143626]","[0.8177653279340749, 0.21797889658718325, -0.2949248858684233, -1.3806560108971102, 0.2936755065898186, 2.156061672156747, -0.6659699612768434]"
single_block,0.0,1,197,197,1,guarded,scripted_non_learned_reference,False,,False,False,0.0,0.0,0.0,0,0,5.322100005287211,"[0.8177653279340749, 0.21797889658718325, -0.2949248858684233, -1.3806560108971102, 0.2936755065898186, 2.156061672156747, -0.6659699612768434]","[0.8177653279340749, 0.21797889658718325, -0.2949248858684233, -1.3806560108971102, 0.2936755065898186, 2.156061672156747, -0.6659699612768434]","[0.8287477833128449, 0.22177765120040202, -0.30943831136650196, -1.3797779898178197, 0.3053478865609512, 2.158758990773057, -0.66551125788561]"
single_block,0.0,1,198,198,1,guarded,scripted_non_learned_reference,False,,False,False,0.0,0.0,0.0,0,0,4.560599998512771,"[0.8287477833128449, 0.22177765120040202, -0.30943831136650196, -1.3797779898178197, 0.3053478865609512, 2.158758990773057, -0.66551125788561]","[0.8287477833128449, 0.22177765120040202, -0.30943831136650196, -1.3797779898178197, 0.3053478865609512, 2.158758990773057, -0.66551125788561]","[0.8397121100494249, 0.22557219644393636, -0.32392524430415803, -1.3789046059917798, 0.31698743276709124, 2.1614439784788266, -0.6650552584007604]"
single_block,0.0,1,199,199,1,guarded,scripted_non_learned_reference,False,,False,False,0.0,0.0,0.0,0,0,4.467199993086979,"[0.8397121100494249, 0.22557219644393636, -0.32392524430415803, -1.3789046059917798, 0.31698743276709124, 2.1614439784788266, -0.6650552584007604]","[0.8397121100494249, 0.22557219644393636, -0.32392524430415803, -1.3789046059917798, 0.31698743276709124, 2.1614439784788266, -0.6650552584007604]","[0.8506946686336921, 0.22936854504095863, -0.3384316539260715, -1.3780275963038728, 0.3286530356693868, 2.164136925252082, -0.6645976867945171]"
single_block,0.0,1,200,200,1,guarded,scripted_non_learned_reference,False,,False,False,0.0,0.0,0.0,0,0,4.186999998637475,"[0.8506946686336921, 0.22936854504095863, -0.3384316539260715, -1.3780275963038728, 0.3286530356693868, 2.164136925252082, -0.6645976867945171]","[0.8506946686336921, 0.22936854504095863, -0.3384316539260715, -1.3780275963038728, 0.3286530356693868, 2.164136925252082, -0.6645976867945171]","[0.8616637135262202, 0.23315824141464878, -0.3529161852825096, -1.377149436391215, 0.34029494541956257, 2.166823719847163, -0.664141560846315]"
single_block,0.0,1,201,201,1,guarded,scripted_non_learned_reference,False,,False,False,0.0,0.0,0.0,0,0,4.681399994296953,"[0.8616637135262202, 0.23315824141464878, -0.3529161852825096, -1.377149436391215, 0.34029494541956257, 2.166823719847163, -0.664141560846315]","[0.8616637135262202, 0.23315824141464878, -0.3529161852825096, -1.377149436391215, 0.34029494541956257, 2.166823719847163, -0.664141560846315]","[0.8726495467110963, 0.23694806847808453, -0.36742106233123384, -1.3762665331292838, 0.35196198626677266, 2.1695191842321813, -0.6636838155615203]"
single_block,0.0,1,202,202,1,guarded,scripted_non_learned_reference,False,,False,False,0.0,0.0,0.0,0,0,4.149699998379219,"[0.8726495467110963, 0.23694806847808453, -0.36742106233123384, -1.3762665331292838, 0.35196198626677266, 2.1695191842321813, -0.6636838155615203]","[0.8726495467110963, 0.23694806847808453, -0.36742106233123384, -1.3762665331292838, 0.35196198626677266, 2.1695191842321813, -0.6636838155615203]","[0.8836367033040604, 0.24073713568013522, -0.3819307027525227, -1.3753810364309165, 0.36363466607882666, 2.1722183640432613, -0.6632252295153779]"
single_block,0.0,1,203,203,1,guarded,scripted_non_learned_reference,False,,False,False,0.0,0.0,0.0,0,0,5.5852000004961155,"[0.8836367033040604, 0.24073713568013522, -0.3819307027525227, -1.3753810364309165, 0.36363466607882666, 2.1722183640432613, -0.6632252295153779]","[0.8836367033040604, 0.24073713568013522, -0.3819307027525227, -1.3753810364309165, 0.36363466607882666, 2.1722183640432613, -0.6632252295153779]","[0.8946032025339501, 0.24452006655640313, -0.3964158457128008, -1.374499486028916, 0.37527457781221507, 2.1749057771794504, -0.6627693254136109]"
single_block,0.0,1,204,204,1,guarded,scripted_non_learned_reference,False,,False,False,0.0,0.0,0.0,0,0,4.483199998503551,"[0.8946032025339501, 0.24452006655640313, -0.3964158457128008, -1.374499486028916, 0.37527457781221507, 2.1749057771794504, -0.6627693254136109]","[0.8946032025339501, 0.24452006655640313, -0.3964158457128008, -1.374499486028916, 0.37527457781221507, 2.1749057771794504, -0.6627693254136109]","[0.9055848763097639, 0.24830778038919546, -0.41092401443498294, -1.3736166515784536, 0.38694045541023886, 2.1776007373661406, -0.6623117858394779]"
single_block,0.0,1,205,205,1,guarded,scripted_non_learned_reference,False,,False,False,0.0,0.0,0.0,0,0,4.80750000133412,"[0.9055848763097639, 0.24830778038919546, -0.41092401443498294, -1.3736166515784536, 0.38694045541023886, 2.1776007373661406, -0.6623117858394779]","[0.9055848763097639, 0.24830778038919546, -0.41092401443498294, -1.3736166515784536, 0.38694045541023886, 2.1776007373661406, -0.6623117858394779]","[0.9165506582484281, 0.2520937756268149, -0.4254119386278277, -1.3727365975403787, 0.3985824379866987, 2.1802885618062713, -0.661855625320261]"
single_block,0.0,1,206,206,1,guarded,scripted_non_learned_reference,False,,False,False,0.0,0.0,0.0,0,0,5.033900000853464,"[0.9165506582484281, 0.2520937756268149, -0.4254119386278277, -1.3727365975403787, 0.3985824379866987, 2.1802885618062713, -0.661855625320261]","[0.9165506582484281, 0.2520937756268149, -0.4254119386278277, -1.3727365975403787, 0.3985824379866987, 2.1802885618062713, -0.661855625320261]","[0.9275324434025415, 0.25588558256512267, -0.4399208469115754, -1.3718556895725944, 0.4102493883784459, 2.1829838846763754, -0.6613978046457161]"
single_block,0.0,1,207,207,1,guarded,scripted_non_learned_reference,False,,False,False,0.0,0.0,0.0,0,0,5.974699997750577,"[0.9275324434025415, 0.25588558256512267, -0.4399208469115754, -1.3718556895725944, 0.4102493883784459, 2.1829838846763754, -0.6613978046457161]","[0.9275324434025415, 0.25588558256512267, -0.4399208469115754, -1.3718556895725944, 0.4102493883784459, 2.1829838846763754, -0.6613978046457161]","[0.9385166488987391, 0.2596803746626439, -0.4544332812727438, -1.370974525415199, 0.4219218461392739, 2.1856820534362087, -0.6609391370205385]"
single_block,0.0,1,208,208,1,guarded,scripted_non_learned_reference,False,,False,False,0.0,0.0,0.0,0,0,6.429399996704888,"[0.9385166488987391, 0.2596803746626439, -0.4544332812727438, -1.370974525415199, 0.4219218461392739, 2.1856820534362087, -0.6609391370205385]","[0.9385166488987391, 0.2596803746626439, -0.4544332812727438, -1.370974525415199, 0.4219218461392739, 2.1856820534362087, -0.6609391370205385]","[0.9494824529261331, 0.26346935557548656, -0.46891822886690065, -1.3700973514144812, 0.4335615618091992, 2.1883681138849775, -0.6604831891242602]"
single_block,0.0,1,209,209,1,guarded,scripted_non_learned_reference,False,,False,False,0.0,0.0,0.0,0,0,5.53570000192849,"[0.9494824529261331, 0.26346935557548656, -0.46891822886690065, -1.3700973514144812, 0.4335615618091992, 2.1883681138849775, -0.6604831891242602]","[0.9494824529261331, 0.26346935557548656, -0.46891822886690065, -1.3700973514144812, 0.4335615618091992, 2.1883681138849775, -0.6604831891242602]","[0.9604657932170025, 0.2672621781542911, -0.48342458020562984, -1.369217554366578, 0.44522732119125635, 2.1910618329637876, -0.6600256490824408]"
single_block,0.0,1,210,210,1,guarded,scripted_non_learned_reference,False,,False,False,0.0,0.0,0.0,0,0,5.672800005413592,"[0.9604657932170025, 0.2672621781542911, -0.48342458020562984, -1.369217554366578, 0.44522732119125635, 2.1910618329637876, -0.6600256490824408]","[0.9604657932170025, 0.2672621781542911, -0.48342458020562984, -1.369217554366578, 0.44522732119125635, 2.1910618329637876, -0.6600256490824408]","[0.9714345479668958, 0.2710501349365955, -0.4979093317503918, -1.368338135082027, 0.45686925191599514, 2.193749025321805, -0.6595695268535187]"
single_block,0.0,1,211,211,1,guarded,scripted_non_learned_reference,False,,False,False,0.0,0.0,0.0,0,0,5.172299999685492,"[0.9714345479668958, 0.2710501349365955, -0.4979093317503918, -1.368338135082027, 0.45686925191599514, 2.193749025321805, -0.6595695268535187]","[0.9714345479668958, 0.2710501349365955, -0.4979093317503918, -1.368338135082027, 0.45686925191599514, 2.193749025321805, -0.6595695268535187]","[0.982419199333819, 0.27484146067621734, -0.5124156947063279, -1.3674560195563483, 0.46853623766910935, 2.196444298817691, -0.6591117581581778]"
single_block,0.0,1,212,212,1,guarded,scripted_non_learned_reference,False,,False,False,0.0,0.0,0.0,0,0,5.207499998505227,"[0.982419199333819, 0.27484146067621734, -0.5124156947063279, -1.3674560195563483, 0.46853623766910935, 2.196444298817691, -0.6591117581581778]","[0.982419199333819, 0.27484146067621734, -0.5124156947063279, -1.3674560195563483, 0.46853623766910935, 2.196444298817691, -0.6591117581581778]","[0.9934051747539742, 0.27863384275299086, -0.5269270222896226, -1.366572527680228, 0.4802087572071763, 2.1991429533698037, -0.6586531331051977]"
single_block,0.0,1,213,213,1,guarded,scripted_non_learned_reference,False,,False,False,0.0,0.0,0.0,0,0,6.398400000762194,"[0.9934051747539742, 0.27863384275299086, -0.5269270222896226, -1.366572527680228, 0.4802087572071763, 2.1991429533698037, -0.6586531331051977]","[0.9934051747539742, 0.27863384275299086, -0.5269270222896226, -1.366572527680228, 0.4802087572071763, 2.1991429533698037, -0.6586531331051977]","[1.004370951433649, 0.2824193326528962, -0.5414120487479888, -1.3656929668812807, 0.49184857443788216, 2.201829759623022, -0.6581972073694873]"
single_block,0.0,1,214,214,1,guarded,scripted_non_learned_reference,False,,False,False,0.0,0.0,0.0,0,0,4.868299998634029,"[1.004370951433649, 0.2824193326528962, -0.5414120487479888, -1.3656929668812807, 0.49184857443788216, 2.201829759623022, -0.6581972073694873]","[1.004370951433649, 0.2824193326528962, -0.5414120487479888, -1.3656929668812807, 0.49184857443788216, 2.201829759623022, -0.6581972073694873]","[1.0153526811276934, 0.28620971817113044, -0.5559204556477385, -1.3648118252164365, 0.5035144315624046, 2.2045241211658144, -0.6577396563944574]"
single_block,0.0,1,215,215,1,guarded,scripted_non_learned_reference,False,,False,False,0.0,0.0,0.0,0,0,6.303800000750925,"[1.0153526811276934, 0.28620971817113044, -0.5559204556477385, -1.3648118252164365, 0.5035144315624046, 2.2045241211658144, -0.6577396563944574]","[1.0153526811276934, 0.28620971817113044, -0.5559204556477385, -1.3648118252164365, 0.5035144315624046, 2.2045241211658144, -0.6577396563944574]","[1.0263191565515983, 0.2899962398817194, -0.5704074595963992, -1.3639320616751904, 0.5151563856100185, 2.2072117552575112, -0.6572835031630061]"
single_block,0.0,1,216,216,1,guarded,scripted_non_learned_reference,False,,False,False,0.0,0.0,0.0,0,0,5.191799995373003,"[1.0263191565515983, 0.2899962398817194, -0.5704074595963992, -1.3639320616751904, 0.5151563856100185, 2.2072117552575112, -0.6572835031630061]","[1.0263191565515983, 0.2899962398817194, -0.5704074595963992, -1.3639320616751904, 0.5151563856100185, 2.2072117552575112, -0.6572835031630061]","[1.03730166586418, 0.29378795040858136, -0.584915976041375, -1.3630507200200146, 0.5268233549918999, 2.2099070982610853, -0.6568256959132354]"
single_block,0.0,1,217,217,1,guarded,scripted_non_learned_reference,False,,False,False,0.0,0.0,0.0,0,0,5.9928000046056695,"[1.03730166586418, 0.29378795040858136, -0.584915976041375, -1.3630507200200146, 0.5268233549918999, 2.2099070982610853, -0.6568256959132354]","[1.03730166586418, 0.29378795040858136, -0.584915976041375, -1.3630507200200146, 0.5268233549918999, 2.2099070982610853, -0.6568256959132354]","[1.0482865885499293, 0.29758179300982046, -0.5994284556079895, -1.3621684103653202, 0.5384958042226168, 2.212605567687685, -0.6563670412891124]"
single_block,0.0,1,218,218,1,guarded,scripted_non_learned_reference,False,,False,False,0.0,0.0,0.0,0,0,5.856099996890407,"[1.0482865885499293, 0.29758179300982046, -0.5994284556079895, -1.3621684103653202, 0.5384958042226168, 2.212605567687685, -0.6563670412891124]","[1.0482865885499293, 0.29758179300982046, -0.5994284556079895, -1.3621684103653202, 0.5384958042226168, 2.212605567687685, -0.6563670412891124]","[1.0592526878445667, 0.30136851661647895, -0.6139127413519991, -1.3612896472700748, 0.5501355745751687, 2.215292058505508, -0.6559111129469949]"
single_block,0.0,1,219,219,1,guarded,scripted_non_learned_reference,False,,False,False,0.0,0.0,0.0,0,0,5.683700001100078,"[1.0592526878445667, 0.30136851661647895, -0.6139127413519991, -1.3612896472700748, 0.5501355745751687, 2.215292058505508, -0.6559111129469949]","[1.0592526878445667, 0.30136851661647895, -0.6139127413519991, -1.3612896472700748, 0.5501355745751687, 2.215292058505508, -0.6559111129469949]","[1.070235720793146, 0.3051604581628856, -0.6284199564256119, -1.3604090873313568, 0.561801418231726, 2.217986017522301, -0.6554535742348659]"
single_block,0.0,1,220,220,1,guarded,scripted_non_learned_reference,False,,False,False,0.0,0.0,0.0,0,0,5.661399998643901,"[1.070235720793146, 0.3051604581628856, -0.6284199564256119, -1.3604090873313568, 0.561801418231726, 2.217986017522301, -0.6554535742348659]","[1.070235720793146, 0.3051604581628856, -0.6284199564256119, -1.3604090873313568, 0.561801418231726, 2.217986017522301, -0.6554535742348659]","[1.081203880864481, 0.30894765661347984, -0.6429052602776156, -1.3595291910726603, 0.5734433446836641, 2.2206734165582938, -0.6549974452558405]"
single_block,0.0,1,221,221,1,guarded,scripted_non_learned_reference,False,,False,False,0.0,0.0,0.0,0,0,5.593599998974241,"[1.081203880864481, 0.30894765661347984, -0.6429052602776156, -1.3595291910726603, 0.5734433446836641, 2.2206734165582938, -0.6549974452558405]","[1.081203880864481, 0.30894765661347984, -0.6429052602776156, -1.3595291910726603, 0.5734433446836641, 2.2206734165582938, -0.6549974452558405]","[1.0921875977385236, 0.31273987987994945, -0.6574127615319966, -1.3586476307690223, 0.5851103061281128, 2.223368614861905, -0.6545396574292841]"
single_block,0.0,1,222,222,1,guarded,scripted_non_learned_reference,False,,False,False,0.0,0.0,0.0,0,0,5.805200002214406,"[1.0921875977385236, 0.31273987987994945, -0.6574127615319966, -1.3586476307690223, 0.5851103061281128, 2.223368614861905, -0.6545396574292841]","[1.0921875977385236, 0.31273987987994945, -0.6574127615319966, -1.3586476307690223, 0.5851103061281128, 2.223368614861905, -0.6545396574292841]","[1.1031730595241085, 0.31653376283059337, -0.6719250761500072, -1.357764966984071, 0.5967827361078296, 2.22606712091919, -0.6540810122536568]"
single_block,0.0,1,223,223,1,guarded,scripted_non_learned_reference,False,,False,False,0.0,0.0,0.0,0,0,6.232100000488572,"[1.1031730595241085, 0.31653376283059337, -0.6719250761500072, -1.357764966984071, 0.5967827361078296, 2.22606712091919, -0.6540810122536568]","[1.1031730595241085, 0.31653376283059337, -0.6719250761500072, -1.357764966984071, 0.5967827361078296, 2.22606712091919, -0.6540810122536568]","[1.1141389538724182, 0.32031962610877684, -0.6864094520751965, -1.356885650536399, 0.6084225243553897, 2.228753795609848, -0.653625087612222]"
single_block,0.0,1,224,224,1,guarded,scripted_non_learned_reference,False,,False,False,0.0,0.0,0.0,0,0,5.587700004980434,"[1.1141389538724182, 0.32031962610877684, -0.6864094520751965, -1.356885650536399, 0.6084225243553897, 2.228753795609848, -0.653625087612222]","[1.1141389538724182, 0.32031962610877684, -0.6864094520751965, -1.356885650536399, 0.6084225243553897, 2.228753795609848, -0.653625087612222]","[1.1251210529672895, 0.3241111182052447, -0.7009177868129364, -1.3560050349933126, 0.6200884134686535, 2.2314479115920185, -0.6531675367711577]"
single_block,0.0,1,225,225,1,guarded,scripted_non_learned_reference,False,,False,False,0.0,0.0,0.0,0,0,6.169599997519981,"[1.1251210529672895, 0.3241111182052447, -0.7009177868129364, -1.3560050349933126, 0.6200884134686535, 2.2314479115920185, -0.6531675367711577]","[1.1251210529672895, 0.3241111182052447, -0.7009177868129364, -1.3560050349933126, 0.6200884134686535, 2.2314479115920185, -0.6531675367711577]","[1.136088205675278, 0.32789761690227814, -0.7154040968502557, -1.3551249954334048, 0.6317303522169819, 2.234135529873774, -0.6527113942482173]"
single_block,0.0,1,226,226,1,guarded,scripted_non_learned_reference,False,,False,False,0.0,0.0,0.0,0,0,5.8686999982455745,"[1.136088205675278, 0.32789761690227814, -0.7154040968502557, -1.3551249954334048, 0.6317303522169819, 2.234135529873774, -0.6527113942482173]","[1.136088205675278, 0.32789761690227814, -0.7154040968502557, -1.3551249954334048, 0.6317303522169819, 2.234135529873774, -0.6527113942482173]","[1.1470709540017772, 0.3316898047626031, -0.7299126337061465, -1.3542436711504866, 0.6433973217170507, 2.2368308266655665, -0.6522535903615131]"
single_block,0.0,1,227,227,1,guarded,scripted_non_learned_reference,False,,False,False,0.0,0.0,0.0,0,0,6.474699999671429,"[1.1470709540017772, 0.3316898047626031, -0.7299126337061465, -1.3542436711504866, 0.6433973217170507, 2.2368308266655665, -0.6522535903615131]","[1.1470709540017772, 0.3316898047626031, -0.7299126337061465, -1.3542436711504866, 0.6433973217170507, 2.2368308266655665, -0.6522535903615131]","[1.1580560275486613, 0.335483932019401, -0.7444255776383155, -1.3533611930806755, 0.655069727782646, 2.239529388338926, -0.6517949355076633]"
single_block,0.0,1,228,228,1,guarded,scripted_non_learned_reference,False,,False,False,0.0,0.0,0.0,0,0,5.791399998997804,"[1.1580560275486613, 0.335483932019401, -0.7444255776383155, -1.3533611930806755, 0.655069727782646, 2.239529388338926, -0.6517949355076633]","[1.1580560275486613, 0.335483932019401, -0.7444255776383155, -1.3533611930806755, 0.655069727782646, 2.239529388338926, -0.6517949355076633]","[1.1690222430448518, 0.3392696474209785, -0.7589095308826734, -1.3524816132929502, 0.6667095135168862, 2.2422160824957498, -0.6513390173870183]"
single_block,0.0,1,229,229,1,guarded,scripted_non_learned_reference,False,,False,False,0.0,0.0,0.0,0,0,6.296200001088437,"[1.1690222430448518, 0.3392696474209785, -0.7589095308826734, -1.3524816132929502, 0.6667095135168862, 2.2422160824957498, -0.6513390173870183]","[1.1690222430448518, 0.3392696474209785, -0.7589095308826734, -1.3524816132929502, 0.6667095135168862, 2.2422160824957498, -0.6513390173870183]","[1.1800048683042648, 0.3430616889882251, -0.7734174784490357, -1.3516010879995168, 0.6783754175063654, 2.244910070135767, -0.6508814718031464]"
single_block,0.0,1,230,230,1,guarded,scripted_non_learned_reference,False,,False,False,0.0,0.0,0.0,0,0,5.382899995311163,"[1.1800048683042648, 0.3430616889882251, -0.7734174784490357, -1.3516010879995168, 0.6783754175063654, 2.244910070135767, -0.6508814718031464]","[1.1800048683042648, 0.3430616889882251, -0.7734174784490357, -1.3516010879995168, 0.6783754175063654, 2.244910070135767, -0.6508814718031464]","[1.1909727370848189, 0.3468484641809705, -0.7879031274279382, -1.3507208681645442, 0.6900173378817652, 2.247597617412397, -0.6504253397103323]"
single_block,0.0,1,231,231,1,guarded,scripted_non_learned_reference,False,,False,False,0.0,0.0,0.0,0,0,5.462099994474556,"[1.1909727370848189, 0.3468484641809705, -0.7879031274279382, -1.3507208681645442, 0.6900173378817652, 2.247597617412397, -0.6504253397103323]","[1.1909727370848189, 0.3468484641809705, -0.7879031274279382, -1.3507208681645442, 0.6900173378817652, 2.247597617412397, -0.6504253397103323]","[1.1998238393226015, 0.3499522955941593, -0.799380629209857, -1.3498675829920685, 0.6994335896666632, 2.2499043314232576, -0.6500290513824583]"
single_block,0.0,1,232,232,1,guarded,scripted_non_learned_reference,False,,False,False,0.0,0.0,0.0,0,0,5.643399999826215,"[1.1998238393226015, 0.3499522955941593, -0.799380629209857, -1.3498675829920685, 0.6994335896666632, 2.2499043314232576, -0.6500290513824583]","[1.1998238393226015, 0.3499522955941593, -0.799380629209857, -1.3498675829920685, 0.6994335896666632, 2.2499043314232576, -0.6500290513824583]","[1.2013975384668367, 0.350587651321998, -0.8005671239800116, -1.349269117630176, 0.7010559043385252, 2.250675315409387, -0.6498841859637826]"
single_block,0.0,5,0,0,5,guarded,scripted_non_learned_reference,False,,False,False,0.0,0.0,0.0,0,0,5.103600000438746,"[-6.645505167103729e-12, -0.7499999999998178, -8.430052443761439e-12, -2.2499999999996256, -1.5328964921158848e-11, 1.5500000000003826, 0.7499999999997874]","[-6.645505167103729e-12, -0.7499999999998178, -8.430052443761439e-12, -2.2499999999996256, -1.5328964921158848e-11, 1.5500000000003826, 0.7499999999997874]","[-0.012930243813815096, -0.7152203603370272, -0.010185452097816646, -2.1917938291181454, -0.015729397277355395, 1.5793704859445077, 0.6701842875357799]"
single_block,0.0,5,5,5,5,guarded,scripted_non_learned_reference,False,,False,False,0.0,0.0,0.0,0,0,5.029399995692074,"[-0.012930243813815096, -0.7152203603370272, -0.010185452097816646, -2.1917938291181454, -0.015729397277355395, 1.5793704859445077, 0.6701842875357799]","[-0.012930243813815096, -0.7152203603370272, -0.010185452097816646, -2.1917938291181454, -0.015729397277355395, 1.5793704859445077, 0.6701842875357799]","[-0.027340643549773044, -0.6801098456559745, -0.022979984120043696, -2.1293759721206977, -0.032361152705665266, 1.6124211145734608, 0.5825723317485871]"
single_block,0.0,5,10,10,5,guarded,scripted_non_learned_reference,False,,False,False,0.0,0.0,0.0,0,0,4.449799998837989,"[-0.027340643549773044, -0.6801098456559745, -0.022979984120043696, -2.1293759721206977, -0.032361152705665266, 1.6124211145734608, 0.5825723317485871]","[-0.027340643549773044, -0.6801098456559745, -0.022979984120043696, -2.1293759721206977, -0.032361152705665266, 1.6124211145734608, 0.5825723317485871]","[-0.04078246459938125, -0.6444670664782385, -0.033858008400233224, -2.0689002082056116, -0.04878686109937491, 1.6443678999619078, 0.4956329225111113]"
single_block,0.0,5,15,15,5,guarded,scripted_non_learned_reference,False,,False,False,0.0,0.0,0.0,0,0,7.122299997718073,"[-0.04078246459938125, -0.6444670664782385, -0.033858008400233224, -2.0689002082056116, -0.04878686109937491, 1.6443678999619078, 0.4956329225111113]","[-0.04078246459938125, -0.6444670664782385, -0.033858008400233224, -2.0689002082056116, -0.04878686109937491, 1.6443678999619078, 0.4956329225111113]","[-0.05454822735881056, -0.6092349533951166, -0.04539935380622325, -2.0080112365357063, -0.06525492917716211, 1.6764070075972675, 0.4088327439479042]"
single_block,0.0,5,20,20,5,guarded,scripted_non_learned_reference,False,,False,False,0.0,0.0,0.0,0,0,4.857899999478832,"[-0.05454822735881056, -0.6092349533951166, -0.04539935380622325, -2.0080112365357063, -0.06525492917716211, 1.6764070075972675, 0.4088327439479042]","[-0.05454822735881056, -0.6092349533951166, -0.04539935380622325, -2.0080112365357063, -0.06525492917716211, 1.6764070075972675, 0.4088327439479042]","[-0.06823647064651804, -0.5738733675949169, -0.0567687731399886, -1.9471270356192665, -0.08174635880378933, 1.7085538086090304, 0.32160211156057134]"
single_block,0.0,5,25,25,5,guarded,scripted_non_learned_reference,False,,False,False,0.0,0.0,0.0,0,0,5.453099998703692,"[-0.06823647064651804, -0.5738733675949169, -0.0567687731399886, -1.9471270356192665, -0.08174635880378933, 1.7085538086090304, 0.32160211156057134]","[-0.06823647064651804, -0.5738733675949169, -0.0567687731399886, -1.9471270356192665, -0.08174635880378933, 1.7085538086090304, 0.32160211156057134]","[-0.08193220790962502, -0.5385301912530839, -0.06816418574941936, -1.8863079463617083, -0.09821432960135697, 1.7406088953913041, 0.23466536644367106]"
single_block,0.0,5,30,30,5,guarded,scripted_non_learned_reference,False,,False,False,0.0,0.0,0.0,0,0,4.758200004289392,"[-0.08193220790962502, -0.5385301912530839, -0.06816418574941936, -1.8863079463617083, -0.09821432960135697, 1.7406088953913041, 0.23466536644367106]","[-0.08193220790962502, -0.5385301912530839, -0.06816418574941936, -1.8863079463617083, -0.09821432960135697, 1.7406088953913041, 0.23466536644367106]","[-0.09563366807204733, -0.5031883432345965, -0.07956360565097441, -1.8254385022359143, -0.11469668422365333, 1.7727168500868684, 0.14757144630160005]"
single_block,0.0,5,35,35,5,guarded,scripted_non_learned_reference,False,,False,False,0.0,0.0,0.0,0,0,4.376299999421462,"[-0.09563366807204733, -0.5031883432345965, -0.07956360565097441, -1.8254385022359143, -0.11469668422365333, 1.7727168500868684, 0.14757144630160005]","[-0.09563366807204733, -0.5031883432345965, -0.07956360565097441, -1.8254385022359143, -0.11469668422365333, 1.7727168500868684, 0.14757144630160005]","[-0.10932547606771818, -0.46785150863812075, -0.09095062863173302, -1.7646124467856346, -0.13116395301120973, 1.8047751870916142, 0.060634582821016775]"
single_block,0.0,5,40,40,5,guarded,scripted_non_learned_reference,False,,False,False,0.0,0.0,0.0,0,0,5.408200006058905,"[-0.10932547606771818, -0.46785150863812075, -0.09095062863173302, -1.7646124467856346, -0.13116395301120973, 1.8047751870916142, 0.060634582821016775]","[-0.10932547606771818, -0.46785150863812075, -0.09095062863173302, -1.7646124467856346, -0.13116395301120973, 1.8047751870916142, 0.060634582821016775]","[-0.12301378398427935, -0.43251969765686654, -0.10233452587813688, -1.7038054004388494, -0.14761971161855308, 1.836798277626436, -0.026168503305288443]"
single_block,0.0,5,45,45,5,guarded,scripted_non_learned_reference,False,,False,False,0.0,0.0,0.0,0,0,4.509599995799363,"[-0.12301378398427935, -0.43251969765686654, -0.10233452587813688, -1.7038054004388494, -0.14761971161855308, 1.836798277626436, -0.026168503305288443]","[-0.12301378398427935, -0.43251969765686654, -0.10233452587813688, -1.7038054004388494, -0.14761971161855308, 1.836798277626436, -0.026168503305288443]","[-0.1367224118243236, -0.3971745307533986, -0.11374303870721889, -1.642912669397506, -0.16411464069264534, 1.8689445666012445, -0.11339835153093653]"
single_block,0.0,5,50,50,5,guarded,scripted_non_learned_reference,False,,False,False,0.0,0.0,0.0,0,0,5.077900001197122,"[-0.1367224118243236, -0.3971745307533986, -0.11374303870721889, -1.642912669397506, -0.16411464069264534, 1.8689445666012445, -0.11339835153093653]","[-0.1367224118243236, -0.3971745307533986, -0.11374303870721889, -1.642912669397506, -0.16411464069264534, 1.8689445666012445, -0.11339835153093653]","[-0.15041179023440363, -0.36183522442964466, -0.12512592730491753, -1.5820887182995333, -0.1805816292844182, 1.9010023821093653, -0.20033536690320053]"
single_block,0.0,5,55,55,5,guarded,scripted_non_learned_reference,False,,False,False,0.0,0.0,0.0,0,0,4.74930000200402,"[-0.15041179023440363, -0.36183522442964466, -0.12512592730491753, -1.5820887182995333, -0.1805816292844182, 1.9010023821093653, -0.20033536690320053]","[-0.15041179023440363, -0.36183522442964466, -0.12512592730491753, -1.5820887182995333, -0.1805816292844182, 1.9010023821093653, -0.20033536690320053]","[-0.16411369755551303, -0.3264883495313048, -0.13652617137715636, -1.5212247292220762, -0.19706433189906056, 1.933108459829613, -0.2874292225998221]"
single_block,0.0,5,60,60,5,guarded,scripted_non_learned_reference,False,,False,False,0.0,0.0,0.0,0,0,5.696700005501043,"[-0.16411369755551303, -0.3264883495313048, -0.13652617137715636, -1.5212247292220762, -0.19706433189906056, 1.933108459829613, -0.2874292225998221]","[-0.16411369755551303, -0.3264883495313048, -0.13652617137715636, -1.5212247292220762, -0.19706433189906056, 1.933108459829613, -0.2874292225998221]","[-0.17780500196721657, -0.29115518044781724, -0.14791267888488555, -1.4603949084027328, -0.21353161701119147, 1.9651684984782383, -0.37436610123168673]"
single_block,0.0,5,65,65,5,guarded,scripted_non_learned_reference,False,,False,False,0.0,0.0,0.0,0,0,5.657699999574106,"[-0.17780500196721657, -0.29115518044781724, -0.14791267888488555, -1.4603949084027328, -0.21353161701119147, 1.9651684984782383, -0.37436610123168673]","[-0.17780500196721657, -0.29115518044781724, -0.14791267888488555, -1.4603949084027328, -0.21353161701119147, 1.9651684984782383, -0.37436610123168673]","[-0.19149266792105069, -0.25582265383156205, -0.15929627738334998, -1.3995873794332003, -0.2299875270994797, 1.997192517937978, -0.46116920127164895]"
single_block,0.0,5,70,70,5,guarded,scripted_non_learned_reference,False,,False,False,0.0,0.0,0.0,0,0,4.8907000018516555,"[-0.19149266792105069, -0.25582265383156205, -0.15929627738334998, -1.3995873794332003, -0.2299875270994797, 1.997192517937978, -0.46116920127164895]","[-0.19149266792105069, -0.25582265383156205, -0.15929627738334998, -1.3995873794332003, -0.2299875270994797, 1.997192517937978, -0.46116920127164895]","[-0.20437049181323996, -0.22973589816834297, -0.15579425217328274, -1.3549622217202346, -0.2483954405319894, 2.023564028056825, -0.5289873995263914]"
single_block,0.0,5,75,75,5,guarded,scripted_non_learned_reference,False,,False,False,0.0,0.0,0.0,0,0,6.156899995403364,"[-0.20437049181323996, -0.22973589816834297, -0.15579425217328274, -1.3549622217202346, -0.2483954405319894, 2.023564028056825, -0.5289873995263914]","[-0.20437049181323996, -0.22973589816834297, -0.15579425217328274, -1.3549622217202346, -0.2483954405319894, 2.023564028056825, -0.5289873995263914]","[-0.18612352811268953, -0.22250426313086924, -0.07194697187735584, -1.3522793763384393, -0.26848052517804993, 2.0342633843655706, -0.5440306431632276]"
single_block,0.0,5,80,80,5,guarded,scripted_non_learned_reference,False,,False,False,0.0,0.0,0.0,0,0,4.99149999814108,"[-0.18612352811268953, -0.22250426313086924, -0.07194697187735584, -1.3522793763384393, -0.26848052517804993, 2.0342633843655706, -0.5440306431632276]","[-0.18612352811268953, -0.22250426313086924, -0.07194697187735584, -1.3522793763384393, -0.26848052517804993, 2.0342633843655706, -0.5440306431632276]","[-0.17517769115339388, -0.21298112894842114, 0.0003822290771577503, -1.3500406346728384, -0.28929134315784905, 2.0445257364848546, -0.5580808877480895]"
single_block,0.0,5,85,85,5,guarded,scripted_non_learned_reference,False,,False,False,0.0,0.0,0.0,0,0,6.793400003516581,"[-0.17517769115339388, -0.21298112894842114, 0.0003822290771577503, -1.3500406346728384, -0.28929134315784905, 2.0445257364848546, -0.5580808877480895]","[-0.17517769115339388, -0.21298112894842114, 0.0003822290771577503, -1.3500406346728384, -0.28929134315784905, 2.0445257364848546, -0.5580808877480895]","[-0.16448617052754747, -0.20618104232615309, 0.07232575538655613, -1.3461562532587823, -0.31009819539534694, 2.0551628250631944, -0.5720700237188152]"
single_block,0.0,5,90,90,5,guarded,scripted_non_learned_reference,False,,False,False,0.0,0.0,0.0,0,0,4.506299999775365,"[-0.16448617052754747, -0.20618104232615309, 0.07232575538655613, -1.3461562532587823, -0.31009819539534694, 2.0551628250631944, -0.5720700237188152]","[-0.16448617052754747, -0.20618104232615309, 0.07232575538655613, -1.3461562532587823, -0.31009819539534694, 2.0551628250631944, -0.5720700237188152]","[-0.1533023364699295, -0.19858452412869573, 0.1450159705576066, -1.342787176307619, -0.3308515940064824, 2.0657423654286218, -0.5860566351520512]"
single_block,0.0,5,95,95,5,guarded,scripted_non_learned_reference,False,,False,False,0.0,0.0,0.0,0,0,4.775200002768543,"[-0.1533023364699295, -0.19858452412869573, 0.1450159705576066, -1.342787176307619, -0.3308515940064824, 2.0657423654286218, -0.5860566351520512]","[-0.1533023364699295, -0.19858452412869573, 0.1450159705576066, -1.342787176307619, -0.3308515940064824, 2.0657423654286218, -0.5860566351520512]","[-0.14229105309066498, -0.19076734369807524, 0.21751297189603222, -1.339539118735145, -0.3516711908772318, 2.076280246041132, -0.6001080229771594]"
single_block,0.0,5,100,100,5,guarded,scripted_non_learned_reference,False,,False,False,0.0,0.0,0.0,0,0,4.94329999492038,"[-0.14229105309066498, -0.19076734369807524, 0.21751297189603222, -1.339539118735145, -0.3516711908772318, 2.076280246041132, -0.6001080229771594]","[-0.14229105309066498, -0.19076734369807524, 0.21751297189603222, -1.339539118735145, -0.3516711908772318, 2.076280246041132, -0.6001080229771594]","[-0.13126281229836695, -0.18319388170319217, 0.2899784987957069, -1.336140369843546, -0.3724534645101703, 2.0868404803103164, -0.6141115207620297]"
single_block,0.0,5,105,105,5,guarded,scripted_non_learned_reference,False,,False,False,0.0,0.0,0.0,0,0,4.841699999815319,"[-0.13126281229836695, -0.18319388170319217, 0.2899784987957069, -1.336140369843546, -0.3724534645101703, 2.0868404803103164, -0.6141115207620297]","[-0.13126281229836695, -0.18319388170319217, 0.2899784987957069, -1.336140369843546, -0.3724534645101703, 2.0868404803103164, -0.6141115207620297]","[-0.12020532528995244, -0.17556413951457145, 0.3625194355746019, -1.3327805394938657, -0.39325271923271166, 2.0974100320456346, -0.6281413212884034]"
single_block,0.0,5,110,110,5,guarded,scripted_non_learned_reference,False,,False,False,0.0,0.0,0.0,0,0,6.274100000155158,"[-0.12020532528995244, -0.17556413951457145, 0.3625194355746019, -1.3327805394938657, -0.39325271923271166, 2.0974100320456346, -0.6281413212884034]","[-0.12020532528995244, -0.17556413951457145, 0.3625194355746019, -1.3327805394938657, -0.39325271923271166, 2.0974100320456346, -0.6281413212884034]","[-0.10918731618735887, -0.16791557443242086, 0.43497410286516897, -1.3294265707016049, -0.41403597151376836, 2.107956935019945, -0.642144993098496]"
single_block,0.0,5,115,115,5,guarded,scripted_non_learned_reference,False,,False,False,0.0,0.0,0.0,0,0,4.840199995669536,"[-0.10918731618735887, -0.16791557443242086, 0.43497410286516897, -1.3294265707016049, -0.41403597151376836, 2.107956935019945, -0.642144993098496]","[-0.10918731618735887, -0.16791557443242086, 0.43497410286516897, -1.3294265707016049, -0.41403597151376836, 2.107956935019945, -0.642144993098496]","[-0.07427003841295433, -0.15374808590236289, 0.49707835443058, -1.3344206102886769, -0.43057828431077483, 2.100242307826793, -0.6563220274240202]"
single_block,0.0,5,120,120,5,guarded,scripted_non_learned_reference,False,,False,False,0.0,0.0,0.0,0,0,7.741699999314733,"[-0.07427003841295433, -0.15374808590236289, 0.49707835443058, -1.3344206102886769, -0.43057828431077483, 2.100242307826793, -0.6563220274240202]","[-0.07427003841295433, -0.15374808590236289, 0.49707835443058, -1.3344206102886769, -0.43057828431077483, 2.100242307826793, -0.6563220274240202]","[0.001037165039270106, -0.09825950760302771, 0.5550805209127428, -1.3799133556876981, -0.43984143016529054, 2.0541462450504717, -0.6713487822040773]"
single_block,0.0,5,125,125,5,guarded,scripted_non_learned_reference,False,,False,False,0.0,0.0,0.0,0,0,5.231999995885417,"[0.001037165039270106, -0.09825950760302771, 0.5550805209127428, -1.3799133556876981, -0.43984143016529054, 2.0541462450504717, -0.6713487822040773]","[0.001037165039270106, -0.09825950760302771, 0.5550805209127428, -1.3799133556876981, -0.43984143016529054, 2.0541462450504717, -0.6713487822040773]","[0.0709706178138022, -0.04954979300509474, 0.6052756069464474, -1.4174306874242122, -0.4495453781284529, 2.0091874708662942, -0.6861468257012472]"
single_block,0.0,5,130,130,5,guarded,scripted_non_learned_reference,False,,False,False,0.0,0.0,0.0,0,0,5.215299999690615,"[0.0709706178138022, -0.04954979300509474, 0.6052756069464474, -1.4174306874242122, -0.4495453781284529, 2.0091874708662942, -0.6861468257012472]","[0.0709706178138022, -0.04954979300509474, 0.6052756069464474, -1.4174306874242122, -0.4495453781284529, 2.0091874708662942, -0.6861468257012472]","[0.14939184857308274, -0.014689633739600399, 0.6202095970404466, -1.4438447258860492, -0.4293353882599212, 1.9882413083514459, -0.6946984585647135]"
single_block,0.0,5,135,135,5,guarded,scripted_non_learned_reference,False,,False,False,0.0,0.0,0.0,0,0,4.7265999965020455,"[0.14939184857308274, -0.014689633739600399, 0.6202095970404466, -1.4438447258860492, -0.4293353882599212, 1.9882413083514459, -0.6946984585647135]","[0.14939184857308274, -0.014689633739600399, 0.6202095970404466, -1.4438447258860492, -0.4293353882599212, 1.9882413083514459, -0.6946984585647135]","[0.19010922794460947, -0.0007040310026015207, 0.5305663606243554, -1.4282765690478283, -0.3721179019010489, 2.002761375319933, -0.6920963174012505]"
single_block,0.0,5,140,140,5,guarded,scripted_non_learned_reference,False,,False,False,0.0,0.0,0.0,0,0,5.059199997049291,"[0.19010922794460947, -0.0007040310026015207, 0.5305663606243554, -1.4282765690478283, -0.3721179019010489, 2.002761375319933, -0.6920963174012505]","[0.19010922794460947, -0.0007040310026015207, 0.5305663606243554, -1.4282765690478283, -0.3721179019010489, 2.002761375319933, -0.6920963174012505]","[0.24584752517889424, 0.022522521888247046, 0.4591450080557147, -1.427475406819783, -0.31386266148444003, 2.015212692520272, -0.6898433651133389]"
single_block,0.0,5,145,145,5,guarded,scripted_non_learned_reference,False,,False,False,0.0,0.0,0.0,0,0,4.545399999187794,"[0.24584752517889424, 0.022522521888247046, 0.4591450080557147, -1.427475406819783, -0.31386266148444003, 2.015212692520272, -0.6898433651133389]","[0.24584752517889424, 0.022522521888247046, 0.4591450080557147, -1.427475406819783, -0.31386266148444003, 2.015212692520272, -0.6898433651133389]","[0.3015873221530279, 0.03948910111382849, 0.38761451372039846, -1.4219416321934928, -0.25543990883882434, 2.0291079931834006, -0.6875641525738574]"
single_block,0.0,5,150,150,5,guarded,scripted_non_learned_reference,False,,False,False,0.0,0.0,0.0,0,0,5.631399995763786,"[0.3015873221530279, 0.03948910111382849, 0.38761451372039846, -1.4219416321934928, -0.25543990883882434, 2.0291079931834006, -0.6875641525738574]","[0.3015873221530279, 0.03948910111382849, 0.38761451372039846, -1.4219416321934928, -0.25543990883882434, 2.0291079931834006, -0.6875641525738574]","[0.3562374222802929, 0.058593957377361755, 0.3148722081115379, -1.4175879181444708, -0.19718459422284187, 2.042562120817245, -0.6852755237213823]"
single_block,0.0,5,155,155,5,guarded,scripted_non_learned_reference,False,,False,False,0.0,0.0,0.0,0,0,5.511000003025401,"[0.3562374222802929, 0.058593957377361755, 0.3148722081115379, -1.4175879181444708, -0.19718459422284187, 2.042562120817245, -0.6852755237213823]","[0.3562374222802929, 0.058593957377361755, 0.3148722081115379, -1.4175879181444708, -0.19718459422284187, 2.042562120817245, -0.6852755237213823]","[0.4110612161133573, 0.07787183848244592, 0.2422696612537836, -1.4133993167163423, -0.1388734707410647, 2.055957489791007, -0.6829860465884032]"
single_block,0.0,5,160,160,5,guarded,scripted_non_learned_reference,False,,False,False,0.0,0.0,0.0,0,0,5.0788999942597,"[0.4110612161133573, 0.07787183848244592, 0.2422696612537836, -1.4133993167163423, -0.1388734707410647, 2.055957489791007, -0.6829860465884032]","[0.4110612161133573, 0.07787183848244592, 0.2422696612537836, -1.4133993167163423, -0.1388734707410647, 2.055957489791007, -0.6829860465884032]","[0.4659975378199794, 0.09662407829131495, 0.16986606077725247, -1.408888083789128, -0.08060109154734588, 2.0694512270766365, -0.6807026127286447]"
single_block,0.0,5,165,165,5,guarded,scripted_non_learned_reference,False,,False,False,0.0,0.0,0.0,0,0,6.4467000047443435,"[0.4659975378199794, 0.09662407829131495, 0.16986606077725247, -1.408888083789128, -0.08060109154734588, 2.0694512270766365, -0.6807026127286447]","[0.4659975378199794, 0.09662407829131495, 0.16986606077725247, -1.408888083789128, -0.08060109154734588, 2.0694512270766365, -0.6807026127286447]","[0.5208589889223949, 0.11556373846282404, 0.09741429329483406, -1.404493844834567, -0.022374701807301934, 2.08289449572165, -0.6784218639403397]"
single_block,0.0,5,170,170,5,guarded,scripted_non_learned_reference,False,,False,False,0.0,0.0,0.0,0,0,5.652700005157385,"[0.5208589889223949, 0.11556373846282404, 0.09741429329483406, -1.404493844834567, -0.022374701807301934, 2.08289449572165, -0.6784218639403397]","[0.5208589889223949, 0.11556373846282404, 0.09741429329483406, -1.404493844834567, -0.022374701807301934, 2.08289449572165, -0.6784218639403397]","[0.575753769408281, 0.13454390349802886, 0.024858691210444712, -1.400110531937342, 0.0359850435844479, 2.0963775926902817, -0.6761293047890155]"
single_block,0.0,5,175,175,5,guarded,scripted_non_learned_reference,False,,False,False,0.0,0.0,0.0,0,0,4.8753000010037795,"[0.575753769408281, 0.13454390349802886, 0.024858691210444712, -1.400110531937342, 0.0359850435844479, 2.0963775926902817, -0.6761293047890155]","[0.575753769408281, 0.13454390349802886, 0.024858691210444712, -1.400110531937342, 0.0359850435844479, 2.0963775926902817, -0.6761293047890155]","[0.6306415682669249, 0.15346113743025244, -0.04760339402832832, -1.3956991454776906, 0.09425277432476147, 2.1098366978335017, -0.6738452502478242]"
single_block,0.0,5,180,180,5,guarded,scripted_non_learned_reference,False,,False,False,0.0,0.0,0.0,0,0,5.901800002902746,"[0.6306415682669249, 0.15346113743025244, -0.04760339402832832, -1.3956991454776906, 0.09425277432476147, 2.1098366978335017, -0.6738452502478242]","[0.6306415682669249, 0.15346113743025244, -0.04760339402832832, -1.3956991454776906, 0.09425277432476147, 2.1098366978335017, -0.6738452502478242]","[0.6855372665774002, 0.17240124849787042, -0.12011823309113431, -1.3912941576221192, 0.15257136311409705, 2.123311823637713, -0.6715566641971408]"
single_block,0.0,5,185,185,5,guarded,scripted_non_learned_reference,False,,False,False,0.0,0.0,0.0,0,0,5.333199995220639,"[0.6855372665774002, 0.17240124849787042, -0.12011823309113431, -1.3912941576221192, 0.15257136311409705, 2.123311823637713, -0.6715566641971408]","[0.6855372665774002, 0.17240124849787042, -0.12011823309113431, -1.3912941576221192, 0.15257136311409705, 2.123311823637713, -0.6715566641971408]","[0.7404153450131995, 0.19133760569280014, -0.19259085328498207, -1.3868934254789345, 0.21083841618151658, 2.1367668400707736, -0.6692723921489178]"
single_block,0.0,5,190,190,5,guarded,scripted_non_learned_reference,False,,False,False,0.0,0.0,0.0,0,0,5.292200003168546,"[0.7404153450131995, 0.19133760569280014, -0.19259085328498207, -1.3868934254789345, 0.21083841618151658, 2.1367668400707736, -0.6692723921489178]","[0.7404153450131995, 0.19133760569280014, -0.19259085328498207, -1.3868934254789345, 0.21083841618151658, 2.1367668400707736, -0.6692723921489178]","[0.7952830409511634, 0.21026410046122587, -0.2650362968992295, -1.3824893018304267, 0.26906468535062833, 2.1502078472294106, -0.66699171445455]"
single_block,0.0,5,195,195,5,guarded,scripted_non_learned_reference,False,,False,False,0.0,0.0,0.0,0,0,5.464000001666136,"[0.7952830409511634, 0.21026410046122587, -0.2650362968992295, -1.3824893018304267, 0.26906468535062833, 2.1502078472294106, -0.66699171445455]","[0.7952830409511634, 0.21026410046122587, -0.2650362968992295, -1.3824893018304267, 0.26906468535062833, 2.1502078472294106, -0.66699171445455]","[0.8501875548163982, 0.2292118496628843, -0.33758291248961175, -1.3780834008139342, 0.3274248635975407, 2.163697159073915, -0.6646993605859783]"
single_block,0.0,5,200,200,5,guarded,scripted_non_learned_reference,False,,False,False,0.0,0.0,0.0,0,0,6.774400004360359,"[0.8501875548163982, 0.2292118496628843, -0.33758291248961175, -1.3780834008139342, 0.3274248635975407, 2.163697159073915, -0.6646993605859783]","[0.8501875548163982, 0.2292118496628843, -0.33758291248961175, -1.3780834008139342, 0.3274248635975407, 2.163697159073915, -0.6646993605859783]","[0.90507025614002, 0.24814385721212792, -0.4100532578697298, -1.3736768880035155, 0.38569176899597324, 2.1771521233001705, -0.6624152227304143]"
single_block,0.0,5,205,205,5,guarded,scripted_non_learned_reference,False,,False,False,0.0,0.0,0.0,0,0,6.699099998513702,"[0.90507025614002, 0.24814385721212792, -0.4100532578697298, -1.3736768880035155, 0.38569176899597324, 2.1771521233001705, -0.6624152227304143]","[0.90507025614002, 0.24814385721212792, -0.4100532578697298, -1.3736768880035155, 0.38569176899597324, 2.1771521233001705, -0.6624152227304143]","[0.9599681831190516, 0.2670871843454878, -0.4825692651372807, -1.3692696317134614, 0.4440098216368733, 2.1906256099805455, -0.6601266539091989]"
single_block,0.0,5,210,210,5,guarded,scripted_non_learned_reference,False,,False,False,0.0,0.0,0.0,0,0,5.152600002475083,"[0.9599681831190516, 0.2670871843454878, -0.4825692651372807, -1.3692696317134614, 0.4440098216368733, 2.1906256099805455, -0.6601266539091989]","[0.9599681831190516, 0.2670871843454878, -0.4825692651372807, -1.3692696317134614, 0.4440098216368733, 2.1906256099805455, -0.6601266539091989]","[1.0148461418483916, 0.28602052710086334, -0.5550454943364731, -1.36486247507885, 0.5022767084749492, 2.2040807507170364, -0.6578424028392224]"
single_block,0.0,5,215,215,5,guarded,scripted_non_learned_reference,False,,False,False,0.0,0.0,0.0,0,0,5.553499999223277,"[1.0148461418483916, 0.28602052710086334, -0.5550454943364731, -1.36486247507885, 0.5022767084749492, 2.2040807507170364, -0.6578424028392224]","[1.0148461418483916, 0.28602052710086334, -0.5550454943364731, -1.36486247507885, 0.5022767084749492, 2.2040807507170364, -0.6578424028392224]","[1.0697130009080742, 0.3049505936250863, -0.6274956690248943, -1.3604555610825861, 0.5605026750232693, 2.2175207150850884, -0.6555617006702583]"
single_block,0.0,5,220,220,5,guarded,scripted_non_learned_reference,False,,False,False,0.0,0.0,0.0,0,0,5.427200005215127,"[1.0697130009080742, 0.3049505936250863, -0.6274956690248943, -1.3604555610825861, 0.5605026750232693, 2.2175207150850884, -0.6555617006702583]","[1.0697130009080742, 0.3049505936250863, -0.6274956690248943, -1.3604555610825861, 0.5605026750232693, 2.2175207150850884, -0.6555617006702583]","[1.1246212913158657, 0.32390072618527416, -0.7000441805229868, -1.3560453169999995, 0.6188625115681229, 2.231010379300293, -0.653269398601966]"
single_block,0.0,5,225,225,5,guarded,scripted_non_learned_reference,False,,False,False,0.0,0.0,0.0,0,0,5.281399993691593,"[1.1246212913158657, 0.32390072618527416, -0.7000441805229868, -1.3560453169999995, 0.6188625115681229, 2.231010379300293, -0.653269398601966]","[1.1246212913158657, 0.32390072618527416, -0.7000441805229868, -1.3560453169999995, 0.6188625115681229, 2.231010379300293, -0.653269398601966]","[1.1795017234346468, 0.34283697447544426, -0.7725223734915271, -1.3516354760677574, 0.6771292503067308, 2.2444653896310838, -0.6509852219623853]"
single_block,0.0,5,230,230,5,guarded,scripted_non_learned_reference,False,,False,False,0.0,0.0,0.0,0,0,5.7047000009333715,"[1.1795017234346468, 0.34283697447544426, -0.7725223734915271, -1.3516354760677574, 0.6771292503067308, 2.2444653896310838, -0.6509852219623853]","[1.1795017234346468, 0.34283697447544426, -0.7725223734915271, -1.3516354760677574, 0.6771292503067308, 2.2444653896310838, -0.6509852219623853]","[1.2010659707009512, 0.3503211775273573, -0.7991239514273972, -1.34941035865997, 0.6999702337246678, 2.250137803323417, -0.6499836587012098]"
single_block,0.0,15,0,0,15,guarded,scripted_non_learned_reference,False,,False,False,0.0,0.0,0.0,0,0,6.086100001994055,"[-6.645505167103729e-12, -0.7499999999998178, -8.430052443761439e-12, -2.2499999999996256, -1.5328964921158848e-11, 1.5500000000003826, 0.7499999999997874]","[-6.645505167103729e-12, -0.7499999999998178, -8.430052443761439e-12, -2.2499999999996256, -1.5328964921158848e-11, 1.5500000000003826, 0.7499999999997874]","[-0.04075408999084793, -0.6447511285033644, -0.03390184542515993, -2.0692706591558174, -0.04859763580108362, 1.6437909583796524, 0.49763891434190904]"
single_block,0.0,15,15,15,15,guarded,scripted_non_learned_reference,False,,False,False,0.0,0.0,0.0,0,0,6.27350000286242,"[-0.04075408999084793, -0.6447511285033644, -0.03390184542515993, -2.0692706591558174, -0.04859763580108362, 1.6437909583796524, 0.49763891434190904]","[-0.04075408999084793, -0.6447511285033644, -0.03390184542515993, -2.0692706591558174, -0.04859763580108362, 1.6437909583796524, 0.49763891434190904]","[-0.08183519782007337, -0.5386886163629541, -0.06806651065729538, -1.8867504051708026, -0.09801893586304995, 1.7400475916048912, 0.23661353400636534]"
single_block,0.0,15,30,30,15,guarded,scripted_non_learned_reference,False,,False,False,0.0,0.0,0.0,0,0,5.6611999971210025,"[-0.08183519782007337, -0.5386886163629541, -0.06806651065729538, -1.8867504051708026, -0.09801893586304995, 1.7400475916048912, 0.23661353400636534]","[-0.08183519782007337, -0.5386886163629541, -0.06806651065729538, -1.8867504051708026, -0.09801893586304995, 1.7400475916048912, 0.23661353400636534]","[-0.1229221382315169, -0.4326644215572016, -0.10224250816966594, -1.7042192838660701, -0.14743955866856756, 1.8362861954415741, -0.02438709578930489]"
single_block,0.0,15,45,45,15,guarded,scripted_non_learned_reference,False,,False,False,0.0,0.0,0.0,0,0,6.362399995850865,"[-0.1229221382315169, -0.4326644215572016, -0.10224250816966594, -1.7042192838660701, -0.14743955866856756, 1.8362861954415741, -0.02438709578930489]","[-0.1229221382315169, -0.4326644215572016, -0.10224250816966594, -1.7042192838660701, -0.14743955866856756, 1.8362861954415741, -0.02438709578930489]","[-0.1640091752332675, -0.3266437595273301, -0.1364182530725497, -1.5216867701118872, -0.19686061215627884, 1.9325257074004811, -0.28538770981904626]"
single_block,0.0,15,60,60,15,guarded,scripted_non_learned_reference,False,,False,False,0.0,0.0,0.0,0,0,5.74830000550719,"[-0.1640091752332675, -0.3266437595273301, -0.1364182530725497, -1.5216867701118872, -0.19686061215627884, 1.9325257074004811, -0.28538770981904626]","[-0.1640091752332675, -0.3266437595273301, -0.1364182530725497, -1.5216867701118872, -0.19686061215627884, 1.9325257074004811, -0.28538770981904626]","[-0.204271652476161, -0.2298580594310926, -0.15573412935819061, -1.3553704698883158, -0.24819127971319394, 2.0230096566303013, -0.5270269720417365]"
single_block,0.0,15,75,75,15,guarded,scripted_non_learned_reference,False,,False,False,0.0,0.0,0.0,0,0,5.222899999353103,"[-0.204271652476161, -0.2298580594310926, -0.15573412935819061, -1.3553704698883158, -0.24819127971319394, 2.0230096566303013, -0.5270269720417365]","[-0.204271652476161, -0.2298580594310926, -0.15573412935819061, -1.3553704698883158, -0.24819127971319394, 2.0230096566303013, -0.5270269720417365]","[-0.1645595636053549, -0.20593412212978845, 0.07183203081054883, -1.3463607170732284, -0.3098525333864336, 2.0549360784171866, -0.5717521623806626]"
single_block,0.0,15,90,90,15,guarded,scripted_non_learned_reference,False,,False,False,0.0,0.0,0.0,0,0,5.237899997155182,"[-0.1645595636053549, -0.20593412212978845, 0.07183203081054883, -1.3463607170732284, -0.3098525333864336, 2.0549360784171866, -0.5717521623806626]","[-0.1645595636053549, -0.20593412212978845, 0.07183203081054883, -1.3463607170732284, -0.3098525333864336, 2.0549360784171866, -0.5717521623806626]","[-0.13141292662219609, -0.18319366468992318, 0.2893709556290669, -1.3361767765965868, -0.37221593004857567, 2.0866482223790106, -0.6137955279588323]"
single_block,0.0,15,105,105,15,guarded,scripted_non_learned_reference,False,,False,False,0.0,0.0,0.0,0,0,6.943399996089283,"[-0.13141292662219609, -0.18319366468992318, 0.2893709556290669, -1.3361767765965868, -0.37221593004857567, 2.0866482223790106, -0.6137955279588323]","[-0.13141292662219609, -0.18319366468992318, 0.2893709556290669, -1.3361767765965868, -0.37221593004857567, 2.0866482223790106, -0.6137955279588323]","[-0.07418740583236252, -0.15363882213711424, 0.4964957983628894, -1.3345895827526584, -0.4303158507998235, 2.0998707653574105, -0.6560364887405595]"
single_block,0.0,15,120,120,15,guarded,scripted_non_learned_reference,False,,False,False,0.0,0.0,0.0,0,0,5.253499999525957,"[-0.07418740583236252, -0.15363882213711424, 0.4964957983628894, -1.3345895827526584, -0.4303158507998235, 2.0998707653574105, -0.6560364887405595]","[-0.07418740583236252, -0.15363882213711424, 0.4964957983628894, -1.3345895827526584, -0.4303158507998235, 2.0998707653574105, -0.6560364887405595]","[0.1482017718253529, -0.014328259040084747, 0.6187717113596305, -1.443687839956193, -0.4291385416494281, 1.9889902058950353, -0.6943039608102997]"
single_block,0.0,15,135,135,15,guarded,scripted_non_learned_reference,False,,False,False,0.0,0.0,0.0,0,0,5.2241999947000295,"[0.1482017718253529, -0.014328259040084747, 0.6187717113596305, -1.443687839956193, -0.4291385416494281, 1.9889902058950353, -0.6943039608102997]","[0.1482017718253529, -0.014328259040084747, 0.6187717113596305, -1.443687839956193, -0.4291385416494281, 1.9889902058950353, -0.6943039608102997]","[0.3010406156370297, 0.04011655485061953, 0.38786829133084627, -1.4224006880710172, -0.2561651559566715, 2.028727012979084, -0.687614101187901]"
single_block,0.0,15,150,150,15,guarded,scripted_non_learned_reference,False,,False,False,0.0,0.0,0.0,0,0,5.559000004723202,"[0.3010406156370297, 0.04011655485061953, 0.38786829133084627, -1.4224006880710172, -0.2561651559566715, 2.028727012979084, -0.687614101187901]","[0.3010406156370297, 0.04011655485061953, 0.38786829133084627, -1.4224006880710172, -0.2561651559566715, 2.028727012979084, -0.687614101187901]","[0.4656728596222017, 0.09659567362423847, 0.17038116315260385, -1.408961831640768, -0.08129537297048887, 2.0692076730945645, -0.6807550477380803]"
single_block,0.0,15,165,165,15,guarded,scripted_non_learned_reference,False,,False,False,0.0,0.0,0.0,0,0,5.663000003551133,"[0.4656728596222017, 0.09659567362423847, 0.17038116315260385, -1.408961831640768, -0.08129537297048887, 2.0692076730945645, -0.6807550477380803]","[0.4656728596222017, 0.09659567362423847, 0.17038116315260385, -1.408961831640768, -0.08129537297048887, 2.0692076730945645, -0.6807550477380803]","[0.6303438737655165, 0.15335337111723613, -0.0470654596345471, -1.395724374014528, 0.09357099911738397, 2.1096098697563614, -0.6738972408259805]"
single_block,0.0,15,180,180,15,guarded,scripted_non_learned_reference,False,,False,False,0.0,0.0,0.0,0,0,5.110800004331395,"[0.6303438737655165, 0.15335337111723613, -0.0470654596345471, -1.395724374014528, 0.09357099911738397, 2.1096098697563614, -0.6738972408259805]","[0.6303438737655165, 0.15335337111723613, -0.0470654596345471, -1.395724374014528, 0.09357099911738397, 2.1096098697563614, -0.6738972408259805]","[0.7950008127625252, 0.21015427107790294, -0.26453077546987847, -1.3825089079147184, 0.26843522825907756, 2.149999913477393, -0.667039237847196]"
single_block,0.0,15,195,195,15,guarded,scripted_non_learned_reference,False,,False,False,0.0,0.0,0.0,0,0,5.177999999432359,"[0.7950008127625252, 0.21015427107790294, -0.26453077546987847, -1.3825089079147184, 0.26843522825907756, 2.149999913477393, -0.667039237847196]","[0.7950008127625252, 0.21015427107790294, -0.26453077546987847, -1.3825089079147184, 0.26843522825907756, 2.149999913477393, -0.667039237847196]","[0.9596554951845924, 0.2669622830830553, -0.4820039699367574, -1.3692905367129793, 0.44329842626631555, 2.1903867019117325, -0.6601811782517953]"
single_block,0.0,15,210,210,15,guarded,scripted_non_learned_reference,False,,False,False,0.0,0.0,0.0,0,0,5.618799994408619,"[0.9596554951845924, 0.2669622830830553, -0.4820039699367574, -1.3692905367129793, 0.44329842626631555, 2.1903867019117325, -0.6601811782517953]","[0.9596554951845924, 0.2669622830830553, -0.4820039699367574, -1.3692905367129793, 0.44329842626631555, 2.1903867019117325, -0.6601811782517953]","[1.1243082117370105, 0.32377963752064676, -0.699487463234643, -1.3560687334269155, 0.6181609516515766, 2.2307724691264648, -0.6533230350147003]"
single_block,0.0,15,225,225,15,guarded,scripted_non_learned_reference,False,,False,False,0.0,0.0,0.0,0,0,5.369200000131968,"[1.1243082117370105, 0.32377963752064676, -0.699487463234643, -1.3560687334269155, 0.6181609516515766, 2.2307724691264648, -0.6533230350147003]","[1.1243082117370105, 0.32377963752064676, -0.699487463234643, -1.3560687334269155, 0.6181609516515766, 2.2307724691264648, -0.6533230350147003]","[1.2001728768610966, 0.35016708601224283, -0.7997230890346206, -1.3499892678448369, 0.6998742235793259, 2.249948106892084, -0.6500057696905182]"
single_block,0.5,1,0,0,1,guarded,scripted_non_learned_reference,False,,False,False,0.0,0.0,0.0,0,0,6.400899997970555,"[-6.2693832868740056e-12, -0.7499999999998369, -8.506348615428234e-12, -2.2499999999997313, -1.2208337480657592e-11, 1.5500000000003227, 0.7499999999998253]","[-6.2693832868740056e-12, -0.7499999999998369, -8.506348615428234e-12, -2.2499999999997313, -1.2208337480657592e-11, 1.5500000000003227, 0.7499999999998253]","[-0.0014789195517874935, -0.7450356673513452, -0.00022593097651036145, -2.2426538644643452, -0.0026095204347452044, 1.5525150034226574, 0.7369078582407647]"
single_block,0.5,1,1,1,1,guarded,scripted_non_learned_reference,False,,False,False,0.0,0.0,0.0,0,0,6.581500005268026,"[-0.0014789195517874935, -0.7450356673513452, -0.00022593097651036145, -2.2426538644643452, -0.0026095204347452044, 1.5525150034226574, 0.7369078582407647]","[-0.0014789195517874935, -0.7450356673513452, -0.00022593097651036145, -2.2426538644643452, -0.0026095204347452044, 1.5525150034226574, 0.7369078582407647]","[-0.004210399662009673, -0.7363055956907095, -0.0021993809575214774, -2.229079152775429, -0.005969060335214858, 1.5599078257280847, 0.718671830842785]"
single_block,0.5,1,2,2,1,guarded,scripted_non_learned_reference,False,,False,False,0.0,0.0,0.0,0,0,8.11979999707546,"[-0.004210399662009673, -0.7363055956907095, -0.0021993809575214774, -2.229079152775429, -0.005969060335214858, 1.5599078257280847, 0.718671830842785]","[-0.004210399662009673, -0.7363055956907095, -0.0021993809575214774, -2.229079152775429, -0.005969060335214858, 1.5599078257280847, 0.718671830842785]","[-0.007613264444632082, -0.7277462418387636, -0.005709265799691749, -2.2143493291411906, -0.009459829008287193, 1.568637239662603, 0.7003392467367334]"
single_block,0.5,1,3,3,1,guarded,scripted_non_learned_reference,False,,False,False,0.0,0.0,0.0,0,0,9.918600000673905,"[-0.007613264444632082, -0.7277462418387636, -0.005709265799691749, -2.2143493291411906, -0.009459829008287193, 1.568637239662603, 0.7003392467367334]","[-0.007613264444632082, -0.7277462418387636, -0.005709265799691749, -2.2143493291411906, -0.009459829008287193, 1.568637239662603, 0.7003392467367334]","[-0.011048874719326736, -0.7211449889191102, -0.009446146846134889, -2.201388928606429, -0.01294896625300748, 1.575700305398859, 0.6829773009098871]"
single_block,0.5,1,4,4,1,guarded,scripted_non_learned_reference,False,,False,False,0.0,0.0,0.0,0,0,7.847900000342634,"[-0.011048874719326736, -0.7211449889191102, -0.009446146846134889, -2.201388928606429, -0.01294896625300748, 1.575700305398859, 0.6829773009098871]","[-0.011048874719326736, -0.7211449889191102, -0.009446146846134889, -2.201388928606429, -0.01294896625300748, 1.575700305398859, 0.6829773009098871]","[-0.014141381778572028, -0.7152296334495113, -0.012452231199159143, -2.189373764375955, -0.01637572973296278, 1.581625751211009, 0.665691339003802]"
single_block,0.5,1,5,5,1,guarded,scripted_non_learned_reference,False,,False,False,0.0,0.0,0.0,0,0,6.216300003870856,"[-0.014141381778572028, -0.7152296334495113, -0.012452231199159143, -2.189373764375955, -0.01637572973296278, 1.581625751211009, 0.665691339003802]","[-0.014141381778572028, -0.7152296334495113, -0.012452231199159143, -2.189373764375955, -0.01637572973296278, 1.581625751211009, 0.665691339003802]","[-0.016770527670490584, -0.7087118793324179, -0.014503881464826639, -2.1773374768007927, -0.019643102129661853, 1.5876443747383042, 0.6483640804898014]"
single_block,0.5,1,6,6,1,guarded,scripted_non_learned_reference,False,,False,False,0.0,0.0,0.0,0,0,6.8839000014122576,"[-0.016770527670490584, -0.7087118793324179, -0.014503881464826639, -2.1773374768007927, -0.019643102129661853, 1.5876443747383042, 0.6483640804898014]","[-0.016770527670490584, -0.7087118793324179, -0.014503881464826639, -2.1773374768007927, -0.019643102129661853, 1.5876443747383042, 0.6483640804898014]","[-0.01915351535561076, -0.7014769875238419, -0.016064798276587765, -2.1652055153503036, -0.022823477202610788, 1.5940677969317512, 0.6309219244905104]"
single_block,0.5,1,7,7,1,guarded,scripted_non_learned_reference,False,,False,False,0.0,0.0,0.0,0,0,6.248300000152085,"[-0.01915351535561076, -0.7014769875238419, -0.016064798276587765, -2.1652055153503036, -0.022823477202610788, 1.5940677969317512, 0.6309219244905104]","[-0.01915351535561076, -0.7014769875238419, -0.016064798276587765, -2.1652055153503036, -0.022823477202610788, 1.5940677969317512, 0.6309219244905104]","[-0.02157113289669929, -0.6939206137235061, -0.01769983918390078, -2.1531664416793466, -0.026015798791018285, 1.6006085477472465, 0.6134503858011351]"
single_block,0.5,1,8,8,1,guarded,scripted_non_learned_reference,False,,False,False,0.0,0.0,0.0,0,0,6.3555000015185215,"[-0.02157113289669929, -0.6939206137235061, -0.01769983918390078, -2.1531664416793466, -0.026015798791018285, 1.6006085477472465, 0.6134503858011351]","[-0.02157113289669929, -0.6939206137235061, -0.01769983918390078, -2.1531664416793466, -0.026015798791018285, 1.6006085477472465, 0.6134503858011351]","[-0.024213109272854708, -0.6864773039621175, -0.01978950443387115, -2.1412669269861513, -0.029278358401661837, 1.6069991989012922, 0.59609226772737]"
single_block,0.5,1,9,9,1,guarded,scripted_non_learned_reference,False,,False,False,0.0,0.0,0.0,0,0,6.146699997771066,"[-0.024213109272854708, -0.6864773039621175, -0.01978950443387115, -2.1412669269861513, -0.029278358401661837, 1.6069991989012922, 0.59609226772737]","[-0.024213109272854708, -0.6864773039621175, -0.01978950443387115, -2.1412669269861513, -0.029278358401661837, 1.6069991989012922, 0.59609226772737]","[-0.027064374666166305, -0.6792474700737416, -0.02229183626232983, -2.1292991578091636, -0.03261580520688557, 1.6133271487076835, 0.5786806274562311]"
single_block,0.5,1,10,10,1,guarded,scripted_non_learned_reference,False,,False,False,0.0,0.0,0.0,0,0,7.017799995082896,"[-0.027064374666166305, -0.6792474700737416, -0.02229183626232983, -2.1292991578091636, -0.03261580520688557, 1.6133271487076835, 0.5786806274562311]","[-0.027064374666166305, -0.6792474700737416, -0.02229183626232983, -2.1292991578091636, -0.03261580520688557, 1.6133271487076835, 0.5786806274562311]","[-0.029985640738371438, -0.6722273002632867, -0.02493599096238187, -2.117149819609539, -0.03596640302306321, 1.6196881923775, 0.5613314539678643]"
single_block,0.5,1,11,11,1,guarded,scripted_non_learned_reference,False,,False,False,0.0,0.0,0.0,0,0,5.824599997140467,"[-0.029985640738371438, -0.6722273002632867, -0.02493599096238187, -2.117149819609539, -0.03596640302306321, 1.6196881923775, 0.5613314539678643]","[-0.029985640738371438, -0.6722273002632867, -0.02493599096238187, -2.117149819609539, -0.03596640302306321, 1.6196881923775, 0.5613314539678643]","[-0.03285859329285801, -0.6653251942558825, -0.027479067439447096, -2.10483403324368, -0.03930334805244446, 1.6261352923661825, 0.5439134271038121]"
single_block,0.5,1,12,12,1,guarded,scripted_non_learned_reference,False,,False,False,0.0,0.0,0.0,0,0,5.5598000035388395,"[-0.03285859329285801, -0.6653251942558825, -0.027479067439447096, -2.10483403324368, -0.03930334805244446, 1.6261352923661825, 0.5439134271038121]","[-0.03285859329285801, -0.6653251942558825, -0.027479067439447096, -2.10483403324368, -0.03930334805244446, 1.6261352923661825, 0.5439134271038121]","[-0.035625873047013035, -0.6584508260371713, -0.029809502177821294, -2.092465308421188, -0.04260694967068914, 1.6326263217809782, 0.5264645981761875]"
single_block,0.5,1,13,13,1,guarded,scripted_non_learned_reference,False,,False,False,0.0,0.0,0.0,0,0,5.998400003591087,"[-0.035625873047013035, -0.6584508260371713, -0.029809502177821294, -2.092465308421188, -0.04260694967068914, 1.6326263217809782, 0.5264645981761875]","[-0.035625873047013035, -0.6584508260371713, -0.029809502177821294, -2.092465308421188, -0.04260694967068914, 1.6326263217809782, 0.5264645981761875]","[-0.03829997361817553, -0.6515261409691405, -0.031960170485640524, -2.0801855446091553, -0.04587360435594916, 1.6390755210502475, 0.5091098183950781]"
single_block,0.5,1,14,14,1,guarded,scripted_non_learned_reference,False,,False,False,0.0,0.0,0.0,0,0,5.821800004923716,"[-0.03829997361817553, -0.6515261409691405, -0.031960170485640524, -2.0801855446091553, -0.04587360435594916, 1.6390755210502475, 0.5091098183950781]","[-0.03829997361817553, -0.6515261409691405, -0.031960170485640524, -2.0801855446091553, -0.04587360435594916, 1.6390755210502475, 0.5091098183950781]","[-0.04094672349469402, -0.6444859449732486, -0.034053802152017365, -2.0679989000092327, -0.04914057816496185, 1.6455017959289706, 0.49168909594766536]"
single_block,0.5,1,15,15,1,guarded,scripted_non_learned_reference,False,,False,False,0.0,0.0,0.0,0,0,5.273800001305062,"[-0.04094672349469402, -0.6444859449732486, -0.034053802152017365, -2.0679989000092327, -0.04914057816496185, 1.6455017959289706, 0.49168909594766536]","[-0.04094672349469402, -0.6444859449732486, -0.034053802152017365, -2.0679989000092327, -0.04914057816496185, 1.6455017959289706, 0.49168909594766536]","[-0.04362603689607821, -0.6373517599269396, -0.03621750090937202, -2.055902210867545, -0.052414061768965875, 1.651890765601251, 0.4743290813046047]"
single_block,0.5,1,16,16,1,guarded,scripted_non_learned_reference,False,,False,False,0.0,0.0,0.0,0,0,5.699599998479243,"[-0.04362603689607821, -0.6373517599269396, -0.03621750090937202, -2.055902210867545, -0.052414061768965875, 1.651890765601251, 0.4743290813046047]","[-0.04362603689607821, -0.6373517599269396, -0.03621750090937202, -2.055902210867545, -0.052414061768965875, 1.651890765601251, 0.4743290813046047]","[-0.04636080340131573, -0.6301616688635973, -0.03848887951602591, -2.043825813365929, -0.055711701782058004, 1.6582840762590958, 0.45690515700184364]"
single_block,0.5,1,17,17,1,guarded,scripted_non_learned_reference,False,,False,False,0.0,0.0,0.0,0,0,5.0818999952753074,"[-0.04636080340131573, -0.6301616688635973, -0.03848887951602591, -2.043825813365929, -0.055711701782058004, 1.6582840762590958, 0.45690515700184364]","[-0.04636080340131573, -0.6301616688635973, -0.03848887951602591, -2.043825813365929, -0.055711701782058004, 1.6582840762590958, 0.45690515700184364]","[-0.04913758950233687, -0.6229806736547866, -0.040842392065211286, -2.0317258299336824, -0.059023834397614924, 1.6646909237315444, 0.4394568507981171]"
single_block,0.5,1,18,18,1,guarded,scripted_non_learned_reference,False,,False,False,0.0,0.0,0.0,0,0,5.582799996773247,"[-0.04913758950233687, -0.6229806736547866, -0.040842392065211286, -2.0317258299336824, -0.059023834397614924, 1.6646909237315444, 0.4394568507981171]","[-0.04913758950233687, -0.6229806736547866, -0.040842392065211286, -2.0317258299336824, -0.059023834397614924, 1.6646909237315444, 0.4394568507981171]","[-0.05191969445917167, -0.6158757215235362, -0.043210198374241345, -2.019599624686903, -0.06232803851589089, 1.671083501324037, 0.42210672240939895]"
single_block,0.5,1,19,19,1,guarded,scripted_non_learned_reference,False,,False,False,0.0,0.0,0.0,0,0,6.198800001584459,"[-0.05191969445917167, -0.6158757215235362, -0.043210198374241345, -2.019599624686903, -0.06232803851589089, 1.671083501324037, 0.42210672240939895]","[-0.05191969445917167, -0.6158757215235362, -0.043210198374241345, -2.019599624686903, -0.06232803851589089, 1.671083501324037, 0.42210672240939895]","[-0.05468658950690752, -0.6088304053995566, -0.0455421710667368, -2.0074140612140376, -0.0656327216160146, 1.677499959182042, 0.4046909810755131]"
single_block,0.5,1,20,20,1,guarded,scripted_non_learned_reference,False,,False,False,0.0,0.0,0.0,0,0,5.221799998253118,"[-0.05468658950690752, -0.6088304053995566, -0.0455421710667368, -2.0074140612140376, -0.0656327216160146, 1.677499959182042, 0.4046909810755131]","[-0.05468658950690752, -0.6088304053995566, -0.0455421710667368, -2.0074140612140376, -0.0656327216160146, 1.677499959182042, 0.4046909810755131]","[-0.05742429511646549, -0.6018295429312769, -0.04781874146022723, -1.9952068350981476, -0.06892207551161568, 1.683916991026154, 0.38733335558677334]"
single_block,0.5,1,21,21,1,guarded,scripted_non_learned_reference,False,,False,False,0.0,0.0,0.0,0,0,4.933199998049531,"[-0.05742429511646549, -0.6018295429312769, -0.04781874146022723, -1.9952068350981476, -0.06892207551161568, 1.683916991026154, 0.38733335558677334]","[-0.05742429511646549, -0.6018295429312769, -0.04781874146022723, -1.9952068350981476, -0.06892207551161568, 1.683916991026154, 0.38733335558677334]","[-0.060144994430142505, -0.5948241812911109, -0.050058145459961165, -1.9829813589392626, -0.07221227751065169, 1.6903535161294982, 0.36990882323000435]"
single_block,0.5,1,22,22,1,guarded,scripted_non_learned_reference,False,,False,False,0.0,0.0,0.0,0,0,5.11519999417942,"[-0.060144994430142505, -0.5948241812911109, -0.050058145459961165, -1.9829813589392626, -0.07221227751065169, 1.6903535161294982, 0.36990882323000435]","[-0.060144994430142505, -0.5948241812911109, -0.050058145459961165, -1.9829813589392626, -0.07221227751065169, 1.6903535161294982, 0.36990882323000435]","[-0.06286321286247568, -0.587790508236668, -0.052292355353078177, -1.9707641981132127, -0.07550389612550727, 1.6967982007188207, 0.3524580471437398]"
single_block,0.5,1,23,23,1,guarded,scripted_non_learned_reference,False,,False,False,0.0,0.0,0.0,0,0,6.057500002498273,"[-0.06286321286247568, -0.587790508236668, -0.052292355353078177, -1.9707641981132127, -0.07550389612550727, 1.6967982007188207, 0.3524580471437398]","[-0.06286321286247568, -0.587790508236668, -0.052292355353078177, -1.9707641981132127, -0.07550389612550727, 1.6967982007188207, 0.3524580471437398]","[-0.06558895473116398, -0.5807346844370936, -0.05454749000720917, -1.95859909177283, -0.07878984843670338, 1.7032072991207161, 0.33510548163061843]"
single_block,0.5,1,24,24,1,guarded,scripted_non_learned_reference,False,,False,False,0.0,0.0,0.0,0,0,5.644299999403302,"[-0.06558895473116398, -0.5807346844370936, -0.05454749000720917, -1.95859909177283, -0.07878984843670338, 1.7032072991207161, 0.33510548163061843]","[-0.06558895473116398, -0.5807346844370936, -0.05454749000720917, -1.95859909177283, -0.07878984843670338, 1.7032072991207161, 0.33510548163061843]","[-0.06832968937042436, -0.573641007948295, -0.0568292452712869, -1.946450593318564, -0.08208718437036244, 1.7096170059064957, 0.31768858610801787]"
single_block,0.5,1,25,25,1,guarded,scripted_non_learned_reference,False,,False,False,0.0,0.0,0.0,0,0,5.3849000032641925,"[-0.06832968937042436, -0.573641007948295, -0.0568292452712869, -1.946450593318564, -0.08208718437036244, 1.7096170059064957, 0.31768858610801787]","[-0.06832968937042436, -0.573641007948295, -0.0568292452712869, -1.946450593318564, -0.08208718437036244, 1.7096170059064957, 0.31768858610801787]","[-0.07107717431912011, -0.566539456376297, -0.059127954822609165, -1.9343222109095437, -0.08538122158907255, 1.7160115037420727, 0.300331384563459]"
single_block,0.5,1,26,26,1,guarded,scripted_non_learned_reference,False,,False,False,0.0,0.0,0.0,0,0,5.335200003173668,"[-0.07107717431912011, -0.566539456376297, -0.059127954822609165, -1.9343222109095437, -0.08538122158907255, 1.7160115037420727, 0.300331384563459]","[-0.07107717431912011, -0.566539456376297, -0.059127954822609165, -1.9343222109095437, -0.08538122158907255, 1.7160115037420727, 0.300331384563459]","[-0.07382768980640596, -0.5594332675810421, -0.06142913822121213, -1.9221761174679446, -0.0886821141228104, 1.7224226434313261, 0.28290814745697146]"
single_block,0.5,1,27,27,1,guarded,scripted_non_learned_reference,False,,False,False,0.0,0.0,0.0,0,0,8.145699997839984,"[-0.07382768980640596, -0.5594332675810421, -0.06142913822121213, -1.9221761174679446, -0.0886821141228104, 1.7224226434313261, 0.28290814745697146]","[-0.07382768980640596, -0.5594332675810421, -0.06142913822121213, -1.9221761174679446, -0.0886821141228104, 1.7224226434313261, 0.28290814745697146]","[-0.07657500906129402, -0.552339632419399, -0.06372251921114688, -1.9100068838466058, -0.09198358748304993, 1.7288499374739803, 0.26545866946902646]"
single_block,0.5,1,28,28,1,guarded,scripted_non_learned_reference,False,,False,False,0.0,0.0,0.0,0,0,5.8349999962956645,"[-0.07657500906129402, -0.552339632419399, -0.06372251921114688, -1.9100068838466058, -0.09198358748304993, 1.7288499374739803, 0.26545866946902646]","[-0.07657500906129402, -0.552339632419399, -0.06372251921114688, -1.9100068838466058, -0.09198358748304993, 1.7288499374739803, 0.26545866946902646]","[-0.07931293170650662, -0.5452828032241022, -0.0660015258496072, -1.8978438330378233, -0.09527332537005588, 1.7352559759764425, 0.2481066912135141]"
single_block,0.5,1,29,29,1,guarded,scripted_non_learned_reference,False,,False,False,0.0,0.0,0.0,0,0,5.4000000018277206,"[-0.07931293170650662, -0.5452828032241022, -0.0660015258496072, -1.8978438330378233, -0.09527332537005588, 1.7352559759764425, 0.2481066912135141]","[-0.07931293170650662, -0.5452828032241022, -0.0660015258496072, -1.8978438330378233, -0.09527332537005588, 1.7352559759764425, 0.2481066912135141]","[-0.08204768545245543, -0.5382347893074101, -0.06827004702414799, -1.8856598054553353, -0.09856819321461333, 1.741675546961766, 0.23068957072824264]"
single_block,0.5,1,30,30,1,guarded,scripted_non_learned_reference,False,,False,False,0.0,0.0,0.0,0,0,5.5342999985441566,"[-0.08204768545245543, -0.5382347893074101, -0.06827004702414799, -1.8856598054553353, -0.09856819321461333, 1.741675546961766, 0.23068957072824264]","[-0.08204768545245543, -0.5382347893074101, -0.06827004702414799, -1.8856598054553353, -0.09856819321461333, 1.741675546961766, 0.23068957072824264]","[-0.08477982713514466, -0.5311952444967794, -0.07053643454813721, -1.873483219565382, -0.10185667238006717, 1.7480856029029943, 0.21333168559899754]"
single_block,0.5,1,31,31,1,guarded,scripted_non_learned_reference,False,,False,False,0.0,0.0,0.0,0,0,6.081699997594114,"[-0.08477982713514466, -0.5311952444967794, -0.07053643454813721, -1.873483219565382, -0.10185667238006717, 1.7480856029029943, 0.21333168559899754]","[-0.08477982713514466, -0.5311952444967794, -0.07053643454813721, -1.873483219565382, -0.10185667238006717, 1.7480856029029943, 0.21333168559899754]","[-0.08751599575642016, -0.5241396589653358, -0.07280765075740302, -1.8612973688913066, -0.10515246674793771, 1.7545103880341977, 0.19590777809979218]"
single_block,0.5,1,32,32,1,guarded,scripted_non_learned_reference,False,,False,False,0.0,0.0,0.0,0,0,6.091800001740921,"[-0.08751599575642016, -0.5241396589653358, -0.07280765075740302, -1.8612973688913066, -0.10515246674793771, 1.7545103880341977, 0.19590777809979218]","[-0.08751599575642016, -0.5241396589653358, -0.07280765075740302, -1.8612973688913066, -0.10515246674793771, 1.7545103880341977, 0.19590777809979218]","[-0.090256912044277, -0.5170677909466069, -0.07508760705649825, -1.8491110823789438, -0.10845164442716276, 1.7609442682874066, 0.17845796524767346]"
single_block,0.5,1,33,33,1,guarded,scripted_non_learned_reference,False,,False,False,0.0,0.0,0.0,0,0,5.276500000036322,"[-0.090256912044277, -0.5170677909466069, -0.07508760705649825, -1.8491110823789438, -0.10845164442716276, 1.7609442682874066, 0.17845796524767346]","[-0.090256912044277, -0.5170677909466069, -0.07508760705649825, -1.8491110823789438, -0.10845164442716276, 1.7609442682874066, 0.17845796524767346]","[-0.09299781797461927, -0.5100005842884036, -0.07737253230110445, -1.8369563192148044, -0.11174235911023876, 1.7673481090584109, 0.16110608016674968]"
single_block,0.5,1,34,34,1,guarded,scripted_non_learned_reference,False,,False,False,0.0,0.0,0.0,0,0,6.587200005014893,"[-0.09299781797461927, -0.5100005842884036, -0.07737253230110445, -1.8369563192148044, -0.11174235911023876, 1.7673481090584109, 0.16110608016674968]","[-0.09299781797461927, -0.5100005842884036, -0.07737253230110445, -1.8369563192148044, -0.11174235911023876, 1.7673481090584109, 0.16110608016674968]","[-0.09574083165222008, -0.5029202318109105, -0.07965836339039033, -1.824796711536473, -0.11504003904537101, 1.7737599630712282, 0.14368929985175152]"
single_block,0.5,1,35,35,1,guarded,scripted_non_learned_reference,False,,False,False,0.0,0.0,0.0,0,0,6.319900006928947,"[-0.09574083165222008, -0.5029202318109105, -0.07965836339039033, -1.824796711536473, -0.11504003904537101, 1.7737599630712282, 0.14368929985175152]","[-0.09574083165222008, -0.5029202318109105, -0.07965836339039033, -1.824796711536473, -0.11504003904537101, 1.7737599630712282, 0.14368929985175152]","[-0.09848040347152792, -0.4958453941968693, -0.0819406475451686, -1.8126471906653514, -0.11833124953937713, 1.7801610434815163, 0.12633176479711963]"
single_block,0.5,1,36,36,1,guarded,scripted_non_learned_reference,False,,False,False,0.0,0.0,0.0,0,0,5.411300000560004,"[-0.09848040347152792, -0.4958453941968693, -0.0819406475451686, -1.8126471906653514, -0.11833124953937713, 1.7801610434815163, 0.12633176479711963]","[-0.09848040347152792, -0.4958453941968693, -0.0819406475451686, -1.8126471906653514, -0.11833124953937713, 1.7801610434815163, 0.12633176479711963]","[-0.10121966428331168, -0.48876521647974774, -0.08421912476474669, -1.800479980405392, -0.12162839983093843, 1.7865794844683935, 0.10890803890475027]"
single_block,0.5,1,37,37,1,guarded,scripted_non_learned_reference,False,,False,False,0.0,0.0,0.0,0,0,5.869599997822661,"[-0.10121966428331168, -0.48876521647974774, -0.08421912476474669, -1.800479980405392, -0.12162839983093843, 1.7865794844683935, 0.10890803890475027]","[-0.10121966428331168, -0.48876521647974774, -0.08421912476474669, -1.800479980405392, -0.12162839983093843, 1.7865794844683935, 0.10890803890475027]","[-0.10395880702621331, -0.4816868111620712, -0.08649621257489969, -1.7882988607858643, -0.12492731508262744, 1.7930114306660105, 0.0914582024481913]"
single_block,0.5,1,38,38,1,guarded,scripted_non_learned_reference,False,,False,False,0.0,0.0,0.0,0,0,6.826900003943592,"[-0.10395880702621331, -0.4816868111620712, -0.08649621257489969, -1.7882988607858643, -0.12492731508262744, 1.7930114306660105, 0.0914582024481913]","[-0.10395880702621331, -0.4816868111620712, -0.08649621257489969, -1.7882988607858643, -0.12492731508262744, 1.7930114306660105, 0.0914582024481913]","[-0.10669527826885948, -0.4746301201608517, -0.08877213765427457, -1.7761366239409406, -0.12821668874649791, 1.7994175399907648, 0.07410615298884603]"
single_block,0.5,1,39,39,1,guarded,scripted_non_learned_reference,False,,False,False,0.0,0.0,0.0,0,0,5.445700000564102,"[-0.10669527826885948, -0.4746301201608517, -0.08877213765427457, -1.7761366239409406, -0.12821668874649791, 1.7994175399907648, 0.07410615298884603]","[-0.10669527826885948, -0.4746301201608517, -0.08877213765427457, -1.7761366239409406, -0.12821668874649791, 1.7994175399907648, 0.07410615298884603]","[-0.10943409288595199, -0.4675697223614118, -0.09104900593304259, -1.7639615068863705, -0.13151284830714674, 1.8058345326158, 0.0566891756232363]"
single_block,0.5,1,40,40,1,guarded,scripted_non_learned_reference,False,,False,False,0.0,0.0,0.0,0,0,6.202700002177153,"[-0.10943409288595199, -0.4675697223614118, -0.09104900593304259, -1.7639615068863705, -0.13151284830714674, 1.8058345326158, 0.0566891756232363]","[-0.10943409288595199, -0.4675697223614118, -0.09104900593304259, -1.7639615068863705, -0.13151284830714674, 1.8058345326158, 0.0566891756232363]","[-0.11217207445371417, -0.46051445456148565, -0.09332711448378667, -1.7517972751648778, -0.13480327022368255, 1.8122405928190317, 0.0393315371698377]"
single_block,0.5,1,41,41,1,guarded,scripted_non_learned_reference,False,,False,False,0.0,0.0,0.0,0,0,7.2146000020438805,"[-0.11217207445371417, -0.46051445456148565, -0.09332711448378667, -1.7517972751648778, -0.13480327022368255, 1.8122405928190317, 0.0393315371698377]","[-0.11217207445371417, -0.46051445456148565, -0.09332711448378667, -1.7517972751648778, -0.13480327022368255, 1.8122405928190317, 0.0393315371698377]","[-0.11491251834737042, -0.4534462938511005, -0.09560711811015564, -1.7396208846965282, -0.13810048255266955, 1.8186621389934952, 0.02190781793746902]"
single_block,0.5,1,42,42,1,guarded,scripted_non_learned_reference,False,,False,False,0.0,0.0,0.0,0,0,5.620600000838749,"[-0.11491251834737042, -0.4534462938511005, -0.09560711811015564, -1.7396208846965282, -0.13810048255266955, 1.8186621389934952, 0.02190781793746902]","[-0.11491251834737042, -0.4534462938511005, -0.09560711811015564, -1.7396208846965282, -0.13810048255266955, 1.8186621389934952, 0.02190781793746902]","[-0.1176544443608477, -0.44636953572029325, -0.09788931959578473, -1.7274387746352617, -0.14140010141569326, 1.8250944078355311, 0.004458075864537601]"
single_block,0.5,1,43,43,1,guarded,scripted_non_learned_reference,False,,False,False,0.0,0.0,0.0,0,0,6.220600000233389,"[-0.1176544443608477, -0.44636953572029325, -0.09788931959578473, -1.7274387746352617, -0.14140010141569326, 1.8250944078355311, 0.004458075864537601]","[-0.1176544443608477, -0.44636953572029325, -0.09788931959578473, -1.7274387746352617, -0.14140010141569326, 1.8250944078355311, 0.004458075864537601]","[-0.12039341903305589, -0.43930557356880073, -0.10017018696559703, -1.7152824987260307, -0.14469026076116875, 1.8314983210866982, -0.012893863667365684]"
single_block,0.5,1,44,44,1,guarded,scripted_non_learned_reference,False,,False,False,0.0,0.0,0.0,0,0,5.663699994329363,"[-0.12039341903305589, -0.43930557356880073, -0.10017018696559703, -1.7152824987260307, -0.14469026076116875, 1.8314983210866982, -0.012893863667365684]","[-0.12039341903305589, -0.43930557356880073, -0.10017018696559703, -1.7152824987260307, -0.14469026076116875, 1.8314983210866982, -0.012893863667365684]","[-0.12313326663036117, -0.4322329285829673, -0.10244972660147261, -1.703116045840554, -0.14798687377178063, 1.8379125106589136, -0.030310786695734733]"
single_block,0.5,1,45,45,1,guarded,scripted_non_learned_reference,False,,False,False,0.0,0.0,0.0,0,0,5.468800001835916,"[-0.12313326663036117, -0.4322329285829673, -0.10244972660147261, -1.703116045840554, -0.14798687377178063, 1.8379125106589136, -0.030310786695734733]","[-0.12313326663036117, -0.4322329285829673, -0.10244972660147261, -1.703116045840554, -0.14798687377178063, 1.8379125106589136, -0.030310786695734733]","[-0.1258705434067212, -0.4251667621029597, -0.10472715274313096, -1.6909598333849105, -0.15127733009533006, 1.844316057492849, -0.047668428889226136]"
single_block,0.5,1,46,46,1,guarded,scripted_non_learned_reference,False,,False,False,0.0,0.0,0.0,0,0,5.658000001858454,"[-0.1258705434067212, -0.4251667621029597, -0.10472715274313096, -1.6909598333849105, -0.15127733009533006, 1.844316057492849, -0.047668428889226136]","[-0.1258705434067212, -0.4251667621029597, -0.10472715274313096, -1.6909598333849105, -0.15127733009533006, 1.844316057492849, -0.047668428889226136]","[-0.12860921581165222, -0.418092361781337, -0.10700434262164339, -1.6787877472281203, -0.15457422407384153, 1.8507363402701804, -0.06509220061939906]"
single_block,0.5,1,47,47,1,guarded,scripted_non_learned_reference,False,,False,False,0.0,0.0,0.0,0,0,5.7483999989926815,"[-0.12860921581165222, -0.418092361781337, -0.10700434262164339, -1.6787877472281203, -0.15457422407384153, 1.8507363402701804, -0.06509220061939906]","[-0.12860921581165222, -0.418092361781337, -0.10700434262164339, -1.6787877472281203, -0.15457422407384153, 1.8507363402701804, -0.06509220061939906]","[-0.13134931366923572, -0.41101552337364355, -0.10928328183337685, -1.666605799911371, -0.157873432686987, 1.8571686226781488, -0.08254200115080414]"
single_block,0.5,1,48,48,1,guarded,scripted_non_learned_reference,False,,False,False,0.0,0.0,0.0,0,0,5.968100005702581,"[-0.13134931366923572, -0.41101552337364355, -0.10928328183337685, -1.666605799911371, -0.157873432686987, 1.8571686226781488, -0.08254200115080414]","[-0.13134931366923572, -0.41101552337364355, -0.10928328183337685, -1.666605799911371, -0.157873432686987, 1.8571686226781488, -0.08254200115080414]","[-0.13408735628478446, -0.4039564383203935, -0.1115620555679308, -1.654446387842875, -0.16116328691497842, 1.8635734210111516, -0.09989397595104164]"
single_block,0.5,1,49,49,1,guarded,scripted_non_learned_reference,False,,False,False,0.0,0.0,0.0,0,0,5.868799999007024,"[-0.13408735628478446, -0.4039564383203935, -0.1115620555679308, -1.654446387842875, -0.16116328691497842, 1.8635734210111516, -0.09989397595104164]","[-0.13408735628478446, -0.4039564383203935, -0.1115620555679308, -1.654446387842875, -0.16116328691497842, 1.8635734210111516, -0.09989397595104164]","[-0.13682746072154708, -0.39689067494658387, -0.11384167723614136, -1.6422744869228647, -0.16445980413366476, 1.8699894216086794, -0.11731091124792348]"
single_block,0.5,1,50,50,1,guarded,scripted_non_learned_reference,False,,False,False,0.0,0.0,0.0,0,0,5.552499998884741,"[-0.13682746072154708, -0.39689067494658387, -0.11384167723614136, -1.6422744869228647, -0.16445980413366476, 1.8699894216086794, -0.11731091124792348]","[-0.13682746072154708, -0.39689067494658387, -0.11384167723614136, -1.6422744869228647, -0.16445980413366476, 1.8699894216086794, -0.11731091124792348]","[-0.13956586072072275, -0.3898308055716597, -0.11612068700607882, -1.630113805072597, -0.1677504277192677, 1.8763944272449025, -0.1346685248521804]"
single_block,0.5,1,51,51,1,guarded,scripted_non_learned_reference,False,,False,False,0.0,0.0,0.0,0,0,5.6468999973731115,"[-0.13956586072072275, -0.3898308055716597, -0.11612068700607882, -1.630113805072597, -0.1677504277192677, 1.8763944272449025, -0.1346685248521804]","[-0.13956586072072275, -0.3898308055716597, -0.11612068700607882, -1.630113805072597, -0.1677504277192677, 1.8763944272449025, -0.1346685248521804]","[-0.1423058707680071, -0.3827598927658763, -0.1184001124107774, -1.6179390774236222, -0.17104758080074758, 1.8828155748958106, -0.15209225781181476]"
single_block,0.5,1,52,52,1,guarded,scripted_non_learned_reference,False,,False,False,0.0,0.0,0.0,0,0,6.585600000107661,"[-0.1423058707680071, -0.3827598927658763, -0.1184001124107774, -1.6179390774236222, -0.17104758080074758, 1.8828155748958106, -0.15209225781181476]","[-0.1423058707680071, -0.3827598927658763, -0.1184001124107774, -1.6179390774236222, -0.17104758080074758, 1.8828155748958106, -0.15209225781181476]","[-0.14504687655553727, -0.37568320485157364, -0.12068073374548102, -1.605757275186179, -0.1743470351331134, 1.8892477747408525, -0.16954201965579924]"
single_block,0.5,1,53,53,1,guarded,scripted_non_learned_reference,False,,False,False,0.0,0.0,0.0,0,0,6.405899999663234,"[-0.14504687655553727, -0.37568320485157364, -0.12068073374548102, -1.605757275186179, -0.1743470351331134, 1.8892477747408525, -0.16954201965579924]","[-0.14504687655553727, -0.37568320485157364, -0.12068073374548102, -1.605757275186179, -0.1743470351331134, 1.8892477747408525, -0.16954201965579924]","[-0.14778499518147073, -0.36862148765290736, -0.1229597156248016, -1.5936001909409279, -0.17763695759577366, 1.8956516290985443, -0.1868939794345374]"
single_block,0.5,1,54,54,1,guarded,scripted_non_learned_reference,False,,False,False,0.0,0.0,0.0,0,0,5.484699999215081,"[-0.14778499518147073, -0.36862148765290736, -0.1229597156248016, -1.5936001909409279, -0.17763695759577366, 1.8956516290985443, -0.1868939794345374]","[-0.14778499518147073, -0.36862148765290736, -0.1229597156248016, -1.5936001909409279, -0.17763695759577366, 1.8956516290985443, -0.1868939794345374]","[-0.15052448668441126, -0.36155132462063455, -0.12523856860219965, -1.581430932262822, -0.1809333787306433, 1.9020669098641274, -0.20431093664823174]"
single_block,0.5,1,55,55,1,guarded,scripted_non_learned_reference,False,,False,False,0.0,0.0,0.0,0,0,6.0248000008868985,"[-0.15052448668441126, -0.36155132462063455, -0.12523856860219965, -1.581430932262822, -0.1809333787306433, 1.9020669098641274, -0.20431093664823174]","[-0.15052448668441126, -0.36155132462063455, -0.12523856860219965, -1.581430932262822, -0.1809333787306433, 1.9020669098641274, -0.20431093664823174]","[-0.15326199430278858, -0.3544877173300661, -0.12751619531343872, -1.5692729098054656, -0.18422387018168107, 1.9084711723577397, -0.22166857581325486]"
single_block,0.5,1,56,56,1,guarded,scripted_non_learned_reference,False,,False,False,0.0,0.0,0.0,0,0,6.002599999192171,"[-0.15326199430278858, -0.3544877173300661, -0.12751619531343872, -1.5692729098054656, -0.18422387018168107, 1.9084711723577397, -0.22166857581325486]","[-0.15326199430278858, -0.3544877173300661, -0.12751619531343872, -1.5692729098054656, -0.18422387018168107, 1.9084711723577397, -0.22166857581325486]","[-0.1560012702851458, -0.34741458069906767, -0.12979452148643053, -1.5570995364637281, -0.18752089689664142, 1.9148919887575955, -0.23909233439359293]"
single_block,0.5,1,57,57,1,guarded,scripted_non_learned_reference,False,,False,False,0.0,0.0,0.0,0,0,6.437699994421564,"[-0.1560012702851458, -0.34741458069906767, -0.12979452148643053, -1.5570995364637281, -0.18752089689664142, 1.9148919887575955, -0.23909233439359293]","[-0.1560012702851458, -0.34741458069906767, -0.12979452148643053, -1.5570995364637281, -0.18752089689664142, 1.9148919887575955, -0.23909233439359293]","[-0.15874195450805453, -0.3403378370369571, -0.13207465915569436, -1.544917972880464, -0.1908203117141403, 1.9213240977972774, -0.25654210195920535]"
single_block,0.5,1,58,58,1,guarded,scripted_non_learned_reference,False,,False,False,0.0,0.0,0.0,0,0,7.339999996474944,"[-0.15874195450805453, -0.3403378370369571, -0.13207465915569436, -1.544917972880464, -0.1908203117141403, 1.9213240977972774, -0.25654210195920535]","[-0.15874195450805453, -0.3403378370369571, -0.13207465915569436, -1.544917972880464, -0.1908203117141403, 1.9213240977972774, -0.25654210195920535]","[-0.16148019362955385, -0.3332778049417343, -0.13435366959506584, -1.5327601037855425, -0.1941102322536549, 1.9277279897133053, -0.2738940540750472]"
single_block,0.5,1,59,59,1,guarded,scripted_non_learned_reference,False,,False,False,0.0,0.0,0.0,0,0,6.317699997453019,"[-0.16148019362955385, -0.3332778049417343, -0.13435366959506584, -1.5327601037855425, -0.1941102322536549, 1.9277279897133053, -0.2738940540750472]","[-0.16148019362955385, -0.3332778049417343, -0.13435366959506584, -1.5327601037855425, -0.1941102322536549, 1.9277279897133053, -0.2738940540750472]","[-0.16422016987347804, -0.3262098946425897, -0.13663327942644055, -1.520588806335269, -0.19740669646994563, 1.9341439972118233, -0.2913110059772114]"
single_block,0.5,1,60,60,1,guarded,scripted_non_learned_reference,False,,False,False,0.0,0.0,0.0,0,0,5.611599997791927,"[-0.16422016987347804, -0.3262098946425897, -0.13663327942644055, -1.520588806335269, -0.19740669646994563, 1.9341439972118233, -0.2913110059772114]","[-0.16422016987347804, -0.3262098946425897, -0.13663327942644055, -1.520588806335269, -0.19740669646994563, 1.9341439972118233, -0.2913110059772114]","[-0.16695822235908486, -0.31914865488987226, -0.1389116716504573, -1.5084292146220781, -0.2006972789888483, 1.9405487921529767, -0.3086686278197012]"
single_block,0.5,1,61,61,1,guarded,scripted_non_learned_reference,False,,False,False,0.0,0.0,0.0,0,0,5.612799999653362,"[-0.16695822235908486, -0.31914865488987226, -0.1389116716504573, -1.5084292146220781, -0.2006972789888483, 1.9405487921529767, -0.3086686278197012]","[-0.16695822235908486, -0.31914865488987226, -0.1389116716504573, -1.5084292146220781, -0.2006972789888483, 1.9405487921529767, -0.3086686278197012]","[-0.1696979163997671, -0.3120769808649227, -0.14119068419196454, -1.4962546674981094, -0.20399437783819405, 1.9469700486574522, -0.32609237466666813]"
single_block,0.5,1,62,62,1,guarded,scripted_non_learned_reference,False,,False,False,0.0,0.0,0.0,0,0,6.237199995666742,"[-0.1696979163997671, -0.3120769808649227, -0.14119068419196454, -1.4962546674981094, -0.20399437783819405, 1.9469700486574522, -0.32609237466666813]","[-0.1696979163997671, -0.3120769808649227, -0.14119068419196454, -1.4962546674981094, -0.20399437783819405, 1.9469700486574522, -0.32609237466666813]","[-0.17243872785700312, -0.30500065272172266, -0.1434710911987414, -1.4840730479546551, -0.20729384593580585, 1.9534021686286274, -0.3435421300941451]"
single_block,0.5,1,63,63,1,guarded,scripted_non_learned_reference,False,,False,False,0.0,0.0,0.0,0,0,5.326400001649745,"[-0.17243872785700312, -0.30500065272172266, -0.1434710911987414, -1.4840730479546551, -0.20729384593580585, 1.9534021686286274, -0.3435421300941451]","[-0.17243872785700312, -0.30500065272172266, -0.1434710911987414, -1.4840730479546551, -0.20729384593580585, 1.9534021686286274, -0.3435421300941451]","[-0.17517675269850003, -0.29793995597280815, -0.14574970546421925, -1.471915978763275, -0.21058372572383133, 1.95980563344612, -0.3608940820093144]"
single_block,0.5,1,64,64,1,guarded,scripted_non_learned_reference,False,,False,False,0.0,0.0,0.0,0,0,6.69499999639811,"[-0.17517675269850003, -0.29793995597280815, -0.14574970546421925, -1.471915978763275, -0.21058372572383133, 1.95980563344612, -0.3608940820093144]","[-0.17517675269850003, -0.29793995597280815, -0.14574970546421925, -1.471915978763275, -0.21058372572383133, 1.95980563344612, -0.3608940820093144]","[-0.1779163925493858, -0.2908703703454025, -0.1480288987162782, -1.4597453390094728, -0.2138801220624555, 1.9662215829218141, -0.37831105100904655]"
single_block,0.5,1,65,65,1,guarded,scripted_non_learned_reference,False,,False,False,0.0,0.0,0.0,0,0,6.605900001886766,"[-0.1779163925493858, -0.2908703703454025, -0.1480288987162782, -1.4597453390094728, -0.2138801220624555, 1.9662215829218141, -0.37831105100904655]","[-0.1779163925493858, -0.2908703703454025, -0.1480288987162782, -1.4597453390094728, -0.2138801220624555, 1.9662215829218141, -0.37831105100904655]","[-0.180654114055349, -0.2838076729820766, -0.15030679819065268, -1.4475868104374137, -0.21717066727284637, 1.9726260945061964, -0.3956686815670992]"
single_block,0.5,1,66,66,1,guarded,scripted_non_learned_reference,False,,False,False,0.0,0.0,0.0,0,0,9.693199994217139,"[-0.180654114055349, -0.2838076729820766, -0.15030679819065268, -1.4475868104374137, -0.21717066727284637, 1.9726260945061964, -0.3956686815670992]","[-0.180654114055349, -0.2838076729820766, -0.15030679819065268, -1.4475868104374137, -0.21717066727284637, 1.9726260945061964, -0.3956686815670992]","[-0.1833936535258812, -0.27673491278494466, -0.1525856767613728, -1.4354128501746461, -0.2204677549296139, 1.9790472227994476, -0.4130924348670988]"
single_block,0.5,1,67,67,1,guarded,scripted_non_learned_reference,False,,False,False,0.0,0.0,0.0,0,0,6.495900001027621,"[-0.1833936535258812, -0.27673491278494466, -0.1525856767613728, -1.4354128501746461, -0.2204677549296139, 1.9790472227994476, -0.4130924348670988]","[-0.1833936535258812, -0.27673491278494466, -0.1525856767613728, -1.4354128501746461, -0.2204677549296139, 1.9790472227994476, -0.4130924348670988]","[-0.18613447312323175, -0.26965834230472313, -0.15486619753971684, -1.4232316476402267, -0.2237672581037431, 1.985479154581635, -0.4305421834611956]"
single_block,0.5,1,68,68,1,guarded,scripted_non_learned_reference,False,,False,False,0.0,0.0,0.0,0,0,7.782799999404233,"[-0.18613447312323175, -0.26965834230472313, -0.15486619753971684, -1.4232316476402267, -0.2237672581037431, 1.985479154581635, -0.4305421834611956]","[-0.18613447312323175, -0.26965834230472313, -0.15486619753971684, -1.4232316476402267, -0.2237672581037431, 1.985479154581635, -0.4305421834611956]","[-0.18887256142629796, -0.2625980959109842, -0.15714483267613422, -1.4110745880006605, -0.2270571334128682, 1.9918824057468885, -0.4478941288511451]"
single_block,0.5,1,69,69,1,guarded,scripted_non_learned_reference,False,,False,False,0.0,0.0,0.0,0,0,8.270699996501207,"[-0.18887256142629796, -0.2625980959109842, -0.15714483267613422, -1.4110745880006605, -0.2270571334128682, 1.9918824057468885, -0.4478941288511451]","[-0.18887256142629796, -0.2625980959109842, -0.15714483267613422, -1.4110745880006605, -0.2270571334128682, 1.9918824057468885, -0.4478941288511451]","[-0.1916123771102003, -0.2555291242891883, -0.15942434047515322, -1.3989030614642601, -0.23035353627933594, 1.9982987660441778, -0.4653110995563475]"
single_block,0.5,1,70,70,1,guarded,scripted_non_learned_reference,False,,False,False,0.0,0.0,0.0,0,0,6.1637000035261735,"[-0.1916123771102003, -0.2555291242891883, -0.15942434047515322, -1.3989030614642601, -0.23035353627933594, 1.9982987660441778, -0.4653110995563475]","[-0.1916123771102003, -0.2555291242891883, -0.15942434047515322, -1.3989030614642601, -0.23035353627933594, 1.9982987660441778, -0.4653110995563475]","[-0.1943502345578617, -0.2484674118509007, -0.16170239681567516, -1.3867439465429916, -0.23364410264245022, 2.0047035039008945, -0.4826687238331476]"
single_block,0.5,1,71,71,1,guarded,scripted_non_learned_reference,False,,False,False,0.0,0.0,0.0,0,0,7.157300002290867,"[-0.1943502345578617, -0.2484674118509007, -0.16170239681567516, -1.3867439465429916, -0.23364410264245022, 2.0047035039008945, -0.4826687238331476]","[-0.1943502345578617, -0.2484674118509007, -0.16170239681567516, -1.3867439465429916, -0.23364410264245022, 2.0047035039008945, -0.4826687238331476]","[-0.197089909080911, -0.241395387353145, -0.16398151822150805, -1.3745693384068114, -0.23694121088742118, 2.0111249139549026, -0.5000924732737283]"
single_block,0.5,1,72,72,1,guarded,scripted_non_learned_reference,False,,False,False,0.0,0.0,0.0,0,0,6.124899999122135,"[-0.197089909080911, -0.241395387353145, -0.16398151822150805, -1.3745693384068114, -0.23694121088742118, 2.0111249139549026, -0.5000924732737283]","[-0.197089909080911, -0.241395387353145, -0.16398151822150805, -1.3745693384068114, -0.23694121088742118, 2.0111249139549026, -0.5000924732737283]","[-0.19983077913850167, -0.23431930676421933, -0.1662621816810989, -1.3623880499676648, -0.24024074528534262, 2.017556847298467, -0.5175422124548056]"
single_block,0.5,1,73,73,1,guarded,scripted_non_learned_reference,False,,False,False,0.0,0.0,0.0,0,0,7.020400000328664,"[-0.19983077913850167, -0.23431930676421933, -0.1662621816810989, -1.3623880499676648, -0.24024074528534262, 2.017556847298467, -0.5175422124548056]","[-0.19983077913850167, -0.23431930676421933, -0.1662621816810989, -1.3623880499676648, -0.24024074528534262, 2.017556847298467, -0.5175422124548056]","[-0.20330719128560418, -0.23052153266880515, -0.16442906644642447, -1.3558208250310195, -0.24464584849793913, 2.0224483894642558, -0.5279992011418573]"
single_block,0.5,1,74,74,1,guarded,scripted_non_learned_reference,False,,False,False,0.0,0.0,0.0,0,0,6.474499998148531,"[-0.20330719128560418, -0.23052153266880515, -0.16442906644642447, -1.3558208250310195, -0.24464584849793913, 2.0224483894642558, -0.5279992011418573]","[-0.20330719128560418, -0.23052153266880515, -0.16442906644642447, -1.3558208250310195, -0.24464584849793913, 2.0224483894642558, -0.5279992011418573]","[-0.20464527039199665, -0.22994765428485858, -0.15580010331711663, -1.354633386659854, -0.2493797765125955, 2.0243518652629797, -0.5318238930987115]"
single_block,0.5,1,75,75,1,guarded,scripted_non_learned_reference,False,,False,False,0.0,0.0,0.0,0,0,5.762799999502022,"[-0.20464527039199665, -0.22994765428485858, -0.15580010331711663, -1.354633386659854, -0.2493797765125955, 2.0243518652629797, -0.5318238930987115]","[-0.20464527039199665, -0.22994765428485858, -0.15580010331711663, -1.354633386659854, -0.2493797765125955, 2.0243518652629797, -0.5318238930987115]","[-0.20187335424722408, -0.22982105829439387, -0.14022171140790757, -1.3547345949967295, -0.2534763397199894, 2.0252495265819817, -0.5335355790420797]"
single_block,0.5,1,76,76,1,guarded,scripted_non_learned_reference,False,,False,False,0.0,0.0,0.0,0,0,6.723400001646951,"[-0.20187335424722408, -0.22982105829439387, -0.14022171140790757, -1.3547345949967295, -0.2534763397199894, 2.0252495265819817, -0.5335355790420797]","[-0.20187335424722408, -0.22982105829439387, -0.14022171140790757, -1.3547345949967295, -0.2534763397199894, 2.0252495265819817, -0.5335355790420797]","[-0.19618944873079444, -0.22836903517159693, -0.12022604097040553, -1.3540176767810492, -0.2570259083400915, 2.0274654934909098, -0.536028032253552]"
single_block,0.5,1,77,77,1,guarded,scripted_non_learned_reference,False,,False,False,0.0,0.0,0.0,0,0,5.916999994951766,"[-0.19618944873079444, -0.22836903517159693, -0.12022604097040553, -1.3540176767810492, -0.2570259083400915, 2.0274654934909098, -0.536028032253552]","[-0.19618944873079444, -0.22836903517159693, -0.12022604097040553, -1.3540176767810492, -0.2570259083400915, 2.0274654934909098, -0.536028032253552]","[-0.18982938167341296, -0.22590417857257786, -0.09919932212041707, -1.353210180009079, -0.26047450956227586, 2.0305182719877624, -0.5390008729535516]"
single_block,0.5,1,78,78,1,guarded,scripted_non_learned_reference,False,,False,False,0.0,0.0,0.0,0,0,6.955999997444451,"[-0.18982938167341296, -0.22590417857257786, -0.09919932212041707, -1.353210180009079, -0.26047450956227586, 2.0305182719877624, -0.5390008729535516]","[-0.18982938167341296, -0.22590417857257786, -0.09919932212041707, -1.353210180009079, -0.26047450956227586, 2.0305182719877624, -0.5390008729535516]","[-0.1849742996068475, -0.22318187545624119, -0.0805780412910196, -1.3529732994505514, -0.2641752249495684, 2.0331702381566767, -0.5419604293056696]"
single_block,0.5,1,79,79,1,guarded,scripted_non_learned_reference,False,,False,False,0.0,0.0,0.0,0,0,6.508200000098441,"[-0.1849742996068475, -0.22318187545624119, -0.0805780412910196, -1.3529732994505514, -0.2641752249495684, 2.0331702381566767, -0.5419604293056696]","[-0.1849742996068475, -0.22318187545624119, -0.0805780412910196, -1.3529732994505514, -0.2641752249495684, 2.0331702381566767, -0.5419604293056696]","[-0.18242438619829754, -0.2206014149078803, -0.06556032808699885, -1.353083623085199, -0.2682739693055032, 2.0351132024571577, -0.5448018224009281]"
single_block,0.5,1,80,80,1,guarded,scripted_non_learned_reference,False,,False,False,0.0,0.0,0.0,0,0,5.8609999978216365,"[-0.18242438619829754, -0.2206014149078803, -0.06556032808699885, -1.353083623085199, -0.2682739693055032, 2.0351132024571577, -0.5448018224009281]","[-0.18242438619829754, -0.2206014149078803, -0.06556032808699885, -1.353083623085199, -0.2682739693055032, 2.0351132024571577, -0.5448018224009281]","[-0.18176063321529734, -0.21841645320659456, -0.05348929798304279, -1.353052431338661, -0.2726860132246925, 2.0366752834970865, -0.5475516940212086]"
single_block,0.5,1,81,81,1,guarded,scripted_non_learned_reference,False,,False,False,0.0,0.0,0.0,0,0,7.42020000325283,"[-0.18176063321529734, -0.21841645320659456, -0.05348929798304279, -1.353052431338661, -0.2726860132246925, 2.0366752834970865, -0.5475516940212086]","[-0.18176063321529734, -0.21841645320659456, -0.05348929798304279, -1.353052431338661, -0.2726860132246925, 2.0366752834970865, -0.5475516940212086]","[-0.18185240355681623, -0.2167305177698678, -0.042560801183061665, -1.352619809251457, -0.2772356764748058, 2.038270909157627, -0.5502945481085031]"
single_block,0.5,1,82,82,1,guarded,scripted_non_learned_reference,False,,False,False,0.0,0.0,0.0,0,0,6.3412000017706305,"[-0.18185240355681623, -0.2167305177698678, -0.042560801183061665, -1.352619809251457, -0.2772356764748058, 2.038270909157627, -0.5502945481085031]","[-0.18185240355681623, -0.2167305177698678, -0.042560801183061665, -1.352619809251457, -0.2772356764748058, 2.038270909157627, -0.5502945481085031]","[-0.18150743379854364, -0.21553137033058206, -0.03094003083160615, -1.3517638733802766, -0.2817174002176753, 2.040106669629885, -0.5530536518318172]"
single_block,0.5,1,83,83,1,guarded,scripted_non_learned_reference,False,,False,False,0.0,0.0,0.0,0,0,6.036899998434819,"[-0.18150743379854364, -0.21553137033058206, -0.03094003083160615, -1.3517638733802766, -0.2817174002176753, 2.040106669629885, -0.5530536518318172]","[-0.18150743379854364, -0.21553137033058206, -0.03094003083160615, -1.3517638733802766, -0.2817174002176753, 2.040106669629885, -0.5530536518318172]","[-0.1799070934438975, -0.21463905826297627, -0.017395335512563028, -1.3506383244514488, -0.2859747621857286, 2.0422515409970394, -0.5558282601270387]"
single_block,0.5,1,84,84,1,guarded,scripted_non_learned_reference,False,,False,False,0.0,0.0,0.0,0,0,6.903299996338319,"[-0.1799070934438975, -0.21463905826297627, -0.017395335512563028, -1.3506383244514488, -0.2859747621857286, 2.0422515409970394, -0.5558282601270387]","[-0.1799070934438975, -0.21463905826297627, -0.017395335512563028, -1.3506383244514488, -0.2859747621857286, 2.0422515409970394, -0.5558282601270387]","[-0.17709283504522916, -0.21382171727954935, -0.0019542067068304895, -1.3494443434539778, -0.2900384051210463, 2.044644224960667, -0.5586444019602002]"
single_block,0.5,1,85,85,1,guarded,scripted_non_learned_reference,False,,False,False,0.0,0.0,0.0,0,0,6.263000002945773,"[-0.17709283504522916, -0.21382171727954935, -0.0019542067068304895, -1.3494443434539778, -0.2900384051210463, 2.044644224960667, -0.5586444019602002]","[-0.17709283504522916, -0.21382171727954935, -0.0019542067068304895, -1.3494443434539778, -0.2900384051210463, 2.044644224960667, -0.5586444019602002]","[-0.17365680538758166, -0.21284371400439928, 0.014429026613056315, -1.3483873771381711, -0.2939865252910516, 2.047113758888257, -0.5614699596066342]"
single_block,0.5,1,86,86,1,guarded,scripted_non_learned_reference,False,,False,False,0.0,0.0,0.0,0,0,6.077300000470132,"[-0.17365680538758166, -0.21284371400439928, 0.014429026613056315, -1.3483873771381711, -0.2939865252910516, 2.047113758888257, -0.5614699596066342]","[-0.17365680538758166, -0.21284371400439928, 0.014429026613056315, -1.3483873771381711, -0.2939865252910516, 2.047113758888257, -0.5614699596066342]","[-0.17029199531673583, -0.21158238449902655, 0.03072238313327054, -1.3475512865942056, -0.2979554649717171, 2.0495096357406744, -0.5643067632461126]"
single_block,0.5,1,87,87,1,guarded,scripted_non_learned_reference,False,,False,False,0.0,0.0,0.0,0,0,6.293700003880076,"[-0.17029199531673583, -0.21158238449902655, 0.03072238313327054, -1.3475512865942056, -0.2979554649717171, 2.0495096357406744, -0.5643067632461126]","[-0.17029199531673583, -0.21158238449902655, 0.03072238313327054, -1.3475512865942056, -0.2979554649717171, 2.0495096357406744, -0.5643067632461126]","[-0.16748289071452624, -0.21001289182506663, 0.0461605653229564, -1.346937111195597, -0.30201790717432553, 2.0517328895456552, -0.5671353928761832]"
single_block,0.5,1,88,88,1,guarded,scripted_non_learned_reference,False,,False,False,0.0,0.0,0.0,0,0,6.549099998665042,"[-0.16748289071452624, -0.21001289182506663, 0.0461605653229564, -1.346937111195597, -0.30201790717432553, 2.0517328895456552, -0.5671353928761832]","[-0.16748289071452624, -0.21001289182506663, 0.0461605653229564, -1.346937111195597, -0.30201790717432553, 2.0517328895456552, -0.5671353928761832]","[-0.16538882819701156, -0.20820420916572557, 0.06047820288163753, -1.3464697715409173, -0.30618502695079197, 2.053757784660202, -0.5699303498147398]"
single_block,0.5,1,89,89,1,guarded,scripted_non_learned_reference,False,,False,False,0.0,0.0,0.0,0,0,5.775500001618639,"[-0.16538882819701156, -0.20820420916572557, 0.06047820288163753, -1.3464697715409173, -0.30618502695079197, 2.053757784660202, -0.5699303498147398]","[-0.16538882819701156, -0.20820420916572557, 0.06047820288163753, -1.3464697715409173, -0.30618502695079197, 2.053757784660202, -0.5699303498147398]","[-0.16380421211667867, -0.20625673316967627, 0.07403326119832547, -1.3460575799587962, -0.3104443865247291, 2.0556671581057047, -0.572722241801504]"
single_block,0.5,1,90,90,1,guarded,scripted_non_learned_reference,False,,False,False,0.0,0.0,0.0,0,0,6.803099997341633,"[-0.16380421211667867, -0.20625673316967627, 0.07403326119832547, -1.3460575799587962, -0.3104443865247291, 2.0556671581057047, -0.572722241801504]","[-0.16380421211667867, -0.20625673316967627, 0.07403326119832547, -1.3460575799587962, -0.3104443865247291, 2.0556671581057047, -0.572722241801504]","[-0.16229551614282475, -0.20431186018866518, 0.08745789824849481, -1.3456197599238355, -0.3147082147480828, 2.057558213298332, -0.5755013966876888]"
single_block,0.5,1,91,91,1,guarded,scripted_non_learned_reference,False,,False,False,0.0,0.0,0.0,0,0,6.089099995733704,"[-0.16229551614282475, -0.20431186018866518, 0.08745789824849481, -1.3456197599238355, -0.3147082147480828, 2.057558213298332, -0.5755013966876888]","[-0.16229551614282475, -0.20431186018866518, 0.08745789824849481, -1.3456197599238355, -0.3147082147480828, 2.057558213298332, -0.5755013966876888]","[-0.16055677188434853, -0.20247370663732353, 0.10125406304924231, -1.3451132361872575, -0.3189444823842719, 2.0595174580983224, -0.578296104871183]"
single_block,0.5,1,92,92,1,guarded,scripted_non_learned_reference,False,,False,False,0.0,0.0,0.0,0,0,6.272599996009376,"[-0.16055677188434853, -0.20247370663732353, 0.10125406304924231, -1.3451132361872575, -0.3189444823842719, 2.0595174580983224, -0.578296104871183]","[-0.16055677188434853, -0.20247370663732353, 0.10125406304924231, -1.3451132361872575, -0.3189444823842719, 2.0595174580983224, -0.578296104871183]","[-0.15843270542236218, -0.20081177751419102, 0.11563962959821752, -1.344513813796423, -0.3231223660902878, 2.0615823791897734, -0.5811041600043714]"
single_block,0.5,1,93,93,1,guarded,scripted_non_learned_reference,False,,False,False,0.0,0.0,0.0,0,0,6.295600003795698,"[-0.15843270542236218, -0.20081177751419102, 0.11563962959821752, -1.344513813796423, -0.3231223660902878, 2.0615823791897734, -0.5811041600043714]","[-0.15843270542236218, -0.20081177751419102, 0.11563962959821752, -1.344513813796423, -0.3231223660902878, 2.0615823791897734, -0.5811041600043714]","[-0.15597159105180955, -0.19934902266598786, 0.13051238852670438, -1.3438195923265304, -0.32723355160747875, 2.0637412998484823, -0.583905049957489]"
single_block,0.5,1,94,94,1,guarded,scripted_non_learned_reference,False,,False,False,0.0,0.0,0.0,0,0,5.686199998308439,"[-0.15597159105180955, -0.19934902266598786, 0.13051238852670438, -1.3438195923265304, -0.32723355160747875, 2.0637412998484823, -0.583905049957489]","[-0.15597159105180955, -0.19934902266598786, 0.13051238852670438, -1.3438195923265304, -0.32723355160747875, 2.0637412998484823, -0.583905049957489]","[-0.15337083741069513, -0.19804810279391857, 0.14561111866043416, -1.343036094587982, -0.3313335967321122, 2.0659659121448306, -0.5867197578277077]"
single_block,0.5,1,95,95,1,guarded,scripted_non_learned_reference,False,,False,False,0.0,0.0,0.0,0,0,6.72429999394808,"[-0.15337083741069513, -0.19804810279391857, 0.14561111866043416, -1.343036094587982, -0.3313335967321122, 2.0659659121448306, -0.5867197578277077]","[-0.15337083741069513, -0.19804810279391857, 0.14561111866043416, -1.343036094587982, -0.3313335967321122, 2.0659659121448306, -0.5867197578277077]","[-0.15084207736138402, -0.1968264448966965, 0.1605780416947324, -1.3422005562553305, -0.3354371064355352, 2.0681950386731893, -0.589523296441162]"
single_block,0.5,1,96,96,1,guarded,scripted_non_learned_reference,False,,False,False,0.0,0.0,0.0,0,0,5.583799997111782,"[-0.15084207736138402, -0.1968264448966965, 0.1605780416947324, -1.3422005562553305, -0.3354371064355352, 2.0681950386731893, -0.589523296441162]","[-0.15084207736138402, -0.1968264448966965, 0.1605780416947324, -1.3422005562553305, -0.3354371064355352, 2.0681950386731893, -0.589523296441162]","[-0.14850667504885612, -0.19558634119263807, 0.17526866482968828, -1.3413511290791198, -0.33958046976003875, 2.0703982739905706, -0.5923326107354238]"
single_block,0.5,1,97,97,1,guarded,scripted_non_learned_reference,False,,False,False,0.0,0.0,0.0,0,0,6.102300001657568,"[-0.14850667504885612, -0.19558634119263807, 0.17526866482968828, -1.3413511290791198, -0.33958046976003875, 2.0703982739905706, -0.5923326107354238]","[-0.14850667504885612, -0.19558634119263807, 0.17526866482968828, -1.3413511290791198, -0.33958046976003875, 2.0703982739905706, -0.5923326107354238]","[-0.14636311498489318, -0.19424306445219017, 0.18967230247158906, -1.3405402358434837, -0.34375616985519053, 2.072553600057673, -0.5951413933903121]"
single_block,0.5,1,98,98,1,guarded,scripted_non_learned_reference,False,,False,False,0.0,0.0,0.0,0,0,6.678899997496046,"[-0.14636311498489318, -0.19424306445219017, 0.18967230247158906, -1.3405402358434837, -0.34375616985519053, 2.072553600057673, -0.5951413933903121]","[-0.14636311498489318, -0.19424306445219017, 0.18967230247158906, -1.3405402358434837, -0.34375616985519053, 2.072553600057673, -0.5951413933903121]","[-0.14432544948632126, -0.19274589214355656, 0.20389955389011585, -1.3398176232606143, -0.347934424434161, 2.074648004754295, -0.597932029946628]"
single_block,0.5,1,99,99,1,guarded,scripted_non_learned_reference,False,,False,False,0.0,0.0,0.0,0,0,5.971999999019317,"[-0.14432544948632126, -0.19274589214355656, 0.20389955389011585, -1.3398176232606143, -0.347934424434161, 2.074648004754295, -0.597932029946628]","[-0.14432544948632126, -0.19274589214355656, 0.20389955389011585, -1.3398176232606143, -0.347934424434161, 2.074648004754295, -0.597932029946628]","[-0.14230599660236168, -0.19109295750458669, 0.21812533387037034, -1.339193471896159, -0.3521233971856843, 2.076708525656682, -0.6007330730284047]"
single_block,0.5,1,100,100,1,guarded,scripted_non_learned_reference,False,,False,False,0.0,0.0,0.0,0,0,5.380100003094412,"[-0.14230599660236168, -0.19109295750458669, 0.21812533387037034, -1.339193471896159, -0.3521233971856843, 2.076708525656682, -0.6007330730284047]","[-0.14230599660236168, -0.19109295750458669, 0.21812533387037034, -1.339193471896159, -0.3521233971856843, 2.076708525656682, -0.6007330730284047]","[-0.1402068877805941, -0.18934566099447347, 0.23246020985887228, -1.3386503194695833, -0.3562897622339317, 2.0787507348421923, -0.6035271070062176]"
single_block,0.5,1,101,101,1,guarded,scripted_non_learned_reference,False,,False,False,0.0,0.0,0.0,0,0,5.374599997594487,"[-0.1402068877805941, -0.18934566099447347, 0.23246020985887228, -1.3386503194695833, -0.3562897622339317, 2.0787507348421923, -0.6035271070062176]","[-0.1402068877805941, -0.18934566099447347, 0.23246020985887228, -1.3386503194695833, -0.3562897622339317, 2.0787507348421923, -0.6035271070062176]","[-0.13801863226789304, -0.18757816827952078, 0.24695114917539057, -1.3381381945765405, -0.36045093987031884, 2.080804337680174, -0.6063342012941467]"
single_block,0.5,1,102,102,1,guarded,scripted_non_learned_reference,False,,False,False,0.0,0.0,0.0,0,0,6.191899999976158,"[-0.13801863226789304, -0.18757816827952078, 0.24695114917539057, -1.3381381945765405, -0.36045093987031884, 2.080804337680174, -0.6063342012941467]","[-0.13801863226789304, -0.18757816827952078, 0.24695114917539057, -1.3381381945765405, -0.36045093987031884, 2.080804337680174, -0.6063342012941467]","[-0.13575542625570078, -0.18586853403111273, 0.2615556749135708, -1.3376028288622557, -0.3646035927108668, 2.082882462184708, -0.6091473192137831]"
single_block,0.5,1,103,103,1,guarded,scripted_non_learned_reference,False,,False,False,0.0,0.0,0.0,0,0,6.275599997024983,"[-0.13575542625570078, -0.18586853403111273, 0.2615556749135708, -1.3376028288622557, -0.3646035927108668, 2.082882462184708, -0.6091473192137831]","[-0.13575542625570078, -0.18586853403111273, 0.2615556749135708, -1.3376028288622557, -0.3646035927108668, 2.082882462184708, -0.6091473192137831]","[-0.13346478245234578, -0.1842789327974461, 0.27617360604902225, -1.336997985569142, -0.36874036832212836, 2.0849825129901127, -0.6119451239962875]"
single_block,0.5,1,104,104,1,guarded,scripted_non_learned_reference,False,,False,False,0.0,0.0,0.0,0,0,6.4072000022861175,"[-0.13346478245234578, -0.1842789327974461, 0.27617360604902225, -1.336997985569142, -0.36874036832212836, 2.0849825129901127, -0.6119451239962875]","[-0.13346478245234578, -0.1842789327974461, 0.27617360604902225, -1.336997985569142, -0.36874036832212836, 2.0849825129901127, -0.6119451239962875]","[-0.13119922520800625, -0.18280981639386942, 0.29076469736075233, -1.3362998528086882, -0.37289279461495994, 2.087113537610402, -0.6147520845635931]"
single_block,0.5,1,105,105,1,guarded,scripted_non_learned_reference,False,,False,False,0.0,0.0,0.0,0,0,6.430800000089221,"[-0.13119922520800625, -0.18280981639386942, 0.29076469736075233, -1.3362998528086882, -0.37289279461495994, 2.087113537610402, -0.6147520845635931]","[-0.13119922520800625, -0.18280981639386942, 0.29076469736075233, -1.3362998528086882, -0.37289279461495994, 2.087113537610402, -0.6147520845635931]","[-0.1289676842058193, -0.18142636169289875, 0.30528010267564637, -1.335533242113161, -0.37704358609349875, 2.0892580720345015, -0.6175481373606564]"
single_block,0.5,1,106,106,1,guarded,scripted_non_learned_reference,False,,False,False,0.0,0.0,0.0,0,0,6.025599999702536,"[-0.1289676842058193, -0.18142636169289875, 0.30528010267564637, -1.335533242113161, -0.37704358609349875, 2.0892580720345015, -0.6175481373606564]","[-0.1289676842058193, -0.18142636169289875, 0.30528010267564637, -1.335533242113161, -0.37704358609349875, 2.0892580720345015, -0.6175481373606564]","[-0.12677280972927651, -0.1800661029457924, 0.31975621937147575, -1.3347346382392906, -0.38120996061221263, 2.091411587594341, -0.6203535513186074]"
single_block,0.5,1,107,107,1,guarded,scripted_non_learned_reference,False,,False,False,0.0,0.0,0.0,0,0,7.277100005012471,"[-0.12677280972927651, -0.1800661029457924, 0.31975621937147575, -1.3347346382392906, -0.38120996061221263, 2.091411587594341, -0.6203535513186074]","[-0.12677280972927651, -0.1800661029457924, 0.31975621937147575, -1.3347346382392906, -0.38120996061221263, 2.091411587594341, -0.6203535513186074]","[-0.12458643929545635, -0.1786712487894717, 0.33422295172710964, -1.333953982937683, -0.3853800269714734, 2.093560426099872, -0.6231629528994606]"
single_block,0.5,1,108,108,1,guarded,scripted_non_learned_reference,False,,False,False,0.0,0.0,0.0,0,0,5.872800000361167,"[-0.12458643929545635, -0.1786712487894717, 0.33422295172710964, -1.333953982937683, -0.3853800269714734, 2.093560426099872, -0.6231629528994606]","[-0.12458643929545635, -0.1786712487894717, 0.33422295172710964, -1.333953982937683, -0.3853800269714734, 2.093560426099872, -0.6231629528994606]","[-0.12238594536033282, -0.17720365454729659, 0.3486940702021375, -1.3332348874621005, -0.38953371553198185, 2.095684002673903, -0.6259574095589472]"
single_block,0.5,1,109,109,1,guarded,scripted_non_learned_reference,False,,False,False,0.0,0.0,0.0,0,0,6.594200000108685,"[-0.12238594536033282, -0.17720365454729659, 0.3486940702021375, -1.3332348874621005, -0.38953371553198185, 2.095684002673903, -0.6259574095589472]","[-0.12238594536033282, -0.17720365454729659, 0.3486940702021375, -1.3332348874621005, -0.38953371553198185, 2.095684002673903, -0.6259574095589472]","[-0.12018048999583646, -0.1756493939370848, 0.36319804205283623, -1.3325777041815101, -0.39369463431884427, 2.0977923275343278, -0.6287629129534292]"
single_block,0.5,1,110,110,1,guarded,scripted_non_learned_reference,False,,False,False,0.0,0.0,0.0,0,0,6.6360999990138225,"[-0.12018048999583646, -0.1756493939370848, 0.36319804205283623, -1.3325777041815101, -0.39369463431884427, 2.0977923275343278, -0.6287629129534292]","[-0.12018048999583646, -0.1756493939370848, 0.36319804205283623, -1.3325777041815101, -0.39369463431884427, 2.0977923275343278, -0.6287629129534292]","[-0.11796575125856297, -0.1740373966182511, 0.377703548805625, -1.3319701392995853, -0.39784393027497156, 2.099881234766998, -0.631559671016345]"
single_block,0.5,1,111,111,1,guarded,scripted_non_learned_reference,False,,False,False,0.0,0.0,0.0,0,0,5.851900001289323,"[-0.11796575125856297, -0.1740373966182511, 0.377703548805625, -1.3319701392995853, -0.39784393027497156, 2.099881234766998, -0.631559671016345]","[-0.11796575125856297, -0.1740373966182511, 0.377703548805625, -1.3319701392995853, -0.39784393027497156, 2.099881234766998, -0.631559671016345]","[-0.11576154339924927, -0.17239861542493823, 0.3922148361100113, -1.331376989572314, -0.40200323379243064, 2.101967630770504, -0.6343669770247617]"
single_block,0.5,1,112,112,1,guarded,scripted_non_learned_reference,False,,False,False,0.0,0.0,0.0,0,0,5.555700001423247,"[-0.11576154339924927, -0.17239861542493823, 0.3922148361100113, -1.331376989572314, -0.40200323379243064, 2.101967630770504, -0.6343669770247617]","[-0.11576154339924927, -0.17239861542493823, 0.3922148361100113, -1.331376989572314, -0.40200323379243064, 2.101967630770504, -0.6343669770247617]","[-0.11356431128189041, -0.17077146077762823, 0.4067176076988793, -1.330771501210919, -0.40616624239292565, 2.104058385238743, -0.637178259525445]"
single_block,0.5,1,113,113,1,guarded,scripted_non_learned_reference,False,,False,False,0.0,0.0,0.0,0,0,5.469600000651553,"[-0.11356431128189041, -0.17077146077762823, 0.4067176076988793, -1.330771501210919, -0.40616624239292565, 2.104058385238743, -0.637178259525445]","[-0.11356431128189041, -0.17077146077762823, 0.4067176076988793, -1.330771501210919, -0.40616624239292565, 2.104058385238743, -0.637178259525445]","[-0.1113691053143723, -0.16919280228100178, 0.421192059888298, -1.3301362553648668, -0.41031758058695483, 2.1061504407020557, -0.6399735455187374]"
single_block,0.5,1,114,114,1,guarded,scripted_non_learned_reference,False,,False,False,0.0,0.0,0.0,0,0,5.62039999931585,"[-0.1113691053143723, -0.16919280228100178, 0.421192059888298, -1.3301362553648668, -0.41031758058695483, 2.1061504407020557, -0.6399735455187374]","[-0.1113691053143723, -0.16919280228100178, 0.421192059888298, -1.3301362553648668, -0.41031758058695483, 2.1061504407020557, -0.6399735455187374]","[-0.10918099907945399, -0.16766222957245447, 0.4356700513582696, -1.3294576581410613, -0.41448105176152494, 2.1082593091264936, -0.6427786563138717]"
single_block,0.5,1,115,115,1,guarded,scripted_non_learned_reference,False,,False,False,0.0,0.0,0.0,0,0,5.4535000017494895,"[-0.10918099907945399, -0.16766222957245447, 0.4356700513582696, -1.3294576581410613, -0.41448105176152494, 2.1082593091264936, -0.6427786563138717]","[-0.10918099907945399, -0.16766222957245447, 0.4356700513582696, -1.3294576581410613, -0.41448105176152494, 2.1082593091264936, -0.6427786563138717]","[-0.10697952251344389, -0.1661745094124398, 0.4501456996411844, -1.328753363189721, -0.4186350720414885, 2.110376271133151, -0.6455742907323819]"
single_block,0.5,1,116,116,1,guarded,scripted_non_learned_reference,False,,False,False,0.0,0.0,0.0,0,0,6.094800002756529,"[-0.10697952251344389, -0.1661745094124398, 0.4501456996411844, -1.328753363189721, -0.4186350720414885, 2.110376271133151, -0.6455742907323819]","[-0.10697952251344389, -0.1661745094124398, 0.4501456996411844, -1.328753363189721, -0.4186350720414885, 2.110376271133151, -0.6455742907323819]","[-0.10476997265787132, -0.1647038926358737, 0.4646498093384635, -1.328034473318586, -0.4227977991285433, 2.112505109856965, -0.6483805211788111]"
single_block,0.5,1,117,117,1,guarded,scripted_non_learned_reference,False,,False,False,0.0,0.0,0.0,0,0,5.932499996561091,"[-0.10476997265787132, -0.1647038926358737, 0.4646498093384635, -1.328034473318586, -0.4227977991285433, 2.112505109856965, -0.6483805211788111]","[-0.10476997265787132, -0.1647038926358737, 0.4646498093384635, -1.328034473318586, -0.4227977991285433, 2.112505109856965, -0.6483805211788111]","[-0.10119985837516539, -0.16305725034181326, 0.4783371506386069, -1.327531778688941, -0.4267715257735019, 2.11374709649535, -0.6512001696229767]"
single_block,0.5,1,118,118,1,guarded,scripted_non_learned_reference,False,,False,False,0.0,0.0,0.0,0,0,5.72939999983646,"[-0.10119985837516539, -0.16305725034181326, 0.4783371506386069, -1.327531778688941, -0.4267715257735019, 2.11374709649535, -0.6512001696229767]","[-0.10119985837516539, -0.16305725034181326, 0.4783371506386069, -1.327531778688941, -0.4267715257735019, 2.11374709649535, -0.6512001696229767]","[-0.08845607055479637, -0.15973631162205656, 0.48695103755566216, -1.3291198542650715, -0.4293249514401775, 2.1083899499862206, -0.6540732057490745]"
single_block,0.5,1,119,119,1,guarded,scripted_non_learned_reference,False,,False,False,0.0,0.0,0.0,0,0,5.210299997997936,"[-0.08845607055479637, -0.15973631162205656, 0.48695103755566216, -1.3291198542650715, -0.4293249514401775, 2.1083899499862206, -0.6540732057490745]","[-0.08845607055479637, -0.15973631162205656, 0.48695103755566216, -1.3291198542650715, -0.4293249514401775, 2.1083899499862206, -0.6540732057490745]","[-0.0734194062934884, -0.153229216299789, 0.49774291226806144, -1.3346809988698727, -0.43112360489827484, 2.099542634041569, -0.6570219696079797]"
single_block,0.5,1,120,120,1,guarded,scripted_non_learned_reference,False,,False,False,0.0,0.0,0.0,0,0,5.186700000194833,"[-0.0734194062934884, -0.153229216299789, 0.49774291226806144, -1.3346809988698727, -0.43112360489827484, 2.099542634041569, -0.6570219696079797]","[-0.0734194062934884, -0.153229216299789, 0.49774291226806144, -1.3346809988698727, -0.43112360489827484, 2.099542634041569, -0.6570219696079797]","[-0.05742755390348565, -0.1429160528362814, 0.5106845534270258, -1.3437895451769477, -0.43273662065572993, 2.0900009430059403, -0.6600247103106002]"
single_block,0.5,1,121,121,1,guarded,scripted_non_learned_reference,False,,False,False,0.0,0.0,0.0,0,0,5.065599994850345,"[-0.05742755390348565, -0.1429160528362814, 0.5106845534270258, -1.3437895451769477, -0.43273662065572993, 2.0900009430059403, -0.6600247103106002]","[-0.05742755390348565, -0.1429160528362814, 0.5106845534270258, -1.3437895451769477, -0.43273662065572993, 2.0900009430059403, -0.6600247103106002]","[-0.04144275149832725, -0.1299186876030131, 0.5238794781856221, -1.3548480364318582, -0.43431649390450405, 2.0802655327530544, -0.6630675121732067]"
single_block,0.5,1,122,122,1,guarded,scripted_non_learned_reference,False,,False,False,0.0,0.0,0.0,0,0,5.864099999598693,"[-0.04144275149832725, -0.1299186876030131, 0.5238794781856221, -1.3548480364318582, -0.43431649390450405, 2.0802655327530544, -0.6630675121732067]","[-0.04144275149832725, -0.1299186876030131, 0.5238794781856221, -1.3548480364318582, -0.43431649390450405, 2.0802655327530544, -0.6630675121732067]","[-0.026398785805519978, -0.1161224343960765, 0.5357161504542439, -1.3660826930267838, -0.4359999207689392, 2.070350729565663, -0.6661018638126218]"
single_block,0.5,1,123,123,1,guarded,scripted_non_learned_reference,False,,False,False,0.0,0.0,0.0,0,0,5.822799997986294,"[-0.026398785805519978, -0.1161224343960765, 0.5357161504542439, -1.3660826930267838, -0.4359999207689392, 2.070350729565663, -0.6661018638126218]","[-0.026398785805519978, -0.1161224343960765, 0.5357161504542439, -1.3660826930267838, -0.4359999207689392, 2.070350729565663, -0.6661018638126218]","[-0.01270206760113391, -0.10342647009217601, 0.5455253581903471, -1.375898129300765, -0.4378933165924806, 2.0605522311100937, -0.6690780663611029]"
single_block,0.5,1,124,124,1,guarded,scripted_non_learned_reference,False,,False,False,0.0,0.0,0.0,0,0,5.494999997608829,"[-0.01270206760113391, -0.10342647009217601, 0.5455253581903471, -1.375898129300765, -0.4378933165924806, 2.0605522311100937, -0.6690780663611029]","[-0.01270206760113391, -0.10342647009217601, 0.5455253581903471, -1.375898129300765, -0.4378933165924806, 2.0605522311100937, -0.6690780663611029]","[9.293660825012914e-05, -0.09261147496728486, 0.5539629719434312, -1.3837893389412037, -0.4399879384477451, 2.0511254893864623, -0.6720255185365859]"
single_block,0.5,1,125,125,1,guarded,scripted_non_learned_reference,False,,False,False,0.0,0.0,0.0,0,0,4.876200000580866,"[9.293660825012914e-05, -0.09261147496728486, 0.5539629719434312, -1.3837893389412037, -0.4399879384477451, 2.0511254893864623, -0.6720255185365859]","[9.293660825012914e-05, -0.09261147496728486, 0.5539629719434312, -1.3837893389412037, -0.4399879384477451, 2.0511254893864623, -0.6720255185365859]","[0.012908512438122518, -0.08365719944651705, 0.5623666431923765, -1.3901662835548736, -0.442145166686956, 2.0422512620198954, -0.6749450322251954]"
single_block,0.5,1,126,126,1,guarded,scripted_non_learned_reference,False,,False,False,0.0,0.0,0.0,0,0,5.007100000511855,"[0.012908512438122518, -0.08365719944651705, 0.5623666431923765, -1.3901662835548736, -0.442145166686956, 2.0422512620198954, -0.6749450322251954]","[0.012908512438122518, -0.08365719944651705, 0.5623666431923765, -1.3901662835548736, -0.442145166686956, 2.0422512620198954, -0.6749450322251954]","[0.02652713458140802, -0.07596120102007275, 0.5717958280387392, -1.3958604117947742, -0.44424427559955015, 2.0337548691862404, -0.6778825425449198]"
single_block,0.5,1,127,127,1,guarded,scripted_non_learned_reference,False,,False,False,0.0,0.0,0.0,0,0,5.660200004058424,"[0.02652713458140802, -0.07596120102007275, 0.5717958280387392, -1.3958604117947742, -0.44424427559955015, 2.0337548691862404, -0.6778825425449198]","[0.02652713458140802, -0.07596120102007275, 0.5717958280387392, -1.3958604117947742, -0.44424427559955015, 2.0337548691862404, -0.6778825425449198]","[0.0412936125983448, -0.06873439864243186, 0.582740048408888, -1.4016905284324153, -0.4461998829146178, 2.025449631293507, -0.6808474305388803]"
single_block,0.5,1,128,128,1,guarded,scripted_non_learned_reference,False,,False,False,0.0,0.0,0.0,0,0,6.111299997428432,"[0.0412936125983448, -0.06873439864243186, 0.582740048408888, -1.4016905284324153, -0.4461998829146178, 2.025449631293507, -0.6808474305388803]","[0.0412936125983448, -0.06873439864243186, 0.582740048408888, -1.4016905284324153, -0.4461998829146178, 2.025449631293507, -0.6808474305388803]","[0.05699679859170272, -0.0611887067571297, 0.594936452905167, -1.408218357342979, -0.44799576856744805, 2.017154235996258, -0.683822772901531]"
single_block,0.5,1,129,129,1,guarded,scripted_non_learned_reference,False,,False,False,0.0,0.0,0.0,0,0,5.528399997274391,"[0.05699679859170272, -0.0611887067571297, 0.594936452905167, -1.408218357342979, -0.44799576856744805, 2.017154235996258, -0.683822772901531]","[0.05699679859170272, -0.0611887067571297, 0.594936452905167, -1.408218357342979, -0.44799576856744805, 2.017154235996258, -0.683822772901531]","[0.07307005509200055, -0.052952735910444235, 0.6076280078417272, -1.4154837314801987, -0.4497153938738065, 2.008668995836719, -0.6868249976772994]"
single_block,0.5,1,130,130,1,guarded,scripted_non_learned_reference,False,,False,False,0.0,0.0,0.0,0,0,4.9992999993264675,"[0.07307005509200055, -0.052952735910444235, 0.6076280078417272, -1.4154837314801987, -0.4497153938738065, 2.008668995836719, -0.6868249976772994]","[0.07307005509200055, -0.052952735910444235, 0.6076280078417272, -1.4154837314801987, -0.4497153938738065, 2.008668995836719, -0.6868249976772994]","[0.08877583057119652, -0.04395762778105177, 0.6198629703102532, -1.4232227437432987, -0.4514476977754003, 1.9999732656684113, -0.6898170307813966]"
single_block,0.5,1,131,131,1,guarded,scripted_non_learned_reference,False,,False,False,0.0,0.0,0.0,0,0,5.660599999828264,"[0.08877583057119652, -0.04395762778105177, 0.6198629703102532, -1.4232227437432987, -0.4514476977754003, 1.9999732656684113, -0.6898170307813966]","[0.08877583057119652, -0.04395762778105177, 0.6198629703102532, -1.4232227437432987, -0.4514476977754003, 1.9999732656684113, -0.6898170307813966]","[0.10372463363130031, -0.03433237393384112, 0.6311306783305196, -1.4311212803441031, -0.4532727746093392, 1.9910495409312847, -0.6928076083860285]"
single_block,0.5,1,132,132,1,guarded,scripted_non_learned_reference,False,,False,False,0.0,0.0,0.0,0,0,7.603800004289951,"[0.10372463363130031, -0.03433237393384112, 0.6311306783305196, -1.4311212803441031, -0.4532727746093392, 1.9910495409312847, -0.6928076083860285]","[0.10372463363130031, -0.03433237393384112, 0.6311306783305196, -1.4311212803441031, -0.4532727746093392, 1.9910495409312847, -0.6928076083860285]","[0.11938800275164729, -0.024927613633301163, 0.6377993490430706, -1.4388398562137508, -0.45161336824499504, 1.9842723921768395, -0.6951572577795831]"
single_block,0.5,1,133,133,1,guarded,scripted_non_learned_reference,False,,False,False,0.0,0.0,0.0,0,0,5.812299998069648,"[0.11938800275164729, -0.024927613633301163, 0.6377993490430706, -1.4388398562137508, -0.45161336824499504, 1.9842723921768395, -0.6951572577795831]","[0.11938800275164729, -0.024927613633301163, 0.6377993490430706, -1.4388398562137508, -0.45161336824499504, 1.9842723921768395, -0.6951572577795831]","[0.13672978262881613, -0.01798306593761377, 0.6318733241200305, -1.444079666194064, -0.43993065216224103, 1.9848081914747697, -0.6953902933942959]"
single_block,0.5,1,134,134,1,guarded,scripted_non_learned_reference,False,,False,False,0.0,0.0,0.0,0,0,5.11739999637939,"[0.13672978262881613, -0.01798306593761377, 0.6318733241200305, -1.444079666194064, -0.43993065216224103, 1.9848081914747697, -0.6953902933942959]","[0.13672978262881613, -0.01798306593761377, 0.6318733241200305, -1.444079666194064, -0.43993065216224103, 1.9848081914747697, -0.6953902933942959]","[0.14845355285427322, -0.013883884493680982, 0.617940951028708, -1.443393845603089, -0.4274559728842852, 1.9881121161437376, -0.6947368023058229]"
single_block,0.5,1,135,135,1,guarded,scripted_non_learned_reference,False,,False,False,0.0,0.0,0.0,0,0,5.474199999298435,"[0.14845355285427322, -0.013883884493680982, 0.617940951028708, -1.443393845603089, -0.4274559728842852, 1.9881121161437376, -0.6947368023058229]","[0.14845355285427322, -0.013883884493680982, 0.617940951028708, -1.443393845603089, -0.4274559728842852, 1.9881121161437376, -0.6947368023058229]","[0.15519183668404932, -0.01209653460277604, 0.5982342625758171, -1.438454065256406, -0.41632440578610025, 1.9917089381663822, -0.6940400651524972]"
single_block,0.5,1,136,136,1,guarded,scripted_non_learned_reference,False,,False,False,0.0,0.0,0.0,0,0,4.885900001681875,"[0.15519183668404932, -0.01209653460277604, 0.5982342625758171, -1.438454065256406, -0.41632440578610025, 1.9917089381663822, -0.6940400651524972]","[0.15519183668404932, -0.01209653460277604, 0.5982342625758171, -1.438454065256406, -0.41632440578610025, 1.9917089381663822, -0.6940400651524972]","[0.15997478123797512, -0.010905540817809672, 0.5761066900672186, -1.4325117862878345, -0.4056526078158932, 1.995032077789358, -0.6934081648223289]"
single_block,0.5,1,137,137,1,guarded,scripted_non_learned_reference,False,,False,False,0.0,0.0,0.0,0,0,5.3083000020706095,"[0.15997478123797512, -0.010905540817809672, 0.5761066900672186, -1.4325117862878345, -0.4056526078158932, 1.995032077789358, -0.6934081648223289]","[0.15997478123797512, -0.010905540817809672, 0.5761066900672186, -1.4325117862878345, -0.4056526078158932, 1.995032077789358, -0.6934081648223289]","[0.1657636244824362, -0.008618975042457743, 0.5552093052141606, -1.4282452957594258, -0.39479270252894905, 1.9979592766571312, -0.6928280128182563]"
single_block,0.5,1,138,138,1,guarded,scripted_non_learned_reference,False,,False,False,0.0,0.0,0.0,0,0,4.968100001860876,"[0.1657636244824362, -0.008618975042457743, 0.5552093052141606, -1.4282452957594258, -0.39479270252894905, 1.9979592766571312, -0.6928280128182563]","[0.1657636244824362, -0.008618975042457743, 0.5552093052141606, -1.4282452957594258, -0.39479270252894905, 1.9979592766571312, -0.6928280128182563]","[0.1746263637140893, -0.004377987364859998, 0.5381378760748036, -1.4270147556385484, -0.3834367487328033, 2.0004511476504088, -0.6923233711054322]"
single_block,0.5,1,139,139,1,guarded,scripted_non_learned_reference,False,,False,False,0.0,0.0,0.0,0,0,5.20669999968959,"[0.1746263637140893, -0.004377987364859998, 0.5381378760748036, -1.4270147556385484, -0.3834367487328033, 2.0004511476504088, -0.6923233711054322]","[0.1746263637140893, -0.004377987364859998, 0.5381378760748036, -1.4270147556385484, -0.3834367487328033, 2.0004511476504088, -0.6923233711054322]","[0.1866709515297071, 0.0013666091573746046, 0.5249341005057202, -1.428239412307794, -0.37156865896861924, 2.002652887859382, -0.6918959899167318]"
single_block,0.5,1,140,140,1,guarded,scripted_non_learned_reference,False,,False,False,0.0,0.0,0.0,0,0,4.847199998039287,"[0.1866709515297071, 0.0013666091573746046, 0.5249341005057202, -1.428239412307794, -0.37156865896861924, 2.002652887859382, -0.6918959899167318]","[0.1866709515297071, 0.0013666091573746046, 0.5249341005057202, -1.428239412307794, -0.37156865896861924, 2.002652887859382, -0.6918959899167318]","[0.20055798951010592, 0.00735479394613129, 0.51398457722239, -1.4302666191188016, -0.3594699339780861, 2.004816597691522, -0.69151822646675]"
single_block,0.5,1,141,141,1,guarded,scripted_non_learned_reference,False,,False,False,0.0,0.0,0.0,0,0,4.950800001097377,"[0.20055798951010592, 0.00735479394613129, 0.51398457722239, -1.4302666191188016, -0.3594699339780861, 2.004816597691522, -0.69151822646675]","[0.20055798951010592, 0.00735479394613129, 0.51398457722239, -1.4302666191188016, -0.3594699339780861, 2.004816597691522, -0.69151822646675]","[0.21470951393703694, 0.01247913653959242, 0.5032914004975818, -1.4316292365862964, -0.3473478340197325, 2.007196486031885, -0.6911413735434038]"
single_block,0.5,1,142,142,1,guarded,scripted_non_learned_reference,False,,False,False,0.0,0.0,0.0,0,0,5.763699999079108,"[0.21470951393703694, 0.01247913653959242, 0.5032914004975818, -1.4316292365862964, -0.3473478340197325, 2.007196486031885, -0.6911413735434038]","[0.21470951393703694, 0.01247913653959242, 0.5032914004975818, -1.4316292365862964, -0.3473478340197325, 2.007196486031885, -0.6911413735434038]","[0.22781801385942704, 0.016183799226988167, 0.4913306891850663, -1.4314341668237736, -0.33539843523458396, 2.0099177784942466, -0.6907332310346852]"
single_block,0.5,1,143,143,1,guarded,scripted_non_learned_reference,False,,False,False,0.0,0.0,0.0,0,0,5.039000003307592,"[0.22781801385942704, 0.016183799226988167, 0.4913306891850663, -1.4314341668237736, -0.33539843523458396, 2.0099177784942466, -0.6907332310346852]","[0.22781801385942704, 0.016183799226988167, 0.4913306891850663, -1.4314341668237736, -0.33539843523458396, 2.0099177784942466, -0.6907332310346852]","[0.23922380364985496, 0.018631879899396544, 0.47738621369590484, -1.4296312554609223, -0.3237320807380043, 2.0129486326911303, -0.6902826299774535]"
single_block,0.5,1,144,144,1,guarded,scripted_non_learned_reference,False,,False,False,0.0,0.0,0.0,0,0,5.078299996966962,"[0.23922380364985496, 0.018631879899396544, 0.47738621369590484, -1.4296312554609223, -0.3237320807380043, 2.0129486326911303, -0.6902826299774535]","[0.23922380364985496, 0.018631879899396544, 0.47738621369590484, -1.4296312554609223, -0.3237320807380043, 2.0129486326911303, -0.6902826299774535]","[0.2492325518593357, 0.020527889078521544, 0.4617491994097964, -1.4269173396090826, -0.3122245076279794, 2.0161393045201503, -0.6897959983034785]"
single_block,0.5,1,145,145,1,guarded,scripted_non_learned_reference,False,,False,False,0.0,0.0,0.0,0,0,6.212000000232365,"[0.2492325518593357, 0.020527889078521544, 0.4617491994097964, -1.4269173396090826, -0.3122245076279794, 2.0161393045201503, -0.6897959983034785]","[0.2492325518593357, 0.020527889078521544, 0.4617491994097964, -1.4269173396090826, -0.3122245076279794, 2.0161393045201503, -0.6897959983034785]","[0.2586431409264907, 0.022792892146096737, 0.4454290584297686, -1.424339474452302, -0.30080246345904854, 2.0192389688387355, -0.6892983843139261]"
single_block,0.5,1,146,146,1,guarded,scripted_non_learned_reference,False,,False,False,0.0,0.0,0.0,0,0,5.130699995788746,"[0.2586431409264907, 0.022792892146096737, 0.4454290584297686, -1.424339474452302, -0.30080246345904854, 2.0192389688387355, -0.6892983843139261]","[0.2586431409264907, 0.022792892146096737, 0.4454290584297686, -1.424339474452302, -0.30080246345904854, 2.0192389688387355, -0.6892983843139261]","[0.268236207189158, 0.025980573921964904, 0.4292759618736604, -1.4225590100512988, -0.28931508827271596, 2.0221080114246686, -0.6888066983073419]"
single_block,0.5,1,147,147,1,guarded,scripted_non_learned_reference,False,,False,False,0.0,0.0,0.0,0,0,5.0179000027128495,"[0.268236207189158, 0.025980573921964904, 0.4292759618736604, -1.4225590100512988, -0.28931508827271596, 2.0221080114246686, -0.6888066983073419]","[0.268236207189158, 0.025980573921964904, 0.4292759618736604, -1.4225590100512988, -0.28931508827271596, 2.0221080114246686, -0.6888066983073419]","[0.2784818545315629, 0.030219715280078666, 0.4138826426208661, -1.4218069150957044, -0.2777242536832665, 2.02470271127025, -0.6883327947532116]"
single_block,0.5,1,148,148,1,guarded,scripted_non_learned_reference,False,,False,False,0.0,0.0,0.0,0,0,4.886400005489122,"[0.2784818545315629, 0.030219715280078666, 0.4138826426208661, -1.4218069150957044, -0.2777242536832665, 2.02470271127025, -0.6883327947532116]","[0.2784818545315629, 0.030219715280078666, 0.4138826426208661, -1.4218069150957044, -0.2777242536832665, 2.02470271127025, -0.6883327947532116]","[0.2894874062121523, 0.035187724781371596, 0.39942218242667676, -1.4218434934821194, -0.266064877228304, 2.027080894015279, -0.6878816795334869]"
single_block,0.5,1,149,149,1,guarded,scripted_non_learned_reference,False,,False,False,0.0,0.0,0.0,0,0,4.838599998038262,"[0.2894874062121523, 0.035187724781371596, 0.39942218242667676, -1.4218434934821194, -0.266064877228304, 2.027080894015279, -0.6878816795334869]","[0.2894874062121523, 0.035187724781371596, 0.39942218242667676, -1.4218434934821194, -0.266064877228304, 2.027080894015279, -0.6878816795334869]","[0.30105288570169353, 0.040358914380327494, 0.38558118323598156, -1.4221730304939944, -0.2543160873325742, 2.0294061084057704, -0.6874413184771495]"
single_block,0.5,1,150,150,1,guarded,scripted_non_learned_reference,False,,False,False,0.0,0.0,0.0,0,0,5.217899997660425,"[0.30105288570169353, 0.040358914380327494, 0.38558118323598156, -1.4221730304939944, -0.2543160873325742, 2.0294061084057704, -0.6874413184771495]","[0.30105288570169353, 0.040358914380327494, 0.38558118323598156, -1.4221730304939944, -0.2543160873325742, 2.0294061084057704, -0.6874413184771495]","[0.31273020070988894, 0.04514825407803591, 0.3719066727035471, -1.4222296194294588, -0.24258412007433233, 2.0318173463448486, -0.6870038399873295]"
single_block,0.5,1,151,151,1,guarded,scripted_non_learned_reference,False,,False,False,0.0,0.0,0.0,0,0,5.441900000732858,"[0.31273020070988894, 0.04514825407803591, 0.3719066727035471, -1.4222296194294588, -0.24258412007433233, 2.0318173463448486, -0.6870038399873295]","[0.31273020070988894, 0.04514825407803591, 0.3719066727035471, -1.4222296194294588, -0.24258412007433233, 2.0318173463448486, -0.6870038399873295]","[0.3242400472178091, 0.04926359842905873, 0.35800949264475573, -1.421723292733511, -0.23085582502407326, 2.034410358785493, -0.6865585569770387]"
single_block,0.5,1,152,152,1,guarded,scripted_non_learned_reference,False,,False,False,0.0,0.0,0.0,0,0,5.571899993810803,"[0.3242400472178091, 0.04926359842905873, 0.35800949264475573, -1.421723292733511, -0.23085582502407326, 2.034410358785493, -0.6865585569770387]","[0.3242400472178091, 0.04926359842905873, 0.35800949264475573, -1.421723292733511, -0.23085582502407326, 2.034410358785493, -0.6865585569770387]","[0.3354131175280061, 0.05268459972661214, 0.343728352278042, -1.4206112978838514, -0.2191644854429575, 2.0371922556104347, -0.6861031852052637]"
single_block,0.5,1,153,153,1,guarded,scripted_non_learned_reference,False,,False,False,0.0,0.0,0.0,0,0,5.479799998283852,"[0.3354131175280061, 0.05268459972661214, 0.343728352278042, -1.4206112978838514, -0.2191644854429575, 2.0371922556104347, -0.6861031852052637]","[0.3354131175280061, 0.05268459972661214, 0.343728352278042, -1.4206112978838514, -0.2191644854429575, 2.0371922556104347, -0.6861031852052637]","[0.34624978606142, 0.05565920004890685, 0.32910780221149666, -1.4191014370533004, -0.20754391401568095, 2.0400910370090846, -0.6856423825044903]"
single_block,0.5,1,154,154,1,guarded,scripted_non_learned_reference,False,,False,False,0.0,0.0,0.0,0,0,5.526699998881668,"[0.34624978606142, 0.05565920004890685, 0.32910780221149666, -1.4191014370533004, -0.20754391401568095, 2.0400910370090846, -0.6856423825044903]","[0.34624978606142, 0.05565920004890685, 0.32910780221149666, -1.4191014370533004, -0.20754391401568095, 2.0400910370090846, -0.6856423825044903]","[0.3569277303620509, 0.05853348557953736, 0.31427044291879275, -1.4174826084375727, -0.19591409472980664, 2.0430318131303626, -0.6851762085195098]"
single_block,0.5,1,155,155,1,guarded,scripted_non_learned_reference,False,,False,False,0.0,0.0,0.0,0,0,5.009699998481665,"[0.3569277303620509, 0.05853348557953736, 0.31427044291879275, -1.4174826084375727, -0.19591409472980664, 2.0430318131303626, -0.6851762085195098]","[0.3569277303620509, 0.05853348557953736, 0.31427044291879275, -1.4174826084375727, -0.19591409472980664, 2.0430318131303626, -0.6851762085195098]","[0.36761098801318154, 0.06166296158368609, 0.2994676944202987, -1.4160646829314956, -0.18430293132291697, 2.045904207152379, -0.6847124985358553]"
single_block,0.5,1,156,156,1,guarded,scripted_non_learned_reference,False,,False,False,0.0,0.0,0.0,0,0,5.2276999995228834,"[0.36761098801318154, 0.06166296158368609, 0.2994676944202987, -1.4160646829314956, -0.18430293132291697, 2.045904207152379, -0.6847124985358553]","[0.36761098801318154, 0.06166296158368609, 0.2994676944202987, -1.4160646829314956, -0.18430293132291697, 2.045904207152379, -0.6847124985358553]","[0.3784404641467261, 0.06522300579843747, 0.2847875013149204, -1.4149871526745765, -0.17265120353596866, 2.048673252189859, -0.6842508385460627]"
single_block,0.5,1,157,157,1,guarded,scripted_non_learned_reference,False,,False,False,0.0,0.0,0.0,0,0,5.138599997735582,"[0.3784404641467261, 0.06522300579843747, 0.2847875013149204, -1.4149871526745765, -0.17265120353596866, 2.048673252189859, -0.6842508385460627]","[0.3784404641467261, 0.06522300579843747, 0.2847875013149204, -1.4149871526745765, -0.17265120353596866, 2.048673252189859, -0.6842508385460627]","[0.3894309434806077, 0.06922354883675054, 0.27027899407349615, -1.4142578539248818, -0.16097636888573977, 2.051327511356521, -0.6837925917965553]"
single_block,0.5,1,158,158,1,guarded,scripted_non_learned_reference,False,,False,False,0.0,0.0,0.0,0,0,6.3005999982124195,"[0.3894309434806077, 0.06922354883675054, 0.27027899407349615, -1.4142578539248818, -0.16097636888573977, 2.051327511356521, -0.6837925917965553]","[0.3894309434806077, 0.06922354883675054, 0.27027899407349615, -1.4142578539248818, -0.16097636888573977, 2.051327511356521, -0.6837925917965553]","[0.4005153005646458, 0.07350990078599562, 0.2559145428530839, -1.413756546138806, -0.14932538096036035, 2.053885273708394, -0.6833399167940242]"
single_block,0.5,1,159,159,1,guarded,scripted_non_learned_reference,False,,False,False,0.0,0.0,0.0,0,0,6.306900002527982,"[0.4005153005646458, 0.07350990078599562, 0.2559145428530839, -1.413756546138806, -0.14932538096036035, 2.053885273708394, -0.6833399167940242]","[0.4005153005646458, 0.07350990078599562, 0.2559145428530839, -1.413756546138806, -0.14932538096036035, 2.053885273708394, -0.6833399167940242]","[0.4116455050533814, 0.07788020337080555, 0.24156602555338993, -1.4133158644866497, -0.13764662141996153, 2.0564234975121347, -0.6828863721793438]"
single_block,0.5,1,160,160,1,guarded,scripted_non_learned_reference,False,,False,False,0.0,0.0,0.0,0,0,5.24559999757912,"[0.4116455050533814, 0.07788020337080555, 0.24156602555338993, -1.4133158644866497, -0.13764662141996153, 2.0564234975121347, -0.6828863721793438]","[0.4116455050533814, 0.07788020337080555, 0.24156602555338993, -1.4133158644866497, -0.13764662141996153, 2.0564234975121347, -0.6828863721793438]","[0.42271015900388764, 0.082111846288264, 0.22718044379861688, -1.4127660851753634, -0.1259976443352484, 2.058987805638512, -0.6824329272741925]"
single_block,0.5,1,161,161,1,guarded,scripted_non_learned_reference,False,,False,False,0.0,0.0,0.0,0,0,5.976200001896359,"[0.42271015900388764, 0.082111846288264, 0.22718044379861688, -1.4127660851753634, -0.1259976443352484, 2.058987805638512, -0.6824329272741925]","[0.42271015900388764, 0.082111846288264, 0.22718044379861688, -1.4127660851753634, -0.1259976443352484, 2.058987805638512, -0.6824329272741925]","[0.43370820584164255, 0.08609307104978287, 0.21268801764360065, -1.4120218849148762, -0.11433098131142341, 2.061625342939364, -0.6819758061029334]"
single_block,0.5,1,162,162,1,guarded,scripted_non_learned_reference,False,,False,False,0.0,0.0,0.0,0,0,6.097299999964889,"[0.43370820584164255, 0.08609307104978287, 0.21268801764360065, -1.4120218849148762, -0.11433098131142341, 2.061625342939364, -0.6819758061029334]","[0.43370820584164255, 0.08609307104978287, 0.21268801764360065, -1.4120218849148762, -0.11433098131142341, 2.061625342939364, -0.6819758061029334]","[0.4446346590318288, 0.0898027748117681, 0.19811549724786123, -1.4110735890486028, -0.10266352111651879, 2.0643397325273103, -0.6815160263126295]"
single_block,0.5,1,163,163,1,guarded,scripted_non_learned_reference,False,,False,False,0.0,0.0,0.0,0,0,7.007600004726555,"[0.4446346590318288, 0.0898027748117681, 0.19811549724786123, -1.4110735890486028, -0.10266352111651879, 2.0643397325273103, -0.6815160263126295]","[0.4446346590318288, 0.0898027748117681, 0.19811549724786123, -1.4110735890486028, -0.10266352111651879, 2.0643397325273103, -0.6815160263126295]","[0.45551316748387305, 0.0933135351029781, 0.18353469967788727, -1.4099881446229747, -0.09103074885335326, 2.06709845665406, -0.6810580637324668]"
single_block,0.5,1,164,164,1,guarded,scripted_non_learned_reference,False,,False,False,0.0,0.0,0.0,0,0,5.268100001558196,"[0.45551316748387305, 0.0933135351029781, 0.18353469967788727, -1.4099881446229747, -0.09103074885335326, 2.06709845665406, -0.6810580637324668]","[0.45551316748387305, 0.0933135351029781, 0.18353469967788727, -1.4099881446229747, -0.09103074885335326, 2.06709845665406, -0.6810580637324668]","[0.46642159721051757, 0.09674681279432105, 0.16895339143102964, -1.4088495517523991, -0.07936890361487955, 2.069887584095496, -0.6805987239059631]"
single_block,0.5,1,165,165,1,guarded,scripted_non_learned_reference,False,,False,False,0.0,0.0,0.0,0,0,5.279599994537421,"[0.46642159721051757, 0.09674681279432105, 0.16895339143102964, -1.4088495517523991, -0.07936890361487955, 2.069887584095496, -0.6805987239059631]","[0.46642159721051757, 0.09674681279432105, 0.16895339143102964, -1.4088495517523991, -0.07936890361487955, 2.069887584095496, -0.6805987239059631]","[0.47736418339098724, 0.1002363357458431, 0.15444308205848797, -1.4077593704201377, -0.06772578241196192, 2.07265708457409, -0.680141820953962]"
single_block,0.5,1,166,166,1,guarded,scripted_non_learned_reference,False,,False,False,0.0,0.0,0.0,0,0,6.316799997875933,"[0.47736418339098724, 0.1002363357458431, 0.15444308205848797, -1.4077593704201377, -0.06772578241196192, 2.07265708457409, -0.680141820953962]","[0.47736418339098724, 0.1002363357458431, 0.15444308205848797, -1.4077593704201377, -0.06772578241196192, 2.07265708457409, -0.680141820953962]","[0.48837434229650195, 0.10386542213615217, 0.1399687310810908, -1.4067691295251612, -0.05605386667544326, 2.0753988424826733, -0.6796843749970218]"
single_block,0.5,1,167,167,1,guarded,scripted_non_learned_reference,False,,False,False,0.0,0.0,0.0,0,0,5.680099995515775,"[0.48837434229650195, 0.10386542213615217, 0.1399687310810908, -1.4067691295251612, -0.05605386667544326, 2.0753988424826733, -0.6796843749970218]","[0.48837434229650195, 0.10386542213615217, 0.1399687310810908, -1.4067691295251612, -0.05605386667544326, 2.0753988424826733, -0.6796843749970218]","[0.49941965532945626, 0.1076613475342022, 0.12552563163585548, -1.4058956677965218, -0.04437456830644042, 2.0781000192929264, -0.6792268627773618]"
single_block,0.5,1,168,168,1,guarded,scripted_non_learned_reference,False,,False,False,0.0,0.0,0.0,0,0,6.1117000004742295,"[0.49941965532945626, 0.1076613475342022, 0.12552563163585548, -1.4058956677965218, -0.04437456830644042, 2.0781000192929264, -0.6792268627773618]","[0.49941965532945626, 0.1076613475342022, 0.12552563163585548, -1.4058956677965218, -0.04437456830644042, 2.0781000192929264, -0.6792268627773618]","[0.5104484734797723, 0.11158931743782327, 0.11110465610950516, -1.4051181521754057, -0.03273099556793503, 2.0807510993199565, -0.6787721505815065]"
single_block,0.5,1,169,169,1,guarded,scripted_non_learned_reference,False,,False,False,0.0,0.0,0.0,0,0,6.8434000058914535,"[0.5104484734797723, 0.11158931743782327, 0.11110465610950516, -1.4051181521754057, -0.03273099556793503, 2.0807510993199565, -0.6787721505815065]","[0.5104484734797723, 0.11158931743782327, 0.11110465610950516, -1.4051181521754057, -0.03273099556793503, 2.0807510993199565, -0.6787721505815065]","[0.5214692146011121, 0.11559052665679856, 0.09663858691241825, -1.4043863077246004, -0.021064799031503545, 2.0833894173372802, -0.678315414314687]"
single_block,0.5,1,170,170,1,guarded,scripted_non_learned_reference,False,,False,False,0.0,0.0,0.0,0,0,5.82859999849461,"[0.5214692146011121, 0.11559052665679856, 0.09663858691241825, -1.4043863077246004, -0.021064799031503545, 2.0833894173372802, -0.678315414314687]","[0.5214692146011121, 0.11559052665679856, 0.09663858691241825, -1.4043863077246004, -0.021064799031503545, 2.0833894173372802, -0.678315414314687]","[0.532438625726981, 0.11957816439351222, 0.08215125504841146, -1.403644182766472, -0.009425879562287881, 2.0860233338267182, -0.6778593449177124]"
single_block,0.5,1,171,171,1,guarded,scripted_non_learned_reference,False,,False,False,0.0,0.0,0.0,0,0,6.071099996916018,"[0.532438625726981, 0.11957816439351222, 0.08215125504841146, -1.403644182766472, -0.009425879562287881, 2.0860233338267182, -0.6778593449177124]","[0.532438625726981, 0.11957816439351222, 0.08215125504841146, -1.403644182766472, -0.009425879562287881, 2.0860233338267182, -0.6778593449177124]","[0.543391904444712, 0.12349877343450379, 0.06761070866651465, -1.40285081665132, 0.0022362003925638185, 2.0886828518137444, -0.677401011567179]"
single_block,0.5,1,172,172,1,guarded,scripted_non_learned_reference,False,,False,False,0.0,0.0,0.0,0,0,6.026200004271232,"[0.543391904444712, 0.12349877343450379, 0.06761070866651465, -1.40285081665132, 0.0022362003925638185, 2.0886828518137444, -0.677401011567179]","[0.543391904444712, 0.12349877343450379, 0.06761070866651465, -1.40285081665132, 0.0022362003925638185, 2.0886828518137444, -0.677401011567179]","[0.5543301079508223, 0.12732285699854073, 0.05304994173453767, -1.4019887035813148, 0.01390451113833655, 2.091371690789919, -0.6769415170151002]"
single_block,0.5,1,173,173,1,guarded,scripted_non_learned_reference,False,,False,False,0.0,0.0,0.0,0,0,5.844400002388284,"[0.5543301079508223, 0.12732285699854073, 0.05304994173453767, -1.4019887035813148, 0.01390451113833655, 2.091371690789919, -0.6769415170151002]","[0.5543301079508223, 0.12732285699854073, 0.05304994173453767, -1.4019887035813148, 0.01390451113833655, 2.091371690789919, -0.6769415170151002]","[0.5652551371306866, 0.13105144380954098, 0.03851843053165469, -1.401067839242418, 0.025541374148959056, 2.0940736941956137, -0.6764848154159908]"
single_block,0.5,1,174,174,1,guarded,scripted_non_learned_reference,False,,False,False,0.0,0.0,0.0,0,0,6.623899993428495,"[0.5652551371306866, 0.13105144380954098, 0.03851843053165469, -1.401067839242418, 0.025541374148959056, 2.0940736941956137, -0.6764848154159908]","[0.5652551371306866, 0.13105144380954098, 0.03851843053165469, -1.401067839242418, 0.025541374148959056, 2.0940736941956137, -0.6764848154159908]","[0.5762152910841971, 0.13472148754172544, 0.023989699556707586, -1.4001051255840957, 0.0372073109138655, 2.0967987977221068, -0.6760268997796233]"
single_block,0.5,1,175,175,1,guarded,scripted_non_learned_reference,False,,False,False,0.0,0.0,0.0,0,0,5.319300005794503,"[0.5762152910841971, 0.13472148754172544, 0.023989699556707586, -1.4001051255840957, 0.0372073109138655, 2.0967987977221068, -0.6760268997796233]","[0.5762152910841971, 0.13472148754172544, 0.023989699556707586, -1.4001051255840957, 0.0372073109138655, 2.0967987977221068, -0.6760268997796233]","[0.5871860680200958, 0.13837985804162722, 0.009506969673880416, -1.3991374137880743, 0.048852237779619424, 2.0995207204579853, -0.6755708825559199]"
single_block,0.5,1,176,176,1,guarded,scripted_non_learned_reference,False,,False,False,0.0,0.0,0.0,0,0,5.361000003176741,"[0.5871860680200958, 0.13837985804162722, 0.009506969673880416, -1.3991374137880743, 0.048852237779619424, 2.0995207204579853, -0.6755708825559199]","[0.5871860680200958, 0.13837985804162722, 0.009506969673880416, -1.3991374137880743, 0.048852237779619424, 2.0995207204579853, -0.6755708825559199]","[0.5981927256461897, 0.1420700692162096, -0.004974065218105881, -1.3981879958304269, 0.06052343566692159, 2.1022428808319926, -0.6751135746513175]"
single_block,0.5,1,177,177,1,guarded,scripted_non_learned_reference,False,,False,False,0.0,0.0,0.0,0,0,5.343900003936142,"[0.5981927256461897, 0.1420700692162096, -0.004974065218105881, -1.3981879958304269, 0.06052343566692159, 2.1022428808319926, -0.6751135746513175]","[0.5981927256461897, 0.1420700692162096, -0.004974065218105881, -1.3981879958304269, 0.06052343566692159, 2.1022428808319926, -0.6751135746513175]","[0.6092094865406202, 0.14581693236866997, -0.019449860203024933, -1.397274806842444, 0.07220031829240603, 2.1049542487540194, -0.6746555555382205]"
single_block,0.5,1,178,178,1,guarded,scripted_non_learned_reference,False,,False,False,0.0,0.0,0.0,0,0,5.072400002973154,"[0.6092094865406202, 0.14581693236866997, -0.019449860203024933, -1.397274806842444, 0.07220031829240603, 2.1049542487540194, -0.6746555555382205]","[0.6092094865406202, 0.14581693236866997, -0.019449860203024933, -1.397274806842444, 0.07220031829240603, 2.1049542487540194, -0.6746555555382205]","[0.6202022631429608, 0.1496212246957859, -0.033908544646669286, -1.3964065021837133, 0.08384181220256703, 2.107637203722162, -0.6742000970841976]"
single_block,0.5,1,179,179,1,guarded,scripted_non_learned_reference,False,,False,False,0.0,0.0,0.0,0,0,5.0868000034824945,"[0.6202022631429608, 0.1496212246957859, -0.033908544646669286, -1.3964065021837133, 0.08384181220256703, 2.107637203722162, -0.6742000970841976]","[0.6202022631429608, 0.1496212246957859, -0.033908544646669286, -1.3964065021837133, 0.08384181220256703, 2.107637203722162, -0.6742000970841976]","[0.6311970351001222, 0.15347478391270852, -0.048401160678648934, -1.3955688174676713, 0.09550711823767853, 2.110314876746575, -0.6737427402267149]"
single_block,0.5,1,180,180,1,guarded,scripted_non_learned_reference,False,,False,False,0.0,0.0,0.0,0,0,5.458999999973457,"[0.6311970351001222, 0.15347478391270852, -0.048401160678648934, -1.3955688174676713, 0.09550711823767853, 2.110314876746575, -0.6737427402267149]","[0.6311970351001222, 0.15347478391270852, -0.048401160678648934, -1.3955688174676713, 0.09550711823767853, 2.110314876746575, -0.6737427402267149]","[0.6421612784420296, 0.15734440894973403, -0.06289108366949395, -1.3947450150259482, 0.10714692879620985, 2.1129811498842916, -0.6732864508521164]"
single_block,0.5,1,181,181,1,guarded,scripted_non_learned_reference,False,,False,False,0.0,0.0,0.0,0,0,5.410400000982918,"[0.6421612784420296, 0.15734440894973403, -0.06289108366949395, -1.3947450150259482, 0.10714692879620985, 2.1129811498842916, -0.6732864508521164]","[0.6421612784420296, 0.15734440894973403, -0.06289108366949395, -1.3947450150259482, 0.10714692879620985, 2.1129811498842916, -0.6732864508521164]","[0.6531299502050854, 0.16120769612747837, -0.07741282031191316, -1.3939138109875477, 0.11881102680438561, 2.115657349463104, -0.6728283015822151]"
single_block,0.5,1,182,182,1,guarded,scripted_non_learned_reference,False,,False,False,0.0,0.0,0.0,0,0,6.677199999103323,"[0.6531299502050854, 0.16120769612747837, -0.07741282031191316, -1.3939138109875477, 0.11881102680438561, 2.115657349463104, -0.6728283015822151]","[0.6531299502050854, 0.16120769612747837, -0.07741282031191316, -1.3939138109875477, 0.11881102680438561, 2.115657349463104, -0.6728283015822151]","[0.6640958644459943, 0.16504306208149147, -0.09194277134574558, -1.3930619311788748, 0.13048144155889255, 2.1183445694671086, -0.672369246878903]"
single_block,0.5,1,183,183,1,guarded,scripted_non_learned_reference,False,,False,False,0.0,0.0,0.0,0,0,6.735900002240669,"[0.6640958644459943, 0.16504306208149147, -0.09194277134574558, -1.3930619311788748, 0.13048144155889255, 2.1183445694671086, -0.672369246878903]","[0.6640958644459943, 0.16504306208149147, -0.09194277134574558, -1.3930619311788748, 0.13048144155889255, 2.1183445694671086, -0.672369246878903]","[0.675047060874117, 0.1688351165531085, -0.10644499571234164, -1.3921872403038786, 0.1421196974892346, 2.1210300385123575, -0.671913017349921]"
single_block,0.5,1,184,184,1,guarded,scripted_non_learned_reference,False,,False,False,0.0,0.0,0.0,0,0,7.981199996720534,"[0.675047060874117, 0.1688351165531085, -0.10644499571234164, -1.3921872403038786, 0.1421196974892346, 2.1210300385123575, -0.671913017349921]","[0.675047060874117, 0.1688351165531085, -0.10644499571234164, -1.3921872403038786, 0.1421196974892346, 2.1210300385123575, -0.671913017349921]","[0.6860226720329928, 0.17259467871853057, -0.12095848977717531, -1.3912867223766572, 0.15378558431964373, 2.1237313686623587, -0.671455392856375]"
single_block,0.5,1,185,185,1,guarded,scripted_non_learned_reference,False,,False,False,0.0,0.0,0.0,0,0,8.496499998727813,"[0.6860226720329928, 0.17259467871853057, -0.12095848977717531, -1.3912867223766572, 0.15378558431964373, 2.1237313686623587, -0.671455392856375]","[0.6860226720329928, 0.17259467871853057, -0.12095848977717531, -1.3912867223766572, 0.15378558431964373, 2.1237313686623587, -0.671455392856375]","[0.6969926870321103, 0.17633326674698094, -0.135443126169487, -1.3903738414543327, 0.16542912299773066, 2.1264315375345157, -0.6709993780755242]"
single_block,0.5,1,186,186,1,guarded,scripted_non_learned_reference,False,,False,False,0.0,0.0,0.0,0,0,7.920699994429015,"[0.6969926870321103, 0.17633326674698094, -0.135443126169487, -1.3903738414543327, 0.16542912299773066, 2.1264315375345157, -0.6709993780755242]","[0.6969926870321103, 0.17633326674698094, -0.135443126169487, -1.3903738414543327, 0.16542912299773066, 2.1264315375345157, -0.6709993780755242]","[0.7079850569336538, 0.18007318508613607, -0.14994131884683015, -1.3894571939741087, 0.1770982812530645, 2.1291399133204627, -0.6705418403074155]"
single_block,0.5,1,187,187,1,guarded,scripted_non_learned_reference,False,,False,False,0.0,0.0,0.0,0,0,8.33819999388652,"[0.7079850569336538, 0.18007318508613607, -0.14994131884683015, -1.3894571939741087, 0.1770982812530645, 2.1291399133204627, -0.6705418403074155]","[0.7079850569336538, 0.18007318508613607, -0.14994131884683015, -1.3894571939741087, 0.1770982812530645, 2.1291399133204627, -0.6705418403074155]","[0.7189808690712336, 0.18382871208713436, -0.16444136304662538, -1.3885485179459913, 0.18877318222385162, 2.1318484232115074, -0.670083467875491]"
single_block,0.5,1,188,188,1,guarded,scripted_non_learned_reference,False,,False,False,0.0,0.0,0.0,0,0,6.386400003975723,"[0.7189808690712336, 0.18382871208713436, -0.16444136304662538, -1.3885485179459913, 0.18877318222385162, 2.1318484232115074, -0.670083467875491]","[0.7189808690712336, 0.18382871208713436, -0.16444136304662538, -1.3885485179459913, 0.18877318222385162, 2.1318484232115074, -0.670083467875491]","[0.7299547863728666, 0.18760388123989147, -0.17891991857455786, -1.38766020483223, 0.20041381607944553, 2.1345387815655505, -0.6696277165364346]"
single_block,0.5,1,189,189,1,guarded,scripted_non_learned_reference,False,,False,False,0.0,0.0,0.0,0,0,7.17389999772422,"[0.7299547863728666, 0.18760388123989147, -0.17891991857455786, -1.38766020483223, 0.20041381607944553, 2.1345387815655505, -0.6696277165364346]","[0.7299547863728666, 0.18760388123989147, -0.17891991857455786, -1.38766020483223, 0.20041381607944553, 2.1345387815655505, -0.6696277165364346]","[0.7409396303062484, 0.19140599214724258, -0.19342358291843115, -1.386787252220127, 0.21207938954147115, 2.1372298740423616, -0.6691702181360888]"
single_block,0.5,1,190,190,1,guarded,scripted_non_learned_reference,False,,False,False,0.0,0.0,0.0,0,0,8.599799999501556,"[0.7409396303062484, 0.19140599214724258, -0.19342358291843115, -1.386787252220127, 0.21207938954147115, 2.1372298740423616, -0.6691702181360888]","[0.7409396303062484, 0.19140599214724258, -0.19342358291843115, -1.386787252220127, 0.21207938954147115, 2.1372298740423616, -0.6691702181360888]","[0.7519047057958721, 0.19522174710275972, -0.20791175276266502, -1.385927186885012, 0.22372040679614835, 2.1399103631522265, -0.6687139784726068]"
single_block,0.5,1,191,191,1,guarded,scripted_non_learned_reference,False,,False,False,0.0,0.0,0.0,0,0,6.584900002053473,"[0.7519047057958721, 0.19522174710275972, -0.20791175276266502, -1.385927186885012, 0.22372040679614835, 2.1399103631522265, -0.6687139784726068]","[0.7519047057958721, 0.19522174710275972, -0.20791175276266502, -1.385927186885012, 0.22372040679614835, 2.1399103631522265, -0.6687139784726068]","[0.7628831131105943, 0.19904575572100197, -0.22242267422212986, -1.3850691825003847, 0.2353860825931825, 2.1425970544527737, -0.6682560174011483]"
single_block,0.5,1,192,192,1,guarded,scripted_non_learned_reference,False,,False,False,0.0,0.0,0.0,0,0,6.355799996526912,"[0.7628831131105943, 0.19904575572100197, -0.22242267422212986, -1.3850691825003847, 0.2353860825931825, 2.1425970544527737, -0.6682560174011483]","[0.7628831131105943, 0.19904575572100197, -0.22242267422212986, -1.3850691825003847, 0.2353860825931825, 2.1425970544527737, -0.6682560174011483]","[0.7738631466032251, 0.20286577263797595, -0.23693756476253172, -1.3842063684337822, 0.24705777358350475, 2.1452885433141544, -0.6677971981798508]"
single_block,0.5,1,193,193,1,guarded,scripted_non_learned_reference,False,,False,False,0.0,0.0,0.0,0,0,6.071800002246164,"[0.7738631466032251, 0.20286577263797595, -0.23693756476253172, -1.3842063684337822, 0.24705777358350475, 2.1452885433141544, -0.6677971981798508]","[0.7738631466032251, 0.20286577263797595, -0.23693756476253172, -1.3842063684337822, 0.24705777358350475, 2.1452885433141544, -0.6677971981798508]","[0.7848264281626378, 0.20666677220757876, -0.2514256353937678, -1.3833376600648744, 0.25869675139680315, 2.147971543901199, -0.667341166333902]"
single_block,0.5,1,194,194,1,guarded,scripted_non_learned_reference,False,,False,False,0.0,0.0,0.0,0,0,6.093800002417993,"[0.7848264281626378, 0.20666677220757876, -0.2514256353937678, -1.3833376600648744, 0.25869675139680315, 2.147971543901199, -0.667341166333902]","[0.7848264281626378, 0.20666677220757876, -0.2514256353937678, -1.3833376600648744, 0.25869675139680315, 2.147971543901199, -0.667341166333902]","[0.7958090078804558, 0.2104546339725924, -0.2659320879739392, -1.3824556884680923, 0.2703624869560206, 2.150665446253369, -0.6668836250249]"
single_block,0.5,1,195,195,1,guarded,scripted_non_learned_reference,False,,False,False,0.0,0.0,0.0,0,0,5.964800002402626,"[0.7958090078804558, 0.2104546339725924, -0.2659320879739392, -1.3824556884680923, 0.2703624869560206, 2.150665446253369, -0.6668836250249]","[0.7958090078804558, 0.2104546339725924, -0.2659320879739392, -1.3824556884680923, 0.2703624869560206, 2.150665446253369, -0.6668836250249]","[0.8067789063165272, 0.21422723428251111, -0.2804165025600024, -1.3815657562593398, 0.2820051356481039, 2.1533565619838515, -0.6664275618857308]"
single_block,0.5,1,196,196,1,guarded,scripted_non_learned_reference,False,,False,False,0.0,0.0,0.0,0,0,5.689699995855335,"[0.8067789063165272, 0.21422723428251111, -0.2804165025600024, -1.3815657562593398, 0.2820051356481039, 2.1533565619838515, -0.6664275618857308]","[0.8067789063165272, 0.21422723428251111, -0.2804165025600024, -1.3815657562593398, 0.2820051356481039, 2.1533565619838515, -0.6664275618857308]","[0.817765618748968, 0.21799710643012044, -0.29492112149992117, -1.3806692624204655, 0.29367310564758964, 2.156057046649576, -0.6659698883255255]"
single_block,0.5,1,197,197,1,guarded,scripted_non_learned_reference,False,,False,False,0.0,0.0,0.0,0,0,6.051399999705609,"[0.817765618748968, 0.21799710643012044, -0.29492112149992117, -1.3806692624204655, 0.29367310564758964, 2.156057046649576, -0.6659698883255255]","[0.817765618748968, 0.21799710643012044, -0.29492112149992117, -1.3806692624204655, 0.29367310564758964, 2.156057046649576, -0.6659698883255255]","[0.8287532036145185, 0.22176989807440725, -0.30943073738916593, -1.379772348299723, 0.30534685642805826, 2.1587610391700407, -0.6655113460710858]"
single_block,0.5,1,198,198,1,guarded,scripted_non_learned_reference,False,,False,False,0.0,0.0,0.0,0,0,6.094700001995079,"[0.8287532036145185, 0.22176989807440725, -0.30943073738916593, -1.379772348299723, 0.30534685642805826, 2.1587610391700407, -0.6655113460710858]","[0.8287532036145185, 0.22176989807440725, -0.30943073738916593, -1.379772348299723, 0.30534685642805826, 2.1587610391700407, -0.6655113460710858]","[0.8397195027287278, 0.22554502927883952, -0.323916740592451, -1.3788849546884916, 0.316987010355366, 2.161451278547225, -0.6650554758347188]"
single_block,0.5,1,199,199,1,guarded,scripted_non_learned_reference,False,,False,False,0.0,0.0,0.0,0,0,6.510999999591149,"[0.8397195027287278, 0.22554502927883952, -0.323916740592451, -1.3788849546884916, 0.316987010355366, 2.161451278547225, -0.6650554758347188]","[0.8397195027287278, 0.22554502927883952, -0.323916740592451, -1.3788849546884916, 0.316987010355366, 2.161451278547225, -0.6650554758347188]","[0.8507001703105341, 0.22933364672288387, -0.33842563063504844, -1.3780032309635795, 0.32865272680168006, 2.164145798041803, -0.6645979328698001]"
single_block,0.5,1,200,200,1,guarded,scripted_non_learned_reference,False,,False,False,0.0,0.0,0.0,0,0,8.270199999969918,"[0.8507001703105341, 0.22933364672288387, -0.33842563063504844, -1.3780032309635795, 0.32865272680168006, 2.164145798041803, -0.6645979328698001]","[0.8507001703105341, 0.22933364672288387, -0.33842563063504844, -1.3780032309635795, 0.32865272680168006, 2.164145798041803, -0.6645979328698001]","[0.8616648315664635, 0.23312803657741374, -0.3529142224093702, -1.3771290318258553, 0.34029433035450746, 2.1668317870391367, -0.6641417299469266]"
single_block,0.5,1,201,201,1,guarded,scripted_non_learned_reference,False,,False,False,0.0,0.0,0.0,0,0,7.978999994520564,"[0.8616648315664635, 0.23312803657741374, -0.3529142224093702, -1.3771290318258553, 0.34029433035450746, 2.1668317870391367, -0.6641417299469266]","[0.8616648315664635, 0.23312803657741374, -0.3529142224093702, -1.3771290318258553, 0.34029433035450746, 2.1668317870391367, -0.6641417299469266]","[0.8726459303262706, 0.23693135585448272, -0.36742286196278534, -1.3762565591789997, 0.35196078683671095, 2.1695238926263407, -0.6636838565558209]"
single_block,0.5,1,202,202,1,guarded,scripted_non_learned_reference,False,,False,False,0.0,0.0,0.0,0,0,8.087900001555681,"[0.8726459303262706, 0.23693135585448272, -0.36742286196278534, -1.3762565591789997, 0.35196078683671095, 2.1695238926263407, -0.6636838565558209]","[0.8726459303262706, 0.23693135585448272, -0.36742286196278534, -1.3762565591789997, 0.35196078683671095, 2.1695238926263407, -0.6636838565558209]","[0.8836303378175863, 0.24073713142396833, -0.38193399146856416, -1.375383154765659, 0.36363307851822585, 2.172219219248358, -0.6632251343615676]"
single_block,0.5,1,203,203,1,guarded,scripted_non_learned_reference,False,,False,False,0.0,0.0,0.0,0,0,6.627399998251349,"[0.8836303378175863, 0.24073713142396833, -0.38193399146856416, -1.375383154765659, 0.36363307851822585, 2.172219219248358, -0.6632251343615676]","[0.8836303378175863, 0.24073713142396833, -0.38193399146856416, -1.375383154765659, 0.36363307851822585, 2.172219219248358, -0.6632251343615676]","[0.8945973346834988, 0.2445331436562967, -0.3964173987818359, -1.3745106173401438, 0.37527245725853486, 2.174903425492989, -0.6627691820935112]"
single_block,0.5,1,204,204,1,guarded,scripted_non_learned_reference,False,,False,False,0.0,0.0,0.0,0,0,7.2253999969689175,"[0.8945973346834988, 0.2445331436562967, -0.3964173987818359, -1.3745106173401438, 0.37527245725853486, 2.174903425492989, -0.6627691820935112]","[0.8945973346834988, 0.2445331436562967, -0.3964173987818359, -1.3745106173401438, 0.37527245725853486, 2.174903425492989, -0.6627691820935112]","[0.9055823039339214, 0.24832693179494683, -0.4109217359525839, -1.3736318888976204, 0.38693819976066707, 2.1775958339495776, -0.6623116666338428]"
single_block,0.5,1,205,205,1,guarded,scripted_non_learned_reference,False,,False,False,0.0,0.0,0.0,0,0,6.691999995382503,"[0.9055823039339214, 0.24832693179494683, -0.4109217359525839, -1.3736318888976204, 0.38693819976066707, 2.1775958339495776, -0.6623116666338428]","[0.9055823039339214, 0.24832693179494683, -0.4109217359525839, -1.3736318888976204, 0.38693819976066707, 2.1775958339495776, -0.6623116666338428]","[0.9165524969889955, 0.2521113991670286, -0.42540527485948865, -1.3727498010249524, 0.39858044770196127, 2.180283803017836, -0.661855576566604]"
single_block,0.5,1,206,206,1,guarded,scripted_non_learned_reference,False,,False,False,0.0,0.0,0.0,0,0,6.782000004022848,"[0.9165524969889955, 0.2521113991670286, -0.42540527485948865, -1.3727498010249524, 0.39858044770196127, 2.180283803017836, -0.661855576566604]","[0.9165524969889955, 0.2521113991670286, -0.42540527485948865, -1.3727498010249524, 0.39858044770196127, 2.180283803017836, -0.661855576566604]","[0.9275379224538998, 0.25589588376193173, -0.43991116818691267, -1.3718630346216882, 0.41024785061298136, 2.1829805215020093, -0.6613978422171486]"
single_block,0.5,1,207,207,1,guarded,scripted_non_learned_reference,False,,False,False,0.0,0.0,0.0,0,0,7.006599997112062,"[0.9275379224538998, 0.25589588376193173, -0.43991116818691267, -1.3718630346216882, 0.41024785061298136, 2.1829805215020093, -0.6613978422171486]","[0.9275379224538998, 0.25589588376193173, -0.43991116818691267, -1.3718630346216882, 0.41024785061298136, 2.1829805215020093, -0.6613978422171486]","[0.9385236992940976, 0.25968090732708504, -0.4544230024275435, -1.3709743721424252, 0.4219209838531862, 2.185681401297036, -0.6609392294439521]"
single_block,0.5,1,208,208,1,guarded,scripted_non_learned_reference,False,,False,False,0.0,0.0,0.0,0,0,12.714600001345389,"[0.9385236992940976, 0.25968090732708504, -0.4544230024275435, -1.3709743721424252, 0.4219209838531862, 2.185681401297036, -0.6609392294439521]","[0.9385236992940976, 0.25968090732708504, -0.4544230024275435, -1.3709743721424252, 0.4219209838531862, 2.185681401297036, -0.6609392294439521]","[0.9494883420194921, 0.26346115769546735, -0.4689098164385674, -1.3700910893130893, 0.4335608779583101, 2.1883701244896883, -0.6604833197175085]"
single_block,0.5,1,209,209,1,guarded,scripted_non_learned_reference,False,,False,False,0.0,0.0,0.0,0,0,7.271000002219807,"[0.9494883420194921, 0.26346115769546735, -0.4689098164385674, -1.3700910893130893, 0.4335608779583101, 2.1883701244896883, -0.6604833197175085]","[0.9494883420194921, 0.26346115769546735, -0.4689098164385674, -1.3700910893130893, 0.4335608779583101, 2.1883701244896883, -0.6604833197175085]","[0.9604683452446939, 0.26724887121632546, -0.48341996558275957, -1.3692089274369885, 0.4452266584180146, 2.191064769499843, -0.660025766222407]"
single_block,0.5,1,210,210,1,guarded,scripted_non_learned_reference,False,,False,False,0.0,0.0,0.0,0,0,7.387799996649846,"[0.9604683452446939, 0.26724887121632546, -0.48341996558275957, -1.3692089274369885, 0.4452266584180146, 2.191064769499843, -0.660025766222407]","[0.9604683452446939, 0.26724887121632546, -0.48341996558275957, -1.3692089274369885, 0.4452266584180146, 2.191064769499843, -0.660025766222407]","[0.9714330796650195, 0.27103639403361585, -0.49790855645501275, -1.3683302521571052, 0.456868496271897, 2.1937524460675246, -0.6595695854709861]"
single_block,0.5,1,211,211,1,guarded,scripted_non_learned_reference,False,,False,False,0.0,0.0,0.0,0,0,7.231899995531421,"[0.9714330796650195, 0.27103639403361585, -0.49790855645501275, -1.3683302521571052, 0.456868496271897, 2.1937524460675246, -0.6595695854709861]","[0.9714330796650195, 0.27103639403361585, -0.49790855645501275, -1.3683302521571052, 0.456868496271897, 2.1937524460675246, -0.6595695854709861]","[0.9824145830706931, 0.27483110662281873, -0.5124174982605229, -1.3674516094036688, 0.4685352897532169, 2.19644683805749, -0.6591117478402533]"
single_block,0.5,1,212,212,1,guarded,scripted_non_learned_reference,False,,False,False,0.0,0.0,0.0,0,0,6.835699998191558,"[0.9824145830706931, 0.27483110662281873, -0.5124174982605229, -1.3674516094036688, 0.4685352897532169, 2.19644683805749, -0.6591117478402533]","[0.9824145830706931, 0.27483110662281873, -0.5124174982605229, -1.3674516094036688, 0.4685352897532169, 2.19644683805749, -0.6591117478402533]","[0.9933995416035746, 0.2786289923509056, -0.5269291591736233, -1.3665722263794544, 0.48020780718035655, 2.1991444111022824, -0.6586530590830261]"
single_block,0.5,1,213,213,1,guarded,scripted_non_learned_reference,False,,False,False,0.0,0.0,0.0,0,0,6.793300002755132,"[0.9933995416035746, 0.2786289923509056, -0.5269291591736233, -1.3665722263794544, 0.48020780718035655, 2.1991444111022824, -0.6586530590830261]","[0.9933995416035746, 0.2786289923509056, -0.5269291591736233, -1.3665722263794544, 0.48020780718035655, 2.1991444111022824, -0.6586530590830261]","[1.0043666390200308, 0.28241933535580344, -0.5414121286212265, -1.365695678145717, 0.49184739174948583, 2.2018300945448863, -0.6581971346180584]"
single_block,0.5,1,214,214,1,guarded,scripted_non_learned_reference,False,,False,False,0.0,0.0,0.0,0,0,11.613400005444419,"[1.0043666390200308, 0.28241933535580344, -0.5414121286212265, -1.365695678145717, 0.49184739174948583, 2.2018300945448863, -0.6581971346180584]","[1.0043666390200308, 0.28241933535580344, -0.5414121286212265, -1.365695678145717, 0.49184739174948583, 2.2018300945448863, -0.6581971346180584]","[1.0153513919344783, 0.28621275199919183, -0.5559172387903781, -1.3648162976595168, 0.5035131985621167, 2.2045227335460003, -0.6577396184605484]"
single_block,0.5,1,215,215,1,guarded,scripted_non_learned_reference,False,,False,False,0.0,0.0,0.0,0,0,7.97029999375809,"[1.0153513919344783, 0.28621275199919183, -0.5559172387903781, -1.3648162976595168, 0.5035131985621167, 2.2045227335460003, -0.6577396184605484]","[1.0153513919344783, 0.28621275199919183, -0.5559172387903781, -1.3648162976595168, 0.5035131985621167, 2.2045227335460003, -0.6577396184605484]","[1.0263211328325172, 0.29000002437474215, -0.5704009214497856, -1.3639360226655464, 0.5151552760431228, 2.207210005059556, -0.6572835104766219]"
single_block,0.5,1,216,216,1,guarded,scripted_non_learned_reference,False,,False,False,0.0,0.0,0.0,0,0,7.4071999988518655,"[1.0263211328325172, 0.29000002437474215, -0.5704009214497856, -1.3639360226655464, 0.5151552760431228, 2.207210005059556, -0.6572835104766219]","[1.0263211328325172, 0.29000002437474215, -0.5704009214497856, -1.3639360226655464, 0.5151552760431228, 2.207210005059556, -0.6572835104766219]","[1.03730602733578, 0.2937904918155753, -0.5849072872896316, -1.3630531257292067, 0.5268224179647285, 2.209905264161828, -0.6568257449110889]"
single_block,0.5,1,217,217,1,guarded,scripted_non_learned_reference,False,,False,False,0.0,0.0,0.0,0,0,6.528899997647386,"[1.03730602733578, 0.2937904918155753, -0.5849072872896316, -1.3630531257292067, 0.5268224179647285, 2.209905264161828, -0.6568257449110889]","[1.03730602733578, 0.2937904918155753, -0.5849072872896316, -1.3630531257292067, 0.5268224179647285, 2.209905264161828, -0.6568257449110889]","[1.0482917964362641, 0.297581972180123, -0.5994193551371922, -1.3621685826979184, 0.5384952126568541, 2.212604576864075, -0.6563671024243393]"
single_block,0.5,1,218,218,1,guarded,scripted_non_learned_reference,False,,False,False,0.0,0.0,0.0,0,0,6.219900002179202,"[1.0482917964362641, 0.297581972180123, -0.5994193551371922, -1.3621685826979184, 0.5384952126568541, 2.212604576864075, -0.6563671024243393]","[1.0482917964362641, 0.297581972180123, -0.5994193551371922, -1.3621685826979184, 0.5384952126568541, 2.212604576864075, -0.6563671024243393]","[1.0592569427551048, 0.30136579830623256, -0.6139047974157729, -1.3612878440188898, 0.5501349840219624, 2.2152921756657724, -0.6559111870134194]"
single_block,0.5,1,219,219,1,guarded,scripted_non_learned_reference,False,,False,False,0.0,0.0,0.0,0,0,6.59050000103889,"[1.0592569427551048, 0.30136579830623256, -0.6139047974157729, -1.3612878440188898, 0.5501349840219624, 2.2152921756657724, -0.6559111870134194]","[1.0592569427551048, 0.30136579830623256, -0.6139047974157729, -1.3612878440188898, 0.5501349840219624, 2.2152921756657724, -0.6559111870134194]","[1.070237804023694, 0.30515538019760324, -0.6284143785472678, -1.3604067640901063, 0.5618008191454109, 2.217986226167903, -0.6554536358396823]"
single_block,0.5,1,220,220,1,guarded,scripted_non_learned_reference,False,,False,False,0.0,0.0,0.0,0,0,6.074199998693075,"[1.070237804023694, 0.30515538019760324, -0.6284143785472678, -1.3604067640901063, 0.5618008191454109, 2.217986226167903, -0.6554536358396823]","[1.070237804023694, 0.30515538019760324, -0.6284143785472678, -1.3604067640901063, 0.5618008191454109, 2.217986226167903, -0.6554536358396823]","[1.0812034122949405, 0.30894139378986846, -0.6429021111398028, -1.359526910615718, 0.5734427446880913, 2.22067419306617, -0.6549974735325559]"
single_block,0.5,1,221,221,1,guarded,scripted_non_learned_reference,False,,False,False,0.0,0.0,0.0,0,0,6.852900005469564,"[1.0812034122949405, 0.30894139378986846, -0.6429021111398028, -1.359526910615718, 0.5734427446880913, 2.22067419306617, -0.6549974735325559]","[1.0812034122949405, 0.30894139378986846, -0.6429021111398028, -1.359526910615718, 0.5734427446880913, 2.22067419306617, -0.6549974735325559]","[1.0921851652770371, 0.3127336413735732, -0.6574113392270841, -1.3586462744006749, 0.585109667161249, 2.223369290355203, -0.6545396516490495]"
single_block,0.5,1,222,222,1,guarded,scripted_non_learned_reference,False,,False,False,0.0,0.0,0.0,0,0,7.109199999831617,"[1.0921851652770371, 0.3127336413735732, -0.6574113392270841, -1.3586462744006749, 0.585109667161249, 2.223369290355203, -0.6545396516490495]","[1.0921851652770371, 0.3127336413735732, -0.6574113392270841, -1.3586462744006749, 0.585109667161249, 2.223369290355203, -0.6545396516490495]","[1.1031699322047341, 0.31652855580131517, -0.6719241617624957, -1.3577644750093947, 0.5967822241933008, 2.226067862931235, -0.6540809732594284]"
single_block,0.5,1,223,223,1,guarded,scripted_non_learned_reference,False,,False,False,0.0,0.0,0.0,0,0,6.793700005800929,"[1.1031699322047341, 0.31652855580131517, -0.6719241617624957, -1.3577644750093947, 0.5967822241933008, 2.226067862931235, -0.6540809732594284]","[1.1031699322047341, 0.31652855580131517, -0.6719241617624957, -1.3577644750093947, 0.5967822241933008, 2.226067862931235, -0.6540809732594284]","[1.1141364003427168, 0.32031539795991093, -0.6864076653081168, -1.3568855345390387, 0.6084219099026484, 2.228754501126296, -0.6536250594676144]"
single_block,0.5,1,224,224,1,guarded,scripted_non_learned_reference,False,,False,False,0.0,0.0,0.0,0,0,6.446900006267242,"[1.1141364003427168, 0.32031539795991093, -0.6864076653081168, -1.3568855345390387, 0.6084219099026484, 2.228754501126296, -0.6536250594676144]","[1.1141364003427168, 0.32031539795991093, -0.6864076653081168, -1.3568855345390387, 0.6084219099026484, 2.228754501126296, -0.6536250594676144]","[1.125120103056174, 0.32410778672077184, -0.7009143557621808, -1.3560054132905195, 0.6200877880375266, 2.2314475748641365, -0.653167531728119]"
single_block,0.5,1,225,225,1,guarded,scripted_non_learned_reference,False,,False,False,0.0,0.0,0.0,0,0,6.6214999969815835,"[1.125120103056174, 0.32410778672077184, -0.7009143557621808, -1.3560054132905195, 0.6200877880375266, 2.2314475748641365, -0.653167531728119]","[1.125120103056174, 0.32410778672077184, -0.7009143557621808, -1.3560054132905195, 0.6200877880375266, 2.2314475748641365, -0.653167531728119]","[1.1360889809858457, 0.3278949622227549, -0.7153988724674624, -1.3551251200957268, 0.6317297941684428, 2.2341349730373437, -0.6527114106271195]"
single_block,0.5,1,226,226,1,guarded,scripted_non_learned_reference,False,,False,False,0.0,0.0,0.0,0,0,6.124200001067948,"[1.1360889809858457, 0.3278949622227549, -0.7153988724674624, -1.3551251200957268, 0.6317297941684428, 2.2341349730373437, -0.6527114106271195]","[1.1360889809858457, 0.3278949622227549, -0.7153988724674624, -1.3551251200957268, 0.6317297941684428, 2.2341349730373437, -0.6527114106271195]","[1.1470730961565978, 0.3316875561353893, -0.729906042788953, -1.354243635965763, 0.6433968130089219, 2.2368298347625277, -0.6522536235272489]"
single_block,0.5,1,227,227,1,guarded,scripted_non_learned_reference,False,,False,False,0.0,0.0,0.0,0,0,6.067400005122181,"[1.1470730961565978, 0.3316875561353893, -0.729906042788953, -1.354243635965763, 0.6433968130089219, 2.2368298347625277, -0.6522536235272489]","[1.1470730961565978, 0.3316875561353893, -0.729906042788953, -1.354243635965763, 0.6433968130089219, 2.2368298347625277, -0.6522536235272489]","[1.1580588389991668, 0.33548188914401805, -0.7444184247467114, -1.3533607820200668, 0.6550694064054258, 2.2395285833136507, -0.651794965420025]"
single_block,0.5,1,228,228,1,guarded,scripted_non_learned_reference,False,,False,False,0.0,0.0,0.0,0,0,6.1161999983596615,"[1.1580588389991668, 0.33548188914401805, -0.7444184247467114, -1.3533607820200668, 0.6550694064054258, 2.2395285833136507, -0.651794965420025]","[1.1580588389991668, 0.33548188914401805, -0.7444184247467114, -1.3533607820200668, 0.6550694064054258, 2.2395285833136507, -0.651794965420025]","[1.1690247905459379, 0.33926705102549587, -0.7589025547873065, -1.352480717438879, 0.6667091408382317, 2.242215710676954, -0.6513390567347696]"
single_block,0.5,1,229,229,1,guarded,scripted_non_learned_reference,False,,False,False,0.0,0.0,0.0,0,0,6.511899999168236,"[1.1690247905459379, 0.33926705102549587, -0.7589025547873065, -1.352480717438879, 0.6667091408382317, 2.242215710676954, -0.6513390567347696]","[1.1690247905459379, 0.33926705102549587, -0.7589025547873065, -1.352480717438879, 0.6667091408382317, 2.242215710676954, -0.6513390567347696]","[1.1800065978521588, 0.3430582584943081, -0.7734113559027374, -1.3516003841155733, 0.6783750358061013, 2.244909279157846, -0.6508815081555025]"
single_block,0.5,1,230,230,1,guarded,scripted_non_learned_reference,False,,False,False,0.0,0.0,0.0,0,0,6.856199994217604,"[1.1800065978521588, 0.3430582584943081, -0.7734113559027374, -1.3516003841155733, 0.6783750358061013, 2.244909279157846, -0.6508815081555025]","[1.1800065978521588, 0.3430582584943081, -0.7734113559027374, -1.3516003841155733, 0.6783750358061013, 2.244909279157846, -0.6508815081555025]","[1.1909732897774978, 0.3468442062069197, -0.7878980976420796, -1.350720052123051, 0.6900169940266542, 2.2475972073678534, -0.650425361614526]"
single_block,0.5,1,231,231,1,guarded,scripted_non_learned_reference,False,,False,False,0.0,0.0,0.0,0,0,5.8389999976498075,"[1.1909732897774978, 0.3468442062069197, -0.7878980976420796, -1.350720052123051, 0.6900169940266542, 2.2475972073678534, -0.650425361614526]","[1.1909732897774978, 0.3468442062069197, -0.7878980976420796, -1.350720052123051, 0.6900169940266542, 2.2475972073678534, -0.650425361614526]","[1.1998190839151317, 0.3499454741547231, -0.7993837784291714, -1.3498400305586042, 0.6994393016100393, 2.249948435673103, -0.6500283923599908]"
single_block,0.5,1,232,232,1,guarded,scripted_non_learned_reference,False,,False,False,0.0,0.0,0.0,0,0,6.758700001228135,"[1.1998190839151317, 0.3499454741547231, -0.7993837784291714, -1.3498400305586042, 0.6994393016100393, 2.249948435673103, -0.6500283923599908]","[1.1998190839151317, 0.3499454741547231, -0.7993837784291714, -1.3498400305586042, 0.6994393016100393, 2.249948435673103, -0.6500283923599908]","[1.2013839269235456, 0.3505528955839799, -0.8005936653511491, -1.3491422238067, 0.7010859139872666, 2.250858112622933, -0.6498815667537078]"
single_block,0.5,5,0,0,5,guarded,scripted_non_learned_reference,False,,False,False,0.0,0.0,0.0,0,0,7.6169999956618994,"[-6.2693832868740056e-12, -0.7499999999998369, -8.506348615428234e-12, -2.2499999999997313, -1.2208337480657592e-11, 1.5500000000003227, 0.7499999999998253]","[-6.2693832868740056e-12, -0.7499999999998369, -8.506348615428234e-12, -2.2499999999997313, -1.2208337480657592e-11, 1.5500000000003227, 0.7499999999998253]","[-0.012819366631728708, -0.7150033121814585, -0.010017167426773122, -2.1921697114557657, -0.015609828966060363, 1.5789868072002489, 0.6701847727368944]"
single_block,0.5,5,5,5,5,guarded,scripted_non_learned_reference,False,,False,False,0.0,0.0,0.0,0,0,6.78909999987809,"[-0.012819366631728708, -0.7150033121814585, -0.010017167426773122, -2.1921697114557657, -0.015609828966060363, 1.5789868072002489, 0.6701847727368944]","[-0.012819366631728708, -0.7150033121814585, -0.010017167426773122, -2.1921697114557657, -0.015609828966060363, 1.5789868072002489, 0.6701847727368944]","[-0.027408810821157162, -0.6802489397793626, -0.023098925093321072, -2.129201750758147, -0.032403307339403234, 1.6124898911706156, 0.5825732949305069]"
single_block,0.5,5,10,10,5,guarded,scripted_non_learned_reference,False,,False,False,0.0,0.0,0.0,0,0,7.177100000262726,"[-0.027408810821157162, -0.6802489397793626, -0.023098925093321072, -2.129201750758147, -0.032403307339403234, 1.6124898911706156, 0.5825732949305069]","[-0.027408810821157162, -0.6802489397793626, -0.023098925093321072, -2.129201750758147, -0.032403307339403234, 1.6124898911706156, 0.5825732949305069]","[-0.0407590787388845, -0.6444172573302067, -0.03382057060716374, -2.068940089218845, -0.04877242055425692, 1.6443428151873258, 0.49563231908106214]"
single_block,0.5,5,15,15,5,guarded,scripted_non_learned_reference,False,,False,False,0.0,0.0,0.0,0,0,6.380700004228856,"[-0.0407590787388845, -0.6444172573302067, -0.03382057060716374, -2.068940089218845, -0.04877242055425692, 1.6443428151873258, 0.49563231908106214]","[-0.0407590787388845, -0.6444172573302067, -0.03382057060716374, -2.068940089218845, -0.04877242055425692, 1.6443428151873258, 0.49563231908106214]","[-0.0545571701483257, -0.6092265644526333, -0.045417851008401657, -2.0080106084743843, -0.06525786596136322, 1.6763922027980556, 0.4088328548055164]"
single_block,0.5,5,20,20,5,guarded,scripted_non_learned_reference,False,,False,False,0.0,0.0,0.0,0,0,6.611099997826386,"[-0.0545571701483257, -0.6092265644526333, -0.045417851008401657, -2.0080106084743843, -0.06525786596136322, 1.6763922027980556, 0.4088328548055164]","[-0.0545571701483257, -0.6092265644526333, -0.045417851008401657, -2.0080106084743843, -0.06525786596136322, 1.6763922027980556, 0.4088328548055164]","[-0.06823816633849067, -0.5738759960756797, -0.056773532468390564, -1.9471158818038632, -0.08174579927282155, 1.7085474202416195, 0.3216019877966445]"
single_block,0.5,5,25,25,5,guarded,scripted_non_learned_reference,False,,False,False,0.0,0.0,0.0,0,0,6.716299998515751,"[-0.06823816633849067, -0.5738759960756797, -0.056773532468390564, -1.9471158818038632, -0.08174579927282155, 1.7085474202416195, 0.3216019877966445]","[-0.06823816633849067, -0.5738759960756797, -0.056773532468390564, -1.9471158818038632, -0.08174579927282155, 1.7085474202416195, 0.3216019877966445]","[-0.08193474829369726, -0.5385218208022543, -0.06817062433131078, -1.886307654266599, -0.09821408762397439, 1.7405974935744915, 0.23466531068831284]"
single_block,0.5,5,30,30,5,guarded,scripted_non_learned_reference,False,,False,False,0.0,0.0,0.0,0,0,7.462399997166358,"[-0.08193474829369726, -0.5385218208022543, -0.06817062433131078, -1.886307654266599, -0.09821408762397439, 1.7405974935744915, 0.23466531068831284]","[-0.08193474829369726, -0.5385218208022543, -0.06817062433131078, -1.886307654266599, -0.09821408762397439, 1.7405974935744915, 0.23466531068831284]","[-0.09563650432384915, -0.5031844402052726, -0.07956973817059299, -1.8254335021114223, -0.11469684551111324, 1.7727092621438045, 0.1475713591402632]"
single_block,0.5,5,35,35,5,guarded,scripted_non_learned_reference,False,,False,False,0.0,0.0,0.0,0,0,6.072099997254554,"[-0.09563650432384915, -0.5031844402052726, -0.07956973817059299, -1.8254335021114223, -0.11469684551111324, 1.7727092621438045, 0.1475713591402632]","[-0.09563650432384915, -0.5031844402052726, -0.07956973817059299, -1.8254335021114223, -0.11469684551111324, 1.7727092621438045, 0.1475713591402632]","[-0.10932813855221607, -0.4678487940783142, -0.09095613168309395, -1.76460796413624, -0.1311636982621149, 1.8047668102726648, 0.06063452596863825]"
single_block,0.5,5,40,40,5,guarded,scripted_non_learned_reference,False,,False,False,0.0,0.0,0.0,0,0,5.92490000417456,"[-0.10932813855221607, -0.4678487940783142, -0.09095613168309395, -1.76460796413624, -0.1311636982621149, 1.8047668102726648, 0.06063452596863825]","[-0.10932813855221607, -0.4678487940783142, -0.09095613168309395, -1.76460796413624, -0.1311636982621149, 1.8047668102726648, 0.06063452596863825]","[-0.12301587317050001, -0.43251525937759827, -0.10233878965172775, -1.7038030202369778, -0.14761900902222788, 1.8367887648305077, -0.026168543907214254]"
single_block,0.5,5,45,45,5,guarded,scripted_non_learned_reference,False,,False,False,0.0,0.0,0.0,0,0,6.065299996407703,"[-0.12301587317050001, -0.43251525937759827, -0.10233878965172775, -1.7038030202369778, -0.14761900902222788, 1.8367887648305077, -0.026168543907214254]","[-0.12301587317050001, -0.43251525937759827, -0.10233878965172775, -1.7038030202369778, -0.14761900902222788, 1.8367887648305077, -0.026168543907214254]","[-0.13672550390502464, -0.39717261070759696, -0.11374797632120442, -1.6429066574439624, -0.16411509479152825, 1.8689397949425581, -0.11339844664266285]"
single_block,0.5,5,50,50,5,guarded,scripted_non_learned_reference,False,,False,False,0.0,0.0,0.0,0,0,7.277400000020862,"[-0.13672550390502464, -0.39717261070759696, -0.11374797632120442, -1.6429066574439624, -0.16411509479152825, 1.8689397949425581, -0.11339844664266285]","[-0.13672550390502464, -0.39717261070759696, -0.11374797632120442, -1.6429066574439624, -0.16411509479152825, 1.8689397949425581, -0.11339844664266285]","[-0.15041447127416105, -0.3618348887611916, -0.12512983256521232, -1.5820831352105058, -0.1805813974779208, 1.9009966392112132, -0.20033541105967848]"
single_block,0.5,5,55,55,5,guarded,scripted_non_learned_reference,False,,False,False,0.0,0.0,0.0,0,0,7.405099997413345,"[-0.15041447127416105, -0.3618348887611916, -0.12512983256521232, -1.5820831352105058, -0.1805813974779208, 1.9009966392112132, -0.20033541105967848]","[-0.15041447127416105, -0.3618348887611916, -0.12512983256521232, -1.5820831352105058, -0.1805813974779208, 1.9009966392112132, -0.20033541105967848]","[-0.1641161216773095, -0.3264863896399701, -0.13652903156327603, -1.521219358219683, -0.19706455343348883, 1.9331048976602099, -0.28742931621051]"
single_block,0.5,5,60,60,5,guarded,scripted_non_learned_reference,False,,False,False,0.0,0.0,0.0,0,0,6.749699998181313,"[-0.1641161216773095, -0.3264863896399701, -0.13652903156327603, -1.521219358219683, -0.19706455343348883, 1.9331048976602099, -0.28742931621051]","[-0.1641161216773095, -0.3264863896399701, -0.13652903156327603, -1.521219358219683, -0.19706455343348883, 1.9331048976602099, -0.28742931621051]","[-0.17780767415273574, -0.291155799950018, -0.14791541984055598, -1.460388563645853, -0.21353161075203722, 1.9651650964674583, -0.3743661501844551]"
single_block,0.5,5,65,65,5,guarded,scripted_non_learned_reference,False,,False,False,0.0,0.0,0.0,0,0,6.84940000064671,"[-0.17780767415273574, -0.291155799950018, -0.14791541984055598, -1.460388563645853, -0.21353161075203722, 1.9651650964674583, -0.3743661501844551]","[-0.17780767415273574, -0.291155799950018, -0.14791541984055598, -1.460388563645853, -0.21353161075203722, 1.9651650964674583, -0.3743661501844551]","[-0.191494531753965, -0.25582232865087595, -0.15929733984159694, -1.3995820854090828, -0.22998712731273, 1.9971888894633718, -0.4611692396122622]"
single_block,0.5,5,70,70,5,guarded,scripted_non_learned_reference,False,,False,False,0.0,0.0,0.0,0,0,7.42290000198409,"[-0.191494531753965, -0.25582232865087595, -0.15929733984159694, -1.3995820854090828, -0.22998712731273, 1.9971888894633718, -0.4611692396122622]","[-0.191494531753965, -0.25582232865087595, -0.15929733984159694, -1.3995820854090828, -0.22998712731273, 1.9971888894633718, -0.4611692396122622]","[-0.20503453808222705, -0.2298231894758109, -0.15662521360897505, -1.3546125235063637, -0.24906177593068407, 2.023925578245242, -0.5290037886316686]"
single_block,0.5,5,75,75,5,guarded,scripted_non_learned_reference,False,,False,False,0.0,0.0,0.0,0,0,6.360599996696692,"[-0.20503453808222705, -0.2298231894758109, -0.15662521360897505, -1.3546125235063637, -0.24906177593068407, 2.023925578245242, -0.5290037886316686]","[-0.20503453808222705, -0.2298231894758109, -0.15662521360897505, -1.3546125235063637, -0.24906177593068407, 2.023925578245242, -0.5290037886316686]","[-0.1866991676756637, -0.22298303484502394, -0.07282389330471507, -1.3520040964407423, -0.2685874169807124, 2.0342716250995556, -0.5440119063076593]"
single_block,0.5,5,80,80,5,guarded,scripted_non_learned_reference,False,,False,False,0.0,0.0,0.0,0,0,6.306399998720735,"[-0.1866991676756637, -0.22298303484502394, -0.07282389330471507, -1.3520040964407423, -0.2685874169807124, 2.0342716250995556, -0.5440119063076593]","[-0.1866991676756637, -0.22298303484502394, -0.07282389330471507, -1.3520040964407423, -0.2685874169807124, 2.0342716250995556, -0.5440119063076593]","[-0.17462432093009256, -0.2127713538402867, 0.0012262080685450187, -1.3501830805688344, -0.2891562279310145, 2.044577390892915, -0.5580936125685726]"
single_block,0.5,5,85,85,5,guarded,scripted_non_learned_reference,False,,False,False,0.0,0.0,0.0,0,0,6.828600002336316,"[-0.17462432093009256, -0.2127713538402867, 0.0012262080685450187, -1.3501830805688344, -0.2891562279310145, 2.044577390892915, -0.5580936125685726]","[-0.17462432093009256, -0.2127713538402867, 0.0012262080685450187, -1.3501830805688344, -0.2891562279310145, 2.044577390892915, -0.5580936125685726]","[-0.16470277095751443, -0.20605784190833099, 0.07200499924912095, -1.3462245691942303, -0.3101324179792885, 2.0550971519699788, -0.5720659063683949]"
single_block,0.5,5,90,90,5,guarded,scripted_non_learned_reference,False,,False,False,0.0,0.0,0.0,0,0,9.131799997703638,"[-0.16470277095751443, -0.20605784190833099, 0.07200499924912095, -1.3462245691942303, -0.3101324179792885, 2.0550971519699788, -0.5720659063683949]","[-0.16470277095751443, -0.20605784190833099, 0.07200499924912095, -1.3462245691942303, -0.3101324179792885, 2.0550971519699788, -0.5720659063683949]","[-0.15324875438710828, -0.19868323831093973, 0.14509693055925024, -1.3427233157446157, -0.3308353678211917, 2.0657822258789222, -0.5860567834826914]"
single_block,0.5,5,95,95,5,guarded,scripted_non_learned_reference,False,,False,False,0.0,0.0,0.0,0,0,6.713700000545941,"[-0.15324875438710828, -0.19868323831093973, 0.14509693055925024, -1.3427233157446157, -0.3308353678211917, 2.0657822258789222, -0.5860567834826914]","[-0.15324875438710828, -0.19868323831093973, 0.14509693055925024, -1.3427233157446157, -0.3308353678211917, 2.0657822258789222, -0.5860567834826914]","[-0.14227378831436704, -0.19077127372057692, 0.21754184286205053, -1.339539902544559, -0.3516581913142021, 2.0762901719805402, -0.6001081301839761]"
single_block,0.5,5,100,100,5,guarded,scripted_non_learned_reference,False,,False,False,0.0,0.0,0.0,0,0,6.402700004400685,"[-0.14227378831436704, -0.19077127372057692, 0.21754184286205053, -1.339539902544559, -0.3516581913142021, 2.0762901719805402, -0.6001081301839761]","[-0.14227378831436704, -0.19077127372057692, 0.21754184286205053, -1.339539902544559, -0.3516581913142021, 2.0762901719805402, -0.6001081301839761]","[-0.13126596118106656, -0.18316045466208772, 0.28997914157737814, -1.3361638998149528, -0.37244542399106667, 2.0868369799409154, -0.6141113146699687]"
single_block,0.5,5,105,105,5,guarded,scripted_non_learned_reference,False,,False,False,0.0,0.0,0.0,0,0,6.59540000197012,"[-0.13126596118106656, -0.18316045466208772, 0.28997914157737814, -1.3361638998149528, -0.37244542399106667, 2.0868369799409154, -0.6141113146699687]","[-0.13126596118106656, -0.18316045466208772, 0.28997914157737814, -1.3361638998149528, -0.37244542399106667, 2.0868369799409154, -0.6141113146699687]","[-0.12019121636080801, -0.17557890322360387, 0.36254179225409194, -1.3327753871660124, -0.393242447630527, 2.097420939735671, -0.6281412119999732]"
single_block,0.5,5,110,110,5,guarded,scripted_non_learned_reference,False,,False,False,0.0,0.0,0.0,0,0,6.379299993568566,"[-0.12019121636080801, -0.17557890322360387, 0.36254179225409194, -1.3327753871660124, -0.393242447630527, 2.097420939735671, -0.6281412119999732]","[-0.12019121636080801, -0.17557890322360387, 0.36254179225409194, -1.3327753871660124, -0.393242447630527, 2.097420939735671, -0.6281412119999732]","[-0.10917548734556448, -0.16792484679142783, 0.43499346967622526, -1.3294272110144016, -0.41402710228752077, 2.1079656113916965, -0.6421449534623931]"
single_block,0.5,5,115,115,5,guarded,scripted_non_learned_reference,False,,False,False,0.0,0.0,0.0,0,0,6.136600000900216,"[-0.10917548734556448, -0.16792484679142783, 0.43499346967622526, -1.3294272110144016, -0.41402710228752077, 2.1079656113916965, -0.6421449534623931]","[-0.10917548734556448, -0.16792484679142783, 0.43499346967622526, -1.3294272110144016, -0.41402710228752077, 2.1079656113916965, -0.6421449534623931]","[-0.07467135613303025, -0.1543246936775719, 0.496495052883829, -1.3334978952661742, -0.4310244914203427, 2.1009442812568695, -0.6563269163590002]"
single_block,0.5,5,120,120,5,guarded,scripted_non_learned_reference,False,,False,False,0.0,0.0,0.0,0,0,6.265700001677033,"[-0.07467135613303025, -0.1543246936775719, 0.496495052883829, -1.3334978952661742, -0.4310244914203427, 2.1009442812568695, -0.6563269163590002]","[-0.07467135613303025, -0.1543246936775719, 0.496495052883829, -1.3334978952661742, -0.4310244914203427, 2.1009442812568695, -0.6563269163590002]","[0.0014766678571971848, -0.09911370284203405, 0.55557423763055, -1.3793843141510227, -0.43971109052030505, 2.054520619287251, -0.6713442780072787]"
single_block,0.5,5,125,125,5,guarded,scripted_non_learned_reference,False,,False,False,0.0,0.0,0.0,0,0,6.451700006437022,"[0.0014766678571971848, -0.09911370284203405, 0.55557423763055, -1.3793843141510227, -0.43971109052030505, 2.054520619287251, -0.6713442780072787]","[0.0014766678571971848, -0.09911370284203405, 0.55557423763055, -1.3793843141510227, -0.43971109052030505, 2.054520619287251, -0.6713442780072787]","[0.07087042851656995, -0.048980893525703534, 0.6051711611158024, -1.4179192127460658, -0.44955239499189, 2.0089678845675585, -0.6861519710602925]"
single_block,0.5,5,130,130,5,guarded,scripted_non_learned_reference,False,,False,False,0.0,0.0,0.0,0,0,6.3383000015164725,"[0.07087042851656995, -0.048980893525703534, 0.6051711611158024, -1.4179192127460658, -0.44955239499189, 2.0089678845675585, -0.6861519710602925]","[0.07087042851656995, -0.048980893525703534, 0.6051711611158024, -1.4179192127460658, -0.44955239499189, 2.0089678845675585, -0.6861519710602925]","[0.15023481349575216, -0.013893369078168603, 0.6212245325242668, -1.4447763504423015, -0.4283296106769676, 1.9879406957687102, -0.694682971377759]"
single_block,0.5,5,135,135,5,guarded,scripted_non_learned_reference,False,,False,False,0.0,0.0,0.0,0,0,6.147300002339762,"[0.15023481349575216, -0.013893369078168603, 0.6212245325242668, -1.4447763504423015, -0.4283296106769676, 1.9879406957687102, -0.694682971377759]","[0.15023481349575216, -0.013893369078168603, 0.6212245325242668, -1.4447763504423015, -0.4283296106769676, 1.9879406957687102, -0.694682971377759]","[0.19095668580742697, -0.0013942448692009105, 0.5315852769703284, -1.4280424489580221, -0.37214760566741156, 2.0030642267793346, -0.6921217393890562]"
single_block,0.5,5,140,140,5,guarded,scripted_non_learned_reference,False,,False,False,0.0,0.0,0.0,0,0,6.461000004492234,"[0.19095668580742697, -0.0013942448692009105, 0.5315852769703284, -1.4280424489580221, -0.37214760566741156, 2.0030642267793346, -0.6921217393890562]","[0.19095668580742697, -0.0013942448692009105, 0.5315852769703284, -1.4280424489580221, -0.37214760566741156, 2.0030642267793346, -0.6921217393890562]","[0.24508397306805801, 0.022526472999970532, 0.45823657623736663, -1.427254192140216, -0.31399138863815185, 2.0151473251436727, -0.689827648685338]"
single_block,0.5,5,145,145,5,guarded,scripted_non_learned_reference,False,,False,False,0.0,0.0,0.0,0,0,7.295199997315649,"[0.24508397306805801, 0.022526472999970532, 0.45823657623736663, -1.427254192140216, -0.31399138863815185, 2.0151473251436727, -0.689827648685338]","[0.24508397306805801, 0.022526472999970532, 0.45823657623736663, -1.427254192140216, -0.31399138863815185, 2.0151473251436727, -0.689827648685338]","[0.3017859950265658, 0.03992826776139607, 0.3878364315472526, -1.4223030162846069, -0.25541445070650026, 2.0289930273164205, -0.6875686190916322]"
single_block,0.5,5,150,150,5,guarded,scripted_non_learned_reference,False,,False,False,0.0,0.0,0.0,0,0,6.851799997093622,"[0.3017859950265658, 0.03992826776139607, 0.3878364315472526, -1.4223030162846069, -0.25541445070650026, 2.0289930273164205, -0.6875686190916322]","[0.3017859950265658, 0.03992826776139607, 0.3878364315472526, -1.4223030162846069, -0.25541445070650026, 2.0289930273164205, -0.6875686190916322]","[0.3562851007678973, 0.058300116571460066, 0.31493265991885167, -1.4173791209227573, -0.1971912138428123, 2.042646989017736, -0.6852760678106325]"
single_block,0.5,5,155,155,5,guarded,scripted_non_learned_reference,False,,False,False,0.0,0.0,0.0,0,0,7.632900000317022,"[0.3562851007678973, 0.058300116571460066, 0.31493265991885167, -1.4173791209227573, -0.1971912138428123, 2.042646989017736, -0.6852760678106325]","[0.3562851007678973, 0.058300116571460066, 0.31493265991885167, -1.4173791209227573, -0.1971912138428123, 2.042646989017736, -0.6852760678106325]","[0.4110342478524758, 0.07791975115904616, 0.24223759184764082, -1.4134262640124973, -0.1388891112569035, 2.055946318248662, -0.6829856789235832]"
single_block,0.5,5,160,160,5,guarded,scripted_non_learned_reference,False,,False,False,0.0,0.0,0.0,0,0,6.388800000422634,"[0.4110342478524758, 0.07791975115904616, 0.24223759184764082, -1.4134262640124973, -0.1388891112569035, 2.055946318248662, -0.6829856789235832]","[0.4110342478524758, 0.07791975115904616, 0.24223759184764082, -1.4134262640124973, -0.1388891112569035, 2.055946318248662, -0.6829856789235832]","[0.465991581551283, 0.09670093730633866, 0.16985862187312545, -1.408935271605447, -0.0806125963175912, 2.0694320607311045, -0.6807025792482082]"
single_block,0.5,5,165,165,5,guarded,scripted_non_learned_reference,False,,False,False,0.0,0.0,0.0,0,0,5.875099996046629,"[0.465991581551283, 0.09670093730633866, 0.16985862187312545, -1.408935271605447, -0.0806125963175912, 2.0694320607311045, -0.6807025792482082]","[0.465991581551283, 0.09670093730633866, 0.16985862187312545, -1.408935271605447, -0.0806125963175912, 2.0694320607311045, -0.6807025792482082]","[0.5208699040559669, 0.11553036607229848, 0.09742818598556224, -1.4044678978307543, -0.022382831938337164, 2.0829056892410405, -0.678422088604644]"
single_block,0.5,5,170,170,5,guarded,scripted_non_learned_reference,False,,False,False,0.0,0.0,0.0,0,0,6.584600007045083,"[0.5208699040559669, 0.11553036607229848, 0.09742818598556224, -1.4044678978307543, -0.022382831938337164, 2.0829056892410405, -0.678422088604644]","[0.5208699040559669, 0.11553036607229848, 0.09742818598556224, -1.4044678978307543, -0.022382831938337164, 2.0829056892410405, -0.678422088604644]","[0.5757553552965824, 0.1345459865680773, 0.024862579161205486, -1.4001092598252352, 0.035976007077861805, 2.0963807996979607, -0.676129399662407]"
single_block,0.5,5,175,175,5,guarded,scripted_non_learned_reference,False,,False,False,0.0,0.0,0.0,0,0,6.203299999469891,"[0.5757553552965824, 0.1345459865680773, 0.024862579161205486, -1.4001092598252352, 0.035976007077861805, 2.0963807996979607, -0.676129399662407]","[0.5757553552965824, 0.1345459865680773, 0.024862579161205486, -1.4001092598252352, 0.035976007077861805, 2.0963807996979607, -0.676129399662407]","[0.6306409240248395, 0.15347492466008925, -0.047601007298327995, -1.3957063145100381, 0.09424427936797936, 2.109836287073734, -0.6738452697857179]"
single_block,0.5,5,180,180,5,guarded,scripted_non_learned_reference,False,,False,False,0.0,0.0,0.0,0,0,6.633199998759665,"[0.6306409240248395, 0.15347492466008925, -0.047601007298327995, -1.3957063145100381, 0.09424427936797936, 2.109836287073734, -0.6738452697857179]","[0.6306409240248395, 0.15347492466008925, -0.047601007298327995, -1.3957063145100381, 0.09424427936797936, 2.109836287073734, -0.6738452697857179]","[0.685540984969555, 0.17239798161116351, -0.12011050848335618, -1.3912902513405152, 0.15256447838902987, 2.123316108077238, -0.6715567714415959]"
single_block,0.5,5,185,185,5,guarded,scripted_non_learned_reference,False,,False,False,0.0,0.0,0.0,0,0,6.6539000035845675,"[0.685540984969555, 0.17239798161116351, -0.12011050848335618, -1.3912902513405152, 0.15256447838902987, 2.123316108077238, -0.6715567714415959]","[0.685540984969555, 0.17239798161116351, -0.12011050848335618, -1.3912902513405152, 0.15256447838902987, 2.123316108077238, -0.6715567714415959]","[0.7404160603173658, 0.19133645076046177, -0.19258528185065008, -1.386892088812687, 0.2108318830510277, 2.13677036744856, -0.6692724585787524]"
single_block,0.5,5,190,190,5,guarded,scripted_non_learned_reference,False,,False,False,0.0,0.0,0.0,0,0,6.881700006488245,"[0.7404160603173658, 0.19133645076046177, -0.19258528185065008, -1.386892088812687, 0.2108318830510277, 2.13677036744856, -0.6692724585787524]","[0.7404160603173658, 0.19133645076046177, -0.19258528185065008, -1.386892088812687, 0.2108318830510277, 2.13677036744856, -0.6692724585787524]","[0.7952842227328578, 0.21026433128828886, -0.2650291343742545, -1.382489705280577, 0.26905888757328317, 2.1502104461145404, -0.6669917710397358]"
single_block,0.5,5,195,195,5,guarded,scripted_non_learned_reference,False,,False,False,0.0,0.0,0.0,0,0,7.481799999368377,"[0.7952842227328578, 0.21026433128828886, -0.2650291343742545, -1.382489705280577, 0.26905888757328317, 2.1502104461145404, -0.6669917710397358]","[0.7952842227328578, 0.21026433128828886, -0.2650291343742545, -1.382489705280577, 0.26905888757328317, 2.1502104461145404, -0.6669917710397358]","[0.8501897741494867, 0.2292082859815987, -0.3375741884208568, -1.3780814589736397, 0.32741989591851894, 2.163700850721894, -0.664699440802478]"
single_block,0.5,5,200,200,5,guarded,scripted_non_learned_reference,False,,False,False,0.0,0.0,0.0,0,0,6.761000004189555,"[0.8501897741494867, 0.2292082859815987, -0.3375741884208568, -1.3780814589736397, 0.32741989591851894, 2.163700850721894, -0.664699440802478]","[0.8501897741494867, 0.2292082859815987, -0.3375741884208568, -1.3780814589736397, 0.32741989591851894, 2.163700850721894, -0.664699440802478]","[0.9050702391207771, 0.2481392208730639, -0.4100457872514294, -1.3736756522578384, 0.3856874556667156, 2.177155215950806, -0.6624152678420528]"
single_block,0.5,5,205,205,5,guarded,scripted_non_learned_reference,False,,False,False,0.0,0.0,0.0,0,0,7.169000004068948,"[0.9050702391207771, 0.2481392208730639, -0.4100457872514294, -1.3736756522578384, 0.3856874556667156, 2.177155215950806, -0.6624152678420528]","[0.9050702391207771, 0.2481392208730639, -0.4100457872514294, -1.3736756522578384, 0.3856874556667156, 2.177155215950806, -0.6624152678420528]","[0.9599698961715771, 0.2670813650333475, -0.482559425644005, -1.3692676313727206, 0.44400636381410374, 2.1906286118617446, -0.6601267139039403]"
single_block,0.5,5,210,210,5,guarded,scripted_non_learned_reference,False,,False,False,0.0,0.0,0.0,0,0,6.869299999380019,"[0.9599698961715771, 0.2670813650333475, -0.482559425644005, -1.3692676313727206, 0.44400636381410374, 2.1906286118617446, -0.6601267139039403]","[0.9599698961715771, 0.2670813650333475, -0.482559425644005, -1.3692676313727206, 0.44400636381410374, 2.1906286118617446, -0.6601267139039403]","[1.0148466224303654, 0.28601324306154396, -0.5550359671945075, -1.3648606611900325, 0.5022737476552338, 2.20408321626732, -0.6578424485035236]"
single_block,0.5,5,215,215,5,guarded,scripted_non_learned_reference,False,,False,False,0.0,0.0,0.0,0,0,7.249799993587658,"[1.0148466224303654, 0.28601324306154396, -0.5550359671945075, -1.3648606611900325, 0.5022737476552338, 2.20408321626732, -0.6578424485035236]","[1.0148466224303654, 0.28601324306154396, -0.5550359671945075, -1.3648606611900325, 0.5022737476552338, 2.20408321626732, -0.6578424485035236]","[1.0697136509088414, 0.30494166141721063, -0.6274850324480025, -1.360453409195066, 0.5605003882520242, 2.2175225284901283, -0.6555617415798657]"
single_block,0.5,5,220,220,5,guarded,scripted_non_learned_reference,False,,False,False,0.0,0.0,0.0,0,0,7.242799998493865,"[1.0697136509088414, 0.30494166141721063, -0.6274850324480025, -1.360453409195066, 0.5605003882520242, 2.2175225284901283, -0.6555617415798657]","[1.0697136509088414, 0.30494166141721063, -0.6274850324480025, -1.360453409195066, 0.5605003882520242, 2.2175225284901283, -0.6555617415798657]","[1.1246225037727073, 0.32389037647377156, -0.700032824732397, -1.356041856275497, 0.6188607847596156, 2.231012664986137, -0.6532694433387046]"
single_block,0.5,5,225,225,5,guarded,scripted_non_learned_reference,False,,False,False,0.0,0.0,0.0,0,0,7.6891999997315,"[1.1246225037727073, 0.32389037647377156, -0.700032824732397, -1.356041856275497, 0.6188607847596156, 2.231012664986137, -0.6532694433387046]","[1.1246225037727073, 0.32389037647377156, -0.700032824732397, -1.356041856275497, 0.6188607847596156, 2.231012664986137, -0.6532694433387046]","[1.1795015682186623, 0.3428247361230044, -0.772511664555478, -1.3516319849389566, 0.6771280499581079, 2.2444670809741725, -0.6509852458541414]"
single_block,0.5,5,230,230,5,guarded,scripted_non_learned_reference,False,,False,False,0.0,0.0,0.0,0,0,6.611099997826386,"[1.1795015682186623, 0.3428247361230044, -0.772511664555478, -1.3516319849389566, 0.6771280499581079, 2.2444670809741725, -0.6509852458541414]","[1.1795015682186623, 0.3428247361230044, -0.772511664555478, -1.3516319849389566, 0.6771280499581079, 2.2444670809741725, -0.6509852458541414]","[1.201114668927906, 0.3501581404125299, -0.799108934987653, -1.3492134267157974, 0.7000253316328023, 2.2502637818705766, -0.6499823775614354]"
single_block,0.5,15,0,0,15,guarded,scripted_non_learned_reference,False,,False,False,0.0,0.0,0.0,0,0,6.803700001910329,"[-6.2693832868740056e-12, -0.7499999999998369, -8.506348615428234e-12, -2.2499999999997313, -1.2208337480657592e-11, 1.5500000000003227, 0.7499999999998253]","[-6.2693832868740056e-12, -0.7499999999998369, -8.506348615428234e-12, -2.2499999999997313, -1.2208337480657592e-11, 1.5500000000003227, 0.7499999999998253]","[-0.04075872694777976, -0.6447632698722774, -0.03391433494130246, -2.0692562218944643, -0.04859507506947889, 1.6437652467074944, 0.49763914973186246]"
single_block,0.5,15,15,15,15,guarded,scripted_non_learned_reference,False,,False,False,0.0,0.0,0.0,0,0,6.478900002548471,"[-0.04075872694777976, -0.6447632698722774, -0.03391433494130246, -2.0692562218944643, -0.04859507506947889, 1.6437652467074944, 0.49763914973186246]","[-0.04075872694777976, -0.6447632698722774, -0.03391433494130246, -2.0692562218944643, -0.04859507506947889, 1.6437652467074944, 0.49763914973186246]","[-0.08183420755861473, -0.5386727619641293, -0.06806835065630536, -1.8867606732944269, -0.09801518277638117, 1.7400228811425245, 0.2366135742447134]"
single_block,0.5,15,30,30,15,guarded,scripted_non_learned_reference,False,,False,False,0.0,0.0,0.0,0,0,8.051199998590164,"[-0.08183420755861473, -0.5386727619641293, -0.06806835065630536, -1.8867606732944269, -0.09801518277638117, 1.7400228811425245, 0.2366135742447134]","[-0.08183420755861473, -0.5386727619641293, -0.06806835065630536, -1.8867606732944269, -0.09801518277638117, 1.7400228811425245, 0.2366135742447134]","[-0.12292003744700264, -0.43264674196798814, -0.10224124720443153, -1.7042298778766467, -0.14743561968448277, 1.8362649183321726, -0.024387079300261644]"
single_block,0.5,15,45,45,15,guarded,scripted_non_learned_reference,False,,False,False,0.0,0.0,0.0,0,0,7.591900000988971,"[-0.12292003744700264, -0.43264674196798814, -0.10224124720443153, -1.7042298778766467, -0.14743561968448277, 1.8362649183321726, -0.024387079300261644]","[-0.12292003744700264, -0.43264674196798814, -0.10224124720443153, -1.7042298778766467, -0.14743561968448277, 1.8362649183321726, -0.024387079300261644]","[-0.1640064089884138, -0.3266273775274757, -0.13641424435113542, -1.5216951909791514, -0.19685689481572935, 1.932509170558615, -0.285387707097332]"
single_block,0.5,15,60,60,15,guarded,scripted_non_learned_reference,False,,False,False,0.0,0.0,0.0,0,0,6.776399997761473,"[-0.1640064089884138, -0.3266273775274757, -0.13641424435113542, -1.5216951909791514, -0.19685689481572935, 1.932509170558615, -0.285387707097332]","[-0.1640064089884138, -0.3266273775274757, -0.13641424435113542, -1.5216951909791514, -0.19685689481572935, 1.932509170558615, -0.285387707097332]","[-0.20492808020300152, -0.22993014311343787, -0.15655463128010794, -1.3550341077181278, -0.24885251368417158, 2.023360074632386, -0.527043224654393]"
single_block,0.5,15,75,75,15,guarded,scripted_non_learned_reference,False,,False,False,0.0,0.0,0.0,0,0,5.867799998668488,"[-0.20492808020300152, -0.22993014311343787, -0.15655463128010794, -1.3550341077181278, -0.24885251368417158, 2.023360074632386, -0.527043224654393]","[-0.20492808020300152, -0.22993014311343787, -0.15655463128010794, -1.3550341077181278, -0.24885251368417158, 2.023360074632386, -0.527043224654393]","[-0.1645615681534738, -0.205788981040826, 0.07183791158012606, -1.3464597514824115, -0.30984479247784474, 2.054898278871589, -0.5717531119781418]"
single_block,0.5,15,90,90,15,guarded,scripted_non_learned_reference,False,,False,False,0.0,0.0,0.0,0,0,6.265700001677033,"[-0.1645615681534738, -0.205788981040826, 0.07183791158012606, -1.3464597514824115, -0.30984479247784474, 2.054898278871589, -0.5717531119781418]","[-0.1645615681534738, -0.205788981040826, 0.07183791158012606, -1.3464597514824115, -0.30984479247784474, 2.054898278871589, -0.5717531119781418]","[-0.13142214485677217, -0.18318884005064456, 0.2893634441934455, -1.3361820645085116, -0.372213118839131, 2.086648552013011, -0.6137953874768058]"
single_block,0.5,15,105,105,15,guarded,scripted_non_learned_reference,False,,False,False,0.0,0.0,0.0,0,0,6.933799995749723,"[-0.13142214485677217, -0.18318884005064456, 0.2893634441934455, -1.3361820645085116, -0.372213118839131, 2.086648552013011, -0.6137953874768058]","[-0.13142214485677217, -0.18318884005064456, 0.2893634441934455, -1.3361820645085116, -0.372213118839131, 2.086648552013011, -0.6137953874768058]","[-0.07460764606917204, -0.1542341826761592, 0.4958845139376443, -1.3336504729885637, -0.4307666027629057, 2.1005687973488794, -0.6560410107601422]"
single_block,0.5,15,120,120,15,guarded,scripted_non_learned_reference,False,,False,False,0.0,0.0,0.0,0,0,7.682299998123199,"[-0.07460764606917204, -0.1542341826761592, 0.4958845139376443, -1.3336504729885637, -0.4307666027629057, 2.1005687973488794, -0.6560410107601422]","[-0.07460764606917204, -0.1542341826761592, 0.4958845139376443, -1.3336504729885637, -0.4307666027629057, 2.1005687973488794, -0.6560410107601422]","[0.14903952157125838, -0.013400706118309425, 0.6197800346983987, -1.4447549608695904, -0.4281540474932123, 1.9886402862615833, -0.6942915493165067]"
single_block,0.5,15,135,135,15,guarded,scripted_non_learned_reference,False,,False,False,0.0,0.0,0.0,0,0,6.102500003180467,"[0.14903952157125838, -0.013400706118309425, 0.6197800346983987, -1.4447549608695904, -0.4281540474932123, 1.9886402862615833, -0.6942915493165067]","[0.14903952157125838, -0.013400706118309425, 0.6197800346983987, -1.4447549608695904, -0.4281540474932123, 1.9886402862615833, -0.6942915493165067]","[0.3009506556738761, 0.040426811441709294, 0.38775556446908427, -1.4226011592658356, -0.25618626319405075, 2.028628350042383, -0.6876126056652475]"
single_block,0.5,15,150,150,15,guarded,scripted_non_learned_reference,False,,False,False,0.0,0.0,0.0,0,0,5.670200000167824,"[0.3009506556738761, 0.040426811441709294, 0.38775556446908427, -1.4226011592658356, -0.25618626319405075, 2.028628350042383, -0.6876126056652475]","[0.3009506556738761, 0.040426811441709294, 0.38775556446908427, -1.4226011592658356, -0.25618626319405075, 2.028628350042383, -0.6876126056652475]","[0.4656610658144783, 0.09662408060271803, 0.17036817585721037, -1.4089757415395832, -0.08130881588341692, 2.069202696085491, -0.6807549246060753]"
single_block,0.5,15,165,165,15,guarded,scripted_non_learned_reference,False,,False,False,0.0,0.0,0.0,0,0,5.8935999986715615,"[0.4656610658144783, 0.09662408060271803, 0.17036817585721037, -1.4089757415395832, -0.08130881588341692, 2.069202696085491, -0.6807549246060753]","[0.4656610658144783, 0.09662408060271803, 0.17036817585721037, -1.4089757415395832, -0.08130881588341692, 2.069202696085491, -0.6807549246060753]","[0.6303467739865947, 0.15335602566747258, -0.04705851335069637, -1.3957236807280498, 0.09356236630389655, 2.1096120747739335, -0.6738973014547684]"
single_block,0.5,15,180,180,15,guarded,scripted_non_learned_reference,False,,False,False,0.0,0.0,0.0,0,0,5.89350000518607,"[0.6303467739865947, 0.15335602566747258, -0.04705851335069637, -1.3957236807280498, 0.09356236630389655, 2.1096120747739335, -0.6738973014547684]","[0.6303467739865947, 0.15335602566747258, -0.04705851335069637, -1.3957236807280498, 0.09356236630389655, 2.1096120747739335, -0.6738973014547684]","[0.7950042102367622, 0.21015504300882074, -0.2645200377133593, -1.382509681509529, 0.2684293813806934, 2.150001683162705, -0.6670392872196578]"
single_block,0.5,15,195,195,15,guarded,scripted_non_learned_reference,False,,False,False,0.0,0.0,0.0,0,0,6.08500000089407,"[0.7950042102367622, 0.21015504300882074, -0.2645200377133593, -1.382509681509529, 0.2684293813806934, 2.150001683162705, -0.6670392872196578]","[0.7950042102367622, 0.21015504300882074, -0.2645200377133593, -1.382509681509529, 0.2684293813806934, 2.150001683162705, -0.6670392872196578]","[0.9596591828985076, 0.26695788789913555, -0.4819898005079902, -1.3692905185037938, 0.44329501848758307, 2.190387374256005, -0.6601812261123428]"
single_block,0.5,15,210,210,15,guarded,scripted_non_learned_reference,False,,False,False,0.0,0.0,0.0,0,0,6.07020000461489,"[0.9596591828985076, 0.26695788789913555, -0.4819898005079902, -1.3692905185037938, 0.44329501848758307, 2.190387374256005, -0.6601812261123428]","[0.9596591828985076, 0.26695788789913555, -0.4819898005079902, -1.3692905185037938, 0.44329501848758307, 2.190387374256005, -0.6601812261123428]","[1.1243116172378746, 0.32377023198654337, -0.6994709115186994, -1.3560675869338326, 0.6181593669603864, 2.2307713221756664, -0.6533230762610671]"
single_block,0.5,15,225,225,15,guarded,scripted_non_learned_reference,False,,False,False,0.0,0.0,0.0,0,0,6.574499995622318,"[1.1243116172378746, 0.32377023198654337, -0.6994709115186994, -1.3560675869338326, 0.6181593669603864, 2.2307713221756664, -0.6533230762610671]","[1.1243116172378746, 0.32377023198654337, -0.6994709115186994, -1.3560675869338326, 0.6181593669603864, 2.2307713221756664, -0.6533230762610671]","[1.2002443771973044, 0.3501534287589718, -0.7996613275819007, -1.349944059692935, 0.6998883635641477, 2.249955154748422, -0.6500063190550116]"
narrow_gate,0.0,1,0,0,1,guarded,scripted_non_learned_reference,False,,False,False,0.0,0.0,0.0,0,0,6.083000000216998,"[-6.645505167103729e-12, -0.7499999999998178, -8.430052443761439e-12, -2.2499999999996256, -1.5328964921158848e-11, 1.5500000000003826, 0.7499999999997874]","[-6.645505167103729e-12, -0.7499999999998178, -8.430052443761439e-12, -2.2499999999996256, -1.5328964921158848e-11, 1.5500000000003826, 0.7499999999997874]","[0.002532177677608976, -0.7507607530198517, 0.0023700185412526683, -2.2516880712880916, -0.015371902208326717, 1.5556761886864305, 0.7546805782344062]"
narrow_gate,0.0,1,1,1,1,guarded,scripted_non_learned_reference,False,,False,False,0.0,0.0,0.0,0,0,5.899800002225675,"[0.002532177677608976, -0.7507607530198517, 0.0023700185412526683, -2.2516880712880916, -0.015371902208326717, 1.5556761886864305, 0.7546805782344062]","[0.002532177677608976, -0.7507607530198517, 0.0023700185412526683, -2.2516880712880916, -0.015371902208326717, 1.5556761886864305, 0.7546805782344062]","[0.006788845523309432, -0.7517511221165659, 0.008628256476724704, -2.254374844115244, -0.0334379417682108, 1.5630372497570582, 0.7610520795901696]"
narrow_gate,0.0,1,2,2,1,guarded,scripted_non_learned_reference,False,,False,False,0.0,0.0,0.0,0,0,6.238900001335423,"[0.006788845523309432, -0.7517511221165659, 0.008628256476724704, -2.254374844115244, -0.0334379417682108, 1.5630372497570582, 0.7610520795901696]","[0.006788845523309432, -0.7517511221165659, 0.008628256476724704, -2.254374844115244, -0.0334379417682108, 1.5630372497570582, 0.7610520795901696]","[0.01221051241826075, -0.7525602530265159, 0.017310510630194842, -2.257212618221019, -0.050997371535075005, 1.5702626955685266, 0.767406943051048]"
narrow_gate,0.0,1,3,3,1,guarded,scripted_non_learned_reference,False,,False,False,0.0,0.0,0.0,0,0,6.620000000111759,"[0.01221051241826075, -0.7525602530265159, 0.017310510630194842, -2.257212618221019, -0.050997371535075005, 1.5702626955685266, 0.767406943051048]","[0.01221051241826075, -0.7525602530265159, 0.017310510630194842, -2.257212618221019, -0.050997371535075005, 1.5702626955685266, 0.767406943051048]","[0.017643105983741286, -0.7532062059056267, 0.025867995022063068, -2.2598609241418806, -0.06808388148941433, 1.5772252674086784, 0.7734379564305246]"
narrow_gate,0.0,1,4,4,1,guarded,scripted_non_learned_reference,False,,False,False,0.0,0.0,0.0,0,0,5.9122000020579435,"[0.017643105983741286, -0.7532062059056267, 0.025867995022063068, -2.2598609241418806, -0.06808388148941433, 1.5772252674086784, 0.7734379564305246]","[0.017643105983741286, -0.7532062059056267, 0.025867995022063068, -2.2598609241418806, -0.06808388148941433, 1.5772252674086784, 0.7734379564305246]","[0.022382737044025568, -0.7538951766120854, 0.03296489066146486, -2.2623837026603293, -0.08536807536440127, 1.5842364970368497, 0.7794760502300467]"
narrow_gate,0.0,1,5,5,1,guarded,scripted_non_learned_reference,False,,False,False,0.0,0.0,0.0,0,0,6.636199999775272,"[0.022382737044025568, -0.7538951766120854, 0.03296489066146486, -2.2623837026603293, -0.08536807536440127, 1.5842364970368497, 0.7794760502300467]","[0.022382737044025568, -0.7538951766120854, 0.03296489066146486, -2.2623837026603293, -0.08536807536440127, 1.5842364970368497, 0.7794760502300467]","[0.026395345008026767, -0.7547057979132874, 0.038575288019378755, -2.2648170745077794, -0.1028144324765409, 1.5912425035567672, 0.7855551445431188]"
narrow_gate,0.0,1,6,6,1,guarded,scripted_non_learned_reference,False,,False,False,0.0,0.0,0.0,0,0,6.424499995773658,"[0.026395345008026767, -0.7547057979132874, 0.038575288019378755, -2.2648170745077794, -0.1028144324765409, 1.5912425035567672, 0.7855551445431188]","[0.026395345008026767, -0.7547057979132874, 0.038575288019378755, -2.2648170745077794, -0.1028144324765409, 1.5912425035567672, 0.7855551445431188]","[0.030175999797408842, -0.7555802248128428, 0.0436968267992183, -2.2672086061555636, -0.12035138272914021, 1.5982460387546782, 0.79168209646698]"
narrow_gate,0.0,1,7,7,1,guarded,scripted_non_learned_reference,False,,False,False,0.0,0.0,0.0,0,0,7.448700001987163,"[0.030175999797408842, -0.7555802248128428, 0.0436968267992183, -2.2672086061555636, -0.12035138272914021, 1.5982460387546782, 0.79168209646698]","[0.030175999797408842, -0.7555802248128428, 0.0436968267992183, -2.2672086061555636, -0.12035138272914021, 1.5982460387546782, 0.79168209646698]","[0.03416476774112067, -0.7564480145954309, 0.049248004917425245, -2.2696151528347706, -0.13785348893143637, 1.6052532876653964, 0.7978111056087548]"
narrow_gate,0.0,1,8,8,1,guarded,scripted_non_learned_reference,False,,False,False,0.0,0.0,0.0,0,0,6.018799998855684,"[0.03416476774112067, -0.7564480145954309, 0.049248004917425245, -2.2696151528347706, -0.13785348893143637, 1.6052532876653964, 0.7978111056087548]","[0.03416476774112067, -0.7564480145954309, 0.049248004917425245, -2.2696151528347706, -0.13785348893143637, 1.6052532876653964, 0.7978111056087548]","[0.03853698659507171, -0.7572694186387745, 0.0555996800713528, -2.272073157301674, -0.15522156913758092, 1.612248860813112, 0.8038859470459487]"
narrow_gate,0.0,1,9,9,1,guarded,scripted_non_learned_reference,False,,False,False,0.0,0.0,0.0,0,0,7.076599998981692,"[0.03853698659507171, -0.7572694186387745, 0.0555996800713528, -2.272073157301674, -0.15522156913758092, 1.612248860813112, 0.8038859470459487]","[0.03853698659507171, -0.7572694186387745, 0.0555996800713528, -2.272073157301674, -0.15522156913758092, 1.612248860813112, 0.8038859470459487]","[0.04313824193089362, -0.7580599395120688, 0.062427924746931034, -2.2745813166556825, -0.1725818048724562, 1.6192847537083717, 0.8099711184109265]"
narrow_gate,0.0,1,10,10,1,guarded,scripted_non_learned_reference,False,,False,False,0.0,0.0,0.0,0,0,7.164399998146109,"[0.04313824193089362, -0.7580599395120688, 0.062427924746931034, -2.2745813166556825, -0.1725818048724562, 1.6192847537083717, 0.8099711184109265]","[0.04313824193089362, -0.7580599395120688, 0.062427924746931034, -2.2745813166556825, -0.1725818048724562, 1.6192847537083717, 0.8099711184109265]","[0.04769977598431293, -0.7588457959159484, 0.06917846620088049, -2.2770909054907746, -0.18991284060936697, 1.6263051805870008, 0.8160352292591994]"
narrow_gate,0.0,1,11,11,1,guarded,scripted_non_learned_reference,False,,False,False,0.0,0.0,0.0,0,0,12.094300000171643,"[0.04769977598431293, -0.7588457959159484, 0.06917846620088049, -2.2770909054907746, -0.18991284060936697, 1.6263051805870008, 0.8160352292591994]","[0.04769977598431293, -0.7588457959159484, 0.06917846620088049, -2.2770909054907746, -0.18991284060936697, 1.6263051805870008, 0.8160352292591994]","[0.05210641859513166, -0.7596440250818217, 0.07560452804012764, -2.2795821585887173, -0.20731415773848846, 1.6333339484072344, 0.82212992682146]"
narrow_gate,0.0,1,12,12,1,guarded,scripted_non_learned_reference,False,,False,False,0.0,0.0,0.0,0,0,6.659899998339824,"[0.05210641859513166, -0.7596440250818217, 0.07560452804012764, -2.2795821585887173, -0.20731415773848846, 1.6333339484072344, 0.82212992682146]","[0.05210641859513166, -0.7596440250818217, 0.07560452804012764, -2.2795821585887173, -0.20731415773848846, 1.6333339484072344, 0.82212992682146]","[0.056374810516807136, -0.7604543153525801, 0.08174343784002594, -2.2820507464024704, -0.22475370046962737, 1.6403550459181948, 0.8282407771832201]"
narrow_gate,0.0,1,13,13,1,guarded,scripted_non_learned_reference,False,,False,False,0.0,0.0,0.0,0,0,7.556600001407787,"[0.056374810516807136, -0.7604543153525801, 0.08174343784002594, -2.2820507464024704, -0.22475370046962737, 1.6403550459181948, 0.8282407771832201]","[0.056374810516807136, -0.7604543153525801, 0.08174343784002594, -2.2820507464024704, -0.22475370046962737, 1.6403550459181948, 0.8282407771832201]","[0.060604482305694346, -0.761266679808891, 0.08780380776971616, -2.2845068452153736, -0.24214947927664238, 1.6473384432406935, 0.8343200725480289]"
narrow_gate,0.0,1,14,14,1,guarded,scripted_non_learned_reference,False,,False,False,0.0,0.0,0.0,0,0,6.676600001810584,"[0.060604482305694346, -0.761266679808891, 0.08780380776971616, -2.2845068452153736, -0.24214947927664238, 1.6473384432406935, 0.8343200725480289]","[0.060604482305694346, -0.761266679808891, 0.08780380776971616, -2.2845068452153736, -0.24214947927664238, 1.6473384432406935, 0.8343200725480289]","[0.06488553560132546, -0.7620762868815412, 0.09396745449588194, -2.2869750844062193, -0.2595754366151593, 1.6543456958850455, 0.8404204130123053]"
narrow_gate,0.0,1,15,15,1,guarded,scripted_non_learned_reference,False,,False,False,0.0,0.0,0.0,0,0,7.7671000035479665,"[0.06488553560132546, -0.7620762868815412, 0.09396745449588194, -2.2869750844062193, -0.2595754366151593, 1.6543456958850455, 0.8404204130123053]","[0.06488553560132546, -0.7620762868815412, 0.09396745449588194, -2.2869750844062193, -0.2595754366151593, 1.6543456958850455, 0.8404204130123053]","[0.06923952844020316, -0.7628799890331777, 0.10028514986051124, -2.2894514464178406, -0.2769503485714541, 1.6613447972210797, 0.8464959041772285]"
narrow_gate,0.0,1,16,16,1,guarded,scripted_non_learned_reference,False,,False,False,0.0,0.0,0.0,0,0,7.270099995366763,"[0.06923952844020316, -0.7628799890331777, 0.10028514986051124, -2.2894514464178406, -0.2769503485714541, 1.6613447972210797, 0.8464959041772285]","[0.06923952844020316, -0.7628799890331777, 0.10028514986051124, -2.2894514464178406, -0.2769503485714541, 1.6613447972210797, 0.8464959041772285]","[0.0736362228945635, -0.7636843952787786, 0.10668857361560628, -2.291935708859281, -0.29435526903981746, 1.668372528552182, 0.8525924758479995]"
narrow_gate,0.0,1,17,17,1,guarded,scripted_non_learned_reference,False,,False,False,0.0,0.0,0.0,0,0,7.140599998820107,"[0.0736362228945635, -0.7636843952787786, 0.10668857361560628, -2.291935708859281, -0.29435526903981746, 1.668372528552182, 0.8525924758479995]","[0.0736362228945635, -0.7636843952787786, 0.10668857361560628, -2.291935708859281, -0.29435526903981746, 1.668372528552182, 0.8525924758479995]","[0.07802871269894111, -0.7644928983074435, 0.11308327296913699, -2.294416789739642, -0.3117706042815347, 1.6754094466342984, 0.8586979173477549]"
narrow_gate,0.0,1,18,18,1,guarded,scripted_non_learned_reference,False,,False,False,0.0,0.0,0.0,0,0,6.656600002315827,"[0.07802871269894111, -0.7644928983074435, 0.11308327296913699, -2.294416789739642, -0.3117706042815347, 1.6754094466342984, 0.8586979173477549]","[0.07802871269894111, -0.7644928983074435, 0.11308327296913699, -2.294416789739642, -0.3117706042815347, 1.6754094466342984, 0.8586979173477549]","[0.08238194453523683, -0.7653047012948014, 0.1193987702131119, -2.296885114263289, -0.32914150784735, 1.6824120011100077, 0.864770830063758]"
narrow_gate,0.0,1,19,19,1,guarded,scripted_non_learned_reference,False,,False,False,0.0,0.0,0.0,0,0,6.818599998950958,"[0.08238194453523683, -0.7653047012948014, 0.1193987702131119, -2.296885114263289, -0.32914150784735, 1.6824120011100077, 0.864770830063758]","[0.08238194453523683, -0.7653047012948014, 0.1193987702131119, -2.296885114263289, -0.32914150784735, 1.6824120011100077, 0.864770830063758]","[0.08670878507503202, -0.7661176632943912, 0.12565705111458508, -2.2993548180648538, -0.3465577832923827, 1.6894281630689345, 0.8708683122204544]"
narrow_gate,0.0,1,20,20,1,guarded,scripted_non_learned_reference,False,,False,False,0.0,0.0,0.0,0,0,6.7706999980146065,"[0.08670878507503202, -0.7661176632943912, 0.12565705111458508, -2.2993548180648538, -0.3465577832923827, 1.6894281630689345, 0.8708683122204544]","[0.08670878507503202, -0.7661176632943912, 0.12565705111458508, -2.2993548180648538, -0.3465577832923827, 1.6894281630689345, 0.8708683122204544]","[0.09102749305805494, -0.7669256184601928, 0.13190214809091724, -2.3018239277456822, -0.3639392565336085, 1.6964228794304899, 0.8769451541538813]"
narrow_gate,0.0,1,21,21,1,guarded,scripted_non_learned_reference,False,,False,False,0.0,0.0,0.0,0,0,6.344899993564468,"[0.09102749305805494, -0.7669256184601928, 0.13190214809091724, -2.3018239277456822, -0.3639392565336085, 1.6964228794304899, 0.8769451541538813]","[0.09102749305805494, -0.7669256184601928, 0.13190214809091724, -2.3018239277456822, -0.3639392565336085, 1.6964228794304899, 0.8769451541538813]","[0.09536071899271414, -0.7677297432328737, 0.13817525232309216, -2.304302105313332, -0.381356307620835, 1.7034388819208257, 0.8830447808577944]"
narrow_gate,0.0,1,22,22,1,guarded,scripted_non_learned_reference,False,,False,False,0.0,0.0,0.0,0,0,7.190099997387733,"[0.09536071899271414, -0.7677297432328737, 0.13817525232309216, -2.304302105313332, -0.381356307620835, 1.7034388819208257, 0.8830447808577944]","[0.09536071899271414, -0.7677297432328737, 0.13817525232309216, -2.304302105313332, -0.381356307620835, 1.7034388819208257, 0.8830447808577944]","[0.09971151482335713, -0.76853225027187, 0.14448486041254677, -2.3067842819306312, -0.39877966548527016, 1.7104657258771987, 0.8891524377456727]"
narrow_gate,0.0,1,23,23,1,guarded,scripted_non_learned_reference,False,,False,False,0.0,0.0,0.0,0,0,7.227399997645989,"[0.09971151482335713, -0.76853225027187, 0.14448486041254677, -2.3067842819306312, -0.39877966548527016, 1.7104657258771987, 0.8891524377456727]","[0.09971151482335713, -0.76853225027187, 0.14448486041254677, -2.3067842819306312, -0.39877966548527016, 1.7104657258771987, 0.8891524377456727]","[0.10406643834220179, -0.7693364597075858, 0.15080459003466076, -2.30925954728229, -0.4161504440362576, 1.7174665444134922, 0.8952254750272132]"
narrow_gate,0.0,1,24,24,1,guarded,scripted_non_learned_reference,False,,False,False,0.0,0.0,0.0,0,0,7.035499998892192,"[0.10406643834220179, -0.7693364597075858, 0.15080459003466076, -2.30925954728229, -0.4161504440362576, 1.7174665444134922, 0.8952254750272132]","[0.10406643834220179, -0.7693364597075858, 0.15080459003466076, -2.30925954728229, -0.4161504440362576, 1.7174665444134922, 0.8952254750272132]","[0.1084209943294515, -0.7701455419391838, 0.15712016213534927, -2.311735586658097, -0.4335616254383833, 1.7244875785240001, 0.9013216900102633]"
narrow_gate,0.0,1,25,25,1,guarded,scripted_non_learned_reference,False,,False,False,0.0,0.0,0.0,0,0,5.868599997484125,"[0.1084209943294515, -0.7701455419391838, 0.15712016213534927, -2.311735586658097, -0.4335616254383833, 1.7244875785240001, 0.9013216900102633]","[0.1084209943294515, -0.7701455419391838, 0.15712016213534927, -2.311735586658097, -0.4335616254383833, 1.7244875785240001, 0.9013216900102633]","[0.11276465083232787, -0.7709563617794628, 0.16341588305048182, -2.314204813529502, -0.45093855110533587, 1.7314890191180876, 0.9073972372989428]"
narrow_gate,0.0,1,26,26,1,guarded,scripted_non_learned_reference,False,,False,False,0.0,0.0,0.0,0,0,6.649700000707526,"[0.11276465083232787, -0.7709563617794628, 0.16341588305048182, -2.314204813529502, -0.45093855110533587, 1.7314890191180876, 0.9073972372989428]","[0.11276465083232787, -0.7709563617794628, 0.16341588305048182, -2.314204813529502, -0.45093855110533587, 1.7314890191180876, 0.9073972372989428]","[0.1171057341158389, -0.7717673247663909, 0.1697041270835534, -2.3166777415192046, -0.468354208634535, 1.7385085142730912, 0.9134964106695158]"
narrow_gate,0.0,1,27,27,1,guarded,scripted_non_learned_reference,False,,False,False,0.0,0.0,0.0,0,0,6.071800002246164,"[0.1171057341158389, -0.7717673247663909, 0.1697041270835534, -2.3166777415192046, -0.468354208634535, 1.7385085142730912, 0.9134964106695158]","[0.1171057341158389, -0.7717673247663909, 0.1697041270835534, -2.3166777415192046, -0.468354208634535, 1.7385085142730912, 0.9134964106695158]","[0.12082243983313197, -0.7695663543441887, 0.17806924041370148, -2.315006052020763, -0.4802328794637689, 1.7418010543371025, 0.9206371833034988]"
narrow_gate,0.0,1,28,28,1,guarded,scripted_non_learned_reference,False,,False,False,0.0,0.0,0.0,0,0,7.362800002738368,"[0.12082243983313197, -0.7695663543441887, 0.17806924041370148, -2.315006052020763, -0.4802328794637689, 1.7418010543371025, 0.9206371833034988]","[0.12082243983313197, -0.7695663543441887, 0.17806924041370148, -2.315006052020763, -0.4802328794637689, 1.7418010543371025, 0.9206371833034988]","[0.12484327580724293, -0.761492046572089, 0.1910242375162777, -2.306613955445579, -0.485545744813007, 1.741845515462411, 0.9292264846720572]"
narrow_gate,0.0,1,29,29,1,guarded,scripted_non_learned_reference,False,,False,False,0.0,0.0,0.0,0,0,5.612499997369014,"[0.12484327580724293, -0.761492046572089, 0.1910242375162777, -2.306613955445579, -0.485545744813007, 1.741845515462411, 0.9292264846720572]","[0.12484327580724293, -0.761492046572089, 0.1910242375162777, -2.306613955445579, -0.485545744813007, 1.741845515462411, 0.9292264846720572]","[0.13030018572498436, -0.7510737461995076, 0.20720823735727442, -2.2970029299826127, -0.49021105269739207, 1.742838826156037, 0.9380635852336455]"
narrow_gate,0.0,1,30,30,1,guarded,scripted_non_learned_reference,False,,False,False,0.0,0.0,0.0,0,0,7.439200002409052,"[0.13030018572498436, -0.7510737461995076, 0.20720823735727442, -2.2970029299826127, -0.49021105269739207, 1.742838826156037, 0.9380635852336455]","[0.13030018572498436, -0.7510737461995076, 0.20720823735727442, -2.2970029299826127, -0.49021105269739207, 1.742838826156037, 0.9380635852336455]","[0.13627641748093008, -0.741495882398868, 0.22411737010055044, -2.2891802975720363, -0.4952219715187501, 1.7439482572403222, 0.946670975041555]"
narrow_gate,0.0,1,31,31,1,guarded,scripted_non_learned_reference,False,,False,False,0.0,0.0,0.0,0,0,6.732199995894916,"[0.13627641748093008, -0.741495882398868, 0.22411737010055044, -2.2891802975720363, -0.4952219715187501, 1.7439482572403222, 0.946670975041555]","[0.13627641748093008, -0.741495882398868, 0.22411737010055044, -2.2891802975720363, -0.4952219715187501, 1.7439482572403222, 0.946670975041555]","[0.1417938367263819, -0.7328970580032966, 0.24006297670573698, -2.2820616033779477, -0.5003865150079847, 1.7444181838832695, 0.9552734567511799]"
narrow_gate,0.0,1,32,32,1,guarded,scripted_non_learned_reference,False,,False,False,0.0,0.0,0.0,0,0,6.577000000106636,"[0.1417938367263819, -0.7328970580032966, 0.24006297670573698, -2.2820616033779477, -0.5003865150079847, 1.7444181838832695, 0.9552734567511799]","[0.1417938367263819, -0.7328970580032966, 0.24006297670573698, -2.2820616033779477, -0.5003865150079847, 1.7444181838832695, 0.9552734567511799]","[0.14658951617639235, -0.7247018254206236, 0.25450350329230653, -2.27448543464848, -0.5056745008492257, 1.744619375598722, 0.9639323620742412]"
narrow_gate,0.0,1,33,33,1,guarded,scripted_non_learned_reference,False,,False,False,0.0,0.0,0.0,0,0,5.961100003332831,"[0.14658951617639235, -0.7247018254206236, 0.25450350329230653, -2.27448543464848, -0.5056745008492257, 1.744619375598722, 0.9639323620742412]","[0.14658951617639235, -0.7247018254206236, 0.25450350329230653, -2.27448543464848, -0.5056745008492257, 1.744619375598722, 0.9639323620742412]","[0.15094824938139687, -0.7164832231002394, 0.2679954540764104, -2.266263005074929, -0.5110188616749743, 1.7449216039974844, 0.9725789186290555]"
narrow_gate,0.0,1,34,34,1,guarded,scripted_non_learned_reference,False,,False,False,0.0,0.0,0.0,0,0,6.00269999995362,"[0.15094824938139687, -0.7164832231002394, 0.2679954540764104, -2.266263005074929, -0.5110188616749743, 1.7449216039974844, 0.9725789186290555]","[0.15094824938139687, -0.7164832231002394, 0.2679954540764104, -2.266263005074929, -0.5110188616749743, 1.7449216039974844, 0.9725789186290555]","[0.1553183481973334, -0.7081616057003044, 0.28151018159416696, -2.257925956763275, -0.5163764943906916, 1.7453175249895971, 0.9812588500248284]"
narrow_gate,0.0,1,35,35,1,guarded,scripted_non_learned_reference,False,,False,False,0.0,0.0,0.0,0,0,7.406299999274779,"[0.1553183481973334, -0.7081616057003044, 0.28151018159416696, -2.257925956763275, -0.5163764943906916, 1.7453175249895971, 0.9812588500248284]","[0.1553183481973334, -0.7081616057003044, 0.28151018159416696, -2.257925956763275, -0.5163764943906916, 1.7453175249895971, 0.9812588500248284]","[0.16000882993410132, -0.699723221812793, 0.2957001641680474, -2.24989460825335, -0.5216653246859135, 1.7457460433470988, 0.9898914132348767]"
narrow_gate,0.0,1,36,36,1,guarded,scripted_non_learned_reference,False,,False,False,0.0,0.0,0.0,0,0,5.733899997721892,"[0.16000882993410132, -0.699723221812793, 0.2957001641680474, -2.24989460825335, -0.5216653246859135, 1.7457460433470988, 0.9898914132348767]","[0.16000882993410132, -0.699723221812793, 0.2957001641680474, -2.24989460825335, -0.5216653246859135, 1.7457460433470988, 0.9898914132348767]","[0.16498333851970315, -0.6911649285182724, 0.3105065293540145, -2.242097253606297, -0.5269134672844605, 1.746194710704164, 0.9985416688678779]"
narrow_gate,0.0,1,37,37,1,guarded,scripted_non_learned_reference,False,,False,False,0.0,0.0,0.0,0,0,6.923699998878874,"[0.16498333851970315, -0.6911649285182724, 0.3105065293540145, -2.242097253606297, -0.5269134672844605, 1.746194710704164, 0.9985416688678779]","[0.16498333851970315, -0.6911649285182724, 0.3105065293540145, -2.242097253606297, -0.5269134672844605, 1.746194710704164, 0.9985416688678779]","[0.170061791439002, -0.6825634013680714, 0.32553199947770994, -2.2343538758613324, -0.5321443458481743, 1.7466689446939638, 1.0071983793300823]"
narrow_gate,0.0,1,38,38,1,guarded,scripted_non_learned_reference,False,,False,False,0.0,0.0,0.0,0,0,5.7117999967886135,"[0.170061791439002, -0.6825634013680714, 0.32553199947770994, -2.2343538758613324, -0.5321443458481743, 1.7466689446939638, 1.0071983793300823]","[0.170061791439002, -0.6825634013680714, 0.32553199947770994, -2.2343538758613324, -0.5321443458481743, 1.7466689446939638, 1.0071983793300823]","[0.175042551887833, -0.6740349126333816, 0.3403305159155586, -2.226528693050603, -0.5373763382757839, 1.7471420352546758, 1.0158104142988715]"
narrow_gate,0.0,1,39,39,1,guarded,scripted_non_learned_reference,False,,False,False,0.0,0.0,0.0,0,0,5.990600002405699,"[0.175042551887833, -0.6740349126333816, 0.3403305159155586, -2.226528693050603, -0.5373763382757839, 1.7471420352546758, 1.0158104142988715]","[0.175042551887833, -0.6740349126333816, 0.3403305159155586, -2.226528693050603, -0.5373763382757839, 1.7471420352546758, 1.0158104142988715]","[0.17987177385151878, -0.6655823757753827, 0.35481549224181813, -2.2185795523919594, -0.5426500930442689, 1.7475825916865273, 1.024463167554601]"
narrow_gate,0.0,1,40,40,1,guarded,scripted_non_learned_reference,False,,False,False,0.0,0.0,0.0,0,0,6.7519000003812835,"[0.17987177385151878, -0.6655823757753827, 0.35481549224181813, -2.2185795523919594, -0.5426500930442689, 1.7475825916865273, 1.024463167554601]","[0.17987177385151878, -0.6655823757753827, 0.35481549224181813, -2.2185795523919594, -0.5426500930442689, 1.7475825916865273, 1.024463167554601]","[0.18460613318483582, -0.6571747712593593, 0.3690957305108962, -2.2105874619383865, -0.5479300622130937, 1.7479991276158817, 1.0330917186302793]"
narrow_gate,0.0,1,41,41,1,guarded,scripted_non_learned_reference,False,,False,False,0.0,0.0,0.0,0,0,6.382399995345622,"[0.18460613318483582, -0.6571747712593593, 0.3690957305108962, -2.2105874619383865, -0.5479300622130937, 1.7479991276158817, 1.0330917186302793]","[0.18460613318483582, -0.6571747712593593, 0.3690957305108962, -2.2105874619383865, -0.5479300622130937, 1.7479991276158817, 1.0330917186302793]","[0.1893367730938319, -0.6487364606181176, 0.38338613260360604, -2.2026036182320134, -0.5532221638983795, 1.7484064571437743, 1.0417536628865856]"
narrow_gate,0.0,1,42,42,1,guarded,scripted_non_learned_reference,False,,False,False,0.0,0.0,0.0,0,0,6.204199999046978,"[0.1893367730938319, -0.6487364606181176, 0.38338613260360604, -2.2026036182320134, -0.5532221638983795, 1.7484064571437743, 1.0417536628865856]","[0.1893367730938319, -0.6487364606181176, 0.38338613260360604, -2.2026036182320134, -0.5532221638983795, 1.7484064571437743, 1.0417536628865856]","[0.19412715701601424, -0.6402443299841758, 0.397810869189632, -2.194670051024696, -0.5585052523781515, 1.7488260038561187, 1.050425277418813]"
narrow_gate,0.0,1,43,43,1,guarded,scripted_non_learned_reference,False,,False,False,0.0,0.0,0.0,0,0,6.130099995061755,"[0.19412715701601424, -0.6402443299841758, 0.397810869189632, -2.194670051024696, -0.5585052523781515, 1.7488260038561187, 1.050425277418813]","[0.19412715701601424, -0.6402443299841758, 0.397810869189632, -2.194670051024696, -0.5585052523781515, 1.7488260038561187, 1.050425277418813]","[0.19898232166879196, -0.6317342350420606, 0.4123584093718591, -2.1868007261112377, -0.5637593584105447, 1.749262302329966, 1.0590444493914546]"
narrow_gate,0.0,1,44,44,1,guarded,scripted_non_learned_reference,False,,False,False,0.0,0.0,0.0,0,0,6.52059999993071,"[0.19898232166879196, -0.6317342350420606, 0.4123584093718591, -2.1868007261112377, -0.5637593584105447, 1.749262302329966, 1.0590444493914546]","[0.19898232166879196, -0.6317342350420606, 0.4123584093718591, -2.1868007261112377, -0.5637593584105447, 1.749262302329966, 1.0590444493914546]","[0.20386450533428424, -0.6232198075252386, 0.42696736222386783, -2.1789282705889104, -0.569022116621574, 1.749702590293721, 1.067694918915835]"
narrow_gate,0.0,1,45,45,1,guarded,scripted_non_learned_reference,False,,False,False,0.0,0.0,0.0,0,0,6.623199995374307,"[0.20386450533428424, -0.6232198075252386, 0.42696736222386783, -2.1789282705889104, -0.569022116621574, 1.749702590293721, 1.067694918915835]","[0.20386450533428424, -0.6232198075252386, 0.42696736222386783, -2.1789282705889104, -0.569022116621574, 1.749702590293721, 1.067694918915835]","[0.2087327986258461, -0.6147420661799243, 0.4415293365455327, -2.17103496883902, -0.5742769081421857, 1.7501463446105425, 1.0763165423878354]"
narrow_gate,0.0,1,46,46,1,guarded,scripted_non_learned_reference,False,,False,False,0.0,0.0,0.0,0,0,6.636699996306561,"[0.2087327986258461, -0.6147420661799243, 0.4415293365455327, -2.17103496883902, -0.5742769081421857, 1.7501463446105425, 1.0763165423878354]","[0.2087327986258461, -0.6147420661799243, 0.4415293365455327, -2.17103496883902, -0.5742769081421857, 1.7501463446105425, 1.0763165423878354]","[0.21357262176644007, -0.6062803725169928, 0.4560374893202159, -2.1630982034645942, -0.5795501687948622, 1.7505833626929546, 1.0849729576457734]"
narrow_gate,0.0,1,47,47,1,guarded,scripted_non_learned_reference,False,,False,False,0.0,0.0,0.0,0,0,6.595899998501409,"[0.21357262176644007, -0.6062803725169928, 0.4560374893202159, -2.1630982034645942, -0.5795501687948622, 1.7505833626929546, 1.0849729576457734]","[0.21357262176644007, -0.6062803725169928, 0.4560374893202159, -2.1630982034645942, -0.5795501687948622, 1.7505833626929546, 1.0849729576457734]","[0.2183942585536442, -0.5978198641200145, 0.47051046467521945, -2.1551426739578288, -0.5848298172634318, 1.751017980110144, 1.0936432693326867]"
narrow_gate,0.0,1,48,48,1,guarded,scripted_non_learned_reference,False,,False,False,0.0,0.0,0.0,0,0,6.721099998685531,"[0.2183942585536442, -0.5978198641200145, 0.47051046467521945, -2.1551426739578288, -0.5848298172634318, 1.751017980110144, 1.0936432693326867]","[0.2183942585536442, -0.5978198641200145, 0.47051046467521945, -2.1551426739578288, -0.5848298172634318, 1.751017980110144, 1.0936432693326867]","[0.22321089250262385, -0.5893617856749196, 0.48496490934437597, -2.1472161420205267, -0.5900930932565585, 1.751450580430479, 1.1022648231344148]"
narrow_gate,0.0,1,49,49,1,guarded,scripted_non_learned_reference,False,,False,False,0.0,0.0,0.0,0,0,6.502600001113024,"[0.22321089250262385, -0.5893617856749196, 0.48496490934437597, -2.1472161420205267, -0.5900930932565585, 1.751450580430479, 1.1022648231344148]","[0.22321089250262385, -0.5893617856749196, 0.48496490934437597, -2.1472161420205267, -0.5900930932565585, 1.751450580430479, 1.1022648231344148]","[0.2280308934116978, -0.5808774774316111, 0.49944449856475576, -2.1392985868287266, -0.5953675617991636, 1.7518772186976024, 1.1109185254722838]"
narrow_gate,0.0,1,50,50,1,guarded,scripted_non_learned_reference,False,,False,False,0.0,0.0,0.0,0,0,5.891000000701752,"[0.2280308934116978, -0.5808774774316111, 0.49944449856475576, -2.1392985868287266, -0.5953675617991636, 1.7518772186976024, 1.1109185254722838]","[0.2280308934116978, -0.5808774774316111, 0.49944449856475576, -2.1392985868287266, -0.5953675617991636, 1.7518772186976024, 1.1109185254722838]","[0.23286014984922046, -0.5723892393565229, 0.5139362466148496, -2.13140352468514, -0.600627947657055, 1.7523084052281457, 1.1195417932274665]"
narrow_gate,0.0,1,51,51,1,guarded,scripted_non_learned_reference,False,,False,False,0.0,0.0,0.0,0,0,6.31489999796031,"[0.23286014984922046, -0.5723892393565229, 0.5139362466148496, -2.13140352468514, -0.600627947657055, 1.7523084052281457, 1.1195417932274665]","[0.23286014984922046, -0.5723892393565229, 0.5139362466148496, -2.13140352468514, -0.600627947657055, 1.7523084052281457, 1.1195417932274665]","[0.23769493117285767, -0.5638917931346102, 0.5284492580967206, -2.1234983093825224, -0.6058997075709109, 1.7527392859149726, 1.1281978862675677]"
narrow_gate,0.0,1,52,52,1,guarded,scripted_non_learned_reference,False,,False,False,0.0,0.0,0.0,0,0,5.761000000347849,"[0.23769493117285767, -0.5638917931346102, 0.5284492580967206, -2.1234983093825224, -0.6058997075709109, 1.7527392859149726, 1.1281978862675677]","[0.23769493117285767, -0.5638917931346102, 0.5284492580967206, -2.1234983093825224, -0.6058997075709109, 1.7527392859149726, 1.1281978862675677]","[0.2425353134146494, -0.5553981415752584, 0.5429711432201796, -2.115580118425362, -0.6111740953032468, 1.7531746120382543, 1.1368667973412854]"
narrow_gate,0.0,1,53,53,1,guarded,scripted_non_learned_reference,False,,False,False,0.0,0.0,0.0,0,0,6.322400004137307,"[0.2425353134146494, -0.5553981415752584, 0.5429711432201796, -2.115580118425362, -0.6111740953032468, 1.7531746120382543, 1.1368667973412854]","[0.2425353134146494, -0.5553981415752584, 0.5429711432201796, -2.115580118425362, -0.6111740953032468, 1.7531746120382543, 1.1368667973412854]","[0.247374367190461, -0.5469327015155839, 0.5574705402679286, -2.107669348171436, -0.6164332280684345, 1.7536118884419756, 1.1454871981231485]"
narrow_gate,0.0,1,54,54,1,guarded,scripted_non_learned_reference,False,,False,False,0.0,0.0,0.0,0,0,6.89579999743728,"[0.247374367190461, -0.5469327015155839, 0.5574705402679286, -2.107669348171436, -0.6164332280684345, 1.7536118884419756, 1.1454871981231485]","[0.247374367190461, -0.5469327015155839, 0.5574705402679286, -2.107669348171436, -0.6164332280684345, 1.7536118884419756, 1.1454871981231485]","[0.2595931965735895, -0.5362781825329381, 0.5667497780516889, -2.098822888907471, -0.6216667641863276, 1.7491893091537278, 1.1486090153930495]"
narrow_gate,0.0,1,55,55,1,guarded,scripted_non_learned_reference,False,,False,False,0.0,0.0,0.0,0,0,7.0577000005869195,"[0.2595931965735895, -0.5362781825329381, 0.5667497780516889, -2.098822888907471, -0.6216667641863276, 1.7491893091537278, 1.1486090153930495]","[0.2595931965735895, -0.5362781825329381, 0.5667497780516889, -2.098822888907471, -0.6216667641863276, 1.7491893091537278, 1.1486090153930495]","[0.2753083628304101, -0.5239010436159074, 0.5721344854047584, -2.08867974277957, -0.6266093156410658, 1.74150157506974, 1.1471368447484742]"
narrow_gate,0.0,1,56,56,1,guarded,scripted_non_learned_reference,False,,False,False,0.0,0.0,0.0,0,0,6.898400002683047,"[0.2753083628304101, -0.5239010436159074, 0.5721344854047584, -2.08867974277957, -0.6266093156410658, 1.74150157506974, 1.1471368447484742]","[0.2753083628304101, -0.5239010436159074, 0.5721344854047584, -2.08867974277957, -0.6266093156410658, 1.74150157506974, 1.1471368447484742]","[0.28979984656494007, -0.5113595575284506, 0.5766403248219368, -2.0784260046974623, -0.6316716194249065, 1.7337923901474392, 1.1455885459505013]"
narrow_gate,0.0,1,57,57,1,guarded,scripted_non_learned_reference,False,,False,False,0.0,0.0,0.0,0,0,7.859500001359265,"[0.28979984656494007, -0.5113595575284506, 0.5766403248219368, -2.0784260046974623, -0.6316716194249065, 1.7337923901474392, 1.1455885459505013]","[0.28979984656494007, -0.5113595575284506, 0.5766403248219368, -2.0784260046974623, -0.6316716194249065, 1.7337923901474392, 1.1455885459505013]","[0.30358260089416633, -0.49878808961077337, 0.5808040040164791, -2.068611286134039, -0.6368727234204107, 1.7261356473994287, 1.1445347031596753]"
narrow_gate,0.0,1,58,58,1,guarded,scripted_non_learned_reference,False,,False,False,0.0,0.0,0.0,0,0,7.550700000138022,"[0.30358260089416633, -0.49878808961077337, 0.5808040040164791, -2.068611286134039, -0.6368727234204107, 1.7261356473994287, 1.1445347031596753]","[0.30358260089416633, -0.49878808961077337, 0.5808040040164791, -2.068611286134039, -0.6368727234204107, 1.7261356473994287, 1.1445347031596753]","[0.31742824392000635, -0.48612114751812713, 0.5852384331848896, -2.0591815642306726, -0.642046526856379, 1.7184873607462672, 1.143661297847365]"
narrow_gate,0.0,1,59,59,1,guarded,scripted_non_learned_reference,False,,False,False,0.0,0.0,0.0,0,0,7.655900000827387,"[0.31742824392000635, -0.48612114751812713, 0.5852384331848896, -2.0591815642306726, -0.642046526856379, 1.7184873607462672, 1.143661297847365]","[0.31742824392000635, -0.48612114751812713, 0.5852384331848896, -2.0591815642306726, -0.642046526856379, 1.7184873607462672, 1.143661297847365]","[0.3316650666683245, -0.47340489311144185, 0.5902433991577044, -2.0497973993987832, -0.6471646835915058, 1.7108784056738202, 1.1427180358240168]"
narrow_gate,0.0,1,60,60,1,guarded,scripted_non_learned_reference,False,,False,False,0.0,0.0,0.0,0,0,7.346300000790507,"[0.3316650666683245, -0.47340489311144185, 0.5902433991577044, -2.0497973993987832, -0.6471646835915058, 1.7108784056738202, 1.1427180358240168]","[0.3316650666683245, -0.47340489311144185, 0.5902433991577044, -2.0497973993987832, -0.6471646835915058, 1.7108784056738202, 1.1427180358240168]","[0.34625588861823936, -0.4608983864038787, 0.5957655526781436, -2.0402623017560493, -0.6522272648695445, 1.7034367665430328, 1.1417243497642093]"
narrow_gate,0.0,1,61,61,1,guarded,scripted_non_learned_reference,False,,False,False,0.0,0.0,0.0,0,0,6.746300001395866,"[0.34625588861823936, -0.4608983864038787, 0.5957655526781436, -2.0402623017560493, -0.6522272648695445, 1.7034367665430328, 1.1417243497642093]","[0.34625588861823936, -0.4608983864038787, 0.5957655526781436, -2.0402623017560493, -0.6522272648695445, 1.7034367665430328, 1.1417243497642093]","[0.36106094886385515, -0.44868720161258463, 0.6015178819720536, -2.030491302861327, -0.6572968302888548, 1.6960619160760027, 1.1407282559072167]"
narrow_gate,0.0,1,62,62,1,guarded,scripted_non_learned_reference,False,,False,False,0.0,0.0,0.0,0,0,7.845200001611374,"[0.36106094886385515, -0.44868720161258463, 0.6015178819720536, -2.030491302861327, -0.6572968302888548, 1.6960619160760027, 1.1407282559072167]","[0.36106094886385515, -0.44868720161258463, 0.6015178819720536, -2.030491302861327, -0.6572968302888548, 1.6960619160760027, 1.1407282559072167]","[0.37589195788113955, -0.43669341413772483, 0.6072274154051436, -2.0205296063479543, -0.662384261107976, 1.6887032986279806, 1.1397401422005782]"
narrow_gate,0.0,1,63,63,1,guarded,scripted_non_learned_reference,False,,False,False,0.0,0.0,0.0,0,0,6.640500003413763,"[0.37589195788113955, -0.43669341413772483, 0.6072274154051436, -2.0205296063479543, -0.662384261107976, 1.6887032986279806, 1.1397401422005782]","[0.37589195788113955, -0.43669341413772483, 0.6072274154051436, -2.0205296063479543, -0.662384261107976, 1.6887032986279806, 1.1397401422005782]","[0.3905764390263692, -0.4247283121199873, 0.6127115415174428, -2.0105413063509547, -0.6674781016770347, 1.6813444128044421, 1.1387639429361598]"
narrow_gate,0.0,1,64,64,1,guarded,scripted_non_learned_reference,False,,False,False,0.0,0.0,0.0,0,0,7.10090000211494,"[0.3905764390263692, -0.4247283121199873, 0.6127115415174428, -2.0105413063509547, -0.6674781016770347, 1.6813444128044421, 1.1387639429361598]","[0.3905764390263692, -0.4247283121199873, 0.6127115415174428, -2.0105413063509547, -0.6674781016770347, 1.6813444128044421, 1.1387639429361598]","[0.40510756070966764, -0.41258732380893903, 0.6179728473178687, -2.00062617109427, -0.6725977783376346, 1.6739032881352416, 1.137786134505718]"
narrow_gate,0.0,1,65,65,1,guarded,scripted_non_learned_reference,False,,False,False,0.0,0.0,0.0,0,0,7.094400003552437,"[0.40510756070966764, -0.41258732380893903, 0.6179728473178687, -2.00062617109427, -0.6725977783376346, 1.6739032881352416, 1.137786134505718]","[0.40510756070966764, -0.41258732380893903, 0.6179728473178687, -2.00062617109427, -0.6725977783376346, 1.6739032881352416, 1.137786134505718]","[0.41949780368445566, -0.4002287002949446, 0.6231035562604424, -1.9908924746566865, -0.6777065842381957, 1.6664341064621033, 1.1368105223703322]"
narrow_gate,0.0,1,66,66,1,guarded,scripted_non_learned_reference,False,,False,False,0.0,0.0,0.0,0,0,7.7489999966928735,"[0.41949780368445566, -0.4002287002949446, 0.6231035562604424, -1.9908924746566865, -0.6777065842381957, 1.6664341064621033, 1.1368105223703322]","[0.41949780368445566, -0.4002287002949446, 0.6231035562604424, -1.9908924746566865, -0.6777065842381957, 1.6664341064621033, 1.1368105223703322]","[0.43384502546351283, -0.38769606751916313, 0.6281981701188972, -1.981280593476799, -0.682821682146034, 1.6589093130442845, 1.135829716584173]"
narrow_gate,0.0,1,67,67,1,guarded,scripted_non_learned_reference,False,,False,False,0.0,0.0,0.0,0,0,7.69399999990128,"[0.43384502546351283, -0.38769606751916313, 0.6281981701188972, -1.981280593476799, -0.682821682146034, 1.6589093130442845, 1.135829716584173]","[0.43384502546351283, -0.38769606751916313, 0.6281981701188972, -1.981280593476799, -0.682821682146034, 1.6589093130442845, 1.135829716584173]","[0.44821140352151895, -0.3751228541152092, 0.6333345319562126, -1.9717061550518202, -0.6879327809640432, 1.6513767199316023, 1.134845965932916]"
narrow_gate,0.0,1,68,68,1,guarded,scripted_non_learned_reference,False,,False,False,0.0,0.0,0.0,0,0,7.186899994849227,"[0.44821140352151895, -0.3751228541152092, 0.6333345319562126, -1.9717061550518202, -0.6879327809640432, 1.6513767199316023, 1.134845965932916]","[0.44821140352151895, -0.3751228541152092, 0.6333345319562126, -1.9717061550518202, -0.6879327809640432, 1.6513767199316023, 1.134845965932916]","[0.46225738318158777, -0.36328321588775003, 0.6376346697541173, -1.9626168896047016, -0.6906119419648684, 1.6456552363979073, 1.132118683324418]"
narrow_gate,0.0,1,69,69,1,guarded,scripted_non_learned_reference,False,,False,False,0.0,0.0,0.0,0,0,7.160399996791966,"[0.46225738318158777, -0.36328321588775003, 0.6376346697541173, -1.9626168896047016, -0.6906119419648684, 1.6456552363979073, 1.132118683324418]","[0.46225738318158777, -0.36328321588775003, 0.6376346697541173, -1.9626168896047016, -0.6906119419648684, 1.6456552363979073, 1.132118683324418]","[0.473767599672482, -0.3553263448939029, 0.6358272030107852, -1.9563923030406294, -0.6791755346048021, 1.650238577654777, 1.118814986097013]"
narrow_gate,0.0,1,70,70,1,guarded,scripted_non_learned_reference,False,,False,False,0.0,0.0,0.0,0,0,8.741700003156438,"[0.473767599672482, -0.3553263448939029, 0.6358272030107852, -1.9563923030406294, -0.6791755346048021, 1.650238577654777, 1.118814986097013]","[0.473767599672482, -0.3553263448939029, 0.6358272030107852, -1.9563923030406294, -0.6791755346048021, 1.650238577654777, 1.118814986097013]","[0.4806389119736369, -0.34949797422569906, 0.6257836966378851, -1.950113100192193, -0.6637492375618435, 1.6581293605744396, 1.0998016700611288]"
narrow_gate,0.0,1,71,71,1,guarded,scripted_non_learned_reference,False,,False,False,0.0,0.0,0.0,0,0,6.568099997821264,"[0.4806389119736369, -0.34949797422569906, 0.6257836966378851, -1.950113100192193, -0.6637492375618435, 1.6581293605744396, 1.0998016700611288]","[0.4806389119736369, -0.34949797422569906, 0.6257836966378851, -1.950113100192193, -0.6637492375618435, 1.6581293605744396, 1.0998016700611288]","[0.4839063746024183, -0.34255374910673936, 0.6103671672153901, -1.942422961519639, -0.6500864337976681, 1.6642632843864027, 1.0815933476323942]"
narrow_gate,0.0,1,72,72,1,guarded,scripted_non_learned_reference,False,,False,False,0.0,0.0,0.0,0,0,8.203199999115895,"[0.4839063746024183, -0.34255374910673936, 0.6103671672153901, -1.942422961519639, -0.6500864337976681, 1.6642632843864027, 1.0815933476323942]","[0.4839063746024183, -0.34255374910673936, 0.6103671672153901, -1.942422961519639, -0.6500864337976681, 1.6642632843864027, 1.0815933476323942]","[0.4856453916114316, -0.333704841384345, 0.593058543745767, -1.935095468523929, -0.6370005201534108, 1.6695344238137813, 1.064251055486971]"
narrow_gate,0.0,1,73,73,1,guarded,scripted_non_learned_reference,False,,False,False,0.0,0.0,0.0,0,0,6.799499999033287,"[0.4856453916114316, -0.333704841384345, 0.593058543745767, -1.935095468523929, -0.6370005201534108, 1.6695344238137813, 1.064251055486971]","[0.4856453916114316, -0.333704841384345, 0.593058543745767, -1.935095468523929, -0.6370005201534108, 1.6695344238137813, 1.064251055486971]","[0.48820254204645586, -0.32347181124420615, 0.5774829017248057, -1.9294609584147915, -0.623689033651853, 1.6747932076624368, 1.0471256002527904]"
narrow_gate,0.0,1,74,74,1,guarded,scripted_non_learned_reference,False,,False,False,0.0,0.0,0.0,0,0,6.325400005152915,"[0.48820254204645586, -0.32347181124420615, 0.5774829017248057, -1.9294609584147915, -0.623689033651853, 1.6747932076624368, 1.0471256002527904]","[0.48820254204645586, -0.32347181124420615, 0.5774829017248057, -1.9294609584147915, -0.623689033651853, 1.6747932076624368, 1.0471256002527904]","[0.492677326949048, -0.31301962057068955, 0.5649492190165312, -1.9249756396152755, -0.6099769291550599, 1.6804088928008831, 1.0297549821722334]"
narrow_gate,0.0,1,75,75,1,guarded,scripted_non_learned_reference,False,,False,False,0.0,0.0,0.0,0,0,6.576300002052449,"[0.492677326949048, -0.31301962057068955, 0.5649492190165312, -1.9249756396152755, -0.6099769291550599, 1.6804088928008831, 1.0297549821722334]","[0.492677326949048, -0.31301962057068955, 0.5649492190165312, -1.9249756396152755, -0.6099769291550599, 1.6804088928008831, 1.0297549821722334]","[0.49903247774066567, -0.303634005072385, 0.5550661255202478, -1.9202562473926157, -0.5960763543254566, 1.686477211195191, 1.0123397529034261]"
narrow_gate,0.0,1,76,76,1,guarded,scripted_non_learned_reference,False,,False,False,0.0,0.0,0.0,0,0,6.344500005070586,"[0.49903247774066567, -0.303634005072385, 0.5550661255202478, -1.9202562473926157, -0.5960763543254566, 1.686477211195191, 1.0123397529034261]","[0.49903247774066567, -0.303634005072385, 0.5550661255202478, -1.9202562473926157, -0.5960763543254566, 1.686477211195191, 1.0123397529034261]","[0.506453878411409, -0.2958226094258889, 0.546400302276596, -1.914397326623462, -0.5821083801846844, 1.6929639147701827, 0.9948607026471047]"
narrow_gate,0.0,1,77,77,1,guarded,scripted_non_learned_reference,False,,False,False,0.0,0.0,0.0,0,0,6.290199999057222,"[0.506453878411409, -0.2958226094258889, 0.546400302276596, -1.914397326623462, -0.5821083801846844, 1.6929639147701827, 0.9948607026471047]","[0.506453878411409, -0.2958226094258889, 0.546400302276596, -1.914397326623462, -0.5821083801846844, 1.6929639147701827, 0.9948607026471047]","[0.5139535958145587, -0.2893243695559978, 0.5375519774807282, -1.9073246503033812, -0.568208655018719, 1.6996711697252067, 0.9773821584470356]"
narrow_gate,0.0,1,78,78,1,guarded,scripted_non_learned_reference,False,,False,False,0.0,0.0,0.0,0,0,7.896499999333173,"[0.5139535958145587, -0.2893243695559978, 0.5375519774807282, -1.9073246503033812, -0.568208655018719, 1.6996711697252067, 0.9773821584470356]","[0.5139535958145587, -0.2893243695559978, 0.5375519774807282, -1.9073246503033812, -0.568208655018719, 1.6996711697252067, 0.9773821584470356]","[0.5207204500810162, -0.28319473061789785, 0.5275647830552307, -1.8996990762308599, -0.5544707673023076, 1.706297529671684, 0.9600285669243405]"
narrow_gate,0.0,1,79,79,1,guarded,scripted_non_learned_reference,False,,False,False,0.0,0.0,0.0,0,0,6.999299999733921,"[0.5207204500810162, -0.28319473061789785, 0.5275647830552307, -1.8996990762308599, -0.5544707673023076, 1.706297529671684, 0.9600285669243405]","[0.5207204500810162, -0.28319473061789785, 0.5275647830552307, -1.8996990762308599, -0.5544707673023076, 1.706297529671684, 0.9600285669243405]","[0.5266001091795188, -0.27647474593949284, 0.516342370552939, -1.8922987065214214, -0.5407885430448095, 1.712718568610036, 0.9426257523437789]"
narrow_gate,0.0,1,80,80,1,guarded,scripted_non_learned_reference,False,,False,False,0.0,0.0,0.0,0,0,6.380600003467407,"[0.5266001091795188, -0.27647474593949284, 0.516342370552939, -1.8922987065214214, -0.5407885430448095, 1.712718568610036, 0.9426257523437789]","[0.5266001091795188, -0.27647474593949284, 0.516342370552939, -1.8922987065214214, -0.5407885430448095, 1.712718568610036, 0.9426257523437789]","[0.5317967128814881, -0.26858583331379754, 0.5043564535660607, -1.8857232431737363, -0.5271606373519331, 1.7188453169913722, 0.9252850713870925]"
narrow_gate,0.0,1,81,81,1,guarded,scripted_non_learned_reference,False,,False,False,0.0,0.0,0.0,0,0,6.515299995953683,"[0.5317967128814881, -0.26858583331379754, 0.5043564535660607, -1.8857232431737363, -0.5271606373519331, 1.7188453169913722, 0.9252850713870925]","[0.5317967128814881, -0.26858583331379754, 0.5043564535660607, -1.8857232431737363, -0.5271606373519331, 1.7188453169913722, 0.9252850713870925]","[0.5367108717529407, -0.2596449868434362, 0.4921067339125886, -1.8799547703105677, -0.5134891205286268, 1.7247842043545223, 0.907872935936108]"
narrow_gate,0.0,1,82,82,1,guarded,scripted_non_learned_reference,False,,False,False,0.0,0.0,0.0,0,0,7.728999997198116,"[0.5367108717529407, -0.2596449868434362, 0.4921067339125886, -1.8799547703105677, -0.5134891205286268, 1.7247842043545223, 0.907872935936108]","[0.5367108717529407, -0.2596449868434362, 0.4921067339125886, -1.8799547703105677, -0.5134891205286268, 1.7247842043545223, 0.907872935936108]","[0.5416921773804805, -0.250205925823666, 0.4800301508087409, -1.8746259958644091, -0.49978025411126453, 1.730653100166104, 0.8904273208261201]"
narrow_gate,0.0,1,83,83,1,guarded,scripted_non_learned_reference,False,,False,False,0.0,0.0,0.0,0,0,5.9771000014734454,"[0.5416921773804805, -0.250205925823666, 0.4800301508087409, -1.8746259958644091, -0.49978025411126453, 1.730653100166104, 0.8904273208261201]","[0.5416921773804805, -0.250205925823666, 0.4800301508087409, -1.8746259958644091, -0.49978025411126453, 1.730653100166104, 0.8904273208261201]","[0.5469970554321297, -0.24102137594871886, 0.46841196135428875, -1.869203924167085, -0.48608331618626793, 1.7365644243231857, 0.8730738094749975]"
narrow_gate,0.0,1,84,84,1,guarded,scripted_non_learned_reference,False,,False,False,0.0,0.0,0.0,0,0,7.265599997481331,"[0.5469970554321297, -0.24102137594871886, 0.46841196135428875, -1.869203924167085, -0.48608331618626793, 1.7365644243231857, 0.8730738094749975]","[0.5469970554321297, -0.24102137594871886, 0.46841196135428875, -1.869203924167085, -0.48608331618626793, 1.7365644243231857, 0.8730738094749975]","[0.5527010868865375, -0.2324993066565932, 0.45724273311146024, -1.8633288151131875, -0.4723355658983673, 1.742646015065037, 0.855652880559304]"
narrow_gate,0.0,1,85,85,1,guarded,scripted_non_learned_reference,False,,False,False,0.0,0.0,0.0,0,0,5.982900001981761,"[0.5527010868865375, -0.2324993066565932, 0.45724273311146024, -1.8633288151131875, -0.4723355658983673, 1.742646015065037, 0.855652880559304]","[0.5527010868865375, -0.2324993066565932, 0.45724273311146024, -1.8633288151131875, -0.4723355658983673, 1.742646015065037, 0.855652880559304]","[0.5586873275956243, -0.2247165834552711, 0.44640531525797605, -1.8569286552274722, -0.45860805738936333, 1.7488775242707368, 0.8382915988631607]"
narrow_gate,0.0,1,86,86,1,guarded,scripted_non_learned_reference,False,,False,False,0.0,0.0,0.0,0,0,6.976799995754845,"[0.5586873275956243, -0.2247165834552711, 0.44640531525797605, -1.8569286552274722, -0.45860805738936333, 1.7488775242707368, 0.8382915988631607]","[0.5586873275956243, -0.2247165834552711, 0.44640531525797605, -1.8569286552274722, -0.45860805738936333, 1.7488775242707368, 0.8382915988631607]","[0.564819630101978, -0.21738923117873274, 0.43569396045137104, -1.8501769433564326, -0.4448491820006982, 1.7552277096539233, 0.820865088423321]"
narrow_gate,0.0,1,87,87,1,guarded,scripted_non_learned_reference,False,,False,False,0.0,0.0,0.0,0,0,5.84339999477379,"[0.564819630101978, -0.21738923117873274, 0.43569396045137104, -1.8501769433564326, -0.4448491820006982, 1.7552277096539233, 0.820865088423321]","[0.564819630101978, -0.21738923117873274, 0.43569396045137104, -1.8501769433564326, -0.4448491820006982, 1.7552277096539233, 0.820865088423321]","[0.5709237964888839, -0.21012231136108311, 0.4249362575087553, -1.8433604120999714, -0.4310858924764478, 1.7616030917246461, 0.8034134691516187]"
narrow_gate,0.0,1,88,88,1,guarded,scripted_non_learned_reference,False,,False,False,0.0,0.0,0.0,0,0,6.760400006896816,"[0.5709237964888839, -0.21012231136108311, 0.4249362575087553, -1.8433604120999714, -0.4310858924764478, 1.7616030917246461, 0.8034134691516187]","[0.5709237964888839, -0.21012231136108311, 0.4249362575087553, -1.8433604120999714, -0.4310858924764478, 1.7616030917246461, 0.8034134691516187]","[0.5768508488373043, -0.20254706414362278, 0.4140002121606441, -1.83677320660051, -0.41737075209244356, 1.7678822311956546, 0.7860602456117625]"
narrow_gate,0.0,1,89,89,1,guarded,scripted_non_learned_reference,False,,False,False,0.0,0.0,0.0,0,0,5.678499997884501,"[0.5768508488373043, -0.20254706414362278, 0.4140002121606441, -1.83677320660051, -0.41737075209244356, 1.7678822311956546, 0.7860602456117625]","[0.5768508488373043, -0.20254706414362278, 0.4140002121606441, -1.83677320660051, -0.41737075209244356, 1.7678822311956546, 0.7860602456117625]","[0.5825848718551013, -0.19451448932203297, 0.4028124103723573, -1.8304895534128136, -0.40363470101401844, 1.7740764725385976, 0.7686429327605182]"
narrow_gate,0.0,1,90,90,1,guarded,scripted_non_learned_reference,False,,False,False,0.0,0.0,0.0,0,0,5.651100000250153,"[0.5825848718551013, -0.19451448932203297, 0.4028124103723573, -1.8304895534128136, -0.40363470101401844, 1.7740764725385976, 0.7686429327605182]","[0.5825848718551013, -0.19451448932203297, 0.4028124103723573, -1.8304895534128136, -0.40363470101401844, 1.7740764725385976, 0.7686429327605182]","[0.5881436374686498, -0.18611505650134696, 0.3914409906359554, -1.8244651226587305, -0.389937034188635, 1.7801673649669942, 0.7512862974502253]"
narrow_gate,0.0,1,91,91,1,guarded,scripted_non_learned_reference,False,,False,False,0.0,0.0,0.0,0,0,5.736499995691702,"[0.5881436374686498, -0.18611505650134696, 0.3914409906359554, -1.8244651226587305, -0.389937034188635, 1.7801673649669942, 0.7512862974502253]","[0.5881436374686498, -0.18611505650134696, 0.3914409906359554, -1.8244651226587305, -0.389937034188635, 1.7801673649669942, 0.7512862974502253]","[0.5936331736553803, -0.1775447943869316, 0.3799576142627066, -1.8185432185640742, -0.37621581572040985, 1.7862343825440545, 0.7338645564126912]"
narrow_gate,0.0,1,92,92,1,guarded,scripted_non_learned_reference,False,,False,False,0.0,0.0,0.0,0,0,7.095000000845175,"[0.5936331736553803, -0.1775447943869316, 0.3799576142627066, -1.8185432185640742, -0.37621581572040985, 1.7862343825440545, 0.7338645564126912]","[0.5936331736553803, -0.1775447943869316, 0.3799576142627066, -1.8185432185640742, -0.37621581572040985, 1.7862343825440545, 0.7338645564126912]","[0.5991392917199253, -0.1690306922266458, 0.3684872594097219, -1.8125740813863354, -0.36248780972022726, 1.7923182630149146, 0.7164173689530549]"
narrow_gate,0.0,1,93,93,1,guarded,scripted_non_learned_reference,False,,False,False,0.0,0.0,0.0,0,0,5.338500006473623,"[0.5991392917199253, -0.1690306922266458, 0.3684872594097219, -1.8125740813863354, -0.36248780972022726, 1.7923182630149146, 0.7164173689530549]","[0.5991392917199253, -0.1690306922266458, 0.3684872594097219, -1.8125740813863354, -0.36248780972022726, 1.7923182630149146, 0.7164173689530549]","[0.6047345338893458, -0.16075964194581147, 0.3571518478427214, -1.806462840478418, -0.34879447692424376, 1.798424097085892, 0.6990673803496874]"
narrow_gate,0.0,1,94,94,1,guarded,scripted_non_learned_reference,False,,False,False,0.0,0.0,0.0,0,0,6.132499998784624,"[0.6047345338893458, -0.16075964194581147, 0.3571518478427214, -1.806462840478418, -0.34879447692424376, 1.798424097085892, 0.6990673803496874]","[0.6047345338893458, -0.16075964194581147, 0.3571518478427214, -1.806462840478418, -0.34879447692424376, 1.798424097085892, 0.6990673803496874]","[0.6104680514758201, -0.15274272493945784, 0.34596045750119947, -1.8001744112241769, -0.3350605799302014, 1.8046055299883361, 0.6816509833570712]"
narrow_gate,0.0,1,95,95,1,guarded,scripted_non_learned_reference,False,,False,False,0.0,0.0,0.0,0,0,8.046299997658934,"[0.6104680514758201, -0.15274272493945784, 0.34596045750119947, -1.8001744112241769, -0.3350605799302014, 1.8046055299883361, 0.6816509833570712]","[0.6104680514758201, -0.15274272493945784, 0.34596045750119947, -1.8001744112241769, -0.3350605799302014, 1.8046055299883361, 0.6816509833570712]","[0.6162922519218332, -0.14490423613632863, 0.3349077306452416, -1.793779576451447, -0.3213463182579046, 1.8108171765483996, 0.6642924198089425]"
narrow_gate,0.0,1,96,96,1,guarded,scripted_non_learned_reference,False,,False,False,0.0,0.0,0.0,0,0,5.352399995899759,"[0.6162922519218332, -0.14490423613632863, 0.3349077306452416, -1.793779576451447, -0.3213463182579046, 1.8108171765483996, 0.6642924198089425]","[0.6162922519218332, -0.14490423613632863, 0.3349077306452416, -1.793779576451447, -0.3213463182579046, 1.8108171765483996, 0.6642924198089425]","[0.6221709685584778, -0.1371079079301053, 0.3238993258979951, -1.7873475693465735, -0.3075979371388911, 1.8170614501622413, 0.6468666612186282]"
narrow_gate,0.0,1,97,97,1,guarded,scripted_non_learned_reference,False,,False,False,0.0,0.0,0.0,0,0,5.531700000574347,"[0.6221709685584778, -0.1371079079301053, 0.3238993258979951, -1.7873475693465735, -0.3075979371388911, 1.8170614501622413, 0.6468666612186282]","[0.6221709685584778, -0.1371079079301053, 0.3238993258979951, -1.7873475693465735, -0.3075979371388911, 1.8170614501622413, 0.6468666612186282]","[0.6280297440934276, -0.12924038272253088, 0.3128655347433352, -1.7809566270638042, -0.2938429018070855, 1.823301906733804, 0.6294148332373836]"
narrow_gate,0.0,1,98,98,1,guarded,scripted_non_learned_reference,False,,False,False,0.0,0.0,0.0,0,0,6.723700003931299,"[0.6280297440934276, -0.12924038272253088, 0.3128655347433352, -1.7809566270638042, -0.2938429018070855, 1.823301906733804, 0.6294148332373836]","[0.6280297440934276, -0.12924038272253088, 0.3128655347433352, -1.7809566270638042, -0.2938429018070855, 1.823301906733804, 0.6294148332373836]","[0.6338053452039937, -0.12123984132133396, 0.30175855225678627, -1.7746734402961148, -0.2801336801152588, 1.8294817785567103, 0.6120615326663024]"
narrow_gate,0.0,1,99,99,1,guarded,scripted_non_learned_reference,False,,False,False,0.0,0.0,0.0,0,0,5.886899998586159,"[0.6338053452039937, -0.12123984132133396, 0.30175855225678627, -1.7746734402961148, -0.2801336801152588, 1.8294817785567103, 0.6120615326663024]","[0.6338053452039937, -0.12123984132133396, 0.30175855225678627, -1.7746734402961148, -0.2801336801152588, 1.8294817785567103, 0.6120615326663024]","[0.6395107855041087, -0.11309249739133437, 0.290538407299921, -1.7684737013744425, -0.26639991491625614, 1.8356443468955261, 0.5946444362230796]"
narrow_gate,0.0,1,100,100,1,guarded,scripted_non_learned_reference,False,,False,False,0.0,0.0,0.0,0,0,6.700099998852238,"[0.6395107855041087, -0.11309249739133437, 0.290538407299921, -1.7684737013744425, -0.26639991491625614, 1.8356443468955261, 0.5946444362230796]","[0.6395107855041087, -0.11309249739133437, 0.290538407299921, -1.7684737013744425, -0.26639991491625614, 1.8356443468955261, 0.5946444362230796]","[0.6451497340422389, -0.10486781722137657, 0.279258836132887, -1.762330433227189, -0.2526995575206269, 1.8417712661362615, 0.5772879436141293]"
narrow_gate,0.0,1,101,101,1,guarded,scripted_non_learned_reference,False,,False,False,0.0,0.0,0.0,0,0,5.822799997986294,"[0.6451497340422389, -0.10486781722137657, 0.279258836132887, -1.762330433227189, -0.2526995575206269, 1.8417712661362615, 0.5772879436141293]","[0.6451497340422389, -0.10486781722137657, 0.279258836132887, -1.762330433227189, -0.2526995575206269, 1.8417712661362615, 0.5772879436141293]","[0.6507818208551784, -0.09662642070223157, 0.26794369676630053, -1.7561838633324087, -0.2389711843225496, 1.8479119469264693, 0.5598658069806257]"
narrow_gate,0.0,1,102,102,1,guarded,scripted_non_learned_reference,False,,False,False,0.0,0.0,0.0,0,0,6.075799996324349,"[0.6507818208551784, -0.09662642070223157, 0.26794369676630053, -1.7561838633324087, -0.2389711843225496, 1.8479119469264693, 0.5598658069806257]","[0.6507818208551784, -0.09662642070223157, 0.26794369676630053, -1.7561838633324087, -0.2389711843225496, 1.8479119469264693, 0.5598658069806257]","[0.6564343381174934, -0.08843237099848329, 0.2566509350157008, -1.7499992550841974, -0.22523394464616606, 1.8540716250003477, 0.5424176133710102]"
narrow_gate,0.0,1,103,103,1,guarded,scripted_non_learned_reference,False,,False,False,0.0,0.0,0.0,0,0,5.525400003534742,"[0.6564343381174934, -0.08843237099848329, 0.2566509350157008, -1.7499992550841974, -0.22523394464616606, 1.8540716250003477, 0.5424176133710102]","[0.6564343381174934, -0.08843237099848329, 0.2566509350157008, -1.7499992550841974, -0.22523394464616606, 1.8540716250003477, 0.5424176133710102]","[0.6621225757833624, -0.08033421262160896, 0.24543172928276613, -1.7437755868813407, -0.21153285015929182, 1.860222615159453, 0.5250663700487855]"
narrow_gate,0.0,1,104,104,1,guarded,scripted_non_learned_reference,False,,False,False,0.0,0.0,0.0,0,0,5.900100004510023,"[0.6621225757833624, -0.08033421262160896, 0.24543172928276613, -1.7437755868813407, -0.21153285015929182, 1.860222615159453, 0.5250663700487855]","[0.6621225757833624, -0.08033421262160896, 0.24543172928276613, -1.7437755868813407, -0.21153285015929182, 1.860222615159453, 0.5250663700487855]","[0.6678703460917588, -0.07230800254595363, 0.23426255081844743, -1.737496656799536, -0.19779618597212412, 1.8664073614593468, 0.5076491353977276]"
narrow_gate,0.0,1,105,105,1,guarded,scripted_non_learned_reference,False,,False,False,0.0,0.0,0.0,0,0,5.978100001811981,"[0.6678703460917588, -0.07230800254595363, 0.23426255081844743, -1.737496656799536, -0.19779618597212412, 1.8664073614593468, 0.5076491353977276]","[0.6678703460917588, -0.07230800254595363, 0.23426255081844743, -1.737496656799536, -0.19779618597212412, 1.8664073614593468, 0.5076491353977276]","[0.6736389726758355, -0.06432583182331511, 0.22314371871942643, -1.7311991870098846, -0.1840849035333992, 1.8725879771144114, 0.49029063890405045]"
narrow_gate,0.0,1,106,106,1,guarded,scripted_non_learned_reference,False,,False,False,0.0,0.0,0.0,0,0,5.896800001210067,"[0.6736389726758355, -0.06432583182331511, 0.22314371871942643, -1.7311991870098846, -0.1840849035333992, 1.8725879771144114, 0.49029063890405045]","[0.6736389726758355, -0.06432583182331511, 0.22314371871942643, -1.7311991870098846, -0.1840849035333992, 1.8725879771144114, 0.49029063890405045]","[0.6794235032211621, -0.05633581644020394, 0.21201914873275407, -1.724894040238385, -0.17034337311180808, 1.878786749124555, 0.472865754280987]"
narrow_gate,0.0,1,107,107,1,guarded,scripted_non_learned_reference,False,,False,False,0.0,0.0,0.0,0,0,6.25679999939166,"[0.6794235032211621, -0.05633581644020394, 0.21201914873275407, -1.724894040238385, -0.17034337311180808, 1.878786749124555, 0.472865754280987]","[0.6794235032211621, -0.05633581644020394, 0.21201914873275407, -1.724894040238385, -0.17034337311180808, 1.878786749124555, 0.472865754280987]","[0.685190472795348, -0.048308654368941405, 0.20086994973892205, -1.7186050634924654, -0.1565960888632259, 1.884987045469307, 0.4554152212731199]"
narrow_gate,0.0,1,108,108,1,guarded,scripted_non_learned_reference,False,,False,False,0.0,0.0,0.0,0,0,5.954000000201631,"[0.685190472795348, -0.048308654368941405, 0.20086994973892205, -1.7186050634924654, -0.1565960888632259, 1.884987045469307, 0.4554152212731199]","[0.685190472795348, -0.048308654368941405, 0.20086994973892205, -1.7186050634924654, -0.1565960888632259, 1.884987045469307, 0.4554152212731199]","[0.6909147481299105, -0.04024257456560363, 0.18969619290659226, -1.7123621246191028, -0.1428915787752851, 1.8911482261244135, 0.4380629765027763]"
narrow_gate,0.0,1,109,109,1,guarded,scripted_non_learned_reference,False,,False,False,0.0,0.0,0.0,0,0,6.5374999976484105,"[0.6909147481299105, -0.04024257456560363, 0.18969619290659226, -1.7123621246191028, -0.1428915787752851, 1.8911482261244135, 0.4380629765027763]","[0.6909147481299105, -0.04024257456560363, 0.18969619290659226, -1.7123621246191028, -0.1428915787752851, 1.8911482261244135, 0.4380629765027763]","[0.6966206312924081, -0.03212799260977678, 0.1784757770201339, -1.7061389267648113, -0.12915836007422604, 1.8973156445725907, 0.42064625531766525]"
narrow_gate,0.0,1,110,110,1,guarded,scripted_non_learned_reference,False,,False,False,0.0,0.0,0.0,0,0,7.071399995766114,"[0.6966206312924081, -0.03212799260977678, 0.1784757770201339, -1.7061389267648113, -0.12915836007422604, 1.8973156445725907, 0.42064625531766525]","[0.6966206312924081, -0.03212799260977678, 0.1784757770201339, -1.7061389267648113, -0.12915836007422604, 1.8973156445725907, 0.42064625531766525]","[0.7023029652483879, -0.023998579192948327, 0.16725007462733915, -1.6999343820332347, -0.11545457696614055, 1.903463995213181, 0.4032893479352023]"
narrow_gate,0.0,1,111,111,1,guarded,scripted_non_learned_reference,False,,False,False,0.0,0.0,0.0,0,0,6.025500006217044,"[0.7023029652483879, -0.023998579192948327, 0.16725007462733915, -1.6999343820332347, -0.11545457696614055, 1.903463995213181, 0.4032893479352023]","[0.7023029652483879, -0.023998579192948327, 0.16725007462733915, -1.6999343820332347, -0.11545457696614055, 1.903463995213181, 0.4032893479352023]","[0.7079969033041733, -0.015866295629005583, 0.156013477685532, -1.6937188705961916, -0.10172098279524892, 1.9096305352568055, 0.38586629365999187]"
narrow_gate,0.0,1,112,112,1,guarded,scripted_non_learned_reference,False,,False,False,0.0,0.0,0.0,0,0,6.2617000003228895,"[0.7079969033041733, -0.015866295629005583, 0.156013477685532, -1.6937188705961916, -0.10172098279524892, 1.9096305352568055, 0.38586629365999187]","[0.7079969033041733, -0.015866295629005583, 0.156013477685532, -1.6937188705961916, -0.10172098279524892, 1.9096305352568055, 0.38586629365999187]","[0.7137037769441847, -0.007752237663457372, 0.14479002730678364, -1.6874849867594532, -0.08797912787070626, 1.9158100262939868, 0.3684171202283446]"
narrow_gate,0.0,1,113,113,1,guarded,scripted_non_learned_reference,False,,False,False,0.0,0.0,0.0,0,0,7.818899997801054,"[0.7137037769441847, -0.007752237663457372, 0.14479002730678364, -1.6874849867594532, -0.08797912787070626, 1.9158100262939868, 0.3684171202283446]","[0.7137037769441847, -0.007752237663457372, 0.14479002730678364, -1.6874849867594532, -0.08797912787070626, 1.9158100262939868, 0.3684171202283446]","[0.7194176860931164, 0.0003213744341858987, 0.13360329270751342, -1.6812476410144448, -0.07427550640842097, 1.921968077724893, 0.351065247782296]"
narrow_gate,0.0,1,114,114,1,guarded,scripted_non_learned_reference,False,,False,False,0.0,0.0,0.0,0,0,7.958999995025806,"[0.7194176860931164, 0.0003213744341858987, 0.13360329270751342, -1.6812476410144448, -0.07427550640842097, 1.921968077724893, 0.351065247782296]","[0.7194176860931164, 0.0003213744341858987, 0.13360329270751342, -1.6812476410144448, -0.07427550640842097, 1.921968077724893, 0.351065247782296]","[0.7251571455856944, 0.00837658974521398, 0.12242420614916695, -1.6749872518648912, -0.06053945179280787, 1.9281472218046591, 0.3336479579631953]"
narrow_gate,0.0,1,115,115,1,guarded,scripted_non_learned_reference,False,,False,False,0.0,0.0,0.0,0,0,8.046399998420384,"[0.7251571455856944, 0.00837658974521398, 0.12242420614916695, -1.6749872518648912, -0.06053945179280787, 1.9281472218046591, 0.3336479579631953]","[0.7251571455856944, 0.00837658974521398, 0.12242420614916695, -1.6749872518648912, -0.06053945179280787, 1.9281472218046591, 0.3336479579631953]","[0.7308942792363101, 0.016416970936038777, 0.11126543111862264, -1.6687265802784843, -0.046830899766784485, 1.934314475032739, 0.3162899289930921]"
narrow_gate,0.0,1,116,116,1,guarded,scripted_non_learned_reference,False,,False,False,0.0,0.0,0.0,0,0,7.251899995026179,"[0.7308942792363101, 0.016416970936038777, 0.11126543111862264, -1.6687265802784843, -0.046830899766784485, 1.934314475032739, 0.3162899289930921]","[0.7308942792363101, 0.016416970936038777, 0.11126543111862264, -1.6687265802784843, -0.046830899766784485, 1.934314475032739, 0.3162899289930921]","[0.7366396908976944, 0.024467845128608116, 0.1000916197693945, -1.6624589967580141, -0.0330928514524788, 1.9404987069982729, 0.29886573826260304]"
narrow_gate,0.0,1,117,117,1,guarded,scripted_non_learned_reference,False,,False,False,0.0,0.0,0.0,0,0,7.255199998326134,"[0.7366396908976944, 0.024467845128608116, 0.1000916197693945, -1.6624589967580141, -0.0330928514524788, 1.9404987069982729, 0.29886573826260304]","[0.7366396908976944, 0.024467845128608116, 0.1000916197693945, -1.6624589967580141, -0.0330928514524788, 1.9404987069982729, 0.29886573826260304]","[0.7423763413330756, 0.032535783565009545, 0.08890418172587887, -1.6561951449365415, -0.019348483310560702, 1.946688605807379, 0.2814158398284373]"
narrow_gate,0.0,1,118,118,1,guarded,scripted_non_learned_reference,False,,False,False,0.0,0.0,0.0,0,0,5.938399997830857,"[0.7423763413330756, 0.032535783565009545, 0.08890418172587887, -1.6561951449365415, -0.019348483310560702, 1.946688605807379, 0.2814158398284373]","[0.7423763413330756, 0.032535783565009545, 0.08890418172587887, -1.6561951449365415, -0.019348483310560702, 1.946688605807379, 0.2814158398284373]","[0.7480901966904933, 0.040609884226976915, 0.07771749959330919, -1.649957716096443, -0.005644711716578053, 1.9528471665660545, 0.2640638688485656]"
narrow_gate,0.0,1,119,119,1,guarded,scripted_non_learned_reference,False,,False,False,0.0,0.0,0.0,0,0,5.802100000437349,"[0.7480901966904933, 0.040609884226976915, 0.07771749959330919, -1.649957716096443, -0.005644711716578053, 1.9528471665660545, 0.2640638688485656]","[0.7480901966904933, 0.040609884226976915, 0.07771749959330919, -1.649957716096443, -0.005644711716578053, 1.9528471665660545, 0.2640638688485656]","[0.753805414520537, 0.048703728868425146, 0.0665092363654864, -1.6437213522928207, 0.008089328839352008, 1.959018850171037, 0.24664703393948406]"
narrow_gate,0.0,1,120,120,1,guarded,scripted_non_learned_reference,False,,False,False,0.0,0.0,0.0,0,0,6.366800000250805,"[0.753805414520537, 0.048703728868425146, 0.0665092363654864, -1.6437213522928207, 0.008089328839352008, 1.959018850171037, 0.24664703393948406]","[0.753805414520537, 0.048703728868425146, 0.0665092363654864, -1.6437213522928207, 0.008089328839352008, 1.959018850171037, 0.24664703393948406]","[0.7595092375201447, 0.05679741137804323, 0.055310701488126286, -1.6374949975920863, 0.021795065572640465, 1.9651751115458556, 0.22928973256880822]"
narrow_gate,0.0,1,121,121,1,guarded,scripted_non_learned_reference,False,,False,False,0.0,0.0,0.0,0,0,6.324900001345668,"[0.7595092375201447, 0.05679741137804323, 0.055310701488126286, -1.6374949975920863, 0.021795065572640465, 1.9651751115458556, 0.22928973256880822]","[0.7595092375201447, 0.05679741137804323, 0.055310701488126286, -1.6374949975920863, 0.021795065572640465, 1.9651751115458556, 0.22928973256880822]","[0.7652262073218559, 0.0648950742482028, 0.0441029948998394, -1.631257769155201, 0.03553062390237705, 1.9713494248552808, 0.21186620957164945]"
narrow_gate,0.0,1,122,122,1,guarded,scripted_non_learned_reference,False,,False,False,0.0,0.0,0.0,0,0,6.804399999964517,"[0.7652262073218559, 0.0648950742482028, 0.0441029948998394, -1.631257769155201, 0.03553062390237705, 1.9713494248552808, 0.21186620957164945]","[0.7652262073218559, 0.0648950742482028, 0.0441029948998394, -1.631257769155201, 0.03553062390237705, 1.9713494248552808, 0.21186620957164945]","[0.7709490872896175, 0.07298770586724027, 0.032899056081040365, -1.6250104161921493, 0.04927359447234234, 1.9775336445958154, 0.19441669372524986]"
narrow_gate,0.0,1,123,123,1,guarded,scripted_non_learned_reference,False,,False,False,0.0,0.0,0.0,0,0,5.500600003870204,"[0.7709490872896175, 0.07298770586724027, 0.032899056081040365, -1.6250104161921493, 0.04927359447234234, 1.9775336445958154, 0.19441669372524986]","[0.7709490872896175, 0.07298770586724027, 0.032899056081040365, -1.6250104161921493, 0.04927359447234234, 1.9775336445958154, 0.19441669372524986]","[0.7766664642392807, 0.0810587057261852, 0.021716922890134993, -1.618771815305991, 0.0629776515713562, 1.9836922896705282, 0.17706469256450705]"
narrow_gate,0.0,1,124,124,1,guarded,scripted_non_learned_reference,False,,False,False,0.0,0.0,0.0,0,0,5.567899999732617,"[0.7766664642392807, 0.0810587057261852, 0.021716922890134993, -1.618771815305991, 0.0629776515713562, 1.9836922896705282, 0.17706469256450705]","[0.7766664642392807, 0.0810587057261852, 0.021716922890134993, -1.618771815305991, 0.0629776515713562, 1.9836922896705282, 0.17706469256450705]","[0.7823980617072966, 0.08912813557700107, 0.010527738550388396, -1.6125196765361998, 0.0767129675869108, 1.9898685444437478, 0.1596475167001931]"
narrow_gate,0.0,1,125,125,1,guarded,scripted_non_learned_reference,False,,False,False,0.0,0.0,0.0,0,0,5.566200001339894,"[0.7823980617072966, 0.08912813557700107, 0.010527738550388396, -1.6125196765361998, 0.0767129675869108, 1.9898685444437478, 0.1596475167001931]","[0.7823980617072966, 0.08912813557700107, 0.010527738550388396, -1.6125196765361998, 0.0767129675869108, 1.9898685444437478, 0.1596475167001931]","[0.7881214988433968, 0.09718962522274706, -0.0006477395061732186, -1.6062724127734234, 0.09042034130850218, 1.996031103340458, 0.14228975543221908]"
narrow_gate,0.0,1,126,126,1,guarded,scripted_non_learned_reference,False,,False,False,0.0,0.0,0.0,0,0,6.282000002101995,"[0.7881214988433968, 0.09718962522274706, -0.0006477395061732186, -1.6062724127734234, 0.09042034130850218, 1.996031103340458, 0.14228975543221908]","[0.7881214988433968, 0.09718962522274706, -0.0006477395061732186, -1.6062724127734234, 0.09042034130850218, 1.996031103340458, 0.14228975543221908]","[0.7938535491199069, 0.10526027586969589, -0.011838087823410587, -1.6000170704162677, 0.10415717211402653, 2.0022108680247643, 0.1248658472029533]"
narrow_gate,0.0,1,127,127,1,guarded,scripted_non_learned_reference,False,,False,False,0.0,0.0,0.0,0,0,5.309200001647696,"[0.7938535491199069, 0.10526027586969589, -0.011838087823410587, -1.6000170704162677, 0.10415717211402653, 2.0022108680247643, 0.1248658472029533]","[0.7938535491199069, 0.10526027586969589, -0.011838087823410587, -1.6000170704162677, 0.10415717211402653, 2.0022108680247643, 0.1248658472029533]","[0.7995823040814244, 0.11333961336905553, -0.02303562704741871, -1.5937605438249787, 0.11790059390018941, 2.0083978732012935, 0.10741615378769193]"
narrow_gate,0.0,1,128,128,1,guarded,scripted_non_learned_reference,False,,False,False,0.0,0.0,0.0,0,0,5.765100002463441,"[0.7995823040814244, 0.11333961336905553, -0.02303562704741871, -1.5937605438249787, 0.11790059390018941, 2.0083978732012935, 0.10741615378769193]","[0.7995823040814244, 0.11333961336905553, -0.02303562704741871, -1.5937605438249787, 0.11790059390018941, 2.0083978732012935, 0.10741615378769193]","[0.8052954821477815, 0.12141344804437647, -0.03422205941189309, -1.587523766468419, 0.13160449059339638, 2.0145561426112164, 0.09006420243079649]"
narrow_gate,0.0,1,129,129,1,guarded,scripted_non_learned_reference,False,,False,False,0.0,0.0,0.0,0,0,5.142900001374073,"[0.8052954821477815, 0.12141344804437647, -0.03422205941189309, -1.587523766468419, 0.13160449059339638, 2.0145561426112164, 0.09006420243079649]","[0.8052954821477815, 0.12141344804437647, -0.03422205941189309, -1.587523766468419, 0.13160449059339638, 2.0145561426112164, 0.09006420243079649]","[0.811016627065727, 0.12949830226824094, -0.04542344834708164, -1.5812814465125493, 0.14533902095096216, 2.020729681479215, 0.07264724688601097]"
narrow_gate,0.0,1,130,130,1,guarded,scripted_non_learned_reference,False,,False,False,0.0,0.0,0.0,0,0,5.593100002442952,"[0.811016627065727, 0.12949830226824094, -0.04542344834708164, -1.5812814465125493, 0.14533902095096216, 2.020729681479215, 0.07264724688601097]","[0.811016627065727, 0.12949830226824094, -0.04542344834708164, -1.5812814465125493, 0.14533902095096216, 2.020729681479215, 0.07264724688601097]","[0.8167286775802451, 0.1375787779132791, -0.05661149422374204, -1.5750469933670086, 0.15904548158251647, 2.0268885573911555, 0.05528976002521357]"
narrow_gate,0.0,1,131,131,1,guarded,scripted_non_learned_reference,False,,False,False,0.0,0.0,0.0,0,0,7.786899994243868,"[0.8167286775802451, 0.1375787779132791, -0.05661149422374204, -1.5750469933670086, 0.15904548158251647, 2.0268885573911555, 0.05528976002521357]","[0.8167286775802451, 0.1375787779132791, -0.05661149422374204, -1.5750469933670086, 0.15904548158251647, 2.0268885573911555, 0.05528976002521357]","[0.8224529197382547, 0.14566507747764204, -0.06781073816195439, -1.56880211918667, 0.1727815851951584, 2.033065157723515, 0.03786606413168334]"
narrow_gate,0.0,1,132,132,1,guarded,scripted_non_learned_reference,False,,False,False,0.0,0.0,0.0,0,0,5.047900005592965,"[0.8224529197382547, 0.14566507747764204, -0.06781073816195439, -1.56880211918667, 0.1727815851951584, 2.033065157723515, 0.03786606413168334]","[0.8224529197382547, 0.14566507747764204, -0.06781073816195439, -1.56880211918667, 0.1727815851951584, 2.033065157723515, 0.03786606413168334]","[0.8281797753254423, 0.15375167528418823, -0.07901075137947844, -1.562550596942181, 0.1865246043061304, 2.0392504059787915, 0.020416462915976673]"
narrow_gate,0.0,1,133,133,1,guarded,scripted_non_learned_reference,False,,False,False,0.0,0.0,0.0,0,0,5.24079999740934,"[0.8281797753254423, 0.15375167528418823, -0.07901075137947844, -1.562550596942181, 0.1865246043061304, 2.0392504059787915, 0.020416462915976673]","[0.8281797753254423, 0.15375167528418823, -0.07901075137947844, -1.562550596942181, 0.1865246043061304, 2.0392504059787915, 0.020416462915976673]","[0.8338962909629065, 0.161822950418185, -0.09019282184323471, -1.556312474207378, 0.2002287241073266, 2.0454088120399074, 0.003064450887700171]"
narrow_gate,0.0,1,134,134,1,guarded,scripted_non_learned_reference,False,,False,False,0.0,0.0,0.0,0,0,6.597599996894132,"[0.8338962909629065, 0.161822950418185, -0.09019282184323471, -1.556312474207378, 0.2002287241073266, 2.0454088120399074, 0.003064450887700171]","[0.8338962909629065, 0.161822950418185, -0.09019282184323471, -1.556312474207378, 0.2002287241073266, 2.0454088120399074, 0.003064450887700171]","[0.839624209671944, 0.16989853187278192, -0.1013871535914028, -1.5500636533371406, 0.21396372263818472, 2.0515839717710023, -0.01435266009208572]"
narrow_gate,0.0,1,135,135,1,guarded,scripted_non_learned_reference,False,,False,False,0.0,0.0,0.0,0,0,8.622800000011921,"[0.839624209671944, 0.16989853187278192, -0.1013871535914028, -1.5500636533371406, 0.21396372263818472, 2.0515839717710023, -0.01435266009208572]","[0.839624209671944, 0.16989853187278192, -0.1013871535914028, -1.5500636533371406, 0.21396372263818472, 2.0515839717710023, -0.01435266009208572]","[0.8453425819769709, 0.17796754252104577, -0.11256807825426195, -1.5438214648066717, 0.2276706744060504, 2.0577449013737406, -0.03171031332677569]"
narrow_gate,0.0,1,136,136,1,guarded,scripted_non_learned_reference,False,,False,False,0.0,0.0,0.0,0,0,5.445799994049594,"[0.8453425819769709, 0.17796754252104577, -0.11256807825426195, -1.5438214648066717, 0.2276706744060504, 2.0577449013737406, -0.03171031332677569]","[0.8453425819769709, 0.17796754252104577, -0.11256807825426195, -1.5438214648066717, 0.2276706744060504, 2.0577449013737406, -0.03171031332677569]","[0.8510706113506524, 0.18604492589792643, -0.12376351637232672, -1.5375702466921795, 0.2414071044339033, 2.0639232280592985, -0.049134127623363125]"
narrow_gate,0.0,1,137,137,1,guarded,scripted_non_learned_reference,False,,False,False,0.0,0.0,0.0,0,0,6.16009999794187,"[0.8510706113506524, 0.18604492589792643, -0.12376351637232672, -1.5375702466921795, 0.2414071044339033, 2.0639232280592985, -0.049134127623363125]","[0.8510706113506524, 0.18604492589792643, -0.12376351637232672, -1.5375702466921795, 0.2414071044339033, 2.0639232280592985, -0.049134127623363125]","[0.8567978176730525, 0.1941276774421256, -0.13496369094410512, -1.5313159384799007, 0.25515011416004324, 2.070109255266179, -0.06658375748877152]"
narrow_gate,0.0,1,138,138,1,guarded,scripted_non_learned_reference,False,,False,False,0.0,0.0,0.0,0,0,6.2862999984645285,"[0.8567978176730525, 0.1941276774421256, -0.13496369094410512, -1.5313159384799007, 0.25515011416004324, 2.070109255266179, -0.06658375748877152]","[0.8567978176730525, 0.1941276774421256, -0.13496369094410512, -1.5313159384799007, 0.25515011416004324, 2.070109255266179, -0.06658375748877152]","[0.8625114513752485, 0.20220046189663662, -0.14614820322957614, -1.5250790413899282, 0.2688541511057532, 2.0762674396967546, -0.08393572678997287]"
narrow_gate,0.0,1,139,139,1,guarded,scripted_non_learned_reference,False,,False,False,0.0,0.0,0.0,0,0,5.801900006190408,"[0.8625114513752485, 0.20220046189663662, -0.14614820322957614, -1.5250790413899282, 0.2688541511057532, 2.0762674396967546, -0.08393572678997287]","[0.8625114513752485, 0.20220046189663662, -0.14614820322957614, -1.5250790413899282, 0.2688541511057532, 2.0762674396967546, -0.08393572678997287]","[0.8682353375682067, 0.21028187991827108, -0.15734717703786708, -1.5188339701026456, 0.2825889115129458, 2.082441718611079, -0.10135275136029082]"
narrow_gate,0.0,1,140,140,1,guarded,scripted_non_learned_reference,False,,False,False,0.0,0.0,0.0,0,0,5.302600002323743,"[0.8682353375682067, 0.21028187991827108, -0.15734717703786708, -1.5188339701026456, 0.2825889115129458, 2.082441718611079, -0.10135275136029082]","[0.8682353375682067, 0.21028187991827108, -0.15734717703786708, -1.5188339701026456, 0.2825889115129458, 2.082441718611079, -0.10135275136029082]","[0.8739500988497356, 0.21835740601597448, -0.168531546619477, -1.5125964151109899, 0.29629557505612447, 2.088601414221769, -0.11871031042209859]"
narrow_gate,0.0,1,141,141,1,guarded,scripted_non_learned_reference,False,,False,False,0.0,0.0,0.0,0,0,5.488199996761978,"[0.8739500988497356, 0.21835740601597448, -0.168531546619477, -1.5125964151109899, 0.29629557505612447, 2.088601414221769, -0.11871031042209859]","[0.8739500988497356, 0.21835740601597448, -0.168531546619477, -1.5125964151109899, 0.29629557505612447, 2.088601414221769, -0.11871031042209859]","[0.8796763290154563, 0.22644005979028758, -0.179729006356162, -1.5063486792560428, 0.3100317895942855, 2.094778687259891, -0.13613406401124217]"
narrow_gate,0.0,1,142,142,1,guarded,scripted_non_learned_reference,False,,False,False,0.0,0.0,0.0,0,0,5.895999995118473,"[0.8796763290154563, 0.22644005979028758, -0.179729006356162, -1.5063486792560428, 0.3100317895942855, 2.094778687259891, -0.13613406401124217]","[0.8796763290154563, 0.22644005979028758, -0.179729006356162, -1.5063486792560428, 0.3100317895942855, 2.094778687259891, -0.13613406401124217]","[0.8854040032945701, 0.23452506582080873, -0.19092911135719967, -1.5000958243585125, 0.3237746203508518, 2.1009640655103214, -0.15358367487370694]"
narrow_gate,0.0,1,143,143,1,guarded,scripted_non_learned_reference,False,,False,False,0.0,0.0,0.0,0,0,5.560899997362867,"[0.8854040032945701, 0.23452506582080873, -0.19092911135719967, -1.5000958243585125, 0.3237746203508518, 2.1009640655103214, -0.15358367487370694]","[0.8854040032945701, 0.23452506582080873, -0.19092911135719967, -1.5000958243585125, 0.3237746203508518, 2.1009640655103214, -0.15358367487370694]","[0.8911195009780636, 0.24259657937190626, -0.202111073053539, -1.4938581518293599, 0.33747874681232803, 2.107122229131111, -0.1709356809764503]"
narrow_gate,0.0,1,144,144,1,guarded,scripted_non_learned_reference,False,,False,False,0.0,0.0,0.0,0,0,6.031400000210851,"[0.8911195009780636, 0.24259657937190626, -0.202111073053539, -1.4938581518293599, 0.33747874681232803, 2.107122229131111, -0.1709356809764503]","[0.8911195009780636, 0.24259657937190626, -0.202111073053539, -1.4938581518293599, 0.33747874681232803, 2.107122229131111, -0.1709356809764503]","[0.8968460283349059, 0.2506748278360704, -0.21330778298393596, -1.48761048244608, 0.3512136790418368, 2.1132970548227283, -0.18835277140319978]"
narrow_gate,0.0,1,145,145,1,guarded,scripted_non_learned_reference,False,,False,False,0.0,0.0,0.0,0,0,5.166900002222974,"[0.8968460283349059, 0.2506748278360704, -0.21330778298393596, -1.48761048244608, 0.3512136790418368, 2.1132970548227283, -0.18835277140319978]","[0.8968460283349059, 0.2506748278360704, -0.21330778298393596, -1.48761048244608, 0.3512136790418368, 2.1132970548227283, -0.18835277140319978]","[0.9025626950649422, 0.2587463853580993, -0.22449009776949425, -1.4813701505985433, 0.36492046223996005, 2.1194573941956416, -0.20571038650072124]"
narrow_gate,0.0,1,146,146,1,guarded,scripted_non_learned_reference,False,,False,False,0.0,0.0,0.0,0,0,6.122099999629427,"[0.9025626950649422, 0.2587463853580993, -0.22449009776949425, -1.4813701505985433, 0.36492046223996005, 2.1194573941956416, -0.20571038650072124]","[0.9025626950649422, 0.2587463853580993, -0.22449009776949425, -1.4813701505985433, 0.36492046223996005, 2.1194573941956416, -0.20571038650072124]","[0.9082895620797566, 0.2668262440363921, -0.23568726735601195, -1.4751202382951563, 0.378656747438992, 2.1256352290068192, -0.2231341728216733]"
narrow_gate,0.0,1,147,147,1,guarded,scripted_non_learned_reference,False,,False,False,0.0,0.0,0.0,0,0,6.090900002163835,"[0.9082895620797566, 0.2668262440363921, -0.23568726735601195, -1.4751202382951563, 0.378656747438992, 2.1256352290068192, -0.2231341728216733]","[0.9082895620797566, 0.2668262440363921, -0.23568726735601195, -1.4751202382951563, 0.378656747438992, 2.1256352290068192, -0.2231341728216733]","[0.9140166780513895, 0.27491019535870204, -0.2468884957499211, -1.4688665892479211, 0.3923994867977629, 2.131820830894521, -0.24058377787235113]"
narrow_gate,0.0,1,148,148,1,guarded,scripted_non_learned_reference,False,,False,False,0.0,0.0,0.0,0,0,6.1478999996325,"[0.9140166780513895, 0.27491019535870204, -0.2468884957499211, -1.4688665892479211, 0.3923994867977629, 2.131820830894521, -0.24058377787235113]","[0.9140166780513895, 0.27491019535870204, -0.2468884957499211, -1.4688665892479211, 0.3923994867977629, 2.131820830894521, -0.24058377787235113]","[0.9197306689156018, 0.28298218710440437, -0.2580714272441269, -1.4626294687024224, 0.4061035885637852, 2.137978913779961, -0.25793576184008754]"
narrow_gate,0.0,1,149,149,1,guarded,scripted_non_learned_reference,False,,False,False,0.0,0.0,0.0,0,0,6.162199999380391,"[0.9197306689156018, 0.28298218710440437, -0.2580714272441269, -1.4626294687024224, 0.4061035885637852, 2.137978913779961, -0.25793576184008754]","[0.9197306689156018, 0.28298218710440437, -0.2580714272441269, -1.4626294687024224, 0.4061035885637852, 2.137978913779961, -0.25793576184008754]","[0.9254556564819973, 0.2910625629595211, -0.2692699449786004, -1.4563830645245224, 0.4198384841391191, 2.1441535184158393, -0.27535282345254364]"
narrow_gate,0.0,1,150,150,1,guarded,scripted_non_learned_reference,False,,False,False,0.0,0.0,0.0,0,0,5.388099998526741,"[0.9254556564819973, 0.2910625629595211, -0.2692699449786004, -1.4563830645245224, 0.4198384841391191, 2.1441535184158393, -0.27535282345254364]","[0.9254556564819973, 0.2910625629595211, -0.2692699449786004, -1.4563830645245224, 0.4198384841391191, 2.1441535184158393, -0.27535282345254364]","[0.9311712710284449, 0.2991361819944475, -0.28045303095811874, -1.4501442640144302, 0.43354516781958136, 2.150313453210781, -0.2927104090161986]"
narrow_gate,0.0,1,151,151,1,guarded,scripted_non_learned_reference,False,,False,False,0.0,0.0,0.0,0,0,5.6280999997397885,"[0.9311712710284449, 0.2991361819944475, -0.28045303095811874, -1.4501442640144302, 0.43354516781958136, 2.150313453210781, -0.2927104090161986]","[0.9311712710284449, 0.2991361819944475, -0.28045303095811874, -1.4501442640144302, 0.43354516781958136, 2.150313453210781, -0.2927104090161986]","[0.9368978287974957, 0.30721786690343444, -0.2916506534753016, -1.443895404485805, 0.44728138177002486, 2.156490932744478, -0.31013418014125377]"
narrow_gate,0.0,1,152,152,1,guarded,scripted_non_learned_reference,False,,False,False,0.0,0.0,0.0,0,0,5.5195000022649765,"[0.9368978287974957, 0.30721786690343444, -0.2916506534753016, -1.443895404485805, 0.44728138177002486, 2.156490932744478, -0.31013418014125377]","[0.9368978287974957, 0.30721786690343444, -0.2916506534753016, -1.443895404485805, 0.44728138177002486, 2.156490932744478, -0.31013418014125377]","[0.9426255300577674, 0.31530263810065884, -0.30285173890680395, -1.4376421494398532, 0.4610239943075277, 2.162676253339852, -0.3275837802822725]"
narrow_gate,0.0,1,153,153,1,guarded,scripted_non_learned_reference,False,,False,False,0.0,0.0,0.0,0,0,6.456200004322454,"[0.9426255300577674, 0.31530263810065884, -0.30285173890680395, -1.4376421494398532, 0.4610239943075277, 2.162676253339852, -0.3275837802822725]","[0.9426255300577674, 0.31530263810065884, -0.30285173890680395, -1.4376421494398532, 0.4610239943075277, 2.162676253339852, -0.3275837802822725]","[0.9483405060320025, 0.3233740804268921, -0.3140332944464783, -1.4314046085657086, 0.47472812213300786, 2.1688342595940666, -0.3449357831661762]"
narrow_gate,0.0,1,154,154,1,guarded,scripted_non_learned_reference,False,,False,False,0.0,0.0,0.0,0,0,5.404299998190254,"[0.9483405060320025, 0.3233740804268921, -0.3140332944464783, -1.4314046085657086, 0.47472812213300786, 2.1688342595940666, -0.3449357831661762]","[0.9483405060320025, 0.3233740804268921, -0.3140332944464783, -1.4314046085657086, 0.47472812213300786, 2.1688342595940666, -0.3449357831661762]","[0.9540664809134409, 0.33145360838913557, -0.32523122113629566, -1.4251571837145365, 0.48846309408198096, 2.175009050097173, -0.3623528724628693]"
narrow_gate,0.0,1,155,155,1,guarded,scripted_non_learned_reference,False,,False,False,0.0,0.0,0.0,0,0,6.265299998631235,"[0.9540664809134409, 0.33145360838913557, -0.32523122113629566, -1.4251571837145365, 0.48846309408198096, 2.175009050097173, -0.3623528724628693]","[0.9540664809134409, 0.33145360838913557, -0.32523122113629566, -1.4251571837145365, 0.48846309408198096, 2.175009050097173, -0.3623528724628693]","[0.9597826853339937, 0.3395259111281107, -0.33641372569049377, -1.4189174046411592, 0.5021697874497867, 2.181169169020948, -0.379710476282543]"
narrow_gate,0.0,1,156,156,1,guarded,scripted_non_learned_reference,False,,False,False,0.0,0.0,0.0,0,0,5.3486000033444725,"[0.9597826853339937, 0.3395259111281107, -0.33641372569049377, -1.4189174046411592, 0.5021697874497867, 2.181169169020948, -0.379710476282543]","[0.9597826853339937, 0.3395259111281107, -0.33641372569049377, -1.4189174046411592, 0.5021697874497867, 2.181169169020948, -0.379710476282543]","[0.9655091153232348, 0.34760688209994717, -0.347611779774822, -1.4126678378205102, 0.5159060087772336, 2.187346839527363, -0.3971342543138207]"
narrow_gate,0.0,1,157,157,1,guarded,scripted_non_learned_reference,False,,False,False,0.0,0.0,0.0,0,0,5.43449999531731,"[0.9655091153232348, 0.34760688209994717, -0.347611779774822, -1.4126678378205102, 0.5159060087772336, 2.187346839527363, -0.3971342543138207]","[0.9655091153232348, 0.34760688209994717, -0.347611779774822, -1.4126678378205102, 0.5159060087772336, 2.187346839527363, -0.3971342543138207]","[0.9712363058644911, 0.3556914565195654, -0.3588138457961852, -1.406414417202404, 0.5296485238721513, 2.193532227176664, -0.4145838430849314]"
narrow_gate,0.0,1,158,158,1,guarded,scripted_non_learned_reference,False,,False,False,0.0,0.0,0.0,0,0,5.94940000155475,"[0.9712363058644911, 0.3556914565195654, -0.3588138457961852, -1.406414417202404, 0.5296485238721513, 2.193532227176664, -0.4145838430849314]","[0.9712363058644911, 0.3556914565195654, -0.3588138457961852, -1.406414417202404, 0.5296485238721513, 2.193532227176664, -0.4145838430849314]","[0.9769506411628328, 0.3637628997267143, -0.369995670611608, -1.4001770002504075, 0.5433526541193506, 2.1996902143993844, -0.43193583776029193]"
narrow_gate,0.0,1,159,159,1,guarded,scripted_non_learned_reference,False,,False,False,0.0,0.0,0.0,0,0,5.724199996620882,"[0.9769506411628328, 0.3637628997267143, -0.369995670611608, -1.4001770002504075, 0.5433526541193506, 2.1996902143993844, -0.43193583776029193]","[0.9769506411628328, 0.3637628997267143, -0.369995670611608, -1.4001770002504075, 0.5433526541193506, 2.1996902143993844, -0.43193583776029193]","[0.9826759677271406, 0.3718432203518691, -0.3811944073626254, -1.3939298962416142, 0.5570876524189398, 2.2058650063952587, -0.44935291943479744]"
narrow_gate,0.0,1,160,160,1,guarded,scripted_non_learned_reference,False,,False,False,0.0,0.0,0.0,0,0,5.616199996438809,"[0.9826759677271406, 0.3718432203518691, -0.3811944073626254, -1.3939298962416142, 0.5570876524189398, 2.2058650063952587, -0.44935291943479744]","[0.9826759677271406, 0.3718432203518691, -0.3811944073626254, -1.3939298962416142, 0.5570876524189398, 2.2058650063952587, -0.44935291943479744]","[0.9883919372812869, 0.3799160578025049, -0.3923770255721735, -1.3876904980616005, 0.5707943023357871, 2.212025007048242, -0.4667105157151268]"
narrow_gate,0.0,1,161,161,1,guarded,scripted_non_learned_reference,False,,False,False,0.0,0.0,0.0,0,0,5.884800004423596,"[0.9883919372812869, 0.3799160578025049, -0.3923770255721735, -1.3876904980616005, 0.5707943023357871, 2.212025007048242, -0.4667105157151268]","[0.9883919372812869, 0.3799160578025049, -0.3923770255721735, -1.3876904980616005, 0.5707943023357871, 2.212025007048242, -0.4667105157151268]","[0.9941182886811073, 0.38799774224797523, -0.4035753252022788, -1.3814411943745102, 0.584530495093276, 2.218202572668533, -0.484134290102337]"
narrow_gate,0.0,1,162,162,1,guarded,scripted_non_learned_reference,False,,False,False,0.0,0.0,0.0,0,0,6.451799999922514,"[0.9941182886811073, 0.38799774224797523, -0.4035753252022788, -1.3814411943745102, 0.584530495093276, 2.218202572668533, -0.484134290102337]","[0.9941182886811073, 0.38799774224797523, -0.4035753252022788, -1.3814411943745102, 0.584530495093276, 2.218202572668533, -0.484134290102337]","[0.9998457907115018, 0.39608272298066344, -0.4147775166832511, -1.3751878990155504, 0.598272902330547, 2.2243878364104837, -0.5015838742711431]"
narrow_gate,0.0,1,163,163,1,guarded,scripted_non_learned_reference,False,,False,False,0.0,0.0,0.0,0,0,5.411700003605802,"[0.9998457907115018, 0.39608272298066344, -0.4147775166832511, -1.3751878990155504, 0.598272902330547, 2.2243878364104837, -0.5015838742711431]","[0.9998457907115018, 0.39608272298066344, -0.4147775166832511, -1.3751878990155504, 0.598272902330547, 2.2243878364104837, -0.5015838742711431]","[1.0055607154513178, 0.40415391248415994, -0.42595859302146744, -1.3689501814594212, 0.6119770416064053, 2.2305457544006435, -0.5189358794989377]"
narrow_gate,0.0,1,164,164,1,guarded,scripted_non_learned_reference,False,,False,False,0.0,0.0,0.0,0,0,6.38500000059139,"[1.0055607154513178, 0.40415391248415994, -0.42595859302146744, -1.3689501814594212, 0.6119770416064053, 2.2305457544006435, -0.5189358794989377]","[1.0055607154513178, 0.40415391248415994, -0.42595859302146744, -1.3689501814594212, 0.6119770416064053, 2.2305457544006435, -0.5189358794989377]","[1.0112863641035743, 0.4122341996589901, -0.4371572835180027, -1.3627026679610676, 0.6257120865893161, 2.2367206258474903, -0.536352972808697]"
narrow_gate,0.0,1,165,165,1,guarded,scripted_non_learned_reference,False,,False,False,0.0,0.0,0.0,0,0,5.885800004762132,"[1.0112863641035743, 0.4122341996589901, -0.4371572835180027, -1.3627026679610676, 0.6257120865893161, 2.2367206258474903, -0.536352972808697]","[1.0112863641035743, 0.4122341996589901, -0.4371572835180027, -1.3627026679610676, 0.6257120865893161, 2.2367206258474903, -0.536352972808697]","[1.0170025936531086, 0.42030662363025784, -0.44833972375281944, -1.3564628864332586, 0.6394187181251487, 2.2428806713499374, -0.5537105756945789]"
narrow_gate,0.0,1,166,166,1,guarded,scripted_non_learned_reference,False,,False,False,0.0,0.0,0.0,0,0,5.452000004879665,"[1.0170025936531086, 0.42030662363025784, -0.44833972375281944, -1.3564628864332586, 0.6394187181251487, 2.2428806713499374, -0.5537105756945789]","[1.0170025936531086, 0.42030662363025784, -0.44833972375281944, -1.3564628864332586, 0.6394187181251487, 2.2428806713499374, -0.5537105756945789]","[1.0227286762963117, 0.42838829556482544, -0.4595385088361289, -1.3502133932131473, 0.6531549059921268, 2.2490583131914947, -0.5711343496444204]"
narrow_gate,0.0,1,167,167,1,guarded,scripted_non_learned_reference,False,,False,False,0.0,0.0,0.0,0,0,6.12159999582218,"[1.0227286762963117, 0.42838829556482544, -0.4595385088361289, -1.3502133932131473, 0.6531549059921268, 2.2490583131914947, -0.5711343496444204]","[1.0227286762963117, 0.42838829556482544, -0.4595385088361289, -1.3502133932131473, 0.6531549059921268, 2.2490583131914947, -0.5711343496444204]","[1.0284558183076689, 0.4364733590560377, -0.470741446396261, -1.3439601501472305, 0.6668972237461616, 2.255243605614463, -0.5885839231564094]"
narrow_gate,0.0,1,168,168,1,guarded,scripted_non_learned_reference,False,,False,False,0.0,0.0,0.0,0,0,6.427599997550715,"[1.0284558183076689, 0.4364733590560377, -0.470741446396261, -1.3439601501472305, 0.6668972237461616, 2.255243605614463, -0.5885839231564094]","[1.0284558183076689, 0.4364733590560377, -0.470741446396261, -1.3439601501472305, 0.6668972237461616, 2.255243605614463, -0.5885839231564094]","[1.034170604714455, 0.44454439412153257, -0.48192251284273213, -1.3377223078585154, 0.6806013755710003, 2.2614015241605654, -0.6059359278982556]"
narrow_gate,0.0,1,169,169,1,guarded,scripted_non_learned_reference,False,,False,False,0.0,0.0,0.0,0,0,6.379099999321625,"[1.034170604714455, 0.44454439412153257, -0.48192251284273213, -1.3377223078585154, 0.6806013755710003, 2.2614015241605654, -0.6059359278982556]","[1.034170604714455, 0.44454439412153257, -0.48192251284273213, -1.3377223078585154, 0.6806013755710003, 2.2614015241605654, -0.6059359278982556]","[1.03989591412558, 0.4526250394738325, -0.4931216593597916, -1.3314748045874711, 0.694336460821358, 2.267576461305407, -0.6233530199700734]"
narrow_gate,0.0,1,170,170,1,guarded,scripted_non_learned_reference,False,,False,False,0.0,0.0,0.0,0,0,6.310899996606167,"[1.03989591412558, 0.4526250394738325, -0.4931216593597916, -1.3314748045874711, 0.694336460821358, 2.267576461305407, -0.6233530199700734]","[1.03989591412558, 0.4526250394738325, -0.4931216593597916, -1.3314748045874711, 0.694336460821358, 2.267576461305407, -0.6233530199700734]","[1.0456121831471903, 0.4606975238236108, -0.5043041068706542, -1.3252349916312898, 0.7080430651772395, 2.2737364879209334, -0.6407106225363894]"
narrow_gate,0.0,1,171,171,1,guarded,scripted_non_learned_reference,False,,False,False,0.0,0.0,0.0,0,0,5.512000003363937,"[1.0456121831471903, 0.4606975238236108, -0.5043041068706542, -1.3252349916312898, 0.7080430651772395, 2.2737364879209334, -0.6407106225363894]","[1.0456121831471903, 0.4606975238236108, -0.5043041068706542, -1.3252349916312898, 0.7080430651772395, 2.2737364879209334, -0.6407106225363894]","[1.052973804534418, 0.4645529444850824, -0.5164350490937506, -1.3244280285305854, 0.7137516927028764, 2.2761222857547345, -0.6500519220942735]"
narrow_gate,0.0,1,172,172,1,guarded,scripted_non_learned_reference,False,,False,False,0.0,0.0,0.0,0,0,5.547599997953512,"[1.052973804534418, 0.4645529444850824, -0.5164350490937506, -1.3244280285305854, 0.7137516927028764, 2.2761222857547345, -0.6500519220942735]","[1.052973804534418, 0.4645529444850824, -0.5164350490937506, -1.3244280285305854, 0.7137516927028764, 2.2761222857547345, -0.6500519220942735]","[1.0614466529305755, 0.4627806826088605, -0.529413543601194, -1.3279260078706026, 0.7134519978535122, 2.2743053575871732, -0.6513324483312622]"
narrow_gate,0.0,1,173,173,1,guarded,scripted_non_learned_reference,False,,False,False,0.0,0.0,0.0,0,0,7.844500003557187,"[1.0614466529305755, 0.4627806826088605, -0.529413543601194, -1.3279260078706026, 0.7134519978535122, 2.2743053575871732, -0.6513324483312622]","[1.0614466529305755, 0.4627806826088605, -0.529413543601194, -1.3279260078706026, 0.7134519978535122, 2.2743053575871732, -0.6513324483312622]","[1.0697233580891023, 0.45694442578106537, -0.5432660495311606, -1.3308477652835513, 0.7120011266870531, 2.271522596607043, -0.64986779175481]"
narrow_gate,0.0,1,174,174,1,guarded,scripted_non_learned_reference,False,,False,False,0.0,0.0,0.0,0,0,6.790100000216626,"[1.0697233580891023, 0.45694442578106537, -0.5432660495311606, -1.3308477652835513, 0.7120011266870531, 2.271522596607043, -0.64986779175481]","[1.0697233580891023, 0.45694442578106537, -0.5432660495311606, -1.3308477652835513, 0.7120011266870531, 2.271522596607043, -0.64986779175481]","[1.0772779922238171, 0.4489001043313269, -0.5581832476760132, -1.331082514457277, 0.7112242042362423, 2.2701816286244045, -0.6493376295009142]"
narrow_gate,0.0,1,175,175,1,guarded,scripted_non_learned_reference,False,,False,False,0.0,0.0,0.0,0,0,5.943100004515145,"[1.0772779922238171, 0.4489001043313269, -0.5581832476760132, -1.331082514457277, 0.7112242042362423, 2.2701816286244045, -0.6493376295009142]","[1.0772779922238171, 0.4489001043313269, -0.5581832476760132, -1.331082514457277, 0.7112242042362423, 2.2701816286244045, -0.6493376295009142]","[1.0842036042981857, 0.4397307574455512, -0.573894799331763, -1.32997001233791, 0.7106895002413852, 2.2698762384891045, -0.6495206811674153]"
narrow_gate,0.0,1,176,176,1,guarded,scripted_non_learned_reference,False,,False,False,0.0,0.0,0.0,0,0,5.632799999148119,"[1.0842036042981857, 0.4397307574455512, -0.573894799331763, -1.32997001233791, 0.7106895002413852, 2.2698762384891045, -0.6495206811674153]","[1.0842036042981857, 0.4397307574455512, -0.573894799331763, -1.32997001233791, 0.7106895002413852, 2.2698762384891045, -0.6495206811674153]","[1.0907659589568004, 0.4304546175697643, -0.5899691364810452, -1.3290839911373702, 0.7101146571132548, 2.2695549198504197, -0.6496556535464652]"
narrow_gate,0.0,1,177,177,1,guarded,scripted_non_learned_reference,False,,False,False,0.0,0.0,0.0,0,0,5.546500004129484,"[1.0907659589568004, 0.4304546175697643, -0.5899691364810452, -1.3290839911373702, 0.7101146571132548, 2.2695549198504197, -0.6496556535464652]","[1.0907659589568004, 0.4304546175697643, -0.5899691364810452, -1.3290839911373702, 0.7101146571132548, 2.2695549198504197, -0.6496556535464652]","[1.0972188757109165, 0.4222806094848585, -0.6059199694924106, -1.329136553901729, 0.7095029201213289, 2.2688830365713586, -0.6496883716288626]"
narrow_gate,0.0,1,178,178,1,guarded,scripted_non_learned_reference,False,,False,False,0.0,0.0,0.0,0,0,5.709500001103152,"[1.0972188757109165, 0.4222806094848585, -0.6059199694924106, -1.329136553901729, 0.7095029201213289, 2.2688830365713586, -0.6496883716288626]","[1.0972188757109165, 0.4222806094848585, -0.6059199694924106, -1.329136553901729, 0.7095029201213289, 2.2688830365713586, -0.6496883716288626]","[1.1039043021663246, 0.41595325130027355, -0.6212820175813784, -1.3303691375006015, 0.7088420662101332, 2.267778023433043, -0.6496877809800998]"
narrow_gate,0.0,1,179,179,1,guarded,scripted_non_learned_reference,False,,False,False,0.0,0.0,0.0,0,0,5.59679999423679,"[1.1039043021663246, 0.41595325130027355, -0.6212820175813784, -1.3303691375006015, 0.7088420662101332, 2.267778023433043, -0.6496877809800998]","[1.1039043021663246, 0.41595325130027355, -0.6212820175813784, -1.3303691375006015, 0.7088420662101332, 2.267778023433043, -0.6496877809800998]","[1.1111281424650903, 0.4113522516818067, -0.6358834124133953, -1.332584872955494, 0.7081236692861672, 2.2662742597871066, -0.6496956628859677]"
narrow_gate,0.0,1,180,180,1,guarded,scripted_non_learned_reference,False,,False,False,0.0,0.0,0.0,0,0,5.416799998783972,"[1.1111281424650903, 0.4113522516818067, -0.6358834124133953, -1.332584872955494, 0.7081236692861672, 2.2662742597871066, -0.6496956628859677]","[1.1111281424650903, 0.4113522516818067, -0.6358834124133953, -1.332584872955494, 0.7081236692861672, 2.2662742597871066, -0.6496956628859677]","[1.1189861035610609, 0.4077109641973217, -0.6497200965404453, -1.335229508772964, 0.7073676927085831, 2.264500366751919, -0.6497139035607792]"
narrow_gate,0.0,1,181,181,1,guarded,scripted_non_learned_reference,False,,False,False,0.0,0.0,0.0,0,0,5.998400003591087,"[1.1189861035610609, 0.4077109641973217, -0.6497200965404453, -1.335229508772964, 0.7073676927085831, 2.264500366751919, -0.6497139035607792]","[1.1189861035610609, 0.4077109641973217, -0.6497200965404453, -1.335229508772964, 0.7073676927085831, 2.264500366751919, -0.6497139035607792]","[1.127394626882755, 0.4041880589273892, -0.6630898609602502, -1.3377749491829385, 0.7065991013665514, 2.2626345826524212, -0.6497383795746777]"
narrow_gate,0.0,1,182,182,1,guarded,scripted_non_learned_reference,False,,False,False,0.0,0.0,0.0,0,0,5.43679999827873,"[1.127394626882755, 0.4041880589273892, -0.6630898609602502, -1.3377749491829385, 0.7065991013665514, 2.2626345826524212, -0.6497383795746777]","[1.127394626882755, 0.4041880589273892, -0.6630898609602502, -1.3377749491829385, 0.7065991013665514, 2.2626345826524212, -0.6497383795746777]","[1.1360549608394492, 0.40007199901546064, -0.6763690517139804, -1.3398176965336845, 0.7058438251066942, 2.2608626809490233, -0.6497695596941703]"
narrow_gate,0.0,1,183,183,1,guarded,scripted_non_learned_reference,False,,False,False,0.0,0.0,0.0,0,0,6.311400000413414,"[1.1360549608394492, 0.40007199901546064, -0.6763690517139804, -1.3398176965336845, 0.7058438251066942, 2.2608626809490233, -0.6497695596941703]","[1.1360549608394492, 0.40007199901546064, -0.6763690517139804, -1.3398176965336845, 0.7058438251066942, 2.2608626809490233, -0.6497695596941703]","[1.1445395814138977, 0.3949407971829456, -0.6899681540382812, -1.341198671866484, 0.7051236303634775, 2.259333839534437, -0.649805365839211]"
narrow_gate,0.0,1,184,184,1,guarded,scripted_non_learned_reference,False,,False,False,0.0,0.0,0.0,0,0,6.016899998940062,"[1.1445395814138977, 0.3949407971829456, -0.6899681540382812, -1.341198671866484, 0.7051236303634775, 2.259333839534437, -0.649805365839211]","[1.1445395814138977, 0.3949407971829456, -0.6899681540382812, -1.341198671866484, 0.7051236303634775, 2.259333839534437, -0.649805365839211]","[1.152580817851042, 0.38883358337156154, -0.704183171876551, -1.3420705627405671, 0.7044367249283294, 2.258053656016057, -0.6498414197236536]"
narrow_gate,0.0,1,185,185,1,guarded,scripted_non_learned_reference,False,,False,False,0.0,0.0,0.0,0,0,5.413899998529814,"[1.152580817851042, 0.38883358337156154, -0.704183171876551, -1.3420705627405671, 0.7044367249283294, 2.258053656016057, -0.6498414197236536]","[1.152580817851042, 0.38883358337156154, -0.704183171876551, -1.3420705627405671, 0.7044367249283294, 2.258053656016057, -0.6498414197236536]","[1.1600101043362296, 0.3821352746933123, -0.7190124547193496, -1.3427553648348, 0.7037766550994649, 2.2569661718331178, -0.6498724038122363]"
narrow_gate,0.0,1,186,186,1,guarded,scripted_non_learned_reference,False,,False,False,0.0,0.0,0.0,0,0,6.696399999782443,"[1.1600101043362296, 0.3821352746933123, -0.7190124547193496, -1.3427553648348, 0.7037766550994649, 2.2569661718331178, -0.6498724038122363]","[1.1600101043362296, 0.3821352746933123, -0.7190124547193496, -1.3427553648348, 0.7037766550994649, 2.2569661718331178, -0.6498724038122363]","[1.1669504516766342, 0.37528477427605733, -0.7343188385782342, -1.3435460892205793, 0.7031240881418082, 2.2559470328008597, -0.6498966117512766]"
narrow_gate,0.0,1,187,187,1,guarded,scripted_non_learned_reference,False,,False,False,0.0,0.0,0.0,0,0,5.365400000300724,"[1.1669504516766342, 0.37528477427605733, -0.7343188385782342, -1.3435460892205793, 0.7031240881418082, 2.2559470328008597, -0.6498966117512766]","[1.1669504516766342, 0.37528477427605733, -0.7343188385782342, -1.3435460892205793, 0.7031240881418082, 2.2559470328008597, -0.6498966117512766]","[1.173647605773203, 0.36866857398928926, -0.7497859867093013, -1.3446180325428299, 0.7024654471503072, 2.2548934055892516, -0.6499148677494295]"
narrow_gate,0.0,1,188,188,1,guarded,scripted_non_learned_reference,False,,False,False,0.0,0.0,0.0,0,0,6.405799998901784,"[1.173647605773203, 0.36866857398928926, -0.7497859867093013, -1.3446180325428299, 0.7024654471503072, 2.2548934055892516, -0.6499148677494295]","[1.173647605773203, 0.36866857398928926, -0.7497859867093013, -1.3446180325428299, 0.7024654471503072, 2.2548934055892516, -0.6499148677494295]","[1.1804456445505003, 0.3625444994170363, -0.7650245687248427, -1.3460006332103576, 0.7017918128646495, 2.2537268123621033, -0.6499306236834858]"
narrow_gate,0.0,1,189,189,1,guarded,scripted_non_learned_reference,False,,False,False,0.0,0.0,0.0,0,0,5.547599997953512,"[1.1804456445505003, 0.3625444994170363, -0.7650245687248427, -1.3460006332103576, 0.7017918128646495, 2.2537268123621033, -0.6499306236834858]","[1.1804456445505003, 0.3625444994170363, -0.7650245687248427, -1.3460006332103576, 0.7017918128646495, 2.2537268123621033, -0.6499306236834858]","[1.1876272442573483, 0.3569367957677564, -0.779856791616773, -1.3476007139475177, 0.7010966492663453, 2.252414181956017, -0.6499485222905614]"
narrow_gate,0.0,1,190,190,1,guarded,scripted_non_learned_reference,False,,False,False,0.0,0.0,0.0,0,0,6.348399998387322,"[1.1876272442573483, 0.3569367957677564, -0.779856791616773, -1.3476007139475177, 0.7010966492663453, 2.252414181956017, -0.6499485222905614]","[1.1876272442573483, 0.3569367957677564, -0.779856791616773, -1.3476007139475177, 0.7010966492663453, 2.252414181956017, -0.6499485222905614]","[1.1952737425892672, 0.35169384670596354, -0.7941845397378107, -1.3492424578440856, 0.700387511445497, 2.2509898139780042, -0.649971619448006]"
narrow_gate,0.0,1,191,191,1,guarded,scripted_non_learned_reference,False,,False,False,0.0,0.0,0.0,0,0,5.883199999516364,"[1.1952737425892672, 0.35169384670596354, -0.7941845397378107, -1.3492424578440856, 0.700387511445497, 2.2509898139780042, -0.649971619448006]","[1.1952737425892672, 0.35169384670596354, -0.7941845397378107, -1.3492424578440856, 0.700387511445497, 2.2509898139780042, -0.649971619448006]","[1.1985111878270227, 0.34722099351496505, -0.8019478650512769, -1.349120838433745, 0.7000364740145407, 2.2504870017482697, -0.6499815927015523]"
narrow_gate,0.0,1,192,192,1,guarded,scripted_non_learned_reference,False,,False,False,0.0,0.0,0.0,0,0,5.3520000001299195,"[1.1985111878270227, 0.34722099351496505, -0.8019478650512769, -1.349120838433745, 0.7000364740145407, 2.2504870017482697, -0.6499815927015523]","[1.1985111878270227, 0.34722099351496505, -0.8019478650512769, -1.349120838433745, 0.7000364740145407, 2.2504870017482697, -0.6499815927015523]","[1.1980286637515338, 0.3446534506244077, -0.803775916936666, -1.347821141630945, 0.7000869237336779, 2.2509449850315546, -0.6499861784618953]"
narrow_gate,0.0,5,0,0,5,guarded,scripted_non_learned_reference,False,,False,False,0.0,0.0,0.0,0,0,5.144299997482449,"[-6.645505167103729e-12, -0.7499999999998178, -8.430052443761439e-12, -2.2499999999996256, -1.5328964921158848e-11, 1.5500000000003826, 0.7499999999997874]","[-6.645505167103729e-12, -0.7499999999998178, -8.430052443761439e-12, -2.2499999999996256, -1.5328964921158848e-11, 1.5500000000003826, 0.7499999999997874]","[0.020490789822582258, -0.7540639016118557, 0.029069331848643538, -2.261843058210325, -0.08358155261794054, 1.5828924678586491, 0.7779888840863888]"
narrow_gate,0.0,5,5,5,5,guarded,scripted_non_learned_reference,False,,False,False,0.0,0.0,0.0,0,0,6.144899998616893,"[0.020490789822582258, -0.7540639016118557, 0.029069331848643538, -2.261843058210325, -0.08358155261794054, 1.5828924678586491, 0.7779888840863888]","[0.020490789822582258, -0.7540639016118557, 0.029069331848643538, -2.261843058210325, -0.08358155261794054, 1.5828924678586491, 0.7779888840863888]","[0.043350540468247344, -0.7579668247782874, 0.06295345219724222, -2.274541274132446, -0.17065977990324932, 1.618159227168894, 0.8085929169519962]"
narrow_gate,0.0,5,10,10,5,guarded,scripted_non_learned_reference,False,,False,False,0.0,0.0,0.0,0,0,6.374899996444583,"[0.043350540468247344, -0.7579668247782874, 0.06295345219724222, -2.274541274132446, -0.17065977990324932, 1.618159227168894, 0.8085929169519962]","[0.043350540468247344, -0.7579668247782874, 0.06295345219724222, -2.274541274132446, -0.17065977990324932, 1.618159227168894, 0.8085929169519962]","[0.06470858095204916, -0.762057802503843, 0.09368417338060171, -2.2868284097228817, -0.25770262846737246, 1.6531879822815554, 0.8390384214438321]"
narrow_gate,0.0,5,15,15,5,guarded,scripted_non_learned_reference,False,,False,False,0.0,0.0,0.0,0,0,6.071000003430527,"[0.06470858095204916, -0.762057802503843, 0.09368417338060171, -2.2868284097228817, -0.25770262846737246, 1.6531879822815554, 0.8390384214438321]","[0.06470858095204916, -0.762057802503843, 0.09368417338060171, -2.2868284097228817, -0.25770262846737246, 1.6531879822815554, 0.8390384214438321]","[0.08651729656068992, -0.766085679528516, 0.1253480598903208, -2.2992118952142397, -0.34459464586432526, 1.6882143135404217, 0.8694179834958183]"
narrow_gate,0.0,5,20,20,5,guarded,scripted_non_learned_reference,False,,False,False,0.0,0.0,0.0,0,0,5.638399998133536,"[0.08651729656068992, -0.766085679528516, 0.1253480598903208, -2.2992118952142397, -0.34459464586432526, 1.6882143135404217, 0.8694179834958183]","[0.08651729656068992, -0.766085679528516, 0.1253480598903208, -2.2992118952142397, -0.34459464586432526, 1.6882143135404217, 0.8694179834958183]","[0.10824155329653302, -0.7701312239927709, 0.15682967732691605, -2.311585566610702, -0.4317109905811627, 1.7233540367834261, 0.8999513006034832]"
narrow_gate,0.0,5,25,25,5,guarded,scripted_non_learned_reference,False,,False,False,0.0,0.0,0.0,0,0,6.266299998969771,"[0.10824155329653302, -0.7701312239927709, 0.15682967732691605, -2.311585566610702, -0.4317109905811627, 1.7233540367834261, 0.8999513006034832]","[0.10824155329653302, -0.7701312239927709, 0.15682967732691605, -2.311585566610702, -0.4317109905811627, 1.7233540367834261, 0.8999513006034832]","[0.1293887052306131, -0.7531619079126164, 0.20479298259981518, -2.2986522076310205, -0.4897094544864907, 1.7417924649368455, 0.9361976816929017]"
narrow_gate,0.0,5,30,30,5,guarded,scripted_non_learned_reference,False,,False,False,0.0,0.0,0.0,0,0,5.288399996061344,"[0.1293887052306131, -0.7531619079126164, 0.20479298259981518, -2.2986522076310205, -0.4897094544864907, 1.7417924649368455, 0.9361976816929017]","[0.1293887052306131, -0.7531619079126164, 0.20479298259981518, -2.2986522076310205, -0.4897094544864907, 1.7417924649368455, 0.9361976816929017]","[0.155843251586078, -0.7079982186821019, 0.2823225706362126, -2.2586563626675393, -0.5156849765414464, 1.7455323638722866, 0.9792945184488572]"
narrow_gate,0.0,5,35,35,5,guarded,scripted_non_learned_reference,False,,False,False,0.0,0.0,0.0,0,0,5.348699996829964,"[0.155843251586078, -0.7079982186821019, 0.2823225706362126, -2.2586563626675393, -0.5156849765414464, 1.7455323638722866, 0.9792945184488572]","[0.155843251586078, -0.7079982186821019, 0.2823225706362126, -2.2586563626675393, -0.5156849765414464, 1.7455323638722866, 0.9792945184488572]","[0.1794183724331383, -0.6660344967932988, 0.3535657656078235, -2.2188676376175, -0.5421245063877818, 1.7474793813910134, 1.0225156390191106]"
narrow_gate,0.0,5,40,40,5,guarded,scripted_non_learned_reference,False,,False,False,0.0,0.0,0.0,0,0,5.7127000036416575,"[0.1794183724331383, -0.6660344967932988, 0.3535657656078235, -2.2188676376175, -0.5421245063877818, 1.7474793813910134, 1.0225156390191106]","[0.1794183724331383, -0.6660344967932988, 0.3535657656078235, -2.2188676376175, -0.5421245063877818, 1.7474793813910134, 1.0225156390191106]","[0.2037216069225526, -0.6236015576968318, 0.4263125672353851, -2.179382245279906, -0.5684138467845349, 1.7496828520672625, 1.06563416535484]"
narrow_gate,0.0,5,45,45,5,guarded,scripted_non_learned_reference,False,,False,False,0.0,0.0,0.0,0,0,5.5722999968566,"[0.2037216069225526, -0.6236015576968318, 0.4263125672353851, -2.179382245279906, -0.5684138467845349, 1.7496828520672625, 1.06563416535484]","[0.2037216069225526, -0.6236015576968318, 0.4263125672353851, -2.179382245279906, -0.5684138467845349, 1.7496828520672625, 1.06563416535484]","[0.22788563494986785, -0.5812186562527346, 0.49879848302637353, -2.139752239905356, -0.5947945919860286, 1.7518520460879035, 1.1089721693914363]"
narrow_gate,0.0,5,50,50,5,guarded,scripted_non_learned_reference,False,,False,False,0.0,0.0,0.0,0,0,8.237200003350154,"[0.22788563494986785, -0.5812186562527346, 0.49879848302637353, -2.139752239905356, -0.5947945919860286, 1.7518520460879035, 1.1089721693914363]","[0.22788563494986785, -0.5812186562527346, 0.49879848302637353, -2.139752239905356, -0.5947945919860286, 1.7518520460879035, 1.1089721693914363]","[0.25985331264541517, -0.5365058026810178, 0.5656948369857504, -2.0991848206631714, -0.62107552275453, 1.7488458945759446, 1.146249383069878]"
narrow_gate,0.0,5,55,55,5,guarded,scripted_non_learned_reference,False,,False,False,0.0,0.0,0.0,0,0,7.310400003916584,"[0.25985331264541517, -0.5365058026810178, 0.5656948369857504, -2.0991848206631714, -0.62107552275453, 1.7488458945759446, 1.146249383069878]","[0.25985331264541517, -0.5365058026810178, 0.5656948369857504, -2.0991848206631714, -0.62107552275453, 1.7488458945759446, 1.146249383069878]","[0.332025553154016, -0.4746056524166141, 0.5914256299091835, -2.0499351948190196, -0.6465191348799959, 1.7125780090378593, 1.142999270509029]"
narrow_gate,0.0,5,60,60,5,guarded,scripted_non_learned_reference,False,,False,False,0.0,0.0,0.0,0,0,7.100500006345101,"[0.332025553154016, -0.4746056524166141, 0.5914256299091835, -2.0499351948190196, -0.6465191348799959, 1.7125780090378593, 1.142999270509029]","[0.332025553154016, -0.4746056524166141, 0.5914256299091835, -2.0499351948190196, -0.6465191348799959, 1.7125780090378593, 1.142999270509029]","[0.4039463897292755, -0.4123815677396038, 0.6169920563291553, -2.001618175131584, -0.6720691563152599, 1.674978947978594, 1.1380110668142602]"
narrow_gate,0.0,5,65,65,5,guarded,scripted_non_learned_reference,False,,False,False,0.0,0.0,0.0,0,0,6.665399996563792,"[0.4039463897292755, -0.4123815677396038, 0.6169920563291553, -2.001618175131584, -0.6720691563152599, 1.674978947978594, 1.1380110668142602]","[0.4039463897292755, -0.4123815677396038, 0.6169920563291553, -2.001618175131584, -0.6720691563152599, 1.674978947978594, 1.1380110668142602]","[0.47321376594552883, -0.3563701184636365, 0.6354368446120991, -1.9569769427297299, -0.6776965830393008, 1.652281155031917, 1.118431142131061]"
narrow_gate,0.0,5,70,70,5,guarded,scripted_non_learned_reference,False,,False,False,0.0,0.0,0.0,0,0,7.470199998351745,"[0.47321376594552883, -0.3563701184636365, 0.6354368446120991, -1.9569769427297299, -0.6776965830393008, 1.652281155031917, 1.118431142131061]","[0.47321376594552883, -0.3563701184636365, 0.6354368446120991, -1.9569769427297299, -0.6776965830393008, 1.652281155031917, 1.118431142131061]","[0.4974898084003364, -0.3168788561979507, 0.5724645902928246, -1.9239910489416874, -0.6109035755690576, 1.6808591977410343, 1.0335527702965466]"
narrow_gate,0.0,5,75,75,5,guarded,scripted_non_learned_reference,False,,False,False,0.0,0.0,0.0,0,0,6.837799999630079,"[0.4974898084003364, -0.3168788561979507, 0.5724645902928246, -1.9239910489416874, -0.6109035755690576, 1.6808591977410343, 1.0335527702965466]","[0.4974898084003364, -0.3168788561979507, 0.5724645902928246, -1.9239910489416874, -0.6109035755690576, 1.6808591977410343, 1.0335527702965466]","[0.523373436944541, -0.27320947723470196, 0.513124666132047, -1.894694093200024, -0.5425148105862326, 1.7106599299504832, 0.9466386973135003]"
narrow_gate,0.0,5,80,80,5,guarded,scripted_non_learned_reference,False,,False,False,0.0,0.0,0.0,0,0,7.2430999935022555,"[0.523373436944541, -0.27320947723470196, 0.513124666132047, -1.894694093200024, -0.5425148105862326, 1.7106599299504832, 0.9466386973135003]","[0.523373436944541, -0.27320947723470196, 0.513124666132047, -1.894694093200024, -0.5425148105862326, 1.7106599299504832, 0.9466386973135003]","[0.5536546954443285, -0.23467145204939963, 0.45929048272473005, -1.8624145379006645, -0.47371638597287935, 1.7420674909443532, 0.8595239654154395]"
narrow_gate,0.0,5,85,85,5,guarded,scripted_non_learned_reference,False,,False,False,0.0,0.0,0.0,0,0,7.211699994513765,"[0.5536546954443285, -0.23467145204939963, 0.45929048272473005, -1.8624145379006645, -0.47371638597287935, 1.7420674909443532, 0.8595239654154395]","[0.5536546954443285, -0.23467145204939963, 0.45929048272473005, -1.8624145379006645, -0.47371638597287935, 1.7420674909443532, 0.8595239654154395]","[0.5818092925280599, -0.19381383683825812, 0.4027573724660916, -1.8314438440009502, -0.40515080294693473, 1.7728071968430685, 0.7725932242128053]"
narrow_gate,0.0,5,90,90,5,guarded,scripted_non_learned_reference,False,,False,False,0.0,0.0,0.0,0,0,7.633699999132659,"[0.5818092925280599, -0.19381383683825812, 0.4027573724660916, -1.8314438440009502, -0.40515080294693473, 1.7728071968430685, 0.7725932242128053]","[0.5818092925280599, -0.19381383683825812, 0.4027573724660916, -1.8314438440009502, -0.40515080294693473, 1.7728071968430685, 0.7725932242128053]","[0.6104026035955148, -0.15338234988875452, 0.3468319200248331, -1.8002810701363225, -0.3365973209798773, 1.8035962163323107, 0.6857906492290483]"
narrow_gate,0.0,5,95,95,5,guarded,scripted_non_learned_reference,False,,False,False,0.0,0.0,0.0,0,0,6.987799999478739,"[0.6104026035955148, -0.15338234988875452, 0.3468319200248331, -1.8002810701363225, -0.3365973209798773, 1.8035962163323107, 0.6857906492290483]","[0.6104026035955148, -0.15338234988875452, 0.3468319200248331, -1.8002810701363225, -0.3365973209798773, 1.8035962163323107, 0.6857906492290483]","[0.6390797116226822, -0.11308170653357509, 0.2909091550331023, -1.7689658304409595, -0.26787803742565147, 1.8345494768872377, 0.5985603229989646]"
narrow_gate,0.0,5,100,100,5,guarded,scripted_non_learned_reference,False,,False,False,0.0,0.0,0.0,0,0,6.139999997685663,"[0.6390797116226822, -0.11308170653357509, 0.2909091550331023, -1.7689658304409595, -0.26787803742565147, 1.8345494768872377, 0.5985603229989646]","[0.6390797116226822, -0.11308170653357509, 0.2909091550331023, -1.7689658304409595, -0.26787803742565147, 1.8345494768872377, 0.5985603229989646]","[0.6676662667946728, -0.07265978251006736, 0.2349449011647485, -1.7377775443289338, -0.19927650141139558, 1.8653853914291407, 0.5116239022972034]"
narrow_gate,0.0,5,105,105,5,guarded,scripted_non_learned_reference,False,,False,False,0.0,0.0,0.0,0,0,6.811700004618615,"[0.6676662667946728, -0.07265978251006736, 0.2349449011647485, -1.7377775443289338, -0.19927650141139558, 1.8653853914291407, 0.5116239022972034]","[0.6676662667946728, -0.07265978251006736, 0.2349449011647485, -1.7377775443289338, -0.19927650141139558, 1.8653853914291407, 0.5116239022972034]","[0.6962812151610637, -0.03227166448316115, 0.17897458811668598, -1.7065380770689955, -0.13061198814733851, 1.896275539004256, 0.4245303298786216]"
narrow_gate,0.0,5,110,110,5,guarded,scripted_non_learned_reference,False,,False,False,0.0,0.0,0.0,0,0,7.105199998477474,"[0.6962812151610637, -0.03227166448316115, 0.17897458811668598, -1.7065380770689955, -0.13061198814733851, 1.896275539004256, 0.4245303298786216]","[0.6962812151610637, -0.03227166448316115, 0.17897458811668598, -1.7065380770689955, -0.13061198814733851, 1.896275539004256, 0.4245303298786216]","[0.7248931710541356, 0.008101998441048246, 0.12304247620917956, -1.6753201106696365, -0.06200825849596981, 1.9271202780587506, 0.3375935751060038]"
narrow_gate,0.0,5,115,115,5,guarded,scripted_non_learned_reference,False,,False,False,0.0,0.0,0.0,0,0,6.003200003760867,"[0.7248931710541356, 0.008101998441048246, 0.12304247620917956, -1.6753201106696365, -0.06200825849596981, 1.9271202780587506, 0.3375935751060038]","[0.7248931710541356, 0.008101998441048246, 0.12304247620917956, -1.6753201106696365, -0.06200825849596981, 1.9271202780587506, 0.3375935751060038]","[0.753495965498522, 0.04847337270340768, 0.06712647715470998, -1.6441155163618355, 0.0065467398010987336, 1.957928715135164, 0.25079061983162676]"
narrow_gate,0.0,5,120,120,5,guarded,scripted_non_learned_reference,False,,False,False,0.0,0.0,0.0,0,0,5.948300000454765,"[0.753495965498522, 0.04847337270340768, 0.06712647715470998, -1.6441155163618355, 0.0065467398010987336, 1.957928715135164, 0.25079061983162676]","[0.753495965498522, 0.04847337270340768, 0.06712647715470998, -1.6441155163618355, 0.0065467398010987336, 1.957928715135164, 0.25079061983162676]","[0.7821081551434514, 0.08887205257209531, 0.011127374853170792, -1.6128677658607296, 0.07526003812014936, 1.9888523561359557, 0.16356110316086725]"
narrow_gate,0.0,5,125,125,5,guarded,scripted_non_learned_reference,False,,False,False,0.0,0.0,0.0,0,0,5.986900003335904,"[0.7821081551434514, 0.08887205257209531, 0.011127374853170792, -1.6128677658607296, 0.07526003812014936, 1.9888523561359557, 0.16356110316086725]","[0.7821081551434514, 0.08887205257209531, 0.011127374853170792, -1.6128677658607296, 0.07526003812014936, 1.9888523561359557, 0.16356110316086725]","[0.8107234769109821, 0.1292460608449261, -0.0448002824197522, -1.5816519919147505, 0.14386303635403763, 2.019692954842644, 0.07662411286180147]"
narrow_gate,0.0,5,130,130,5,guarded,scripted_non_learned_reference,False,,False,False,0.0,0.0,0.0,0,0,7.7708000026177615,"[0.8107234769109821, 0.1292460608449261, -0.0448002824197522, -1.5816519919147505, 0.14386303635403763, 2.019692954842644, 0.07662411286180147]","[0.8107234769109821, 0.1292460608449261, -0.0448002824197522, -1.5816519919147505, 0.14386303635403763, 2.019692954842644, 0.07662411286180147]","[0.8393378090546865, 0.1696365156385948, -0.1007703017458993, -1.550416649357631, 0.2125261481354162, 2.0505777784180723, -0.010469636384393289]"
narrow_gate,0.0,5,135,135,5,guarded,scripted_non_learned_reference,False,,False,False,0.0,0.0,0.0,0,0,7.678599999053404,"[0.8393378090546865, 0.1696365156385948, -0.1007703017458993, -1.550416649357631, 0.2125261481354162, 2.0505777784180723, -0.010469636384393289]","[0.8393378090546865, 0.1696365156385948, -0.1007703017458993, -1.550416649357631, 0.2125261481354162, 2.0505777784180723, -0.010469636384393289]","[0.8679462962871053, 0.21000962153007519, -0.15670580084781993, -1.5191980865481556, 0.2811284923588353, 2.0814178555541223, -0.09740647164647827]"
narrow_gate,0.0,5,140,140,5,guarded,scripted_non_learned_reference,False,,False,False,0.0,0.0,0.0,0,0,5.8323999983258545,"[0.8679462962871053, 0.21000962153007519, -0.15670580084781993, -1.5191980865481556, 0.2811284923588353, 2.0814178555541223, -0.09740647164647827]","[0.8679462962871053, 0.21000962153007519, -0.15670580084781993, -1.5191980865481556, 0.2811284923588353, 2.0814178555541223, -0.09740647164647827]","[0.8965531547222313, 0.25037578065637156, -0.21261752702347786, -1.4879885948210185, 0.34968245345567367, 2.112222781534773, -0.18420961949304368]"
narrow_gate,0.0,5,145,145,5,guarded,scripted_non_learned_reference,False,,False,False,0.0,0.0,0.0,0,0,5.950699996901676,"[0.8965531547222313, 0.25037578065637156, -0.21261752702347786, -1.4879885948210185, 0.34968245345567367, 2.112222781534773, -0.18420961949304368]","[0.8965531547222313, 0.25037578065637156, -0.21261752702347786, -1.4879885948210185, 0.34968245345567367, 2.112222781534773, -0.18420961949304368]","[0.9251659019523752, 0.29077504144409666, -0.2686177182299917, -1.4567402478206042, 0.4183937359305141, 2.14314218744693, -0.27143925554819326]"
narrow_gate,0.0,5,150,150,5,guarded,scripted_non_learned_reference,False,,False,False,0.0,0.0,0.0,0,0,5.953599997155834,"[0.9251659019523752, 0.29077504144409666, -0.2686177182299917, -1.4567402478206042, 0.4183937359305141, 2.14314218744693, -0.27143925554819326]","[0.9251659019523752, 0.29077504144409666, -0.2686177182299917, -1.4567402478206042, 0.4183937359305141, 2.14314218744693, -0.27143925554819326]","[0.9537799029213962, 0.3311475666638958, -0.32455098326206755, -1.42551776320668, 0.4869951765967115, 2.173980034441014, -0.35837634027508264]"
narrow_gate,0.0,5,155,155,5,guarded,scripted_non_learned_reference,False,,False,False,0.0,0.0,0.0,0,0,6.233600004634354,"[0.9537799029213962, 0.3311475666638958, -0.32455098326206755, -1.42551776320668, 0.4869951765967115, 2.173980034441014, -0.35837634027508264]","[0.9537799029213962, 0.3311475666638958, -0.32455098326206755, -1.42551776320668, 0.4869951765967115, 2.173980034441014, -0.35837634027508264]","[0.9823981823270889, 0.3715408308954311, -0.38052237615871903, -1.3942785770670105, 0.5556563145995947, 2.2048613527030403, -0.4454701869479865]"
narrow_gate,0.0,5,160,160,5,guarded,scripted_non_learned_reference,False,,False,False,0.0,0.0,0.0,0,0,6.0064999997848645,"[0.9823981823270889, 0.3715408308954311, -0.38052237615871903, -1.3942785770670105, 0.5556563145995947, 2.2048613527030403, -0.4454701869479865]","[0.9823981823270889, 0.3715408308954311, -0.38052237615871903, -1.3942785770670105, 0.5556563145995947, 2.2048613527030403, -0.4454701869479865]","[1.0110056663527083, 0.41191479092273336, -0.43646450866607633, -1.363053369361903, 0.624257354896971, 2.23569995009623, -0.5324070999152066]"
narrow_gate,0.0,5,165,165,5,guarded,scripted_non_learned_reference,False,,False,False,0.0,0.0,0.0,0,0,20.232999995641876,"[1.0110056663527083, 0.41191479092273336, -0.43646450866607633, -1.363053369361903, 0.624257354896971, 2.23569995009623, -0.5324070999152066]","[1.0110056663527083, 0.41191479092273336, -0.43646450866607633, -1.363053369361903, 0.624257354896971, 2.23569995009623, -0.5324070999152066]","[1.0396125900459647, 0.4522838290075774, -0.49238328703196893, -1.3318366836229467, 0.6928099827453259, 2.266503377110945, -0.6192102990092935]"
narrow_gate,0.0,5,170,170,5,guarded,scripted_non_learned_reference,False,,False,False,0.0,0.0,0.0,0,0,7.766300004732329,"[1.0396125900459647, 0.4522838290075774, -0.49238328703196893, -1.3318366836229467, 0.6928099827453259, 2.266503377110945, -0.6192102990092935]","[1.0396125900459647, 0.4522838290075774, -0.49238328703196893, -1.3318366836229467, 0.6928099827453259, 2.266503377110945, -0.6192102990092935]","[1.077392853515655, 0.45376907623319807, -0.5562342817404514, -1.3325341072304666, 0.7113957586596689, 2.2704160153866852, -0.649801319165914]"
narrow_gate,0.0,5,175,175,5,guarded,scripted_non_learned_reference,False,,False,False,0.0,0.0,0.0,0,0,7.9931000000215136,"[1.077392853515655, 0.45376907623319807, -0.5562342817404514, -1.3325341072304666, 0.7113957586596689, 2.2704160153866852, -0.649801319165914]","[1.077392853515655, 0.45376907623319807, -0.5562342817404514, -1.3325341072304666, 0.7113957586596689, 2.2704160153866852, -0.649801319165914]","[1.1126442898495295, 0.41301843590397813, -0.6331768992047369, -1.3329750422223503, 0.7081193266347393, 2.2658205796913458, -0.6497071358279769]"
narrow_gate,0.0,5,180,180,5,guarded,scripted_non_learned_reference,False,,False,False,0.0,0.0,0.0,0,0,6.524199998239055,"[1.1126442898495295, 0.41301843590397813, -0.6331768992047369, -1.3329750422223503, 0.7081193266347393, 2.2658205796913458, -0.6497071358279769]","[1.1126442898495295, 0.41301843590397813, -0.6331768992047369, -1.3329750422223503, 0.7081193266347393, 2.2658205796913458, -0.6497071358279769]","[1.1496460537432254, 0.38566640856659645, -0.7062160194661701, -1.3407427866324408, 0.7046370841584123, 2.2592360907456586, -0.6498179567327307]"
narrow_gate,0.0,5,185,185,5,guarded,scripted_non_learned_reference,False,,False,False,0.0,0.0,0.0,0,0,7.225300003483426,"[1.1496460537432254, 0.38566640856659645, -0.7062160194661701, -1.3407427866324408, 0.7046370841584123, 2.2592360907456586, -0.6498179567327307]","[1.1496460537432254, 0.38566640856659645, -0.7062160194661701, -1.3407427866324408, 0.7046370841584123, 2.2592360907456586, -0.6498179567327307]","[1.1889400706485873, 0.35903001408665186, -0.7771746794657471, -1.3481620229057725, 0.7010948222602318, 2.252092546497623, -0.6499557708064722]"
narrow_gate,0.0,5,190,190,5,guarded,scripted_non_learned_reference,False,,False,False,0.0,0.0,0.0,0,0,8.0350999996881,"[1.1889400706485873, 0.35903001408665186, -0.7771746794657471, -1.3481620229057725, 0.7010948222602318, 2.252092546497623, -0.6499557708064722]","[1.1889400706485873, 0.35903001408665186, -0.7771746794657471, -1.3481620229057725, 0.7010948222602318, 2.252092546497623, -0.6499557708064722]","[1.1961963957233699, 0.342355232461301, -0.8049250437135502, -1.346582238148461, 0.7002443185654961, 2.2518286259338303, -0.6499795274138622]"
narrow_gate,0.0,15,0,0,15,guarded,scripted_non_learned_reference,False,,False,False,0.0,0.0,0.0,0,0,8.23399999353569,"[-6.645505167103729e-12, -0.7499999999998178, -8.430052443761439e-12, -2.2499999999996256, -1.5328964921158848e-11, 1.5500000000003826, 0.7499999999997874]","[-6.645505167103729e-12, -0.7499999999998178, -8.430052443761439e-12, -2.2499999999996256, -1.5328964921158848e-11, 1.5500000000003826, 0.7499999999997874]","[0.06464393198612688, -0.7620176204190972, 0.09362234684823437, -2.2867672495303757, -0.2566356658064326, 1.6525818231133618, 0.838335599703787]"
narrow_gate,0.0,15,15,15,15,guarded,scripted_non_learned_reference,False,,False,False,0.0,0.0,0.0,0,0,8.087000001978595,"[0.06464393198612688, -0.7620176204190972, 0.09362234684823437, -2.2867672495303757, -0.2566356658064326, 1.6525818231133618, 0.838335599703787]","[0.06464393198612688, -0.7620176204190972, 0.09362234684823437, -2.2867672495303757, -0.2566356658064326, 1.6525818231133618, 0.838335599703787]","[0.1292609751623494, -0.7530990509300556, 0.20461396126990175, -2.298574309932197, -0.48864973780550824, 1.7411885270111358, 0.9355250151563674]"
narrow_gate,0.0,15,30,30,15,guarded,scripted_non_learned_reference,False,,False,False,0.0,0.0,0.0,0,0,6.948899994313251,"[0.1292609751623494, -0.7530990509300556, 0.20461396126990175, -2.298574309932197, -0.48864973780550824, 1.7411885270111358, 0.9355250151563674]","[0.1292609751623494, -0.7530990509300556, 0.20461396126990175, -2.298574309932197, -0.48864973780550824, 1.7411885270111358, 0.9355250151563674]","[0.20349946527629473, -0.6238161139876925, 0.42572122818539576, -2.1796254046539425, -0.5681370598129077, 1.7496327884047267, 1.064751969544668]"
narrow_gate,0.0,15,45,45,15,guarded,scripted_non_learned_reference,False,,False,False,0.0,0.0,0.0,0,0,6.366300003719516,"[0.20349946527629473, -0.6238161139876925, 0.42572122818539576, -2.1796254046539425, -0.5681370598129077, 1.7496327884047267, 1.064751969544668]","[0.20349946527629473, -0.6238161139876925, 0.42572122818539576, -2.1796254046539425, -0.5681370598129077, 1.7496327884047267, 1.064751969544668]","[0.33175108032339123, -0.47520720182255366, 0.5916690028822944, -2.0503092655376767, -0.646206106484804, 1.7130799154218002, 1.1426918750162427]"
narrow_gate,0.0,15,60,60,15,guarded,scripted_non_learned_reference,False,,False,False,0.0,0.0,0.0,0,0,6.37540000025183,"[0.33175108032339123, -0.47520720182255366, 0.5916690028822944, -2.0503092655376767, -0.646206106484804, 1.7130799154218002, 1.1426918750162427]","[0.33175108032339123, -0.47520720182255366, 0.5916690028822944, -2.0503092655376767, -0.646206106484804, 1.7130799154218002, 1.1426918750162427]","[0.4999049596225836, -0.3179345463592879, 0.5766096942886983, -1.9241771251126683, -0.6113026257825911, 1.68123754414231, 1.0350256960472979]"
narrow_gate,0.0,15,75,75,15,guarded,scripted_non_learned_reference,False,,False,False,0.0,0.0,0.0,0,0,6.8138999995426275,"[0.4999049596225836, -0.3179345463592879, 0.5766096942886983, -1.9241771251126683, -0.6113026257825911, 1.68123754414231, 1.0350256960472979]","[0.4999049596225836, -0.3179345463592879, 0.5766096942886983, -1.9241771251126683, -0.6113026257825911, 1.68123754414231, 1.0350256960472979]","[0.5819243642455917, -0.19430310063317147, 0.4035080043729008, -1.8315209289128127, -0.4059516169777825, 1.7723152050115563, 0.7745675582043895]"
narrow_gate,0.0,15,90,90,15,guarded,scripted_non_learned_reference,False,,False,False,0.0,0.0,0.0,0,0,6.211899999470916,"[0.5819243642455917, -0.19430310063317147, 0.4035080043729008, -1.8315209289128127, -0.4059516169777825, 1.7723152050115563, 0.7745675582043895]","[0.5819243642455917, -0.19430310063317147, 0.4035080043729008, -1.8315209289128127, -0.4059516169777825, 1.7723152050115563, 0.7745675582043895]","[0.6675412490952546, -0.07288398366886278, 0.2353755489844805, -1.7379889441851963, -0.20008285478518603, 1.8648531739322678, 0.5135711879803826]"
narrow_gate,0.0,15,105,105,15,guarded,scripted_non_learned_reference,False,,False,False,0.0,0.0,0.0,0,0,6.368399997882079,"[0.6675412490952546, -0.07288398366886278, 0.2353755489844805, -1.7379889441851963, -0.20008285478518603, 1.8648531739322678, 0.5135711879803826]","[0.6675412490952546, -0.07288398366886278, 0.2353755489844805, -1.7379889441851963, -0.20008285478518603, 1.8648531739322678, 0.5135711879803826]","[0.7533731559596204, 0.04827457493323258, 0.0675276603205618, -1.6443210203698782, 0.00580318531528108, 1.9574412484169832, 0.2525715953925745]"
narrow_gate,0.0,15,120,120,15,guarded,scripted_non_learned_reference,False,,False,False,0.0,0.0,0.0,0,0,7.5043999968329445,"[0.7533731559596204, 0.04827457493323258, 0.0675276603205618, -1.6443210203698782, 0.00580318531528108, 1.9574412484169832, 0.2525715953925745]","[0.7533731559596204, 0.04827457493323258, 0.0675276603205618, -1.6443210203698782, 0.00580318531528108, 1.9574412484169832, 0.2525715953925745]","[0.8392138157403956, 0.169413612127421, -0.1003068150038958, -1.5506444494835858, 0.21168741191837315, 2.050021477844389, -0.008428486722511062]"
narrow_gate,0.0,15,135,135,15,guarded,scripted_non_learned_reference,False,,False,False,0.0,0.0,0.0,0,0,6.266299998969771,"[0.8392138157403956, 0.169413612127421, -0.1003068150038958, -1.5506444494835858, 0.21168741191837315, 2.050021477844389, -0.008428486722511062]","[0.8392138157403956, 0.169413612127421, -0.1003068150038958, -1.5506444494835858, 0.21168741191837315, 2.050021477844389, -0.008428486722511062]","[0.9250511598631087, 0.2905515499336785, -0.2681488276747169, -1.4569609601847837, 0.41756789571371283, 2.1425931921543984, -0.2694287909164207]"
narrow_gate,0.0,15,150,150,15,guarded,scripted_non_learned_reference,False,,False,False,0.0,0.0,0.0,0,0,6.366399997205008,"[0.9250511598631087, 0.2905515499336785, -0.2681488276747169, -1.4569609601847837, 0.41756789571371283, 2.1425931921543984, -0.2694287909164207]","[0.9250511598631087, 0.2905515499336785, -0.2681488276747169, -1.4569609601847837, 0.41756789571371283, 2.1425931921543984, -0.2694287909164207]","[1.0108829196864157, 0.4116952244063325, -0.4360078643811139, -1.36326721443619, 0.6234449441039762, 2.235160650161663, -0.5304291776358822]"
narrow_gate,0.0,15,165,165,15,guarded,scripted_non_learned_reference,False,,False,False,0.0,0.0,0.0,0,0,6.868599994049873,"[1.0108829196864157, 0.4116952244063325, -0.4360078643811139, -1.36326721443619, 0.6234449441039762, 2.235160650161663, -0.5304291776358822]","[1.0108829196864157, 0.4116952244063325, -0.4360078643811139, -1.36326721443619, 0.6234449441039762, 2.235160650161663, -0.5304291776358822]","[1.1136520627315891, 0.4173591749949692, -0.6308623470907473, -1.3352040957004065, 0.7078870782105658, 2.2648973495242366, -0.6493636383863807]"
narrow_gate,0.0,15,180,180,15,guarded,scripted_non_learned_reference,False,,False,False,0.0,0.0,0.0,0,0,6.875200000649784,"[1.1136520627315891, 0.4173591749949692, -0.6308623470907473, -1.3352040957004065, 0.7078870782105658, 2.2648973495242366, -0.6493636383863807]","[1.1136520627315891, 0.4173591749949692, -0.6308623470907473, -1.3352040957004065, 0.7078870782105658, 2.2648973495242366, -0.6493636383863807]","[1.1962885371342837, 0.3428115466665697, -0.8043268953307946, -1.346720427756931, 0.7002612140872195, 2.2518384430841034, -0.649977816470354]"
narrow_gate,0.5,1,0,0,1,guarded,scripted_non_learned_reference,False,,False,False,0.0,0.0,0.0,0,0,5.978799999866169,"[-6.2693832868740056e-12, -0.7499999999998369, -8.506348615428234e-12, -2.2499999999997313, -1.2208337480657592e-11, 1.5500000000003227, 0.7499999999998253]","[-6.2693832868740056e-12, -0.7499999999998369, -8.506348615428234e-12, -2.2499999999997313, -1.2208337480657592e-11, 1.5500000000003227, 0.7499999999998253]","[0.0026568751852278686, -0.7508021798503101, 0.002511069162090498, -2.2517276212154855, -0.015190313067991656, 1.5554907036143386, 0.754681471906699]"
narrow_gate,0.5,1,1,1,1,guarded,scripted_non_learned_reference,False,,False,False,0.0,0.0,0.0,0,0,8.761500001128297,"[0.0026568751852278686, -0.7508021798503101, 0.002511069162090498, -2.2517276212154855, -0.015190313067991656, 1.5554907036143386, 0.754681471906699]","[0.0026568751852278686, -0.7508021798503101, 0.002511069162090498, -2.2517276212154855, -0.015190313067991656, 1.5554907036143386, 0.754681471906699]","[0.006792179349077099, -0.7517937183959833, 0.008715889981837715, -2.2543899602475235, -0.03354497627327722, 1.5629561285452402, 0.7610491024567048]"
narrow_gate,0.5,1,2,2,1,guarded,scripted_non_learned_reference,False,,False,False,0.0,0.0,0.0,0,0,6.342200002109166,"[0.006792179349077099, -0.7517937183959833, 0.008715889981837715, -2.2543899602475235, -0.03354497627327722, 1.5629561285452402, 0.7610491024567048]","[0.006792179349077099, -0.7517937183959833, 0.008715889981837715, -2.2543899602475235, -0.03354497627327722, 1.5629561285452402, 0.7610491024567048]","[0.012082035964999772, -0.7525773690820292, 0.01716678896911789, -2.2571784401130737, -0.051161244021325346, 1.570293294057785, 0.7674067959961274]"
narrow_gate,0.5,1,3,3,1,guarded,scripted_non_learned_reference,False,,False,False,0.0,0.0,0.0,0,0,6.178600000566803,"[0.012082035964999772, -0.7525773690820292, 0.01716678896911789, -2.2571784401130737, -0.051161244021325346, 1.570293294057785, 0.7674067959961274]","[0.012082035964999772, -0.7525773690820292, 0.01716678896911789, -2.2571784401130737, -0.051161244021325346, 1.570293294057785, 0.7674067959961274]","[0.017538707187474127, -0.7532064430482734, 0.02563882847229775, -2.2598240002098176, -0.06807667934336689, 1.5772532510924178, 0.773442600341635]"
narrow_gate,0.5,1,4,4,1,guarded,scripted_non_learned_reference,False,,False,False,0.0,0.0,0.0,0,0,6.4286999986507,"[0.017538707187474127, -0.7532064430482734, 0.02563882847229775, -2.2598240002098176, -0.06807667934336689, 1.5772532510924178, 0.773442600341635]","[0.017538707187474127, -0.7532064430482734, 0.02563882847229775, -2.2598240002098176, -0.06807667934336689, 1.5772532510924178, 0.773442600341635]","[0.02239752544702024, -0.7538853032616967, 0.03290156739289646, -2.2623827015117004, -0.08524225152945555, 1.584237382806365, 0.7794797493910167]"
narrow_gate,0.5,1,5,5,1,guarded,scripted_non_learned_reference,False,,False,False,0.0,0.0,0.0,0,0,6.203399992955383,"[0.02239752544702024, -0.7538853032616967, 0.03290156739289646, -2.2623827015117004, -0.08524225152945555, 1.584237382806365, 0.7794797493910167]","[0.02239752544702024, -0.7538853032616967, 0.03290156739289646, -2.2623827015117004, -0.08524225152945555, 1.584237382806365, 0.7794797493910167]","[0.026504823293691346, -0.7546863341167244, 0.0387339967997932, -2.2648448450689638, -0.10269596855789868, 1.5912394363334077, 0.7855536956463224]"
narrow_gate,0.5,1,6,6,1,guarded,scripted_non_learned_reference,False,,False,False,0.0,0.0,0.0,0,0,6.765999998606276,"[0.026504823293691346, -0.7546863341167244, 0.0387339967997932, -2.2648448450689638, -0.10269596855789868, 1.5912394363334077, 0.7855536956463224]","[0.026504823293691346, -0.7546863341167244, 0.0387339967997932, -2.2648448450689638, -0.10269596855789868, 1.5912394363334077, 0.7855536956463224]","[0.030288998524755053, -0.7555598664403389, 0.043922177656280766, -2.267240206518316, -0.12030310730159446, 1.5982441918325978, 0.7916773411187904]"
narrow_gate,0.5,1,7,7,1,guarded,scripted_non_learned_reference,False,,False,False,0.0,0.0,0.0,0,0,8.62059999781195,"[0.030288998524755053, -0.7555598664403389, 0.043922177656280766, -2.267240206518316, -0.12030310730159446, 1.5982441918325978, 0.7916773411187904]","[0.030288998524755053, -0.7555598664403389, 0.043922177656280766, -2.267240206518316, -0.12030310730159446, 1.5982441918325978, 0.7916773411187904]","[0.03419678135639675, -0.7564389110367583, 0.04934864520835266, -2.2696305624851774, -0.13787874615042858, 1.6052482516670485, 0.797807533665832]"
narrow_gate,0.5,1,8,8,1,guarded,scripted_non_learned_reference,False,,False,False,0.0,0.0,0.0,0,0,7.005199993727729,"[0.03419678135639675, -0.7564389110367583, 0.04934864520835266, -2.2696305624851774, -0.13787874615042858, 1.6052482516670485, 0.797807533665832]","[0.03419678135639675, -0.7564389110367583, 0.04934864520835266, -2.2696305624851774, -0.13787874615042858, 1.6052482516670485, 0.797807533665832]","[0.03847716149598951, -0.7572752656119012, 0.055514160357598416, -2.272068403630883, -0.15527470643799834, 1.6122371846095536, 0.8038864203714535]"
narrow_gate,0.5,1,9,9,1,guarded,scripted_non_learned_reference,False,,False,False,0.0,0.0,0.0,0,0,7.28730000264477,"[0.03847716149598951, -0.7572752656119012, 0.055514160357598416, -2.272068403630883, -0.15527470643799834, 1.6122371846095536, 0.8038864203714535]","[0.03847716149598951, -0.7572752656119012, 0.055514160357598416, -2.272068403630883, -0.15527470643799834, 1.6122371846095536, 0.8038864203714535]","[0.04304392057490418, -0.7580729307349573, 0.06224861089875608, -2.27456628534309, -0.17261635440570616, 1.6192708267125604, 0.8099746436836562]"
narrow_gate,0.5,1,10,10,1,guarded,scripted_non_learned_reference,False,,False,False,0.0,0.0,0.0,0,0,6.8982000011601485,"[0.04304392057490418, -0.7580729307349573, 0.06224861089875608, -2.27456628534309, -0.17261635440570616, 1.6192708267125604, 0.8099746436836562]","[0.04304392057490418, -0.7580729307349573, 0.06224861089875608, -2.27456628534309, -0.17261635440570616, 1.6192708267125604, 0.8099746436836562]","[0.047644604786022636, -0.7588534847801279, 0.06905525592934417, -2.2770788151909818, -0.18990805883311684, 1.6262987315343516, 0.8160384795052501]"
narrow_gate,0.5,1,11,11,1,guarded,scripted_non_learned_reference,False,,False,False,0.0,0.0,0.0,0,0,7.3888999977498315,"[0.047644604786022636, -0.7588534847801279, 0.06905525592934417, -2.2770788151909818, -0.18990805883311684, 1.6262987315343516, 0.8160384795052501]","[0.047644604786022636, -0.7588534847801279, 0.06905525592934417, -2.2770788151909818, -0.18990805883311684, 1.6262987315343516, 0.8160384795052501]","[0.05212065444765466, -0.7596415199480041, 0.07561275586844834, -2.279581298220113, -0.2072788605813985, 1.6333376084956241, 0.8221305796056447]"
narrow_gate,0.5,1,12,12,1,guarded,scripted_non_learned_reference,False,,False,False,0.0,0.0,0.0,0,0,6.981300000916235,"[0.05212065444765466, -0.7596415199480041, 0.07561275586844834, -2.279581298220113, -0.2072788605813985, 1.6333376084956241, 0.8221305796056447]","[0.05212065444765466, -0.7596415199480041, 0.07561275586844834, -2.279581298220113, -0.2072788605813985, 1.6333376084956241, 0.8221305796056447]","[0.05643483380308177, -0.7604453276588533, 0.08185060715249999, -2.282059287130942, -0.2247133175662139, 1.6403655657805418, 0.8282388477005795]"
narrow_gate,0.5,1,13,13,1,guarded,scripted_non_learned_reference,False,,False,False,0.0,0.0,0.0,0,0,6.674900003417861,"[0.05643483380308177, -0.7604453276588533, 0.08185060715249999, -2.282059287130942, -0.2247133175662139, 1.6403655657805418, 0.8282388477005795]","[0.05643483380308177, -0.7604453276588533, 0.08185060715249999, -2.282059287130942, -0.2247133175662139, 1.6403655657805418, 0.8282388477005795]","[0.06065828308666305, -0.7612592885544661, 0.08790963633652427, -2.284515923955011, -0.24212380016298227, 1.6473472146460504, 0.8343175696834475]"
narrow_gate,0.5,1,14,14,1,guarded,scripted_non_learned_reference,False,,False,False,0.0,0.0,0.0,0,0,7.128500001272187,"[0.06065828308666305, -0.7612592885544661, 0.08790963633652427, -2.284515923955011, -0.24212380016298227, 1.6473472146460504, 0.8343175696834475]","[0.06065828308666305, -0.7612592885544661, 0.08790963633652427, -2.284515923955011, -0.24212380016298227, 1.6473472146460504, 0.8343175696834475]","[0.06489868927832639, -0.7620751657246044, 0.09399927144417099, -2.286979445392418, -0.25957018226422895, 1.654345152090609, 0.8404192269979864]"
narrow_gate,0.5,1,15,15,1,guarded,scripted_non_learned_reference,False,,False,False,0.0,0.0,0.0,0,0,7.379800001217518,"[0.06489868927832639, -0.7620751657246044, 0.09399927144417099, -2.286979445392418, -0.25957018226422895, 1.654345152090609, 0.8404192269979864]","[0.06489868927832639, -0.7620751657246044, 0.09399927144417099, -2.286979445392418, -0.25957018226422895, 1.654345152090609, 0.8404192269979864]","[0.06921495638742606, -0.762882692067705, 0.10024168511239674, -2.289450593160795, -0.2769560363590157, 1.6613364978185796, 0.8464965142782901]"
narrow_gate,0.5,1,16,16,1,guarded,scripted_non_learned_reference,False,,False,False,0.0,0.0,0.0,0,0,8.382200001506135,"[0.06921495638742606, -0.762882692067705, 0.10024168511239674, -2.289450593160795, -0.2769560363590157, 1.6613364978185796, 0.8464965142782901]","[0.06921495638742606, -0.762882692067705, 0.10024168511239674, -2.289450593160795, -0.2769560363590157, 1.6613364978185796, 0.8464965142782901]","[0.07360052873820612, -0.7636859340913614, 0.10661850636769968, -2.2919342689556084, -0.29435892096011185, 1.6683618104427136, 0.8525939949807425]"
narrow_gate,0.5,1,17,17,1,guarded,scripted_non_learned_reference,False,,False,False,0.0,0.0,0.0,0,0,7.157399995776359,"[0.07360052873820612, -0.7636859340913614, 0.10661850636769968, -2.2919342689556084, -0.29435892096011185, 1.6683618104427136, 0.8525939949807425]","[0.07360052873820612, -0.7636859340913614, 0.10661850636769968, -2.2919342689556084, -0.29435892096011185, 1.6683618104427136, 0.8525939949807425]","[0.07800837265662806, -0.7644898488051072, 0.11303983339182339, -2.294418191639529, -0.3117655320972723, 1.6754035957226863, 0.8586990899424063]"
narrow_gate,0.5,1,18,18,1,guarded,scripted_non_learned_reference,False,,False,False,0.0,0.0,0.0,0,0,6.897799998114351,"[0.07800837265662806, -0.7644898488051072, 0.11303983339182339, -2.294418191639529, -0.3117655320972723, 1.6754035957226863, 0.8586990899424063]","[0.07800837265662806, -0.7644898488051072, 0.11303983339182339, -2.294418191639529, -0.3117655320972723, 1.6754035957226863, 0.8586990899424063]","[0.08238616197025046, -0.7652983855449493, 0.11940222068267485, -2.296888794430187, -0.3291272831113653, 1.6824138362932186, 0.864770974773776]"
narrow_gate,0.5,1,19,19,1,guarded,scripted_non_learned_reference,False,,False,False,0.0,0.0,0.0,0,0,7.201500004157424,"[0.08238616197025046, -0.7652983855449493, 0.11940222068267485, -2.296888794430187, -0.3291272831113653, 1.6824138362932186, 0.864770974773776]","[0.08238616197025046, -0.7652983855449493, 0.11940222068267485, -2.296888794430187, -0.3291272831113653, 1.6824138362932186, 0.864770974773776]","[0.0867287497074196, -0.7661123569435881, 0.12569281233062352, -2.2993592514361425, -0.346540759082972, 1.6894340158466936, 0.8708676106051793]"
narrow_gate,0.5,1,20,20,1,guarded,scripted_non_learned_reference,False,,False,False,0.0,0.0,0.0,0,0,8.779000003414694,"[0.0867287497074196, -0.7661123569435881, 0.12569281233062352, -2.2993592514361425, -0.346540759082972, 1.6894340158466936, 0.8708676106051793]","[0.0867287497074196, -0.7661123569435881, 0.12569281233062352, -2.2993592514361425, -0.346540759082972, 1.6894340158466936, 0.8708676106051793]","[0.09104536457114376, -0.7669242749213594, 0.13193596275709402, -2.301825563261823, -0.36392583349354934, 1.696428890840678, 0.8769443514624653]"
narrow_gate,0.5,1,21,21,1,guarded,scripted_non_learned_reference,False,,False,False,0.0,0.0,0.0,0,0,9.572499999194406,"[0.09104536457114376, -0.7669242749213594, 0.13193596275709402, -2.301825563261823, -0.36392583349354934, 1.696428890840678, 0.8769443514624653]","[0.09104536457114376, -0.7669242749213594, 0.13193596275709402, -2.301825563261823, -0.36392583349354934, 1.696428890840678, 0.8769443514624653]","[0.09536576371399536, -0.7677320694131033, 0.1381851441768318, -2.304301097844364, -0.38134830801038133, 1.7034409176743308, 0.8830444509041732]"
narrow_gate,0.5,1,22,22,1,guarded,scripted_non_learned_reference,False,,False,False,0.0,0.0,0.0,0,0,7.31689999520313,"[0.09536576371399536, -0.7677320694131033, 0.1381851441768318, -2.304301097844364, -0.38134830801038133, 1.7034409176743308, 0.8830444509041732]","[0.09536576371399536, -0.7677320694131033, 0.1381851441768318, -2.304301097844364, -0.38134830801038133, 1.7034409176743308, 0.8830444509041732]","[0.09970362285437855, -0.768534999283998, 0.14446985671397197, -2.306782360112606, -0.3987761046147465, 1.7104641614884653, 0.8891526937783979]"
narrow_gate,0.5,1,23,23,1,guarded,scripted_non_learned_reference,False,,False,False,0.0,0.0,0.0,0,0,7.7062000054866076,"[0.09970362285437855, -0.768534999283998, 0.14446985671397197, -2.306782360112606, -0.3987761046147465, 1.7104641614884653, 0.8891526937783979]","[0.09970362285437855, -0.768534999283998, 0.14446985671397197, -2.306782360112606, -0.3987761046147465, 1.7104641614884653, 0.8891526937783979]","[0.10405490915132783, -0.769336330112805, 0.1507812876865222, -2.309258799066946, -0.4161460461283868, 1.7174641393535945, 0.8952260020469337]"
narrow_gate,0.5,1,24,24,1,guarded,scripted_non_learned_reference,False,,False,False,0.0,0.0,0.0,0,0,6.9987999959266745,"[0.10405490915132783, -0.769336330112805, 0.1507812876865222, -2.309258799066946, -0.4161460461283868, 1.7174641393535945, 0.8952260020469337]","[0.10405490915132783, -0.769336330112805, 0.1507812876865222, -2.309258799066946, -0.4161460461283868, 1.7174641393535945, 0.8952260020469337]","[0.10841470950950158, -0.7701417710080963, 0.15710643547711672, -2.3117385885267607, -0.4335544109575435, 1.7244858099022071, 0.9013220645693069]"
narrow_gate,0.5,1,25,25,1,guarded,scripted_non_learned_reference,False,,False,False,0.0,0.0,0.0,0,0,8.138600001984742,"[0.10841470950950158, -0.7701417710080963, 0.15710643547711672, -2.3117385885267607, -0.4335544109575435, 1.7244858099022071, 0.9013220645693069]","[0.10841470950950158, -0.7701417710080963, 0.15710643547711672, -2.3117385885267607, -0.4335544109575435, 1.7244858099022071, 0.9013220645693069]","[0.1127658676773465, -0.7709506586385221, 0.16341700195815054, -2.3142095458994, -0.45092930291470895, 1.7314903620625848, 0.9073972661183953]"
narrow_gate,0.5,1,26,26,1,guarded,scripted_non_learned_reference,False,,False,False,0.0,0.0,0.0,0,0,6.60980000247946,"[0.1127658676773465, -0.7709506586385221, 0.16341700195815054, -2.3142095458994, -0.45092930291470895, 1.7314903620625848, 0.9073972661183953]","[0.1127658676773465, -0.7709506586385221, 0.16341700195815054, -2.3142095458994, -0.45092930291470895, 1.7314903620625848, 0.9073972661183953]","[0.117111567533992, -0.7717625187571729, 0.16971481974997848, -2.3166823194803667, -0.46834456150129367, 1.7385116970509011, 0.913496183685313]"
narrow_gate,0.5,1,27,27,1,guarded,scripted_non_learned_reference,False,,False,False,0.0,0.0,0.0,0,0,8.248899997852277,"[0.117111567533992, -0.7717625187571729, 0.16971481974997848, -2.3166823194803667, -0.46834456150129367, 1.7385116970509011, 0.913496183685313]","[0.117111567533992, -0.7717625187571729, 0.16971481974997848, -2.3166823194803667, -0.46834456150129367, 1.7385116970509011, 0.913496183685313]","[0.1206924310030161, -0.7695999083934494, 0.17796103485882422, -2.3150427190002394, -0.48040955912760686, 1.7416216091289958, 0.9206315698305171]"
narrow_gate,0.5,1,28,28,1,guarded,scripted_non_learned_reference,False,,False,False,0.0,0.0,0.0,0,0,7.313899994187523,"[0.1206924310030161, -0.7695999083934494, 0.17796103485882422, -2.3150427190002394, -0.48040955912760686, 1.7416216091289958, 0.9206315698305171]","[0.1206924310030161, -0.7695999083934494, 0.17796103485882422, -2.3150427190002394, -0.48040955912760686, 1.7416216091289958, 0.9206315698305171]","[0.12449211903523168, -0.7615873212850357, 0.19060108044790477, -2.3067562211475714, -0.48585986518702445, 1.7413611593880813, 0.9292243343485006]"
narrow_gate,0.5,1,29,29,1,guarded,scripted_non_learned_reference,False,,False,False,0.0,0.0,0.0,0,0,6.553500003064983,"[0.12449211903523168, -0.7615873212850357, 0.19060108044790477, -2.3067562211475714, -0.48585986518702445, 1.7413611593880813, 0.9292243343485006]","[0.12449211903523168, -0.7615873212850357, 0.19060108044790477, -2.3067562211475714, -0.48585986518702445, 1.7413611593880813, 0.9292243343485006]","[0.12990879134416955, -0.7511196094366261, 0.20660650598240551, -2.297129901210673, -0.49043755778484777, 1.7424636453660456, 0.9380730467979735]"
narrow_gate,0.5,1,30,30,1,guarded,scripted_non_learned_reference,False,,False,False,0.0,0.0,0.0,0,0,6.663899999693967,"[0.12990879134416955, -0.7511196094366261, 0.20660650598240551, -2.297129901210673, -0.49043755778484777, 1.7424636453660456, 0.9380730467979735]","[0.12990879134416955, -0.7511196094366261, 0.20660650598240551, -2.297129901210673, -0.49043755778484777, 1.7424636453660456, 0.9380730467979735]","[0.13608019708967328, -0.7414273348011418, 0.22373937013928244, -2.289152049740054, -0.4952777937001119, 1.7439592801817159, 0.9466811173501781]"
narrow_gate,0.5,1,31,31,1,guarded,scripted_non_learned_reference,False,,False,False,0.0,0.0,0.0,0,0,6.52529999933904,"[0.13608019708967328, -0.7414273348011418, 0.22373937013928244, -2.289152049740054, -0.4952777937001119, 1.7439592801817159, 0.9466811173501781]","[0.13608019708967328, -0.7414273348011418, 0.22373937013928244, -2.289152049740054, -0.4952777937001119, 1.7439592801817159, 0.9466811173501781]","[0.14188773236801003, -0.7328042411809035, 0.2401568517524068, -2.2819701642323436, -0.5002797563014368, 1.7446298496468702, 0.9552747458850861]"
narrow_gate,0.5,1,32,32,1,guarded,scripted_non_learned_reference,False,,False,False,0.0,0.0,0.0,0,0,6.156799994641915,"[0.14188773236801003, -0.7328042411809035, 0.2401568517524068, -2.2819701642323436, -0.5002797563014368, 1.7446298496468702, 0.9552747458850861]","[0.14188773236801003, -0.7328042411809035, 0.2401568517524068, -2.2819701642323436, -0.5002797563014368, 1.7446298496468702, 0.9552747458850861]","[0.1468795997391913, -0.7246782137256563, 0.2549758992540076, -2.2744592246294464, -0.5055059468780917, 1.7448009121933135, 0.9639250572906344]"
narrow_gate,0.5,1,33,33,1,guarded,scripted_non_learned_reference,False,,False,False,0.0,0.0,0.0,0,0,6.626400005188771,"[0.1468795997391913, -0.7246782137256563, 0.2549758992540076, -2.2744592246294464, -0.5055059468780917, 1.7448009121933135, 0.9639250572906344]","[0.1468795997391913, -0.7246782137256563, 0.2549758992540076, -2.2744592246294464, -0.5055059468780917, 1.7448009121933135, 0.9639250572906344]","[0.15122490008160044, -0.7165266232464986, 0.2684925406002726, -2.266293246170714, -0.510908188410612, 1.7450063085837106, 0.9725696983756444]"
narrow_gate,0.5,1,34,34,1,guarded,scripted_non_learned_reference,False,,False,False,0.0,0.0,0.0,0,0,6.275899999309331,"[0.15122490008160044, -0.7165266232464986, 0.2684925406002726, -2.266293246170714, -0.510908188410612, 1.7450063085837106, 0.9725696983756444]","[0.15122490008160044, -0.7165266232464986, 0.2684925406002726, -2.266293246170714, -0.510908188410612, 1.7450063085837106, 0.9725696983756444]","[0.15541996982372833, -0.7082231518943004, 0.28172210018630744, -2.257933893984442, -0.516373688467501, 1.7453283230632326, 0.9812537008388057]"
narrow_gate,0.5,1,35,35,1,guarded,scripted_non_learned_reference,False,,False,False,0.0,0.0,0.0,0,0,6.5821000025607646,"[0.15541996982372833, -0.7082231518943004, 0.28172210018630744, -2.257933893984442, -0.516373688467501, 1.7453283230632326, 0.9812537008388057]","[0.15541996982372833, -0.7082231518943004, 0.28172210018630744, -2.257933893984442, -0.516373688467501, 1.7453283230632326, 0.9812537008388057]","[0.15991871991206702, -0.6997664591681478, 0.2955640420716694, -2.249852686774175, -0.5217332917471034, 1.7457112965116182, 0.9898926430860957]"
narrow_gate,0.5,1,36,36,1,guarded,scripted_non_learned_reference,False,,False,False,0.0,0.0,0.0,0,0,8.70040000154404,"[0.15991871991206702, -0.6997664591681478, 0.2955640420716694, -2.249852686774175, -0.5217332917471034, 1.7457112965116182, 0.9898926430860957]","[0.15991871991206702, -0.6997664591681478, 0.2955640420716694, -2.249852686774175, -0.5217332917471034, 1.7457112965116182, 0.9898926430860957]","[0.164796750813846, -0.6911749281956505, 0.3101807193561254, -2.242051054806488, -0.5269872907918934, 1.746132121887959, 0.998547338340413]"
narrow_gate,0.5,1,37,37,1,guarded,scripted_non_learned_reference,False,,False,False,0.0,0.0,0.0,0,0,7.667500001844019,"[0.164796750813846, -0.6911749281956505, 0.3101807193561254, -2.242051054806488, -0.5269872907918934, 1.746132121887959, 0.998547338340413]","[0.164796750813846, -0.6911749281956505, 0.3101807193561254, -2.242051054806488, -0.5269872907918934, 1.746132121887959, 0.998547338340413]","[0.1699077961248545, -0.6825326576058173, 0.3252553521414166, -2.2343523853511784, -0.5321757535171825, 1.7466116769992328, 1.007204217419927]"
narrow_gate,0.5,1,38,38,1,guarded,scripted_non_learned_reference,False,,False,False,0.0,0.0,0.0,0,0,6.3659999941592105,"[0.1699077961248545, -0.6825326576058173, 0.3252553521414166, -2.2343523853511784, -0.5321757535171825, 1.7466116769992328, 1.007204217419927]","[0.1699077961248545, -0.6825326576058173, 0.3252553521414166, -2.2343523853511784, -0.5321757535171825, 1.7466116769992328, 1.007204217419927]","[0.17500195679777544, -0.6739721052391142, 0.34026084613024715, -2.226575653075662, -0.5373568290414782, 1.7471247024920091, 1.0158126375032268]"
narrow_gate,0.5,1,39,39,1,guarded,scripted_non_learned_reference,False,,False,False,0.0,0.0,0.0,0,0,6.275100000493694,"[0.17500195679777544, -0.6739721052391142, 0.34026084613024715, -2.226575653075662, -0.5373568290414782, 1.7471247024920091, 1.0158126375032268]","[0.17500195679777544, -0.6739721052391142, 0.34026084613024715, -2.226575653075662, -0.5373568290414782, 1.7471247024920091, 1.0158126375032268]","[0.17994134221188834, -0.665519748049099, 0.3549513067274848, -2.2186412945111242, -0.5426039364718578, 1.7476089732839428, 1.0244610377790033]"
narrow_gate,0.5,1,40,40,1,guarded,scripted_non_learned_reference,False,,False,False,0.0,0.0,0.0,0,0,7.849699999496806,"[0.17994134221188834, -0.665519748049099, 0.3549513067274848, -2.2186412945111242, -0.5426039364718578, 1.7476089732839428, 1.0244610377790033]","[0.17994134221188834, -0.665519748049099, 0.3549513067274848, -2.2186412945111242, -0.5426039364718578, 1.7476089732839428, 1.0244610377790033]","[0.18471610554378629, -0.6571507796658594, 0.3693038862380232, -2.2106188275842644, -0.5478905080533149, 1.7480469117312676, 1.033087696551495]"
narrow_gate,0.5,1,41,41,1,guarded,scripted_non_learned_reference,False,,False,False,0.0,0.0,0.0,0,0,6.950899994990323,"[0.18471610554378629, -0.6571507796658594, 0.3693038862380232, -2.2106188275842644, -0.5478905080533149, 1.7480469117312676, 1.033087696551495]","[0.18471610554378629, -0.6571507796658594, 0.3693038862380232, -2.2106188275842644, -0.5478905080533149, 1.7480469117312676, 1.033087696551495]","[0.18941487984319436, -0.6487661830088254, 0.3835284256961232, -2.2025846211123596, -0.5532086684894447, 1.7484455432875357, 1.0417507430095958]"
narrow_gate,0.5,1,42,42,1,guarded,scripted_non_learned_reference,False,,False,False,0.0,0.0,0.0,0,0,7.833800002117641,"[0.18941487984319436, -0.6487661830088254, 0.3835284256961232, -2.2025846211123596, -0.5532086684894447, 1.7484455432875357, 1.0417507430095958]","[0.18941487984319436, -0.6487661830088254, 0.3835284256961232, -2.2025846211123596, -0.5532086684894447, 1.7484455432875357, 1.0417507430095958]","[0.19413751075184044, -0.6403076103240425, 0.39782147271850327, -2.1946130944938975, -0.5585173221723754, 1.7488406644450154, 1.0504251152794721]"
narrow_gate,0.5,1,43,43,1,guarded,scripted_non_learned_reference,False,,False,False,0.0,0.0,0.0,0,0,7.924300000013318,"[0.19413751075184044, -0.6403076103240425, 0.39782147271850327, -2.1946130944938975, -0.5585173221723754, 1.7488406644450154, 1.0504251152794721]","[0.19413751075184044, -0.6403076103240425, 0.39782147271850327, -2.1946130944938975, -0.5585173221723754, 1.7488406644450154, 1.0504251152794721]","[0.1989402930700558, -0.6317873754939605, 0.41227267727289074, -2.1867425174145025, -0.5637792887293898, 1.749257228976519, 1.0590464521756784]"
narrow_gate,0.5,1,44,44,1,guarded,scripted_non_learned_reference,False,,False,False,0.0,0.0,0.0,0,0,7.103399999323301,"[0.1989402930700558, -0.6317873754939605, 0.41227267727289074, -2.1867425174145025, -0.5637792887293898, 1.749257228976519, 1.0590464521756784]","[0.1989402930700558, -0.6317873754939605, 0.41227267727289074, -2.1867425174145025, -0.5637792887293898, 1.749257228976519, 1.0590464521756784]","[0.20380791429258324, -0.6232300133380304, 0.426864363651204, -2.178905300395936, -0.5690341974515669, 1.7496875761492705, 1.0676972574520254]"
narrow_gate,0.5,1,45,45,1,guarded,scripted_non_learned_reference,False,,False,False,0.0,0.0,0.0,0,0,6.8179000008967705,"[0.20380791429258324, -0.6232300133380304, 0.426864363651204, -2.178905300395936, -0.5690341974515669, 1.7496875761492705, 1.0676972574520254]","[0.20380791429258324, -0.6232300133380304, 0.426864363651204, -2.178905300395936, -0.5690341974515669, 1.7496875761492705, 1.0676972574520254]","[0.20869619013929722, -0.614707268352385, 0.44147546164780616, -2.171056032785889, -0.5742744927366162, 1.750134988596549, 1.0763176771639964]"
narrow_gate,0.5,1,46,46,1,guarded,scripted_non_learned_reference,False,,False,False,0.0,0.0,0.0,0,0,6.888700001582038,"[0.20869619013929722, -0.614707268352385, 0.44147546164780616, -2.171056032785889, -0.5742744927366162, 1.750134988596549, 1.0763176771639964]","[0.20869619013929722, -0.614707268352385, 0.44147546164780616, -2.171056032785889, -0.5742744927366162, 1.750134988596549, 1.0763176771639964]","[0.21356834819252496, -0.6062253749589032, 0.4560502739461447, -2.1631457064882884, -0.5795375481640511, 1.7505806490317195, 1.084972517054087]"
narrow_gate,0.5,1,47,47,1,guarded,scripted_non_learned_reference,False,,False,False,0.0,0.0,0.0,0,0,6.800600000133272,"[0.21356834819252496, -0.6062253749589032, 0.4560502739461447, -2.1631457064882884, -0.5795375481640511, 1.7505806490317195, 1.084972517054087]","[0.21356834819252496, -0.6062253749589032, 0.4560502739461447, -2.1631457064882884, -0.5795375481640511, 1.7505806490317195, 1.084972517054087]","[0.2184140892319121, -0.5977779885657452, 0.4705646339811208, -2.1551845704419343, -0.584816002436298, 1.7510247079839538, 1.0936419490575966]"
narrow_gate,0.5,1,48,48,1,guarded,scripted_non_learned_reference,False,,False,False,0.0,0.0,0.0,0,0,7.036599999992177,"[0.2184140892319121, -0.5977779885657452, 0.4705646339811208, -2.1551845704419343, -0.584816002436298, 1.7510247079839538, 1.0936419490575966]","[0.2184140892319121, -0.5977779885657452, 0.4705646339811208, -2.1551845704419343, -0.584816002436298, 1.7510247079839538, 1.0936419490575966]","[0.22323698362626523, -0.5893535503820112, 0.4850189748278883, -2.147226746370152, -0.5900842024361408, 1.7514646468312065, 1.102263713761672]"
narrow_gate,0.5,1,49,49,1,guarded,scripted_non_learned_reference,False,,False,False,0.0,0.0,0.0,0,0,6.501399999251589,"[0.22323698362626523, -0.5893535503820112, 0.4850189748278883, -2.147226746370152, -0.5900842024361408, 1.7514646468312065, 1.102263713761672]","[0.22323698362626523, -0.5893535503820112, 0.4850189748278883, -2.147226746370152, -0.5900842024361408, 1.7514646468312065, 1.102263713761672]","[0.22804852580675644, -0.5809023028745661, 0.4994712049317134, -2.1392762054053196, -0.5953661622738954, 1.751891099587216, 1.1109182193642109]"
narrow_gate,0.5,1,50,50,1,guarded,scripted_non_learned_reference,False,,False,False,0.0,0.0,0.0,0,0,7.397800000035204,"[0.22804852580675644, -0.5809023028745661, 0.4994712049317134, -2.1392762054053196, -0.5953661622738954, 1.751891099587216, 1.1109182193642109]","[0.22804852580675644, -0.5809023028745661, 0.4994712049317134, -2.1392762054053196, -0.5953661622738954, 1.751891099587216, 1.1109182193642109]","[0.23286548225026926, -0.5724259561351637, 0.5139353261870954, -2.131366093830855, -0.600630622671146, 1.7523197009343257, 1.1195422335361775]"
narrow_gate,0.5,1,51,51,1,guarded,scripted_non_learned_reference,False,,False,False,0.0,0.0,0.0,0,0,6.477000002632849,"[0.23286548225026926, -0.5724259561351637, 0.5139353261870954, -2.131366093830855, -0.600630622671146, 1.7523197009343257, 1.1195422335361775]","[0.23286548225026926, -0.5724259561351637, 0.5139353261870954, -2.131366093830855, -0.600630622671146, 1.7523197009343257, 1.1195422335361775]","[0.23769067433886545, -0.5639175326668404, 0.5284346859528763, -2.1234696021142874, -0.605902361157811, 1.7527453395404764, 1.1281985515095663]"
narrow_gate,0.5,1,52,52,1,guarded,scripted_non_learned_reference,False,,False,False,0.0,0.0,0.0,0,0,6.546999997226521,"[0.23769067433886545, -0.5639175326668404, 0.5284346859528763, -2.1234696021142874, -0.605902361157811, 1.7527453395404764, 1.1281985515095663]","[0.23769067433886545, -0.5639175326668404, 0.5284346859528763, -2.1234696021142874, -0.605902361157811, 1.7527453395404764, 1.1281985515095663]","[0.2425267628779216, -0.5553997961024935, 0.5429581539383106, -2.115574383035748, -0.6111740056153673, 1.7531763639297664, 1.1368672232392008]"
narrow_gate,0.5,1,53,53,1,guarded,scripted_non_learned_reference,False,,False,False,0.0,0.0,0.0,0,0,6.752600005711429,"[0.2425267628779216, -0.5553997961024935, 0.5429581539383106, -2.115574383035748, -0.6111740056153673, 1.7531763639297664, 1.1368672232392008]","[0.2425267628779216, -0.5553997961024935, 0.5429581539383106, -2.115574383035748, -0.6111740056153673, 1.7531763639297664, 1.1368672232392008]","[0.24736685991806667, -0.5469131741997101, 0.5574675539741237, -2.107683702644314, -0.6164291581290939, 1.753613089381734, 1.1454872086899697]"
narrow_gate,0.5,1,54,54,1,guarded,scripted_non_learned_reference,False,,False,False,0.0,0.0,0.0,0,0,6.714499999361578,"[0.24736685991806667, -0.5469131741997101, 0.5574675539741237, -2.107683702644314, -0.6164291581290939, 1.753613089381734, 1.1454872086899697]","[0.24736685991806667, -0.5469131741997101, 0.5574675539741237, -2.107683702644314, -0.6164291581290939, 1.753613089381734, 1.1454872086899697]","[0.2595784476770902, -0.5362341161645378, 0.5667431216452431, -2.098775992597293, -0.6217012747988676, 1.7493177001649043, 1.1486118739464561]"
narrow_gate,0.5,1,55,55,1,guarded,scripted_non_learned_reference,False,,False,False,0.0,0.0,0.0,0,0,6.733099995472003,"[0.2595784476770902, -0.5362341161645378, 0.5667431216452431, -2.098775992597293, -0.6217012747988676, 1.7493177001649043, 1.1486118739464561]","[0.2595784476770902, -0.5362341161645378, 0.5667431216452431, -2.098775992597293, -0.6217012747988676, 1.7493177001649043, 1.1486118739464561]","[0.27535481980640836, -0.5238658236455721, 0.5721806209150536, -2.0886056866296103, -0.6265640104707918, 1.7416434456822272, 1.1471395264416842]"
narrow_gate,0.5,1,56,56,1,guarded,scripted_non_learned_reference,False,,False,False,0.0,0.0,0.0,0,0,6.737800002156291,"[0.27535481980640836, -0.5238658236455721, 0.5721806209150536, -2.0886056866296103, -0.6265640104707918, 1.7416434456822272, 1.1471395264416842]","[0.27535481980640836, -0.5238658236455721, 0.5721806209150536, -2.0886056866296103, -0.6265640104707918, 1.7416434456822272, 1.1471395264416842]","[0.2899224157171858, -0.5113665026033708, 0.5768000481262505, -2.0783716631774625, -0.6315961222860212, 1.7339019878964135, 1.145588625408201]"
narrow_gate,0.5,1,57,57,1,guarded,scripted_non_learned_reference,False,,False,False,0.0,0.0,0.0,0,0,6.376299999828916,"[0.2899224157171858, -0.5113665026033708, 0.5768000481262505, -2.0783716631774625, -0.6315961222860212, 1.7339019878964135, 1.145588625408201]","[0.2899224157171858, -0.5113665026033708, 0.5768000481262505, -2.0783716631774625, -0.6315961222860212, 1.7339019878964135, 1.145588625408201]","[0.3037280782548489, -0.49885176617816135, 0.5810194804767246, -2.068560680244115, -0.6368464641309164, 1.7262187433930782, 1.1445320863388884]"
narrow_gate,0.5,1,58,58,1,guarded,scripted_non_learned_reference,False,,False,False,0.0,0.0,0.0,0,0,6.2609000015072525,"[0.3037280782548489, -0.49885176617816135, 0.5810194804767246, -2.068560680244115, -0.6368464641309164, 1.7262187433930782, 1.1445320863388884]","[0.3037280782548489, -0.49885176617816135, 0.5810194804767246, -2.068560680244115, -0.6368464641309164, 1.7262187433930782, 1.1445320863388884]","[0.3175189286584563, -0.48622688213619186, 0.5853720971961508, -2.0591189298174117, -0.6420717507783738, 1.7185212720432408, 1.1436585993009953]"
narrow_gate,0.5,1,59,59,1,guarded,scripted_non_learned_reference,False,,False,False,0.0,0.0,0.0,0,0,6.553700004587881,"[0.3175189286584563, -0.48622688213619186, 0.5853720971961508, -2.0591189298174117, -0.6420717507783738, 1.7185212720432408, 1.1436585993009953]","[0.3175189286584563, -0.48622688213619186, 0.5853720971961508, -2.0591189298174117, -0.6420717507783738, 1.7185212720432408, 1.1436585993009953]","[0.3316520391851455, -0.47349971163513427, 0.5902101467511335, -2.0497469158927633, -0.6472073939510001, 1.7108476347399741, 1.1427178057838214]"
narrow_gate,0.5,1,60,60,1,guarded,scripted_non_learned_reference,False,,False,False,0.0,0.0,0.0,0,0,6.371600000420585,"[0.3316520391851455, -0.47349971163513427, 0.5902101467511335, -2.0497469158927633, -0.6472073939510001, 1.7108476347399741, 1.1427178057838214]","[0.3316520391851455, -0.47349971163513427, 0.5902101467511335, -2.0497469158927633, -0.6472073939510001, 1.7108476347399741, 1.1427178057838214]","[0.34615092311200835, -0.4609131858531808, 0.595597080969819, -2.040262940596284, -0.6522574913938581, 1.703368668100112, 1.1417266037055942]"
narrow_gate,0.5,1,61,61,1,guarded,scripted_non_learned_reference,False,,False,False,0.0,0.0,0.0,0,0,6.439599994337186,"[0.34615092311200835, -0.4609131858531808, 0.595597080969819, -2.040262940596284, -0.6522574913938581, 1.703368668100112, 1.1417266037055942]","[0.34615092311200835, -0.4609131858531808, 0.595597080969819, -2.040262940596284, -0.6522574913938581, 1.703368668100112, 1.1417266037055942]","[0.36091940559875424, -0.44859411093679863, 0.6013146127840542, -2.0305606396444174, -0.6573031343585376, 1.6959942016343867, 1.1407309389796492]"
narrow_gate,0.5,1,62,62,1,guarded,scripted_non_learned_reference,False,,False,False,0.0,0.0,0.0,0,0,6.906299997353926,"[0.36091940559875424, -0.44859411093679863, 0.6013146127840542, -2.0305606396444174, -0.6573031343585376, 1.6959942016343867, 1.1407309389796492]","[0.36091940559875424, -0.44859411093679863, 0.6013146127840542, -2.0305606396444174, -0.6573031343585376, 1.6959942016343867, 1.1407309389796492]","[0.37578008945392377, -0.4365317653225598, 0.6070899065981973, -2.020645397707046, -0.6623695665013571, 1.6886620949958169, 1.1397413313726243]"
narrow_gate,0.5,1,63,63,1,guarded,scripted_non_learned_reference,False,,False,False,0.0,0.0,0.0,0,0,6.649400005699135,"[0.37578008945392377, -0.4365317653225598, 0.6070899065981973, -2.020645397707046, -0.6623695665013571, 1.6886620949958169, 1.1397413313726243]","[0.37578008945392377, -0.4365317653225598, 0.6070899065981973, -2.020645397707046, -0.6623695665013571, 1.6886620949958169, 1.1397413313726243]","[0.390537840605333, -0.4245858840918374, 0.6126866136062876, -2.0106438903437645, -0.6674554190216183, 1.6813411428419744, 1.1387632587625813]"
narrow_gate,0.5,1,64,64,1,guarded,scripted_non_learned_reference,False,,False,False,0.0,0.0,0.0,0,0,8.031600002141204,"[0.390537840605333, -0.4245858840918374, 0.6126866136062876, -2.0106438903437645, -0.6674554190216183, 1.6813411428419744, 1.1387632587625813]","[0.390537840605333, -0.4245858840918374, 0.6126866136062876, -2.0106438903437645, -0.6674554190216183, 1.6813411428419744, 1.1387632587625813]","[0.4051482861327427, -0.41254118103884785, 0.618047949470435, -2.0006572718931865, -0.6725810393477967, 1.6739342270366537, 1.1377844821235876]"
narrow_gate,0.5,1,65,65,1,guarded,scripted_non_learned_reference,False,,False,False,0.0,0.0,0.0,0,0,9.14819999889005,"[0.4051482861327427, -0.41254118103884785, 0.618047949470435, -2.0006572718931865, -0.6725810393477967, 1.6739342270366537, 1.1377844821235876]","[0.4051482861327427, -0.41254118103884785, 0.618047949470435, -2.0006572718931865, -0.6725810393477967, 1.6739342270366537, 1.1377844821235876]","[0.4195890227157198, -0.4002976657299003, 0.6232252828578971, -1.9908332113891756, -0.677701397264325, 1.6664861503977906, 1.1368092253931241]"
narrow_gate,0.5,1,66,66,1,guarded,scripted_non_learned_reference,False,,False,False,0.0,0.0,0.0,0,0,8.66669999959413,"[0.4195890227157198, -0.4002976657299003, 0.6232252828578971, -1.9908332113891756, -0.677701397264325, 1.6664861503977906, 1.1368092253931241]","[0.4195890227157198, -0.4002976657299003, 0.6232252828578971, -1.9908332113891756, -0.677701397264325, 1.6664861503977906, 1.1368092253931241]","[0.4339445338801589, -0.3878387053910498, 0.6283112552053213, -1.981163034533694, -0.6828257768408045, 1.6589625131276091, 1.1358294170943837]"
narrow_gate,0.5,1,67,67,1,guarded,scripted_non_learned_reference,False,,False,False,0.0,0.0,0.0,0,0,8.714199997484684,"[0.4339445338801589, -0.3878387053910498, 0.6283112552053213, -1.981163034533694, -0.6828257768408045, 1.6589625131276091, 1.1358294170943837]","[0.4339445338801589, -0.3878387053910498, 0.6283112552053213, -1.981163034533694, -0.6828257768408045, 1.6589625131276091, 1.1358294170943837]","[0.44828051896641974, -0.37526308119402274, 0.6334006491771755, -1.971592670046712, -0.6879395802936513, 1.6514124502511283, 1.134846522564975]"
narrow_gate,0.5,1,68,68,1,guarded,scripted_non_learned_reference,False,,False,False,0.0,0.0,0.0,0,0,8.077500002400484,"[0.44828051896641974, -0.37526308119402274, 0.6334006491771755, -1.971592670046712, -0.6879395802936513, 1.6514124502511283, 1.134846522564975]","[0.44828051896641974, -0.37526308119402274, 0.6334006491771755, -1.971592670046712, -0.6879395802936513, 1.6514124502511283, 1.134846522564975]","[0.46228394165596665, -0.36336389118114554, 0.6376452735754143, -1.9625341948814177, -0.6906108909082008, 1.6456793146510096, 1.1321200923945616]"
narrow_gate,0.5,1,69,69,1,guarded,scripted_non_learned_reference,False,,False,False,0.0,0.0,0.0,0,0,8.045499998843297,"[0.46228394165596665, -0.36336389118114554, 0.6376452735754143, -1.9625341948814177, -0.6906108909082008, 1.6456793146510096, 1.1321200923945616]","[0.46228394165596665, -0.36336389118114554, 0.6376452735754143, -1.9625341948814177, -0.6906108909082008, 1.6456793146510096, 1.1321200923945616]","[0.4738341313681749, -0.3553731446415331, 0.6358597827306962, -1.9562149183501536, -0.6791069545964168, 1.6503545636024397, 1.1188199778988395]"
narrow_gate,0.5,1,70,70,1,guarded,scripted_non_learned_reference,False,,False,False,0.0,0.0,0.0,0,0,7.717000000411645,"[0.4738341313681749, -0.3553731446415331, 0.6358597827306962, -1.9562149183501536, -0.6791069545964168, 1.6503545636024397, 1.1188199778988395]","[0.4738341313681749, -0.3553731446415331, 0.6358597827306962, -1.9562149183501536, -0.6791069545964168, 1.6503545636024397, 1.1188199778988395]","[0.48106815296925376, -0.34939217467684647, 0.6262899163557369, -1.9499577243026052, -0.6633017547895915, 1.6585725445978106, 1.099809106317125]"
narrow_gate,0.5,1,71,71,1,guarded,scripted_non_learned_reference,False,,False,False,0.0,0.0,0.0,0,0,7.1526000028825365,"[0.48106815296925376, -0.34939217467684647, 0.6262899163557369, -1.9499577243026052, -0.6633017547895915, 1.6585725445978106, 1.099809106317125]","[0.48106815296925376, -0.34939217467684647, 0.6262899163557369, -1.9499577243026052, -0.6633017547895915, 1.6585725445978106, 1.099809106317125]","[0.484687160199032, -0.34245119803461177, 0.6114599674006022, -1.942393205210632, -0.6496691956902535, 1.6647893173552872, 1.081587129747841]"
narrow_gate,0.5,1,72,72,1,guarded,scripted_non_learned_reference,False,,False,False,0.0,0.0,0.0,0,0,7.437799999024719,"[0.484687160199032, -0.34245119803461177, 0.6114599674006022, -1.942393205210632, -0.6496691956902535, 1.6647893173552872, 1.081587129747841]","[0.484687160199032, -0.34245119803461177, 0.6114599674006022, -1.942393205210632, -0.6496691956902535, 1.6647893173552872, 1.081587129747841]","[0.4864420925224632, -0.3338782760845825, 0.5942408678722175, -1.9350584647678672, -0.6369124520675751, 1.669869123372173, 1.064232199215906]"
narrow_gate,0.5,1,73,73,1,guarded,scripted_non_learned_reference,False,,False,False,0.0,0.0,0.0,0,0,7.411099999444559,"[0.4864420925224632, -0.3338782760845825, 0.5942408678722175, -1.9350584647678672, -0.6369124520675751, 1.669869123372173, 1.064232199215906]","[0.4864420925224632, -0.3338782760845825, 0.5942408678722175, -1.9350584647678672, -0.6369124520675751, 1.669869123372173, 1.064232199215906]","[0.48859880650260756, -0.3239667884976252, 0.5780576278623654, -1.9292351269869261, -0.6238942512000393, 1.6748483638266507, 1.0471112380986114]"
narrow_gate,0.5,1,74,74,1,guarded,scripted_non_learned_reference,False,,False,False,0.0,0.0,0.0,0,0,6.991299997025635,"[0.48859880650260756, -0.3239667884976252, 0.5780576278623654, -1.9292351269869261, -0.6238942512000393, 1.6748483638266507, 1.0471112380986114]","[0.48859880650260756, -0.3239667884976252, 0.5780576278623654, -1.9292351269869261, -0.6238942512000393, 1.6748483638266507, 1.0471112380986114]","[0.49246431467030516, -0.31357902701437307, 0.5645902587436197, -1.924617568762518, -0.6102956945190785, 1.6802216858844095, 1.0297567940980479]"
narrow_gate,0.5,1,75,75,1,guarded,scripted_non_learned_reference,False,,False,False,0.0,0.0,0.0,0,0,6.951399998797569,"[0.49246431467030516, -0.31357902701437307, 0.5645902587436197, -1.924617568762518, -0.6102956945190785, 1.6802216858844095, 1.0297567940980479]","[0.49246431467030516, -0.31357902701437307, 0.5645902587436197, -1.924617568762518, -0.6102956945190785, 1.6802216858844095, 1.0297567940980479]","[0.49834185154434674, -0.3038640365388257, 0.5540253800975695, -1.9200494777218717, -0.5963335728592255, 1.6861497992245305, 1.012354939136069]"
narrow_gate,0.5,1,76,76,1,guarded,scripted_non_learned_reference,False,,False,False,0.0,0.0,0.0,0,0,8.636999998998363,"[0.49834185154434674, -0.3038640365388257, 0.5540253800975695, -1.9200494777218717, -0.5963335728592255, 1.6861497992245305, 1.012354939136069]","[0.49834185154434674, -0.3038640365388257, 0.5540253800975695, -1.9200494777218717, -0.5963335728592255, 1.6861497992245305, 1.012354939136069]","[0.5056289234334931, -0.2954956927662267, 0.5452321746584894, -1.9145760660193873, -0.5822124583004034, 1.6926106148841755, 0.9948782189950953]"
narrow_gate,0.5,1,77,77,1,guarded,scripted_non_learned_reference,False,,False,False,0.0,0.0,0.0,0,0,6.975200005399529,"[0.5056289234334931, -0.2954956927662267, 0.5452321746584894, -1.9145760660193873, -0.5822124583004034, 1.6926106148841755, 0.9948782189950953]","[0.5056289234334931, -0.2954956927662267, 0.5452321746584894, -1.9145760660193873, -0.5822124583004034, 1.6926106148841755, 0.9948782189950953]","[0.5133638155496378, -0.2885319923777343, 0.5367950795584588, -1.9078801979906295, -0.568155981183783, 1.699404258572442, 0.9773916315012885]"
narrow_gate,0.5,1,78,78,1,guarded,scripted_non_learned_reference,False,,False,False,0.0,0.0,0.0,0,0,6.8145000041113235,"[0.5133638155496378, -0.2885319923777343, 0.5367950795584588, -1.9078801979906295, -0.568155981183783, 1.699404258572442, 0.9773916315012885]","[0.5133638155496378, -0.2885319923777343, 0.5367950795584588, -1.9078801979906295, -0.568155981183783, 1.699404258572442, 0.9773916315012885]","[0.5205747374401528, -0.28233663729743896, 0.5274668818942314, -1.9003473451377022, -0.5543345940660643, 1.7061918229714665, 0.9600263790146605]"
narrow_gate,0.5,1,79,79,1,guarded,scripted_non_learned_reference,False,,False,False,0.0,0.0,0.0,0,0,6.68980000045849,"[0.5205747374401528, -0.28233663729743896, 0.5274668818942314, -1.9003473451377022, -0.5543345940660643, 1.7061918229714665, 0.9600263790146605]","[0.5205747374401528, -0.28233663729743896, 0.5274668818942314, -1.9003473451377022, -0.5543345940660643, 1.7061918229714665, 0.9600263790146605]","[0.5268896166870599, -0.27600273033191125, 0.5168241786028231, -1.8926828466234304, -0.54065503186136, 1.7127912039461524, 0.9426154962933312]"
narrow_gate,0.5,1,80,80,1,guarded,scripted_non_learned_reference,False,,False,False,0.0,0.0,0.0,0,0,6.867199997941498,"[0.5268896166870599, -0.27600273033191125, 0.5168241786028231, -1.8926828466234304, -0.54065503186136, 1.7127912039461524, 0.9426154962933312]","[0.5268896166870599, -0.27600273033191125, 0.5168241786028231, -1.8926828466234304, -0.54065503186136, 1.7127912039461524, 0.9426154962933312]","[0.5323273189490305, -0.2687366769416632, 0.5050987606933194, -1.8856333735223867, -0.5270864913587644, 1.719053880986675, 0.9252739059587904]"
narrow_gate,0.5,1,81,81,1,guarded,scripted_non_learned_reference,False,,False,False,0.0,0.0,0.0,0,0,7.48100000055274,"[0.5323273189490305, -0.2687366769416632, 0.5050987606933194, -1.8856333735223867, -0.5270864913587644, 1.719053880986675, 0.9252739059587904]","[0.5323273189490305, -0.2687366769416632, 0.5050987606933194, -1.8856333735223867, -0.5270864913587644, 1.719053880986675, 0.9252739059587904]","[0.5372407303628611, -0.2603358901982248, 0.492771953155013, -1.879439492671013, -0.5134869974704095, 1.72504261526094, 0.9078663026140344]"
narrow_gate,0.5,1,82,82,1,guarded,scripted_non_learned_reference,False,,False,False,0.0,0.0,0.0,0,0,6.4794999998412095,"[0.5372407303628611, -0.2603358901982248, 0.492771953155013, -1.879439492671013, -0.5134869974704095, 1.72504261526094, 0.9078663026140344]","[0.5372407303628611, -0.2603358901982248, 0.492771953155013, -1.879439492671013, -0.5134869974704095, 1.72504261526094, 0.9078663026140344]","[0.5420270459099749, -0.2510916178654316, 0.4803909629104955, -1.8739508641655191, -0.49982902989146516, 1.730863343946848, 0.8904269505123473]"
narrow_gate,0.5,1,83,83,1,guarded,scripted_non_learned_reference,False,,False,False,0.0,0.0,0.0,0,0,6.367000001773704,"[0.5420270459099749, -0.2510916178654316, 0.4803909629104955, -1.8739508641655191, -0.49982902989146516, 1.730863343946848, 0.8904269505123473]","[0.5420270459099749, -0.2510916178654316, 0.4803909629104955, -1.8739508641655191, -0.49982902989146516, 1.730863343946848, 0.8904269505123473]","[0.547059473007921, -0.24166990285705, 0.46841940701500895, -1.8687096106791004, -0.48614917871444485, 1.7366494781177477, 0.8730776923233983]"
narrow_gate,0.5,1,84,84,1,guarded,scripted_non_learned_reference,False,,False,False,0.0,0.0,0.0,0,0,7.9373999978997745,"[0.547059473007921, -0.24166990285705, 0.46841940701500895, -1.8687096106791004, -0.48614917871444485, 1.7366494781177477, 0.8730776923233983]","[0.547059473007921, -0.24166990285705, 0.46841940701500895, -1.8687096106791004, -0.48614917871444485, 1.7366494781177477, 0.8730776923233983]","[0.5525171327761385, -0.23262316029891805, 0.45696880346150853, -1.8632418683746383, -0.47239101876247974, 1.7425777393659196, 0.8556579233228172]"
narrow_gate,0.5,1,85,85,1,guarded,scripted_non_learned_reference,False,,False,False,0.0,0.0,0.0,0,0,7.238000005600043,"[0.5525171327761385, -0.23262316029891805, 0.45696880346150853, -1.8632418683746383, -0.47239101876247974, 1.7425777393659196, 0.8556579233228172]","[0.5525171327761385, -0.23262316029891805, 0.45696880346150853, -1.8632418683746383, -0.47239101876247974, 1.7425777393659196, 0.8556579233228172]","[0.558364897022342, -0.2243126573544774, 0.44599729316473213, -1.8572437252059038, -0.45864306796236687, 1.7486958539377941, 0.838295425902233]"
narrow_gate,0.5,1,86,86,1,guarded,scripted_non_learned_reference,False,,False,False,0.0,0.0,0.0,0,0,6.280200002947822,"[0.558364897022342, -0.2243126573544774, 0.44599729316473213, -1.8572437252059038, -0.45864306796236687, 1.7486958539377941, 0.838295425902233]","[0.558364897022342, -0.2243126573544774, 0.44599729316473213, -1.8572437252059038, -0.45864306796236687, 1.7486958539377941, 0.838295425902233]","[0.5644861608280409, -0.21668469994206546, 0.43530118006708857, -1.8507107902463955, -0.44486547524729647, 1.7550092308754512, 0.820866936526057]"
narrow_gate,0.5,1,87,87,1,guarded,scripted_non_learned_reference,False,,False,False,0.0,0.0,0.0,0,0,6.953000003704801,"[0.5644861608280409, -0.21668469994206546, 0.43530118006708857, -1.8507107902463955, -0.44486547524729647, 1.7550092308754512, 0.820866936526057]","[0.5644861608280409, -0.21668469994206546, 0.43530118006708857, -1.8507107902463955, -0.44486547524729647, 1.7550092308754512, 0.820866936526057]","[0.5706904166379043, -0.20945111909662334, 0.4246759442905493, -1.8438530866118545, -0.4310890423546784, 1.7614336363806329, 0.803413700264992]"
narrow_gate,0.5,1,88,88,1,guarded,scripted_non_learned_reference,False,,False,False,0.0,0.0,0.0,0,0,6.681500002741814,"[0.5706904166379043, -0.20945111909662334, 0.4246759442905493, -1.8438530866118545, -0.4310890423546784, 1.7614336363806329, 0.803413700264992]","[0.5706904166379043, -0.20945111909662334, 0.4246759442905493, -1.8438530866118545, -0.4310890423546784, 1.7614336363806329, 0.803413700264992]","[0.5767782417075078, -0.2021908228802929, 0.4139289892704143, -1.8370160219645917, -0.4173672761924912, 1.7678201043454556, 0.7860595860637487]"
narrow_gate,0.5,1,89,89,1,guarded,scripted_non_learned_reference,False,,False,False,0.0,0.0,0.0,0,0,6.583300004422199,"[0.5767782417075078, -0.2021908228802929, 0.4139289892704143, -1.8370160219645917, -0.4173672761924912, 1.7678201043454556, 0.7860595860637487]","[0.5767782417075078, -0.2021908228802929, 0.4139289892704143, -1.8370160219645917, -0.4173672761924912, 1.7678201043454556, 0.7860595860637487]","[0.5826775831183711, -0.19459064772214058, 0.40292868316448344, -1.8304091894271197, -0.40362724098768593, 1.7741291631777003, 0.7686418906223782]"
narrow_gate,0.5,1,90,90,1,guarded,scripted_non_learned_reference,False,,False,False,0.0,0.0,0.0,0,0,6.867999996757135,"[0.5826775831183711, -0.19459064772214058, 0.40292868316448344, -1.8304091894271197, -0.40362724098768593, 1.7741291631777003, 0.7686418906223782]","[0.5826775831183711, -0.19459064772214058, 0.40292868316448344, -1.8304091894271197, -0.40362724098768593, 1.7741291631777003, 0.7686418906223782]","[0.5883507825591517, -0.18652761351368646, 0.3916870197666722, -1.8241464066987991, -0.389926873228786, 1.7802975171230753, 0.7512849101227248]"
narrow_gate,0.5,1,91,91,1,guarded,scripted_non_learned_reference,False,,False,False,0.0,0.0,0.0,0,0,8.489399995596614,"[0.5883507825591517, -0.18652761351368646, 0.3916870197666722, -1.8241464066987991, -0.389926873228786, 1.7802975171230753, 0.7512849101227248]","[0.5883507825591517, -0.18652761351368646, 0.3916870197666722, -1.8241464066987991, -0.389926873228786, 1.7802975171230753, 0.7512849101227248]","[0.5938731818519271, -0.17807859336862858, 0.3802415388884548, -1.8181535238403597, -0.3762060164493906, 1.7863792899935607, 0.7338628617128251]"
narrow_gate,0.5,1,92,92,1,guarded,scripted_non_learned_reference,False,,False,False,0.0,0.0,0.0,0,0,6.42909999442054,"[0.5938731818519271, -0.17807859336862858, 0.3802415388884548, -1.8181535238403597, -0.3762060164493906, 1.7863792899935607, 0.7338628617128251]","[0.5938731818519271, -0.17807859336862858, 0.3802415388884548, -1.8181535238403597, -0.3762060164493906, 1.7863792899935607, 0.7338628617128251]","[0.5993263008565047, -0.16944921828369802, 0.3687104489865107, -1.8122850443869916, -0.3624826178498405, 1.7924187221808565, 0.7164156306069459]"
narrow_gate,0.5,1,93,93,1,guarded,scripted_non_learned_reference,False,,False,False,0.0,0.0,0.0,0,0,6.267100005061366,"[0.5993263008565047, -0.16944921828369802, 0.3687104489865107, -1.8122850443869916, -0.3624826178498405, 1.7924187221808565, 0.7164156306069459]","[0.5993263008565047, -0.16944921828369802, 0.3687104489865107, -1.8122850443869916, -0.3624826178498405, 1.7924187221808565, 0.7164156306069459]","[0.6048092230755602, -0.16090989124289065, 0.3572432159304392, -1.8063750746312892, -0.3488001036227212, 1.7984455077389787, 0.6990661370860068]"
narrow_gate,0.5,1,94,94,1,guarded,scripted_non_learned_reference,False,,False,False,0.0,0.0,0.0,0,0,6.396099997800775,"[0.6048092230755602, -0.16090989124289065, 0.3572432159304392, -1.8063750746312892, -0.3488001036227212, 1.7984455077389787, 0.6990661370860068]","[0.6048092230755602, -0.16090989124289065, 0.3572432159304392, -1.8063750746312892, -0.3488001036227212, 1.7984455077389787, 0.6990661370860068]","[0.6104119448615012, -0.15259852382833589, 0.34589462052075287, -1.8002965348504616, -0.3350783565786915, 1.804545433104584, 0.6816508520304903]"
narrow_gate,0.5,1,95,95,1,guarded,scripted_non_learned_reference,False,,False,False,0.0,0.0,0.0,0,0,6.269000004976988,"[0.6104119448615012, -0.15259852382833589, 0.34589462052075287, -1.8002965348504616, -0.3350783565786915, 1.804545433104584, 0.6816508520304903]","[0.6104119448615012, -0.15259852382833589, 0.34589462052075287, -1.8002965348504616, -0.3350783565786915, 1.804545433104584, 0.6816508520304903]","[0.6161391073210154, -0.14456720474578177, 0.3347218504635829, -1.7940276579133962, -0.321372897836298, 1.810710274519163, 0.6642936180083617]"
narrow_gate,0.5,1,96,96,1,guarded,scripted_non_learned_reference,False,,False,False,0.0,0.0,0.0,0,0,6.412000002455898,"[0.6161391073210154, -0.14456720474578177, 0.3347218504635829, -1.7940276579133962, -0.321372897836298, 1.810710274519163, 0.6642936180083617]","[0.6161391073210154, -0.14456720474578177, 0.3347218504635829, -1.7940276579133962, -0.321372897836298, 1.810710274519163, 0.6642936180083617]","[0.6219846191106823, -0.13673615292321795, 0.3236693443432151, -1.7876058891904332, -0.3076263282737204, 1.8169517598668647, 0.6468688304736298]"
narrow_gate,0.5,1,97,97,1,guarded,scripted_non_learned_reference,False,,False,False,0.0,0.0,0.0,0,0,6.4314999981434084,"[0.6219846191106823, -0.13673615292321795, 0.3236693443432151, -1.7876058891904332, -0.3076263282737204, 1.8169517598668647, 0.6468688304736298]","[0.6219846191106823, -0.13673615292321795, 0.3236693443432151, -1.7876058891904332, -0.3076263282737204, 1.8169517598668647, 0.6468688304736298]","[0.6278820791566522, -0.1289823692904675, 0.3126798307858242, -1.7811229639795894, -0.2938644399404995, 1.8232304065760632, 0.6294171377741664]"
narrow_gate,0.5,1,98,98,1,guarded,scripted_non_learned_reference,False,,False,False,0.0,0.0,0.0,0,0,7.4434999987715855,"[0.6278820791566522, -0.1289823692904675, 0.3126798307858242, -1.7811229639795894, -0.2938644399404995, 1.8232304065760632, 0.6294171377741664]","[0.6278820791566522, -0.1289823692904675, 0.3126798307858242, -1.7811229639795894, -0.2938644399404995, 1.8232304065760632, 0.6294171377741664]","[0.6337474789237486, -0.12117442728520633, 0.3016821498324679, -1.7747001188482316, -0.2801439743039948, 1.8294682200498902, 0.6120629403590593]"
narrow_gate,0.5,1,99,99,1,guarded,scripted_non_learned_reference,False,,False,False,0.0,0.0,0.0,0,0,6.29569999728119,"[0.6337474789237486, -0.12117442728520633, 0.3016821498324679, -1.7747001188482316, -0.2801439743039948, 1.8294682200498902, 0.6120629403590593]","[0.6337474789237486, -0.12117442728520633, 0.3016821498324679, -1.7747001188482316, -0.2801439743039948, 1.8294682200498902, 0.6120629403590593]","[0.6395559528516938, -0.11321734952483013, 0.29058994017767026, -1.7683732425836276, -0.26639815054752347, 1.8356810021324736, 0.5946443918056659]"
narrow_gate,0.5,1,100,100,1,guarded,scripted_non_learned_reference,False,,False,False,0.0,0.0,0.0,0,0,7.564100000308827,"[0.6395559528516938, -0.11321734952483013, 0.29058994017767026, -1.7683732425836276, -0.26639815054752347, 1.8356810021324736, 0.5946443918056659]","[0.6395559528516938, -0.11321734952483013, 0.29058994017767026, -1.7683732425836276, -0.26639815054752347, 1.8356810021324736, 0.5946443918056659]","[0.645269042231086, -0.10510258109415276, 0.27940406139013846, -1.76216257678626, -0.2526901692587549, 1.8418351189451894, 0.577286499225984]"
narrow_gate,0.5,1,101,101,1,guarded,scripted_non_learned_reference,False,,False,False,0.0,0.0,0.0,0,0,6.044000001566019,"[0.645269042231086, -0.10510258109415276, 0.27940406139013846, -1.76216257678626, -0.2526901692587549, 1.8418351189451894, 0.577286499225984]","[0.645269042231086, -0.10510258109415276, 0.27940406139013846, -1.76216257678626, -0.2526901692587549, 1.8418351189451894, 0.577286499225984]","[0.6509221269225818, -0.0968648957415487, 0.2681169103767199, -1.756022865181314, -0.23896117185472926, 1.847972656680216, 0.559863616341223]"
narrow_gate,0.5,1,102,102,1,guarded,scripted_non_learned_reference,False,,False,False,0.0,0.0,0.0,0,0,5.993500002659857,"[0.6509221269225818, -0.0968648957415487, 0.2681169103767199, -1.756022865181314, -0.23896117185472926, 1.847972656680216, 0.559863616341223]","[0.6509221269225818, -0.0968648957415487, 0.2681169103767199, -1.756022865181314, -0.23896117185472926, 1.847972656680216, 0.559863616341223]","[0.656540130134414, -0.08858148252556321, 0.2567826135293586, -1.7499050035996335, -0.22522950355702992, 1.8541061897305902, 0.5424155929629977]"
narrow_gate,0.5,1,103,103,1,guarded,scripted_non_learned_reference,False,,False,False,0.0,0.0,0.0,0,0,5.818300000100862,"[0.656540130134414, -0.08858148252556321, 0.2567826135293586, -1.7499050035996335, -0.22522950355702992, 1.8541061897305902, 0.5424155929629977]","[0.656540130134414, -0.08858148252556321, 0.2567826135293586, -1.7499050035996335, -0.22522950355702992, 1.8541061897305902, 0.5424155929629977]","[0.6621586420297652, -0.08035121718555929, 0.24547727283700832, -1.7437713143271834, -0.21153885566663794, 1.8602213957171627, 0.5250652960456396]"
narrow_gate,0.5,1,104,104,1,guarded,scripted_non_learned_reference,False,,False,False,0.0,0.0,0.0,0,0,6.502800002635922,"[0.6621586420297652, -0.08035121718555929, 0.24547727283700832, -1.7437713143271834, -0.21153885566663794, 1.8602213957171627, 0.5250652960456396]","[0.6621586420297652, -0.08035121718555929, 0.24547727283700832, -1.7437713143271834, -0.21153885566663794, 1.8602213957171627, 0.5250652960456396]","[0.6678298022016034, -0.07220437702152857, 0.23421264634798264, -1.7375724973623006, -0.19781180162605583, 1.8663722866783143, 0.5076493982984804]"
narrow_gate,0.5,1,105,105,1,guarded,scripted_non_learned_reference,False,,False,False,0.0,0.0,0.0,0,0,7.002999998803716,"[0.6678298022016034, -0.07220437702152857, 0.23421264634798264, -1.7375724973623006, -0.19781180162605583, 1.8663722866783143, 0.5076493982984804]","[0.6678298022016034, -0.07220437702152857, 0.23421264634798264, -1.7375724973623006, -0.19781180162605583, 1.8663722866783143, 0.5076493982984804]","[0.6735475740393945, -0.06415730354786607, 0.22303005657817224, -1.7313141046539378, -0.18410553615931544, 1.872537531828269, 0.4902919958585279]"
narrow_gate,0.5,1,106,106,1,guarded,scripted_non_learned_reference,False,,False,False,0.0,0.0,0.0,0,0,6.011999998008832,"[0.6735475740393945, -0.06415730354786607, 0.22303005657817224, -1.7313141046539378, -0.18410553615931544, 1.872537531828269, 0.4902919958585279]","[0.6735475740393945, -0.06415730354786607, 0.22303005657817224, -1.7313141046539378, -0.18410553615931544, 1.872537531828269, 0.4902919958585279]","[0.6793215102282949, -0.05617233990053109, 0.2118917720301895, -1.7250013154917605, -0.17036322270585438, 1.8787392284536837, 0.47286758191619227]"
narrow_gate,0.5,1,107,107,1,guarded,scripted_non_learned_reference,False,,False,False,0.0,0.0,0.0,0,0,7.391600003757048,"[0.6793215102282949, -0.05617233990053109, 0.2118917720301895, -1.7250013154917605, -0.17036322270585438, 1.8787392284536837, 0.47286758191619227]","[0.6793215102282949, -0.05617233990053109, 0.2118917720301895, -1.7250013154917605, -0.17036322270585438, 1.8787392284536837, 0.47286758191619227]","[0.685118026913225, -0.04820813120837365, 0.2007788622800069, -1.7186667728620015, -0.15660963474886966, 1.8849589101727373, 0.4554167540798233]"
narrow_gate,0.5,1,108,108,1,guarded,scripted_non_learned_reference,False,,False,False,0.0,0.0,0.0,0,0,6.570500001544133,"[0.685118026913225, -0.04820813120837365, 0.2007788622800069, -1.7186667728620015, -0.15660963474886966, 1.8849589101727373, 0.4554167540798233]","[0.685118026913225, -0.04820813120837365, 0.2007788622800069, -1.7186667728620015, -0.15660963474886966, 1.8849589101727373, 0.4554167540798233]","[0.6908954240391617, -0.04022970949623991, 0.1896706905389946, -1.7123633895670936, -0.14289781729609657, 1.8911456599288199, 0.43806358487432934]"
narrow_gate,0.5,1,109,109,1,guarded,scripted_non_learned_reference,False,,False,False,0.0,0.0,0.0,0,0,6.489899998996407,"[0.6908954240391617, -0.04022970949623991, 0.1896706905389946, -1.7123633895670936, -0.14289781729609657, 1.8911456599288199, 0.43806358487432934]","[0.6908954240391617, -0.04022970949623991, 0.1896706905389946, -1.7123633895670936, -0.14289781729609657, 1.8911456599288199, 0.43806358487432934]","[0.6966548267010603, -0.032194432789454316, 0.1785164083855639, -1.706089734734947, -0.12915814458077118, 1.897331813250723, 0.4206458229010228]"
narrow_gate,0.5,1,110,110,1,guarded,scripted_non_learned_reference,False,,False,False,0.0,0.0,0.0,0,0,6.129300003522076,"[0.6966548267010603, -0.032194432789454316, 0.1785164083855639, -1.706089734734947, -0.12915814458077118, 1.897331813250723, 0.4206458229010228]","[0.6966548267010603, -0.032194432789454316, 0.1785164083855639, -1.706089734734947, -0.12915814458077118, 1.897331813250723, 0.4206458229010228]","[0.7023700669853109, -0.024105569353088396, 0.16733132294236794, -1.6998602863724293, -0.11545128702105839, 1.9034896679793285, 0.40328816185104666]"
narrow_gate,0.5,1,111,111,1,guarded,scripted_non_learned_reference,False,,False,False,0.0,0.0,0.0,0,0,6.1844999945606105,"[0.7023700669853109, -0.024105569353088396, 0.16733132294236794, -1.6998602863724293, -0.11545128702105839, 1.9034896679793285, 0.40328816185104666]","[0.7023700669853109, -0.024105569353088396, 0.16733132294236794, -1.6998602863724293, -0.11545128702105839, 1.9034896679793285, 0.40328816185104666]","[0.7080668698636214, -0.015967733762696515, 0.15609832988138042, -1.693650969162766, -0.10171856187019314, 1.9096529890577831, 0.38586490501848736]"
narrow_gate,0.5,1,112,112,1,guarded,scripted_non_learned_reference,False,,False,False,0.0,0.0,0.0,0,0,5.902099997911137,"[0.7080668698636214, -0.015967733762696515, 0.15609832988138042, -1.693650969162766, -0.10171856187019314, 1.9096529890577831, 0.38586490501848736]","[0.7080668698636214, -0.015967733762696515, 0.15609832988138042, -1.693650969162766, -0.10171856187019314, 1.9096529890577831, 0.38586490501848736]","[0.7137496881554789, -0.007809788340955888, 0.14484553354046578, -1.687447220416921, -0.08798015036302509, 1.915821437005788, 0.3684160842235795]"
narrow_gate,0.5,1,113,113,1,guarded,scripted_non_learned_reference,False,,False,False,0.0,0.0,0.0,0,0,6.3365000023623,"[0.7137496881554789, -0.007809788340955888, 0.14484553354046578, -1.687447220416921, -0.08798015036302509, 1.915821437005788, 0.3684160842235795]","[0.7137496881554789, -0.007809788340955888, 0.14484553354046578, -1.687447220416921, -0.08798015036302509, 1.915821437005788, 0.3684160842235795]","[0.7194264119917995, 0.000322966918963246, 0.13361354789891955, -1.6812484265774794, -0.07428209153968876, 1.9219657252322, 0.35106487885003707]"
narrow_gate,0.5,1,114,114,1,guarded,scripted_non_learned_reference,False,,False,False,0.0,0.0,0.0,0,0,6.401099999493454,"[0.7194264119917995, 0.000322966918963246, 0.13361354789891955, -1.6812484265774794, -0.07428209153968876, 1.9219657252322, 0.35106487885003707]","[0.7194264119917995, 0.000322966918963246, 0.13361354789891955, -1.6812484265774794, -0.07428209153968876, 1.9219657252322, 0.35106487885003707]","[0.7251298694600077, 0.008429325526280732, 0.12239086940142575, -1.67502285300444, -0.060550422828048046, 1.9281306442597976, 0.33364834311432573]"
narrow_gate,0.5,1,115,115,1,guarded,scripted_non_learned_reference,False,,False,False,0.0,0.0,0.0,0,0,6.083399995986838,"[0.7251298694600077, 0.008429325526280732, 0.12239086940142575, -1.67502285300444, -0.060550422828048046, 1.9281306442597976, 0.33364834311432573]","[0.7251298694600077, 0.008429325526280732, 0.12239086940142575, -1.67502285300444, -0.060550422828048046, 1.9281306442597976, 0.33364834311432573]","[0.7308469558903948, 0.01649579254593655, 0.11120798240343537, -1.6687787345444947, -0.04684355591350388, 1.934292397277051, 0.31629080313761965]"
narrow_gate,0.5,1,116,116,1,guarded,scripted_non_learned_reference,False,,False,False,0.0,0.0,0.0,0,0,6.377099998644553,"[0.7308469558903948, 0.01649579254593655, 0.11120798240343537, -1.6687787345444947, -0.04684355591350388, 1.934292397277051, 0.31629080313761965]","[0.7308469558903948, 0.01649579254593655, 0.11120798240343537, -1.6687787345444947, -0.04684355591350388, 1.934292397277051, 0.31629080313761965]","[0.7365924639828135, 0.024542298336105467, 0.10003446586312134, -1.6625078546937573, -0.03310439004918177, 1.940477871524017, 0.2988667219840795]"
narrow_gate,0.5,1,117,117,1,guarded,scripted_non_learned_reference,False,,False,False,0.0,0.0,0.0,0,0,7.7014000053168274,"[0.7365924639828135, 0.024542298336105467, 0.10003446586312134, -1.6625078546937573, -0.03310439004918177, 1.940477871524017, 0.2988667219840795]","[0.7365924639828135, 0.024542298336105467, 0.10003446586312134, -1.6625078546937573, -0.03310439004918177, 1.940477871524017, 0.2988667219840795]","[0.7423470495938498, 0.03258150725768992, 0.08886872339088978, -1.6562238387990815, -0.019356319011436477, 1.9466762328100695, 0.2814165450555872]"
narrow_gate,0.5,1,118,118,1,guarded,scripted_non_learned_reference,False,,False,False,0.0,0.0,0.0,0,0,6.106900000304449,"[0.7423470495938498, 0.03258150725768992, 0.08886872339088978, -1.6562238387990815, -0.019356319011436477, 1.9466762328100695, 0.2814165450555872]","[0.7423470495938498, 0.03258150725768992, 0.08886872339088978, -1.6562238387990815, -0.019356319011436477, 1.9466762328100695, 0.2814165450555872]","[0.748087256506174, 0.04061674945507337, 0.07771350244836643, -1.649959003920521, -0.005649246726516136, 1.9528458657833874, 0.26406402040876936]"
narrow_gate,0.5,1,119,119,1,guarded,scripted_non_learned_reference,False,,False,False,0.0,0.0,0.0,0,0,6.258800000068732,"[0.748087256506174, 0.04061674945507337, 0.07771350244836643, -1.649959003920521, -0.005649246726516136, 1.9528458657833874, 0.26406402040876936]","[0.748087256506174, 0.04061674945507337, 0.07771350244836643, -1.649959003920521, -0.005649246726516136, 1.9528458657833874, 0.26406402040876936]","[0.7538258639337043, 0.048675529216282536, 0.06653303819726512, -1.6437003609744778, 0.008087439722646266, 1.9590240593370662, 0.24664667614121671]"
narrow_gate,0.5,1,120,120,1,guarded,scripted_non_learned_reference,False,,False,False,0.0,0.0,0.0,0,0,6.173199995828327,"[0.7538258639337043, 0.048675529216282536, 0.06653303819726512, -1.6437003609744778, 0.008087439722646266, 1.9590240593370662, 0.24664667614121671]","[0.7538258639337043, 0.048675529216282536, 0.06653303819726512, -1.6437003609744778, 0.008087439722646266, 1.9590240593370662, 0.24664667614121671]","[0.7595418648250312, 0.056751642137524004, 0.05534883951802542, -1.63746230379146, 0.021794276305532493, 1.9651843363495198, 0.22928906352916328]"
narrow_gate,0.5,1,121,121,1,guarded,scripted_non_learned_reference,False,,False,False,0.0,0.0,0.0,0,0,6.590900004084688,"[0.7595418648250312, 0.056751642137524004, 0.05534883951802542, -1.63746230379146, 0.021794276305532493, 1.9651843363495198, 0.22928906352916328]","[0.7595418648250312, 0.056751642137524004, 0.05534883951802542, -1.63746230379146, 0.021794276305532493, 1.9651843363495198, 0.22928906352916328]","[0.765256803399945, 0.0648520088708979, 0.04413872334313821, -1.6312275904586588, 0.035529259755184915, 1.9713571498307034, 0.21186552961362848]"
narrow_gate,0.5,1,122,122,1,guarded,scripted_non_learned_reference,False,,False,False,0.0,0.0,0.0,0,0,6.500799994682893,"[0.765256803399945, 0.0648520088708979, 0.04413872334313821, -1.6312275904586588, 0.035529259755184915, 1.9713571498307034, 0.21186552961362848]","[0.765256803399945, 0.0648520088708979, 0.04413872334313821, -1.6312275904586588, 0.035529259755184915, 1.9713571498307034, 0.21186552961362848]","[0.7709665204841432, 0.07296434505562774, 0.03291944330479425, -1.6249933984703766, 0.04927094654015265, 1.9775375894906957, 0.1944162552137442]"
narrow_gate,0.5,1,123,123,1,guarded,scripted_non_learned_reference,False,,False,False,0.0,0.0,0.0,0,0,6.099800004449207,"[0.7709665204841432, 0.07296434505562774, 0.03291944330479425, -1.6249933984703766, 0.04927094654015265, 1.9775375894906957, 0.1944162552137442]","[0.7709665204841432, 0.07296434505562774, 0.03291944330479425, -1.6249933984703766, 0.04927094654015265, 1.9775375894906957, 0.1944162552137442]","[0.7766668267602128, 0.08106149870608224, 0.021717506888651393, -1.6187716612057232, 0.0629725399482822, 1.9836915917115259, 0.17706458206181844]"
narrow_gate,0.5,1,124,124,1,guarded,scripted_non_learned_reference,False,,False,False,0.0,0.0,0.0,0,0,5.841400001372676,"[0.7766668267602128, 0.08106149870608224, 0.021717506888651393, -1.6187716612057232, 0.0629725399482822, 1.9836915917115259, 0.17706458206181844]","[0.7766668267602128, 0.08106149870608224, 0.021717506888651393, -1.6187716612057232, 0.0629725399482822, 1.9836915917115259, 0.17706458206181844]","[0.7823833735290469, 0.08915320801294585, 0.010511077659828026, -1.6125360253242162, 0.07670605016339058, 1.9898611333315523, 0.15964775885785015]"
narrow_gate,0.5,1,125,125,1,guarded,scripted_non_learned_reference,False,,False,False,0.0,0.0,0.0,0,0,6.7888000048696995,"[0.7823833735290469, 0.08915320801294585, 0.010511077659828026, -1.6125360253242162, 0.07670605016339058, 1.9898611333315523, 0.15964775885785015]","[0.7823833735290469, 0.08915320801294585, 0.010511077659828026, -1.6125360253242162, 0.07670605016339058, 1.9898611333315523, 0.15964775885785015]","[0.7880998199775024, 0.09722637971760656, -0.0006722589993135241, -1.6062966675905939, 0.09041291425672555, 1.9960214914495984, 0.1422901907759864]"
narrow_gate,0.5,1,126,126,1,guarded,scripted_non_learned_reference,False,,False,False,0.0,0.0,0.0,0,0,5.841999998665415,"[0.7880998199775024, 0.09722637971760656, -0.0006722589993135241, -1.6062966675905939, 0.09041291425672555, 1.9960214914495984, 0.1422901907759864]","[0.7880998199775024, 0.09722637971760656, -0.0006722589993135241, -1.6062966675905939, 0.09041291425672555, 1.9960214914495984, 0.1422901907759864]","[0.7938336816695393, 0.1052954901773321, -0.01186032457368827, -1.6000406417058608, 0.10415041012884128, 2.002201167556916, 0.12486630156054024]"
narrow_gate,0.5,1,127,127,1,guarded,scripted_non_learned_reference,False,,False,False,0.0,0.0,0.0,0,0,7.1957999971346,"[0.7938336816695393, 0.1052954901773321, -0.01186032457368827, -1.6000406417058608, 0.10415041012884128, 2.002201167556916, 0.12486630156054024]","[0.7938336816695393, 0.1052954901773321, -0.01186032457368827, -1.6000406417058608, 0.10415041012884128, 2.002201167556916, 0.12486630156054024]","[0.7995715155618981, 0.11336281323509628, -0.023047356719911708, -1.5937753271078843, 0.1178957752819667, 2.0083918084529637, 0.1074164537079051]"
narrow_gate,0.5,1,128,128,1,guarded,scripted_non_learned_reference,False,,False,False,0.0,0.0,0.0,0,0,6.063699998776428,"[0.7995715155618981, 0.11336281323509628, -0.023047356719911708, -1.5937753271078843, 0.1178957752819667, 2.0083918084529637, 0.1074164537079051]","[0.7995715155618981, 0.11336281323509628, -0.023047356719911708, -1.5937753271078843, 0.1178957752819667, 2.0083918084529637, 0.1074164537079051]","[0.8052965751709797, 0.12141975976948144, -0.03422037625724519, -1.5875257334951618, 0.13160095579449552, 2.0145551489903064, 0.09006421812806394]"
narrow_gate,0.5,1,129,129,1,guarded,scripted_non_learned_reference,False,,False,False,0.0,0.0,0.0,0,0,6.037700004526414,"[0.8052965751709797, 0.12141975976948144, -0.03422037625724519, -1.5875257334951618, 0.13160095579449552, 2.0145551489903064, 0.09006421812806394]","[0.8052965751709797, 0.12141975976948144, -0.03422037625724519, -1.5875257334951618, 0.13160095579449552, 2.0145551489903064, 0.09006421812806394]","[0.8110272032174312, 0.1294887253602889, -0.04541113610236254, -1.5812735368003954, 0.14533648337215094, 2.0207303953108684, 0.07264704436512519]"
narrow_gate,0.5,1,130,130,1,guarded,scripted_non_learned_reference,False,,False,False,0.0,0.0,0.0,0,0,7.174799997301307,"[0.8110272032174312, 0.1294887253602889, -0.04541113610236254, -1.5812735368003954, 0.14533648337215094, 2.0207303953108684, 0.07264704436512519]","[0.8110272032174312, 0.1294887253602889, -0.04541113610236254, -1.5812735368003954, 0.14533648337215094, 2.0207303953108684, 0.07264704436512519]","[0.8167434115892606, 0.137561000214851, -0.05659457503243143, -1.5750332093710324, 0.1590434164832189, 2.0268912919562667, 0.055289433694666414]"
narrow_gate,0.5,1,131,131,1,guarded,scripted_non_learned_reference,False,,False,False,0.0,0.0,0.0,0,0,5.960000002232846,"[0.8167434115892606, 0.137561000214851, -0.05659457503243143, -1.5750332093710324, 0.1590434164832189, 2.0268912919562667, 0.055289433694666414]","[0.8167434115892606, 0.137561000214851, -0.05659457503243143, -1.5750332093710324, 0.1590434164832189, 2.0268912919562667, 0.055289433694666414]","[0.8224655510232793, 0.14564792110500419, -0.0677961012938182, -1.568789222186832, 0.17277934510764917, 2.033067240878414, 0.03786576196572492]"
narrow_gate,0.5,1,132,132,1,guarded,scripted_non_learned_reference,False,,False,False,0.0,0.0,0.0,0,0,6.365299996105023,"[0.8224655510232793, 0.14564792110500419, -0.0677961012938182, -1.568789222186832, 0.17277934510764917, 2.033067240878414, 0.03786576196572492]","[0.8224655510232793, 0.14564792110500419, -0.0677961012938182, -1.568789222186832, 0.17277934510764917, 2.033067240878414, 0.03786576196572492]","[0.8281860102671526, 0.1537428744818171, -0.07900300892150136, -1.5625432192575275, 0.1865221788316828, 2.0392516785110653, 0.020416288079156842]"
narrow_gate,0.5,1,133,133,1,guarded,scripted_non_learned_reference,False,,False,False,0.0,0.0,0.0,0,0,6.734499998856336,"[0.8281860102671526, 0.1537428744818171, -0.07900300892150136, -1.5625432192575275, 0.1865221788316828, 2.0392516785110653, 0.020416288079156842]","[0.8281860102671526, 0.1537428744818171, -0.07900300892150136, -1.5625432192575275, 0.1865221788316828, 2.0392516785110653, 0.020416288079156842]","[0.8338952119950788, 0.16182527349823664, -0.0901929241225845, -1.55631211501508, 0.20022526368937849, 2.0454090301467898, 0.003064407575674215]"
narrow_gate,0.5,1,134,134,1,guarded,scripted_non_learned_reference,False,,False,False,0.0,0.0,0.0,0,0,6.164300000818912,"[0.8338952119950788, 0.16182527349823664, -0.0901929241225845, -1.55631211501508, 0.20022526368937849, 2.0454090301467898, 0.003064407575674215]","[0.8338952119950788, 0.16182527349823664, -0.0901929241225845, -1.55631211501508, 0.20022526368937849, 2.0454090301467898, 0.003064407575674215]","[0.8396171307716175, 0.1699102634030737, -0.10139356207612789, -1.5500712977350308, 0.21395951902860735, 2.0515804913481266, -0.01435254402464073]"
narrow_gate,0.5,1,135,135,1,guarded,scripted_non_learned_reference,False,,False,False,0.0,0.0,0.0,0,0,6.3736999945831485,"[0.8396171307716175, 0.1699102634030737, -0.10139356207612789, -1.5500712977350308, 0.21395951902860735, 2.0515804913481266, -0.01435254402464073]","[0.8396171307716175, 0.1699102634030737, -0.10139356207612789, -1.5500712977350308, 0.21395951902860735, 2.0515804913481266, -0.01435254402464073]","[0.845333235224825, 0.17798463785423482, -0.11257670334886065, -1.5438328242600434, 0.22766634738503924, 2.0577405659308274, -0.031710123472535705]"
narrow_gate,0.5,1,136,136,1,guarded,scripted_non_learned_reference,False,,False,False,0.0,0.0,0.0,0,0,7.339700001466554,"[0.845333235224825, 0.17798463785423482, -0.11257670334886065, -1.5438328242600434, 0.22766634738503924, 2.0577405659308274, -0.031710123472535705]","[0.845333235224825, 0.17798463785423482, -0.11257670334886065, -1.5438328242600434, 0.22766634738503924, 2.0577405659308274, -0.031710123472535705]","[0.8510626461578273, 0.18606190563375166, -0.12377045014303083, -1.5375819059955023, 0.24140311758266325, 2.0639182895636576, -0.04913393060783259]"
narrow_gate,0.5,1,137,137,1,guarded,scripted_non_learned_reference,False,,False,False,0.0,0.0,0.0,0,0,8.432499998889398,"[0.8510626461578273, 0.18606190563375166, -0.12377045014303083, -1.5375819059955023, 0.24140311758266325, 2.0639182895636576, -0.04913393060783259]","[0.8510626461578273, 0.18606190563375166, -0.12377045014303083, -1.5375819059955023, 0.24140311758266325, 2.0639182895636576, -0.04913393060783259]","[0.856794171799926, 0.19414025308447092, -0.13496588300778317, -1.5313239099341647, 0.2551471942696256, 2.0701059955014034, -0.0665836310780427]"
narrow_gate,0.5,1,138,138,1,guarded,scripted_non_learned_reference,False,,False,False,0.0,0.0,0.0,0,0,6.3485999999102205,"[0.856794171799926, 0.19414025308447092, -0.13496588300778317, -1.5313239099341647, 0.2551471942696256, 2.0701059955014034, -0.0665836310780427]","[0.856794171799926, 0.19414025308447092, -0.13496588300778317, -1.5313239099341647, 0.2551471942696256, 2.0701059955014034, -0.0665836310780427]","[0.862513024717815, 0.20220602572601024, -0.1461448969099001, -1.5250809964041638, 0.268851660412283, 2.0762667268875385, -0.08393574429305334]"
narrow_gate,0.5,1,139,139,1,guarded,scripted_non_learned_reference,False,,False,False,0.0,0.0,0.0,0,0,6.212899999809451,"[0.862513024717815, 0.20220602572601024, -0.1461448969099001, -1.5250809964041638, 0.268851660412283, 2.0762667268875385, -0.08393574429305334]","[0.862513024717815, 0.20220602572601024, -0.1461448969099001, -1.5250809964041638, 0.268851660412283, 2.0762667268875385, -0.08393574429305334]","[0.8682406920423889, 0.21028025982288504, -0.1573399661216323, -1.518831915062123, 0.28258676877842925, 2.082440738594723, -0.10135285193867434]"
narrow_gate,0.5,1,140,140,1,guarded,scripted_non_learned_reference,False,,False,False,0.0,0.0,0.0,0,0,5.9011000048485585,"[0.8682406920423889, 0.21028025982288504, -0.1573399661216323, -1.518831915062123, 0.28258676877842925, 2.082440738594723, -0.10135285193867434]","[0.8682406920423889, 0.21028025982288504, -0.1573399661216323, -1.518831915062123, 0.28258676877842925, 2.082440738594723, -0.10135285193867434]","[0.8739567674006511, 0.21835189238130423, -0.16852297785697543, -1.512591388366402, 0.2962936891614992, 2.0886015777580385, -0.11871046121751808]"
narrow_gate,0.5,1,141,141,1,guarded,scripted_non_learned_reference,False,,False,False,0.0,0.0,0.0,0,0,5.363500000385102,"[0.8739567674006511, 0.21835189238130423, -0.16852297785697543, -1.512591388366402, 0.2962936891614992, 2.0886015777580385, -0.11871046121751808]","[0.8739567674006511, 0.21835189238130423, -0.16852297785697543, -1.512591388366402, 0.2962936891614992, 2.0886015777580385, -0.11871046121751808]","[0.8796815805197534, 0.22643436241443463, -0.17972181823597252, -1.5063439909522494, 0.3100299226534922, 2.094778455397438, -0.13613419075009128]"
narrow_gate,0.5,1,142,142,1,guarded,scripted_non_learned_reference,False,,False,False,0.0,0.0,0.0,0,0,7.849999994505197,"[0.8796815805197534, 0.22643436241443463, -0.17972181823597252, -1.5063439909522494, 0.3100299226534922, 2.094778455397438, -0.13613419075009128]","[0.8796815805197534, 0.22643436241443463, -0.17972181823597252, -1.5063439909522494, 0.3100299226534922, 2.094778455397438, -0.13613419075009128]","[0.8854062529574845, 0.23452272898088916, -0.19092482160831892, -1.5000932363482895, 0.323772988363239, 2.100964125206371, -0.15358374130263672]"
narrow_gate,0.5,1,143,143,1,guarded,scripted_non_learned_reference,False,,False,False,0.0,0.0,0.0,0,0,5.803400003060233,"[0.8854062529574845, 0.23452272898088916, -0.19092482160831892, -1.5000932363482895, 0.323772988363239, 2.100964125206371, -0.15358374130263672]","[0.8854062529574845, 0.23452272898088916, -0.19092482160831892, -1.5000932363482895, 0.323772988363239, 2.100964125206371, -0.15358374130263672]","[0.8911186360468053, 0.24259858692513267, -0.20210974041044408, -1.493858077691271, 0.3374766695811315, 2.107122570956549, -0.17093570892275606]"
narrow_gate,0.5,1,144,144,1,guarded,scripted_non_learned_reference,False,,False,False,0.0,0.0,0.0,0,0,6.149000000732485,"[0.8911186360468053, 0.24259858692513267, -0.20210974041044408, -1.493858077691271, 0.3374766695811315, 2.107122570956549, -0.17093570892275606]","[0.8911186360468053, 0.24259858692513267, -0.20210974041044408, -1.493858077691271, 0.3374766695811315, 2.107122570956549, -0.17093570892275606]","[0.896842790031805, 0.2506804063928351, -0.2133086226793488, -1.4876143272860443, 0.35121129329083534, 2.1132949862323356, -0.1883527234635734]"
narrow_gate,0.5,1,145,145,1,guarded,scripted_non_learned_reference,False,,False,False,0.0,0.0,0.0,0,0,7.415499996568542,"[0.896842790031805, 0.2506804063928351, -0.2133086226793488, -1.4876143272860443, 0.35121129329083534, 2.1132949862323356, -0.1883527234635734]","[0.896842790031805, 0.2506804063928351, -0.2133086226793488, -1.4876143272860443, 0.35121129329083534, 2.1132949862323356, -0.1883527234635734]","[0.9025587488030047, 0.25875430886675493, -0.22449138983119188, -1.4813755533847575, 0.3649180898263144, 2.1194551136642854, -0.2057103120507268]"
narrow_gate,0.5,1,146,146,1,guarded,scripted_non_learned_reference,False,,False,False,0.0,0.0,0.0,0,0,5.841499994858168,"[0.9025587488030047, 0.25875430886675493, -0.22449138983119188, -1.4813755533847575, 0.3649180898263144, 2.1194551136642854, -0.2057103120507268]","[0.9025587488030047, 0.25875430886675493, -0.22449138983119188, -1.4813755533847575, 0.3649180898263144, 2.1194551136642854, -0.2057103120507268]","[0.9082864370943384, 0.26683447359891127, -0.23568751914651503, -1.475126164572518, 0.37865455710125395, 2.1256322473635323, -0.22313408938511398]"
narrow_gate,0.5,1,147,147,1,guarded,scripted_non_learned_reference,False,,False,False,0.0,0.0,0.0,0,0,6.4761000030557625,"[0.9082864370943384, 0.26683447359891127, -0.23568751914651503, -1.475126164572518, 0.37865455710125395, 2.1256322473635323, -0.22313408938511398]","[0.9082864370943384, 0.26683447359891127, -0.23568751914651503, -1.475126164572518, 0.37865455710125395, 2.1256322473635323, -0.22313408938511398]","[0.9140156363703555, 0.2749172353059641, -0.246886553855266, -1.4688710112504175, 0.39239794915646187, 2.131818784341278, -0.24058372433682182]"
narrow_gate,0.5,1,148,148,1,guarded,scripted_non_learned_reference,False,,False,False,0.0,0.0,0.0,0,0,6.118000004789792,"[0.9140156363703555, 0.2749172353059641, -0.246886553855266, -1.4688710112504175, 0.39239794915646187, 2.131818784341278, -0.24058372433682182]","[0.9140156363703555, 0.2749172353059641, -0.246886553855266, -1.4688710112504175, 0.39239794915646187, 2.131818784341278, -0.24058372433682182]","[0.919731959030855, 0.28298648827980194, -0.25806718346381674, -1.4626310166121992, 0.4061021398729441, 2.1379783122173275, -0.25793578626650543]"
narrow_gate,0.5,1,149,149,1,guarded,scripted_non_learned_reference,False,,False,False,0.0,0.0,0.0,0,0,6.351500000164378,"[0.919731959030855, 0.28298648827980194, -0.25806718346381674, -1.4626310166121992, 0.4061021398729441, 2.1379783122173275, -0.25793578626650543]","[0.919731959030855, 0.28298648827980194, -0.25806718346381674, -1.4626310166121992, 0.4061021398729441, 2.1379783122173275, -0.25793578626650543]","[0.9254585237211866, 0.29106364236325116, -0.26926421253339333, -1.4563833349512436, 0.4198371412237067, 2.144151841788983, -0.2753528706773064]"
narrow_gate,0.5,1,150,150,1,guarded,scripted_non_learned_reference,False,,False,False,0.0,0.0,0.0,0,0,6.636600002821069,"[0.9254585237211866, 0.29106364236325116, -0.26926421253339333, -1.4563833349512436, 0.4198371412237067, 2.144151841788983, -0.2753528706773064]","[0.9254585237211866, 0.29106364236325116, -0.26926421253339333, -1.4563833349512436, 0.4198371412237067, 2.144151841788983, -0.2753528706773064]","[0.9311745102058686, 0.29913545501733274, -0.2804469202896202, -1.45014302456551, 0.4335439909250492, 2.1503124854285947, -0.2927104777611145]"
narrow_gate,0.5,1,151,151,1,guarded,scripted_non_learned_reference,False,,False,False,0.0,0.0,0.0,0,0,5.603999998129439,"[0.9311745102058686, 0.29913545501733274, -0.2804469202896202, -1.45014302456551, 0.4335439909250492, 2.1503124854285947, -0.2927104777611145]","[0.9311745102058686, 0.29913545501733274, -0.2804469202896202, -1.45014302456551, 0.4335439909250492, 2.1503124854285947, -0.2927104777611145]","[0.9369002339346105, 0.307216843652281, -0.29164523661179, -1.4438943943422118, 0.4472802819091449, 2.156489589553747, -0.310134229208088]"
narrow_gate,0.5,1,152,152,1,guarded,scripted_non_learned_reference,False,,False,False,0.0,0.0,0.0,0,0,5.803200001537334,"[0.9369002339346105, 0.307216843652281, -0.29164523661179, -1.4438943943422118, 0.4472802819091449, 2.156489589553747, -0.310134229208088]","[0.9369002339346105, 0.307216843652281, -0.29164523661179, -1.4438943943422118, 0.4472802819091449, 2.156489589553747, -0.310134229208088]","[0.9426265430920755, 0.3153029819887659, -0.30284748316076776, -1.437641789452712, 0.4610232332534638, 2.162675548056511, -0.3275838035672844]"
narrow_gate,0.5,1,153,153,1,guarded,scripted_non_learned_reference,False,,False,False,0.0,0.0,0.0,0,0,6.942799998796545,"[0.9426265430920755, 0.3153029819887659, -0.30284748316076776, -1.437641789452712, 0.4610232332534638, 2.162675548056511, -0.3275838035672844]","[0.9426265430920755, 0.3153029819887659, -0.30284748316076776, -1.437641789452712, 0.4610232332534638, 2.162675548056511, -0.3275838035672844]","[0.9483401216782442, 0.32337583781313256, -0.3140301625174759, -1.431404812993917, 0.47472714681021183, 2.168834251880867, -0.3449358074315134]"
narrow_gate,0.5,1,154,154,1,guarded,scripted_non_learned_reference,False,,False,False,0.0,0.0,0.0,0,0,5.890400003409013,"[0.9483401216782442, 0.32337583781313256, -0.3140301625174759, -1.431404812993917, 0.47472714681021183, 2.168834251880867, -0.3449358074315134]","[0.9483401216782442, 0.32337583781313256, -0.3140301625174759, -1.431404812993917, 0.47472714681021183, 2.168834251880867, -0.3449358074315134]","[0.9540651259879822, 0.3314563685966086, -0.3252287976579817, -1.4251593680219443, 0.48846199374682125, 2.175007221771139, -0.3623528540384082]"
narrow_gate,0.5,1,155,155,1,guarded,scripted_non_learned_reference,False,,False,False,0.0,0.0,0.0,0,0,5.490000003192108,"[0.9540651259879822, 0.3314563685966086, -0.3252287976579817, -1.4251593680219443, 0.48846199374682125, 2.175007221771139, -0.3623528540384082]","[0.9540651259879822, 0.3314563685966086, -0.3252287976579817, -1.4251593680219443, 0.48846199374682125, 2.175007221771139, -0.3623528540384082]","[0.9597810571691253, 0.33952953515284023, -0.33641132482774383, -1.4189200446558117, 0.5021687513524863, 2.181167459303902, -0.3797104500743671]"
narrow_gate,0.5,1,156,156,1,guarded,scripted_non_learned_reference,False,,False,False,0.0,0.0,0.0,0,0,5.547199994907714,"[0.9597810571691253, 0.33952953515284023, -0.33641132482774383, -1.4189200446558117, 0.5021687513524863, 2.181167459303902, -0.3797104500743671]","[0.9597810571691253, 0.33952953515284023, -0.33641132482774383, -1.4189200446558117, 0.5021687513524863, 2.181167459303902, -0.3797104500743671]","[0.9655079142907028, 0.34761079304975234, -0.34760876490556236, -1.4126709312745247, 0.5159050801476739, 2.1873444903929813, -0.39713421706444996]"
narrow_gate,0.5,1,157,157,1,guarded,scripted_non_learned_reference,False,,False,False,0.0,0.0,0.0,0,0,5.595099995844066,"[0.9655079142907028, 0.34761079304975234, -0.34760876490556236, -1.4126709312745247, 0.5159050801476739, 2.1873444903929813, -0.39713421706444996]","[0.9655079142907028, 0.34761079304975234, -0.34760876490556236, -1.4126709312745247, 0.5159050801476739, 2.1873444903929813, -0.39713421706444996]","[0.9712361541712995, 0.3556953854279569, -0.35880974149815303, -1.406416844589396, 0.5296480327762486, 2.1935305656462423, -0.4145838197325386]"
narrow_gate,0.5,1,158,158,1,guarded,scripted_non_learned_reference,False,,False,False,0.0,0.0,0.0,0,0,7.308499996725004,"[0.9712361541712995, 0.3556953854279569, -0.35880974149815303, -1.406416844589396, 0.5296480327762486, 2.1935305656462423, -0.4145838197325386]","[0.9712361541712995, 0.3556953854279569, -0.35880974149815303, -1.406416844589396, 0.5296480327762486, 2.1935305656462423, -0.4145838197325386]","[0.9769515482244151, 0.3637657866624011, -0.36999055810382475, -1.4001779444911704, 0.543352129093931, 2.1996894972821934, -0.431935862149234]"
narrow_gate,0.5,1,159,159,1,guarded,scripted_non_learned_reference,False,,False,False,0.0,0.0,0.0,0,0,7.119400004739873,"[0.9769515482244151, 0.3637657866624011, -0.36999055810382475, -1.4001779444911704, 0.543352129093931, 2.1996894972821934, -0.431935862149234]","[0.9769515482244151, 0.3637657866624011, -0.36999055810382475, -1.4001779444911704, 0.543352129093931, 2.1996894972821934, -0.431935862149234]","[0.9826776174015999, 0.3718446349992506, -0.3811886136852784, -1.3939307347211123, 0.5570871515395819, 2.205862932825978, -0.4493529394138086]"
narrow_gate,0.5,1,160,160,1,guarded,scripted_non_learned_reference,False,,False,False,0.0,0.0,0.0,0,0,5.46310000208905,"[0.9826776174015999, 0.3718446349992506, -0.3811886136852784, -1.3939307347211123, 0.5570871515395819, 2.205862932825978, -0.4493529394138086]","[0.9826776174015999, 0.3718446349992506, -0.3811886136852784, -1.3939307347211123, 0.5570871515395819, 2.205862932825978, -0.4493529394138086]","[0.9883936770936669, 0.3799166647025062, -0.39237109963684313, -1.3876905215845745, 0.5707939235439582, 2.212023423801597, -0.466710546254405]"
narrow_gate,0.5,1,161,161,1,guarded,scripted_non_learned_reference,False,,False,False,0.0,0.0,0.0,0,0,5.795999997644685,"[0.9883936770936669, 0.3799166647025062, -0.39237109963684313, -1.3876905215845745, 0.5707939235439582, 2.212023423801597, -0.466710546254405]","[0.9883936770936669, 0.3799166647025062, -0.39237109963684313, -1.3876905215845745, 0.5707939235439582, 2.212023423801597, -0.466710546254405]","[0.9941196065486416, 0.38799818417878573, -0.4035696476636051, -1.3814414547116487, 0.5845301896762046, 2.218200580613245, -0.4841343045278558]"
narrow_gate,0.5,1,162,162,1,guarded,scripted_non_learned_reference,False,,False,False,0.0,0.0,0.0,0,0,6.073600001400337,"[0.9941196065486416, 0.38799818417878573, -0.4035696476636051, -1.3814414547116487, 0.5845301896762046, 2.218200580613245, -0.4841343045278558]","[0.9941196065486416, 0.38799818417878573, -0.4035696476636051, -1.3814414547116487, 0.5845301896762046, 2.218200580613245, -0.4841343045278558]","[0.9998465099542914, 0.3960838623174003, -0.4147722455358414, -1.375188240252609, 0.5982729083031764, 2.2243865467746606, -0.5015838809320805]"
narrow_gate,0.5,1,163,163,1,guarded,scripted_non_learned_reference,False,,False,False,0.0,0.0,0.0,0,0,5.723499998566695,"[0.9998465099542914, 0.3960838623174003, -0.4147722455358414, -1.375188240252609, 0.5982729083031764, 2.2243865467746606, -0.5015838809320805]","[0.9998465099542914, 0.3960838623174003, -0.4147722455358414, -1.375188240252609, 0.5982729083031764, 2.2243865467746606, -0.5015838809320805]","[1.0055607420533734, 0.40415529501157926, -0.42595379215248713, -1.368950335116295, 0.6119769266660772, 2.2305452099579726, -0.5189359019760238]"
narrow_gate,0.5,1,164,164,1,guarded,scripted_non_learned_reference,False,,False,False,0.0,0.0,0.0,0,0,6.503999997221399,"[1.0055607420533734, 0.40415529501157926, -0.42595379215248713, -1.368950335116295, 0.6119769266660772, 2.2305452099579726, -0.5189359019760238]","[1.0055607420533734, 0.40415529501157926, -0.42595379215248713, -1.368950335116295, 0.6119769266660772, 2.2305452099579726, -0.5189359019760238]","[1.0112859754034393, 0.41223555977727583, -0.43715268464131707, -1.3627039073473322, 0.6257119271050385, 2.236718557022065, -0.5363529638848963]"
narrow_gate,0.5,1,165,165,1,guarded,scripted_non_learned_reference,False,,False,False,0.0,0.0,0.0,0,0,5.484599998453632,"[1.0112859754034393, 0.41223555977727583, -0.43715268464131707, -1.3627039073473322, 0.6257119271050385, 2.236718557022065, -0.5363529638848963]","[1.0112859754034393, 0.41223555977727583, -0.43715268464131707, -1.3627039073473322, 0.6257119271050385, 2.236718557022065, -0.5363529638848963]","[1.0170020104623254, 0.4203081502568784, -0.4483351246359992, -1.3564640503511685, 0.6394186419029464, 2.242878886944036, -0.5537105662808122]"
narrow_gate,0.5,1,166,166,1,guarded,scripted_non_learned_reference,False,,False,False,0.0,0.0,0.0,0,0,6.680999998934567,"[1.0170020104623254, 0.4203081502568784, -0.4483351246359992, -1.3564640503511685, 0.6394186419029464, 2.242878886944036, -0.5537105662808122]","[1.0170020104623254, 0.4203081502568784, -0.4483351246359992, -1.3564640503511685, 0.6394186419029464, 2.242878886944036, -0.5537105662808122]","[1.0227282844500611, 0.42838998921146454, -0.45953355371771815, -1.3502148752656122, 0.65315489436791, 2.249055991038184, -0.5711343284608422]"
narrow_gate,0.5,1,167,167,1,guarded,scripted_non_learned_reference,False,,False,False,0.0,0.0,0.0,0,0,7.089500002621207,"[1.0227282844500611, 0.42838998921146454, -0.45953355371771815, -1.3502148752656122, 0.65315489436791, 2.249055991038184, -0.5711343284608422]","[1.0227282844500611, 0.42838998921146454, -0.45953355371771815, -1.3502148752656122, 0.65315489436791, 2.249055991038184, -0.5711343284608422]","[1.028455976768659, 0.43647545028305373, -0.47073592933147274, -1.3439612382196777, 0.6668975137777207, 2.255241915604088, -0.5885839117370125]"
narrow_gate,0.5,1,168,168,1,guarded,scripted_non_learned_reference,False,,False,False,0.0,0.0,0.0,0,0,7.761200002278201,"[1.028455976768659, 0.43647545028305373, -0.47073592933147274, -1.3439612382196777, 0.6668975137777207, 2.255241915604088, -0.5885839117370125]","[1.028455976768659, 0.43647545028305373, -0.47073592933147274, -1.3439612382196777, 0.6668975137777207, 2.255241915604088, -0.5885839117370125]","[1.0341712023961405, 0.4445460140535992, -0.48191657222625683, -1.337722497635269, 0.680601603093356, 2.261400541141422, -0.6059359498677861]"
narrow_gate,0.5,1,169,169,1,guarded,scripted_non_learned_reference,False,,False,False,0.0,0.0,0.0,0,0,6.310699995083269,"[1.0341712023961405, 0.4445460140535992, -0.48191657222625683, -1.337722497635269, 0.680601603093356, 2.261400541141422, -0.6059359498677861]","[1.0341712023961405, 0.4445460140535992, -0.48191657222625683, -1.337722497635269, 0.680601603093356, 2.261400541141422, -0.6059359498677861]","[1.0398969163351244, 0.45262591420066944, -0.49311531554638216, -1.3314753022180486, 0.6943366926151656, 2.2675740914271425, -0.6233530243061766]"
narrow_gate,0.5,1,170,170,1,guarded,scripted_non_learned_reference,False,,False,False,0.0,0.0,0.0,0,0,6.705699997837655,"[1.0398969163351244, 0.45262591420066944, -0.49311531554638216, -1.3314753022180486, 0.6943366926151656, 2.2675740914271425, -0.6233530243061766]","[1.0398969163351244, 0.45262591420066944, -0.49311531554638216, -1.3314753022180486, 0.6943366926151656, 2.2675740914271425, -0.6233530243061766]","[1.0456131878415253, 0.46069802261855175, -0.5042976949575982, -1.3252349579677278, 0.7080433982600842, 2.273734511855798, -0.6407106334105122]"
narrow_gate,0.5,1,171,171,1,guarded,scripted_non_learned_reference,False,,False,False,0.0,0.0,0.0,0,0,6.022800000209827,"[1.0456131878415253, 0.46069802261855175, -0.5042976949575982, -1.3252349579677278, 0.7080433982600842, 2.273734511855798, -0.6407106334105122]","[1.0456131878415253, 0.46069802261855175, -0.5042976949575982, -1.3252349579677278, 0.7080433982600842, 2.273734511855798, -0.6407106334105122]","[1.0530002944855683, 0.46457599350627915, -0.5163923934318609, -1.3242354946561683, 0.7138245100735595, 2.276414277924737, -0.6500527084026114]"
narrow_gate,0.5,1,172,172,1,guarded,scripted_non_learned_reference,False,,False,False,0.0,0.0,0.0,0,0,5.599099997198209,"[1.0530002944855683, 0.46457599350627915, -0.5163923934318609, -1.3242354946561683, 0.7138245100735595, 2.276414277924737, -0.6500527084026114]","[1.0530002944855683, 0.46457599350627915, -0.5163923934318609, -1.3242354946561683, 0.7138245100735595, 2.276414277924737, -0.6500527084026114]","[1.0615378833757874, 0.4627848619376365, -0.5293143393794864, -1.3277977092692692, 0.7134929483330579, 2.274445043972425, -0.6513371614929011]"
narrow_gate,0.5,1,173,173,1,guarded,scripted_non_learned_reference,False,,False,False,0.0,0.0,0.0,0,0,5.85720000526635,"[1.0615378833757874, 0.4627848619376365, -0.5293143393794864, -1.3277977092692692, 0.7134929483330579, 2.274445043972425, -0.6513371614929011]","[1.0615378833757874, 0.4627848619376365, -0.5293143393794864, -1.3277977092692692, 0.7134929483330579, 2.274445043972425, -0.6513371614929011]","[1.0698846010746061, 0.4570895919668121, -0.5430529909275535, -1.331125277576359, 0.7119723389688668, 2.2710952466332976, -0.649872197212378]"
narrow_gate,0.5,1,174,174,1,guarded,scripted_non_learned_reference,False,,False,False,0.0,0.0,0.0,0,0,5.40490000275895,"[1.0698846010746061, 0.4570895919668121, -0.5430529909275535, -1.331125277576359, 0.7119723389688668, 2.2710952466332976, -0.649872197212378]","[1.0698846010746061, 0.4570895919668121, -0.5430529909275535, -1.331125277576359, 0.7119723389688668, 2.2710952466332976, -0.649872197212378]","[1.0775027777270358, 0.4494658619415345, -0.5578152860164437, -1.3317260854344768, 0.7111901284614539, 2.269469576731766, -0.6493365092046859]"
narrow_gate,0.5,1,175,175,1,guarded,scripted_non_learned_reference,False,,False,False,0.0,0.0,0.0,0,0,6.623100001888815,"[1.0775027777270358, 0.4494658619415345, -0.5578152860164437, -1.3317260854344768, 0.7111901284614539, 2.269469576731766, -0.6493365092046859]","[1.0775027777270358, 0.4494658619415345, -0.5578152860164437, -1.3317260854344768, 0.7111901284614539, 2.269469576731766, -0.6493365092046859]","[1.0844962029818572, 0.4407058372547991, -0.5734095779499634, -1.330689030352367, 0.7106807800257, 2.269338278967903, -0.6495164166224916]"
narrow_gate,0.5,1,176,176,1,guarded,scripted_non_learned_reference,False,,False,False,0.0,0.0,0.0,0,0,5.5305999994743615,"[1.0844962029818572, 0.4407058372547991, -0.5734095779499634, -1.330689030352367, 0.7106807800257, 2.269338278967903, -0.6495164166224916]","[1.0844962029818572, 0.4407058372547991, -0.5734095779499634, -1.330689030352367, 0.7106807800257, 2.269338278967903, -0.6495164166224916]","[1.0911120046471046, 0.43146166934025326, -0.5894664239802326, -1.329620727730601, 0.7101207425556284, 2.2693151969849494, -0.6496524657888625]"
narrow_gate,0.5,1,177,177,1,guarded,scripted_non_learned_reference,False,,False,False,0.0,0.0,0.0,0,0,6.554600004164968,"[1.0911120046471046, 0.43146166934025326, -0.5894664239802326, -1.329620727730601, 0.7101207425556284, 2.2693151969849494, -0.6496524657888625]","[1.0911120046471046, 0.43146166934025326, -0.5894664239802326, -1.329620727730601, 0.7101207425556284, 2.2693151969849494, -0.6496524657888625]","[1.0975520941171844, 0.4228519199014714, -0.6055407046821346, -1.3292905156107289, 0.7095159405798749, 2.26891718399236, -0.6496881119305477]"
narrow_gate,0.5,1,178,178,1,guarded,scripted_non_learned_reference,False,,False,False,0.0,0.0,0.0,0,0,6.288700002187397,"[1.0975520941171844, 0.4228519199014714, -0.6055407046821346, -1.3292905156107289, 0.7095159405798749, 2.26891718399236, -0.6496881119305477]","[1.0975520941171844, 0.4228519199014714, -0.6055407046821346, -1.3292905156107289, 0.7095159405798749, 2.26891718399236, -0.6496881119305477]","[1.1041058245094868, 0.4158082908770687, -0.6211751394657227, -1.3300562474005286, 0.7088564942367106, 2.268046672550992, -0.6496905620485371]"
narrow_gate,0.5,1,179,179,1,guarded,scripted_non_learned_reference,False,,False,False,0.0,0.0,0.0,0,0,7.579400000395253,"[1.1041058245094868, 0.4158082908770687, -0.6211751394657227, -1.3300562474005286, 0.7088564942367106, 2.268046672550992, -0.6496905620485371]","[1.1041058245094868, 0.4158082908770687, -0.6211751394657227, -1.3300562474005286, 0.7088564942367106, 2.268046672550992, -0.6496905620485371]","[1.111074674735439, 0.41050455553986287, -0.6361462838460955, -1.3318900549082118, 0.7081332494246497, 2.266720846856995, -0.6497005203990647]"
narrow_gate,0.5,1,180,180,1,guarded,scripted_non_learned_reference,False,,False,False,0.0,0.0,0.0,0,0,6.377100005920511,"[1.111074674735439, 0.41050455553986287, -0.6361462838460955, -1.3318900549082118, 0.7081332494246497, 2.266720846856995, -0.6497005203990647]","[1.111074674735439, 0.41050455553986287, -0.6361462838460955, -1.3318900549082118, 0.7081332494246497, 2.266720846856995, -0.6497005203990647]","[1.118618536923027, 0.40646809325800737, -0.6503314888002873, -1.3344154525213077, 0.7073687685408151, 2.265001811011884, -0.6497183342804185]"
narrow_gate,0.5,1,181,181,1,guarded,scripted_non_learned_reference,False,,False,False,0.0,0.0,0.0,0,0,5.737200001021847,"[1.118618536923027, 0.40646809325800737, -0.6503314888002873, -1.3344154525213077, 0.7073687685408151, 2.265001811011884, -0.6497183342804185]","[1.118618536923027, 0.40646809325800737, -0.6503314888002873, -1.3344154525213077, 0.7073687685408151, 2.265001811011884, -0.6497183342804185]","[1.1267653227974714, 0.4029873150991737, -0.6639004618621428, -1.3371528718993786, 0.7065932224183323, 2.2630392009876443, -0.6497395020754421]"
narrow_gate,0.5,1,182,182,1,guarded,scripted_non_learned_reference,False,,False,False,0.0,0.0,0.0,0,0,6.208600003446918,"[1.1267653227974714, 0.4029873150991737, -0.6639004618621428, -1.3371528718993786, 0.7065932224183323, 2.2630392009876443, -0.6497395020754421]","[1.1267653227974714, 0.4029873150991737, -0.6639004618621428, -1.3371528718993786, 0.7065932224183323, 2.2630392009876443, -0.6497395020754421]","[1.135335182496309, 0.39932476878952794, -0.6771357399650657, -1.3396160546278417, 0.7058355923751909, 2.261048266687549, -0.6497658900448429]"
narrow_gate,0.5,1,183,183,1,guarded,scripted_non_learned_reference,False,,False,False,0.0,0.0,0.0,0,0,6.016500003170222,"[1.135335182496309, 0.39932476878952794, -0.6771357399650657, -1.3396160546278417, 0.7058355923751909, 2.261048266687549, -0.6497658900448429]","[1.135335182496309, 0.39932476878952794, -0.6771357399650657, -1.3396160546278417, 0.7058355923751909, 2.261048266687549, -0.6497658900448429]","[1.143978189741072, 0.39486393748029075, -0.6904308810635414, -1.3414546628932993, 0.7051188661284683, 2.259258522231189, -0.6497980923681286]"
narrow_gate,0.5,1,184,184,1,guarded,scripted_non_learned_reference,False,,False,False,0.0,0.0,0.0,0,0,5.694200001016725,"[1.143978189741072, 0.39486393748029075, -0.6904308810635414, -1.3414546628932993, 0.7051188661284683, 2.259258522231189, -0.6497980923681286]","[1.143978189741072, 0.39486393748029075, -0.6904308810635414, -1.3414546628932993, 0.7051188661284683, 2.259258522231189, -0.6497980923681286]","[1.1524066088458536, 0.3894037922433597, -0.7041605698095594, -1.3426445871496024, 0.7044393953179328, 2.2577594126233484, -0.6498337823576127]"
narrow_gate,0.5,1,185,185,1,guarded,scripted_non_learned_reference,False,,False,False,0.0,0.0,0.0,0,0,6.467799998063128,"[1.1524066088458536, 0.3894037922433597, -0.7041605698095594, -1.3426445871496024, 0.7044393953179328, 2.2577594126233484, -0.6498337823576127]","[1.1524066088458536, 0.3894037922433597, -0.7041605698095594, -1.3426445871496024, 0.7044393953179328, 2.2577594126233484, -0.6498337823576127]","[1.1603216579527924, 0.38309627395160173, -0.7184898267382019, -1.3433910113625402, 0.7037864092408781, 2.2565635807361697, -0.6498682427777053]"
narrow_gate,0.5,1,186,186,1,guarded,scripted_non_learned_reference,False,,False,False,0.0,0.0,0.0,0,0,5.697400003555231,"[1.1603216579527924, 0.38309627395160173, -0.7184898267382019, -1.3433910113625402, 0.7037864092408781, 2.2565635807361697, -0.6498682427777053]","[1.1603216579527924, 0.38309627395160173, -0.7184898267382019, -1.3433910113625402, 0.7037864092408781, 2.2565635807361697, -0.6498682427777053]","[1.1676744349021773, 0.3762877202429974, -0.733448471478833, -1.3439977937664176, 0.7031370934720498, 2.2555644223556452, -0.6498982344111549]"
narrow_gate,0.5,1,187,187,1,guarded,scripted_non_learned_reference,False,,False,False,0.0,0.0,0.0,0,0,5.90090000332566,"[1.1676744349021773, 0.3762877202429974, -0.733448471478833, -1.3439977937664176, 0.7031370934720498, 2.2555644223556452, -0.6498982344111549]","[1.1676744349021773, 0.3762877202429974, -0.733448471478833, -1.3439977937664176, 0.7031370934720498, 2.2555644223556452, -0.6498982344111549]","[1.174549498129222, 0.3693930544910894, -0.7488465864846787, -1.3447422561860976, 0.7024754464413265, 2.2546419706565595, -0.6499221027462145]"
narrow_gate,0.5,1,188,188,1,guarded,scripted_non_learned_reference,False,,False,False,0.0,0.0,0.0,0,0,7.7092999999877065,"[1.174549498129222, 0.3693930544910894, -0.7488465864846787, -1.3447422561860976, 0.7024754464413265, 2.2546419706565595, -0.6499221027462145]","[1.174549498129222, 0.3693930544910894, -0.7488465864846787, -1.3447422561860976, 0.7024754464413265, 2.2546419706565595, -0.6499221027462145]","[1.181202220392704, 0.36281248332354077, -0.7643314954492856, -1.3458154902666424, 0.701793184938146, 2.2536649683065098, -0.6499404696888419]"
narrow_gate,0.5,1,189,189,1,guarded,scripted_non_learned_reference,False,,False,False,0.0,0.0,0.0,0,0,7.597800002258737,"[1.181202220392704, 0.36281248332354077, -0.7643314954492856, -1.3458154902666424, 0.701793184938146, 2.2536649683065098, -0.6499404696888419]","[1.181202220392704, 0.36281248332354077, -0.7643314954492856, -1.3458154902666424, 0.701793184938146, 2.2536649683065098, -0.6499404696888419]","[1.1879595798287332, 0.35672847876983627, -0.7796472883177368, -1.3472390509389143, 0.7010873762902069, 2.252536140815587, -0.649956763999064]"
narrow_gate,0.5,1,190,190,1,guarded,scripted_non_learned_reference,False,,False,False,0.0,0.0,0.0,0,0,6.978999997954816,"[1.1879595798287332, 0.35672847876983627, -0.7796472883177368, -1.3472390509389143, 0.7010873762902069, 2.252536140815587, -0.649956763999064]","[1.1879595798287332, 0.35672847876983627, -0.7796472883177368, -1.3472390509389143, 0.7010873762902069, 2.252536140815587, -0.649956763999064]","[1.1950696610424378, 0.35114134204856884, -0.7945155939710529, -1.3488838159146217, 0.7003705029334587, 2.251231880917026, -0.6499746215489481]"
narrow_gate,0.5,1,191,191,1,guarded,scripted_non_learned_reference,False,,False,False,0.0,0.0,0.0,0,0,6.316699997114483,"[1.1950696610424378, 0.35114134204856884, -0.7945155939710529, -1.3488838159146217, 0.7003705029334587, 2.251231880917026, -0.6499746215489481]","[1.1950696610424378, 0.35114134204856884, -0.7945155939710529, -1.3488838159146217, 0.7003705029334587, 2.251231880917026, -0.6499746215489481]","[1.1978113257040282, 0.34651469195549583, -0.8027586776480644, -1.348909884378364, 0.6999758074287342, 2.250779258113087, -0.6499789985185462]"
narrow_gate,0.5,1,192,192,1,guarded,scripted_non_learned_reference,False,,False,False,0.0,0.0,0.0,0,0,6.648499998846091,"[1.1978113257040282, 0.34651469195549583, -0.8027586776480644, -1.348909884378364, 0.6999758074287342, 2.250779258113087, -0.6499789985185462]","[1.1978113257040282, 0.34651469195549583, -0.8027586776480644, -1.348909884378364, 0.6999758074287342, 2.250779258113087, -0.6499789985185462]","[1.1970137340150184, 0.34393847763385854, -0.8048781466065971, -1.3476932746257175, 0.7000165552190575, 2.2513726679678925, -0.6499780316572438]"
narrow_gate,0.5,5,0,0,5,guarded,scripted_non_learned_reference,False,,False,False,0.0,0.0,0.0,0,0,5.861500001628883,"[-6.2693832868740056e-12, -0.7499999999998369, -8.506348615428234e-12, -2.2499999999997313, -1.2208337480657592e-11, 1.5500000000003227, 0.7499999999998253]","[-6.2693832868740056e-12, -0.7499999999998369, -8.506348615428234e-12, -2.2499999999997313, -1.2208337480657592e-11, 1.5500000000003227, 0.7499999999998253]","[0.020447300318476993, -0.7540926147734192, 0.02899529248192555, -2.261835955170002, -0.0835906358876143, 1.5828297200890256, 0.777990282157787]"
narrow_gate,0.5,5,5,5,5,guarded,scripted_non_learned_reference,False,,False,False,0.0,0.0,0.0,0,0,5.765000001701992,"[0.020447300318476993, -0.7540926147734192, 0.02899529248192555, -2.261835955170002, -0.0835906358876143, 1.5828297200890256, 0.777990282157787]","[0.020447300318476993, -0.7540926147734192, 0.02899529248192555, -2.261835955170002, -0.0835906358876143, 1.5828297200890256, 0.777990282157787]","[0.043397968427721506, -0.7579495506930203, 0.06301841224272697, -2.2745515958698954, -0.17058499499640403, 1.618166192962118, 0.8085921038221445]"
narrow_gate,0.5,5,10,10,5,guarded,scripted_non_learned_reference,False,,False,False,0.0,0.0,0.0,0,0,6.313699996098876,"[0.043397968427721506, -0.7579495506930203, 0.06301841224272697, -2.2745515958698954, -0.17058499499640403, 1.618166192962118, 0.8085921038221445]","[0.043397968427721506, -0.7579495506930203, 0.06301841224272697, -2.2745515958698954, -0.17058499499640403, 1.618166192962118, 0.8085921038221445]","[0.0646882864218112, -0.7620606483416867, 0.09364664840952713, -2.2868241100652553, -0.25769341068264656, 1.6531834242421564, 0.8390390012362628]"
narrow_gate,0.5,5,15,15,5,guarded,scripted_non_learned_reference,False,,False,False,0.0,0.0,0.0,0,0,6.7710000002989545,"[0.0646882864218112, -0.7620606483416867, 0.09364664840952713, -2.2868241100652553, -0.25769341068264656, 1.6531834242421564, 0.8390390012362628]","[0.0646882864218112, -0.7620606483416867, 0.09364664840952713, -2.2868241100652553, -0.25769341068264656, 1.6531834242421564, 0.8390390012362628]","[0.08652371409564041, -0.7660819294305844, 0.1253546959032723, -2.2992120059957006, -0.3445672935753449, 1.6882196568340961, 0.8694179431895798]"
narrow_gate,0.5,5,20,20,5,guarded,scripted_non_learned_reference,False,,False,False,0.0,0.0,0.0,0,0,5.932899999606889,"[0.08652371409564041, -0.7660819294305844, 0.1253546959032723, -2.2992120059957006, -0.3445672935753449, 1.6882196568340961, 0.8694179431895798]","[0.08652371409564041, -0.7660819294305844, 0.1253546959032723, -2.2992120059957006, -0.3445672935753449, 1.6882196568340961, 0.8694179431895798]","[0.10824113221369959, -0.7701305404919203, 0.15682541033365235, -2.3115808170790917, -0.4316913699695901, 1.7233633175885787, 0.899951464736256]"
narrow_gate,0.5,5,25,25,5,guarded,scripted_non_learned_reference,False,,False,False,0.0,0.0,0.0,0,0,6.893800004036166,"[0.10824113221369959, -0.7701305404919203, 0.15682541033365235, -2.3115808170790917, -0.4316913699695901, 1.7233633175885787, 0.899951464736256]","[0.10824113221369959, -0.7701305404919203, 0.15682541033365235, -2.3115808170790917, -0.4316913699695901, 1.7233633175885787, 0.899951464736256]","[0.12894340096688967, -0.7532399620835923, 0.2042068263955169, -2.298800321727408, -0.4900676460946713, 1.741285402195764, 0.9361996039740162]"
narrow_gate,0.5,5,30,30,5,guarded,scripted_non_learned_reference,False,,False,False,0.0,0.0,0.0,0,0,5.932499996561091,"[0.12894340096688967, -0.7532399620835923, 0.2042068263955169, -2.298800321727408, -0.4900676460946713, 1.741285402195764, 0.9361996039740162]","[0.12894340096688967, -0.7532399620835923, 0.2042068263955169, -2.298800321727408, -0.4900676460946713, 1.741285402195764, 0.9361996039740162]","[0.1560059655641934, -0.7079676236796233, 0.28258278220687766, -2.258617345673031, -0.5155829357755289, 1.745680777837473, 0.9792921609604367]"
narrow_gate,0.5,5,35,35,5,guarded,scripted_non_learned_reference,False,,False,False,0.0,0.0,0.0,0,0,5.748900002799928,"[0.1560059655641934, -0.7079676236796233, 0.28258278220687766, -2.258617345673031, -0.5155829357755289, 1.745680777837473, 0.9792921609604367]","[0.1560059655641934, -0.7079676236796233, 0.28258278220687766, -2.258617345673031, -0.5155829357755289, 1.745680777837473, 0.9792921609604367]","[0.17938154256773048, -0.6660426319964072, 0.3535163775120324, -2.218852979831038, -0.542135169901215, 1.747475120591321, 1.0225164967247664]"
narrow_gate,0.5,5,40,40,5,guarded,scripted_non_learned_reference,False,,False,False,0.0,0.0,0.0,0,0,6.000599998515099,"[0.17938154256773048, -0.6660426319964072, 0.3535163775120324, -2.218852979831038, -0.542135169901215, 1.747475120591321, 1.0225164967247664]","[0.17938154256773048, -0.6660426319964072, 0.3535163775120324, -2.218852979831038, -0.542135169901215, 1.747475120591321, 1.0225164967247664]","[0.20373601445564113, -0.6235851749171425, 0.4263487068228887, -2.179384215102595, -0.5683955325954516, 1.7497062788113826, 1.0656339975629412]"
narrow_gate,0.5,5,45,45,5,guarded,scripted_non_learned_reference,False,,False,False,0.0,0.0,0.0,0,0,5.7011999961105175,"[0.20373601445564113, -0.6235851749171425, 0.4263487068228887, -2.179384215102595, -0.5683955325954516, 1.7497062788113826, 1.0656339975629412]","[0.20373601445564113, -0.6235851749171425, 0.4263487068228887, -2.179384215102595, -0.5683955325954516, 1.7497062788113826, 1.0656339975629412]","[0.22789433729647016, -0.5812185317925789, 0.4988196815115755, -2.1397396263076933, -0.5947838894792267, 1.7518757906457116, 1.1089722581336912]"
narrow_gate,0.5,5,50,50,5,guarded,scripted_non_learned_reference,False,,False,False,0.0,0.0,0.0,0,0,6.534000000101514,"[0.22789433729647016, -0.5812185317925789, 0.4988196815115755, -2.1397396263076933, -0.5947838894792267, 1.7518757906457116, 1.1089722581336912]","[0.22789433729647016, -0.5812185317925789, 0.4988196815115755, -2.1397396263076933, -0.5947838894792267, 1.7518757906457116, 1.1089722581336912]","[0.25985199510041396, -0.5364822122918321, 0.5657029392808862, -2.099109351871311, -0.6211011505710937, 1.748993718798535, 1.14625255198216]"
narrow_gate,0.5,5,55,55,5,guarded,scripted_non_learned_reference,False,,False,False,0.0,0.0,0.0,0,0,7.562500002677552,"[0.25985199510041396, -0.5364822122918321, 0.5657029392808862, -2.099109351871311, -0.6211011505710937, 1.748993718798535, 1.14625255198216]","[0.25985199510041396, -0.5364822122918321, 0.5657029392808862, -2.099109351871311, -0.6211011505710937, 1.748993718798535, 1.14625255198216]","[0.3321405052133836, -0.474665001309292, 0.5915769895856926, -2.0498560712783007, -0.6464880022780117, 1.7126870764315503, 1.1429984794205732]"
narrow_gate,0.5,5,60,60,5,guarded,scripted_non_learned_reference,False,,False,False,0.0,0.0,0.0,0,0,7.230499999423046,"[0.3321405052133836, -0.474665001309292, 0.5915769895856926, -2.0498560712783007, -0.6464880022780117, 1.7126870764315503, 1.1429984794205732]","[0.3321405052133836, -0.474665001309292, 0.5915769895856926, -2.0498560712783007, -0.6464880022780117, 1.7126870764315503, 1.1429984794205732]","[0.40388239013523497, -0.41233626501137033, 0.6169027223373456, -2.0016511818899296, -0.6720746298039642, 1.674955732586714, 1.1380117622879342]"
narrow_gate,0.5,5,65,65,5,guarded,scripted_non_learned_reference,False,,False,False,0.0,0.0,0.0,0,0,7.003699996857904,"[0.40388239013523497, -0.41233626501137033, 0.6169027223373456, -2.0016511818899296, -0.6720746298039642, 1.674955732586714, 1.1380117622879342]","[0.40388239013523497, -0.41233626501137033, 0.6169027223373456, -2.0016511818899296, -0.6720746298039642, 1.674955732586714, 1.1380117622879342]","[0.47332791949139724, -0.35643571512121464, 0.6355248962221528, -1.9567587461250484, -0.6776093720933711, 1.6524437635085636, 1.118436305289447]"
narrow_gate,0.5,5,70,70,5,guarded,scripted_non_learned_reference,False,,False,False,0.0,0.0,0.0,0,0,6.689499998174142,"[0.47332791949139724, -0.35643571512121464, 0.6355248962221528, -1.9567587461250484, -0.6776093720933711, 1.6524437635085636, 1.118436305289447]","[0.47332791949139724, -0.35643571512121464, 0.6355248962221528, -1.9567587461250484, -0.6776093720933711, 1.6524437635085636, 1.118436305289447]","[0.4981507431779628, -0.3172629415958212, 0.5733431068037473, -1.9237158733656958, -0.6107946762508913, 1.681199585846782, 1.033543587763721]"
narrow_gate,0.5,5,75,75,5,guarded,scripted_non_learned_reference,False,,False,False,0.0,0.0,0.0,0,0,6.701599995722063,"[0.4981507431779628, -0.3172629415958212, 0.5733431068037473, -1.9237158733656958, -0.6107946762508913, 1.681199585846782, 1.033543587763721]","[0.4981507431779628, -0.3172629415958212, 0.5733431068037473, -1.9237158733656958, -0.6107946762508913, 1.681199585846782, 1.033543587763721]","[0.5229394301075567, -0.2729751905915456, 0.5125401328579197, -1.894862612039971, -0.5426362221066523, 1.710440216940524, 0.9466443137840165]"
narrow_gate,0.5,5,80,80,5,guarded,scripted_non_learned_reference,False,,False,False,0.0,0.0,0.0,0,0,8.36449999769684,"[0.5229394301075567, -0.2729751905915456, 0.5125401328579197, -1.894862612039971, -0.5426362221066523, 1.710440216940524, 0.9466443137840165]","[0.5229394301075567, -0.2729751905915456, 0.5125401328579197, -1.894862612039971, -0.5426362221066523, 1.710440216940524, 0.9466443137840165]","[0.5537233428492815, -0.2346099370730573, 0.4593871849925467, -1.8624545217286854, -0.4737078639058581, 1.7420640593688745, 0.8595227180193565]"
narrow_gate,0.5,5,85,85,5,guarded,scripted_non_learned_reference,False,,False,False,0.0,0.0,0.0,0,0,6.4724000039859675,"[0.5537233428492815, -0.2346099370730573, 0.4593871849925467, -1.8624545217286854, -0.4737078639058581, 1.7420640593688745, 0.8595227180193565]","[0.5537233428492815, -0.2346099370730573, 0.4593871849925467, -1.8624545217286854, -0.4737078639058581, 1.7420640593688745, 0.8595227180193565]","[0.5818861514437222, -0.19393155768527617, 0.40284707009185106, -1.8313597844004585, -0.4051672312134505, 1.7728330309415368, 0.7725920918744134]"
narrow_gate,0.5,5,90,90,5,guarded,scripted_non_learned_reference,False,,False,False,0.0,0.0,0.0,0,0,6.297400002949871,"[0.5818861514437222, -0.19393155768527617, 0.40284707009185106, -1.8313597844004585, -0.4051672312134505, 1.7728330309415368, 0.7725920918744134]","[0.5818861514437222, -0.19393155768527617, 0.40284707009185106, -1.8313597844004585, -0.4051672312134505, 1.7728330309415368, 0.7725920918744134]","[0.6103587972650122, -0.1533113435345415, 0.3467733808708518, -1.8003261893426183, -0.33662548400571257, 1.8035615771139812, 0.6857910410310571]"
narrow_gate,0.5,5,95,95,5,guarded,scripted_non_learned_reference,False,,False,False,0.0,0.0,0.0,0,0,6.414999996195547,"[0.6103587972650122, -0.1533113435345415, 0.3467733808708518, -1.8003261893426183, -0.33662548400571257, 1.8035615771139812, 0.6857910410310571]","[0.6103587972650122, -0.1533113435345415, 0.3467733808708518, -1.8003261893426183, -0.33662548400571257, 1.8035615771139812, 0.6857910410310571]","[0.6390930774383278, -0.11307925360375914, 0.29092290765357176, -1.7689618441576744, -0.26789612055377016, 1.8345426934995455, 0.5985599862566773]"
narrow_gate,0.5,5,100,100,5,guarded,scripted_non_learned_reference,False,,False,False,0.0,0.0,0.0,0,0,7.358599999861326,"[0.6390930774383278, -0.11307925360375914, 0.29092290765357176, -1.7689618441576744, -0.26789612055377016, 1.8345426934995455, 0.5985599862566773]","[0.6390930774383278, -0.11307925360375914, 0.29092290765357176, -1.7689618441576744, -0.26789612055377016, 1.8345426934995455, 0.5985599862566773]","[0.6676756476252443, -0.072662841471848, 0.23495354310009167, -1.7377706279880896, -0.1992949340415268, 1.86538020133245, 0.5116235781380811]"
narrow_gate,0.5,5,105,105,5,guarded,scripted_non_learned_reference,False,,False,False,0.0,0.0,0.0,0,0,7.057299997541122,"[0.6676756476252443, -0.072662841471848, 0.23495354310009167, -1.7377706279880896, -0.1992949340415268, 1.86538020133245, 0.5116235781380811]","[0.6676756476252443, -0.072662841471848, 0.23495354310009167, -1.7377706279880896, -0.1992949340415268, 1.86538020133245, 0.5116235781380811]","[0.6962804601213294, -0.032255660993276536, 0.17897133267140092, -1.7065426431697364, -0.13063018120843323, 1.8962685166064432, 0.42453017701627127]"
narrow_gate,0.5,5,110,110,5,guarded,scripted_non_learned_reference,False,,False,False,0.0,0.0,0.0,0,0,6.510100000014063,"[0.6962804601213294, -0.032255660993276536, 0.17897133267140092, -1.7065426431697364, -0.13063018120843323, 1.8962685166064432, 0.42453017701627127]","[0.6962804601213294, -0.032255660993276536, 0.17897133267140092, -1.7065426431697364, -0.13063018120843323, 1.8962685166064432, 0.42453017701627127]","[0.7248969315146524, 0.00810817686081038, 0.12304525167206999, -1.6753184433613355, -0.06202441300176258, 1.9271163119213257, 0.3375933706757911]"
narrow_gate,0.5,5,115,115,5,guarded,scripted_non_learned_reference,False,,False,False,0.0,0.0,0.0,0,0,7.269100002304185,"[0.7248969315146524, 0.00810817686081038, 0.12304525167206999, -1.6753184433613355, -0.06202441300176258, 1.9271163119213257, 0.3375933706757911]","[0.7248969315146524, 0.00810817686081038, 0.12304525167206999, -1.6753184433613355, -0.06202441300176258, 1.9271163119213257, 0.3375933706757911]","[0.7534988057745874, 0.0484805026414946, 0.06712885819203636, -1.6441148531810599, 0.006531840516331123, 1.9579252636881361, 0.25079044014467106]"
narrow_gate,0.5,5,120,120,5,guarded,scripted_non_learned_reference,False,,False,False,0.0,0.0,0.0,0,0,7.716000000073109,"[0.7534988057745874, 0.0484805026414946, 0.06712885819203636, -1.6441148531810599, 0.006531840516331123, 1.9579252636881361, 0.25079044014467106]","[0.7534988057745874, 0.0484805026414946, 0.06712885819203636, -1.6441148531810599, 0.006531840516331123, 1.9579252636881361, 0.25079044014467106]","[0.7821112090100877, 0.08887886420434836, 0.011130875568120605, -1.6128658857905125, 0.07524707371511623, 1.9888526016850583, 0.16356087934031974]"
narrow_gate,0.5,5,125,125,5,guarded,scripted_non_learned_reference,False,,False,False,0.0,0.0,0.0,0,0,6.499800001620315,"[0.7821112090100877, 0.08887886420434836, 0.011130875568120605, -1.6128658857905125, 0.07524707371511623, 1.9888526016850583, 0.16356087934031974]","[0.7821112090100877, 0.08887886420434836, 0.011130875568120605, -1.6128658857905125, 0.07524707371511623, 1.9888526016850583, 0.16356087934031974]","[0.8107245434105013, 0.12925154107081754, -0.04479794411337232, -1.5816504304072865, 0.14385172546565309, 2.0196929531626817, 0.07662394833285746]"
narrow_gate,0.5,5,130,130,5,guarded,scripted_non_learned_reference,False,,False,False,0.0,0.0,0.0,0,0,6.02969999454217,"[0.8107245434105013, 0.12925154107081754, -0.04479794411337232, -1.5816504304072865, 0.14385172546565309, 2.0196929531626817, 0.07662394833285746]","[0.8107245434105013, 0.12925154107081754, -0.04479794411337232, -1.5816504304072865, 0.14385172546565309, 2.0196929531626817, 0.07662394833285746]","[0.839340574047758, 0.1696417031041526, -0.10076495921958749, -1.5504145924200516, 0.21251695106153143, 2.050579625591095, -0.010469840993241167]"
narrow_gate,0.5,5,135,135,5,guarded,scripted_non_learned_reference,False,,False,False,0.0,0.0,0.0,0,0,6.076899997424334,"[0.839340574047758, 0.1696417031041526, -0.10076495921958749, -1.5504145924200516, 0.21251695106153143, 2.050579625591095, -0.010469840993241167]","[0.839340574047758, 0.1696417031041526, -0.10076495921958749, -1.5504145924200516, 0.21251695106153143, 2.050579625591095, -0.010469840993241167]","[0.8679469124858359, 0.21001366079406886, -0.15670139994933466, -1.5191964414369934, 0.2811206495472562, 2.081419432595411, -0.09740663498329051]"
narrow_gate,0.5,5,140,140,5,guarded,scripted_non_learned_reference,False,,False,False,0.0,0.0,0.0,0,0,5.683700001100078,"[0.8679469124858359, 0.21001366079406886, -0.15670139994933466, -1.5191964414369934, 0.2811206495472562, 2.081419432595411, -0.09740663498329051]","[0.8679469124858359, 0.21001366079406886, -0.15670139994933466, -1.5191964414369934, 0.2811206495472562, 2.081419432595411, -0.09740663498329051]","[0.89655374924634, 0.25038002333926435, -0.2126115011198751, -1.4879880215034877, 0.34967625662678953, 2.112223497197285, -0.18420975323452018]"
narrow_gate,0.5,5,145,145,5,guarded,scripted_non_learned_reference,False,,False,False,0.0,0.0,0.0,0,0,6.036999999196269,"[0.89655374924634, 0.25038002333926435, -0.2126115011198751, -1.4879880215034877, 0.34967625662678953, 2.112223497197285, -0.18420975323452018]","[0.89655374924634, 0.25038002333926435, -0.2126115011198751, -1.4879880215034877, 0.34967625662678953, 2.112223497197285, -0.18420975323452018]","[0.9251675366136822, 0.2907768686863544, -0.26860950308553194, -1.4567373835733215, 0.4183891552205247, 2.143145236080722, -0.27143945578116546]"
narrow_gate,0.5,5,150,150,5,guarded,scripted_non_learned_reference,False,,False,False,0.0,0.0,0.0,0,0,6.1861000067438,"[0.9251675366136822, 0.2907768686863544, -0.26860950308553194, -1.4567373835733215, 0.4183891552205247, 2.143145236080722, -0.27143945578116546]","[0.9251675366136822, 0.2907768686863544, -0.26860950308553194, -1.4567373835733215, 0.4183891552205247, 2.143145236080722, -0.27143945578116546]","[0.9537783689183024, 0.3311481109254475, -0.32454418799249074, -1.4255157031545131, 0.48699191760543586, 2.173981945917388, -0.35837646869552575]"
narrow_gate,0.5,5,155,155,5,guarded,scripted_non_learned_reference,False,,False,False,0.0,0.0,0.0,0,0,7.898100004240405,"[0.9537783689183024, 0.3311481109254475, -0.32454418799249074, -1.4255157031545131, 0.48699191760543586, 2.173981945917388, -0.35837646869552575]","[0.9537783689183024, 0.3311481109254475, -0.32454418799249074, -1.4255157031545131, 0.48699191760543586, 2.173981945917388, -0.35837646869552575]","[0.9823988030999473, 0.3715409451381063, -0.3805121378869757, -1.394275703229864, 0.5556545965668426, 2.2048634019458087, -0.44547034797402735]"
narrow_gate,0.5,5,160,160,5,guarded,scripted_non_learned_reference,False,,False,False,0.0,0.0,0.0,0,0,8.132299997669179,"[0.9823988030999473, 0.3715409451381063, -0.3805121378869757, -1.394275703229864, 0.5556545965668426, 2.2048634019458087, -0.44547034797402735]","[0.9823988030999473, 0.3715409451381063, -0.3805121378869757, -1.394275703229864, 0.5556545965668426, 2.2048634019458087, -0.44547034797402735]","[1.0110045588141554, 0.4119135565982202, -0.43645429093365207, -1.3630505802056274, 0.6242566372235593, 2.2357010623140376, -0.5324072242123901]"
narrow_gate,0.5,5,165,165,5,guarded,scripted_non_learned_reference,False,,False,False,0.0,0.0,0.0,0,0,5.789799994090572,"[1.0110045588141554, 0.4119135565982202, -0.43645429093365207, -1.3630505802056274, 0.6242566372235593, 2.2357010623140376, -0.5324072242123901]","[1.0110045588141554, 0.4119135565982202, -0.43645429093365207, -1.3630505802056274, 0.6242566372235593, 2.2357010623140376, -0.5324072242123901]","[1.0396114414460296, 0.4522822419119995, -0.4923712323489807, -1.331834023548221, 0.6928104617638188, 2.266502996974753, -0.6192103889714158]"
narrow_gate,0.5,5,170,170,5,guarded,scripted_non_learned_reference,False,,False,False,0.0,0.0,0.0,0,0,5.729800002882257,"[1.0396114414460296, 0.4522822419119995, -0.4923712323489807, -1.331834023548221, 0.6928104617638188, 2.266502996974753, -0.6192103889714158]","[1.0396114414460296, 0.4522822419119995, -0.4923712323489807, -1.331834023548221, 0.6928104617638188, 2.266502996974753, -0.6192103889714158]","[1.0776083195668738, 0.4541032752969822, -0.5559230947689288, -1.332815448221839, 0.7114125619841739, 2.270101969290011, -0.6498049975969158]"
narrow_gate,0.5,5,175,175,5,guarded,scripted_non_learned_reference,False,,False,False,0.0,0.0,0.0,0,0,6.130599998869002,"[1.0776083195668738, 0.4541032752969822, -0.5559230947689288, -1.332815448221839, 0.7114125619841739, 2.270101969290011, -0.6498049975969158]","[1.0776083195668738, 0.4541032752969822, -0.5559230947689288, -1.332815448221839, 0.7114125619841739, 2.270101969290011, -0.6498049975969158]","[1.1129909421267175, 0.4136716156913816, -0.6327494556806575, -1.3332843780562387, 0.7081232172418988, 2.2656180507384924, -0.6497061831559416]"
narrow_gate,0.5,5,180,180,5,guarded,scripted_non_learned_reference,False,,False,False,0.0,0.0,0.0,0,0,5.815300006361213,"[1.1129909421267175, 0.4136716156913816, -0.6327494556806575, -1.3332843780562387, 0.7081232172418988, 2.2656180507384924, -0.6497061831559416]","[1.1129909421267175, 0.4136716156913816, -0.6327494556806575, -1.3332843780562387, 0.7081232172418988, 2.2656180507384924, -0.6497061831559416]","[1.1493097880428051, 0.38489838033335916, -0.706685401484219, -1.3402983139973514, 0.7046361787469289, 2.259552166228855, -0.6498191084364755]"
narrow_gate,0.5,5,185,185,5,guarded,scripted_non_learned_reference,False,,False,False,0.0,0.0,0.0,0,0,6.022900000971276,"[1.1493097880428051, 0.38489838033335916, -0.706685401484219, -1.3402983139973514, 0.7046361787469289, 2.259552166228855, -0.6498191084364755]","[1.1493097880428051, 0.38489838033335916, -0.706685401484219, -1.3402983139973514, 0.7046361787469289, 2.259552166228855, -0.6498191084364755]","[1.1888381249661062, 0.3590979690874191, -0.7772238391498493, -1.3482948312722192, 0.7010955809795992, 2.2520415581272877, -0.649953354532529]"
narrow_gate,0.5,5,190,190,5,guarded,scripted_non_learned_reference,False,,False,False,0.0,0.0,0.0,0,0,6.0182000015629455,"[1.1888381249661062, 0.3590979690874191, -0.7772238391498493, -1.3482948312722192, 0.7010955809795992, 2.2520415581272877, -0.649953354532529]","[1.1888381249661062, 0.3590979690874191, -0.7772238391498493, -1.3482948312722192, 0.7010955809795992, 2.2520415581272877, -0.649953354532529]","[1.1960474229035178, 0.3421143878229389, -0.8052092240731376, -1.3462513600148245, 0.7001670309481579, 2.252286142623248, -0.6499819656292362]"
narrow_gate,0.5,15,0,0,15,guarded,scripted_non_learned_reference,False,,False,False,0.0,0.0,0.0,0,0,6.443300000682939,"[-6.2693832868740056e-12, -0.7499999999998369, -8.506348615428234e-12, -2.2499999999997313, -1.2208337480657592e-11, 1.5500000000003227, 0.7499999999998253]","[-6.2693832868740056e-12, -0.7499999999998369, -8.506348615428234e-12, -2.2499999999997313, -1.2208337480657592e-11, 1.5500000000003227, 0.7499999999998253]","[0.06464846336523423, -0.7620109251508224, 0.09362425192259992, -2.286774658794065, -0.25659843189481996, 1.652573430142779, 0.8383355633468426]"
narrow_gate,0.5,15,15,15,15,guarded,scripted_non_learned_reference,False,,False,False,0.0,0.0,0.0,0,0,6.763700002920814,"[0.06464846336523423, -0.7620109251508224, 0.09362425192259992, -2.286774658794065, -0.25659843189481996, 1.652573430142779, 0.8383355633468426]","[0.06464846336523423, -0.7620109251508224, 0.09362425192259992, -2.286774658794065, -0.25659843189481996, 1.652573430142779, 0.8383355633468426]","[0.12881955350555585, -0.7531694092704383, 0.20403368514713227, -2.2987293659359342, -0.4889989675362039, 1.740683088896999, 0.9355268475109967]"
narrow_gate,0.5,15,30,30,15,guarded,scripted_non_learned_reference,False,,False,False,0.0,0.0,0.0,0,0,6.781800002499949,"[0.12881955350555585, -0.7531694092704383, 0.20403368514713227, -2.2987293659359342, -0.4889989675362039, 1.740683088896999, 0.9355268475109967]","[0.12881955350555585, -0.7531694092704383, 0.20403368514713227, -2.2987293659359342, -0.4889989675362039, 1.740683088896999, 0.9355268475109967]","[0.203487045167639, -0.6238001585949704, 0.4257171057322018, -2.1796287826312617, -0.5681284455997476, 1.7496437274045378, 1.064752217731269]"
narrow_gate,0.5,15,45,45,15,guarded,scripted_non_learned_reference,False,,False,False,0.0,0.0,0.0,0,0,6.580399996892083,"[0.203487045167639, -0.6238001585949704, 0.4257171057322018, -2.1796287826312617, -0.5681284455997476, 1.7496437274045378, 1.064752217731269]","[0.203487045167639, -0.6238001585949704, 0.4257171057322018, -2.1796287826312617, -0.5681284455997476, 1.7496437274045378, 1.064752217731269]","[0.3318683056250329, -0.4752537811941175, 0.5918257660265016, -2.050217472092317, -0.6461749383149678, 1.713227550941637, 1.142691878242129]"
narrow_gate,0.5,15,60,60,15,guarded,scripted_non_learned_reference,False,,False,False,0.0,0.0,0.0,0,0,6.165200000395998,"[0.3318683056250329, -0.4752537811941175, 0.5918257660265016, -2.050217472092317, -0.6461749383149678, 1.713227550941637, 1.142691878242129]","[0.3318683056250329, -0.4752537811941175, 0.5918257660265016, -2.050217472092317, -0.6461749383149678, 1.713227550941637, 1.142691878242129]","[0.5007267707449808, -0.3182800457222437, 0.5776926193522365, -1.923867415573472, -0.6110664543045723, 1.6817135607336802, 1.035017615247096]"
narrow_gate,0.5,15,75,75,15,guarded,scripted_non_learned_reference,False,,False,False,0.0,0.0,0.0,0,0,6.645400004344992,"[0.5007267707449808, -0.3182800457222437, 0.5776926193522365, -1.923867415573472, -0.6110664543045723, 1.6817135607336802, 1.035017615247096]","[0.5007267707449808, -0.3182800457222437, 0.5776926193522365, -1.923867415573472, -0.6110664543045723, 1.6817135607336802, 1.035017615247096]","[0.5820295014583033, -0.19436590593701497, 0.40363997778349864, -1.8314754389448598, -0.40595531027272913, 1.772325545872762, 0.7745662728754187]"
narrow_gate,0.5,15,90,90,15,guarded,scripted_non_learned_reference,False,,False,False,0.0,0.0,0.0,0,0,6.148399996163789,"[0.5820295014583033, -0.19436590593701497, 0.40363997778349864, -1.8314754389448598, -0.40595531027272913, 1.772325545872762, 0.7745662728754187]","[0.5820295014583033, -0.19436590593701497, 0.40363997778349864, -1.8314754389448598, -0.40595531027272913, 1.772325545872762, 0.7745662728754187]","[0.6675426812490223, -0.07286665289741262, 0.23537376264437132, -1.7379967865929484, -0.2001052533873874, 1.8648347675129189, 0.513571176184403]"
narrow_gate,0.5,15,105,105,15,guarded,scripted_non_learned_reference,False,,False,False,0.0,0.0,0.0,0,0,6.130200003099162,"[0.6675426812490223, -0.07286665289741262, 0.23537376264437132, -1.7379967865929484, -0.2001052533873874, 1.8648347675129189, 0.513571176184403]","[0.6675426812490223, -0.07286665289741262, 0.23537376264437132, -1.7379967865929484, -0.2001052533873874, 1.8648347675129189, 0.513571176184403]","[0.7533736904832791, 0.04829294366792534, 0.06752709905260768, -1.644329246364388, 0.005785997504936114, 1.9574296238805606, 0.2525716077115441]"
narrow_gate,0.5,15,120,120,15,guarded,scripted_non_learned_reference,False,,False,False,0.0,0.0,0.0,0,0,6.061000000045169,"[0.7533736904832791, 0.04829294366792534, 0.06752709905260768, -1.644329246364388, 0.005785997504936114, 1.9574296238805606, 0.2525716077115441]","[0.7533736904832791, 0.04829294366792534, 0.06752709905260768, -1.644329246364388, 0.005785997504936114, 1.9574296238805606, 0.2525716077115441]","[0.8392168715860608, 0.1694300242220917, -0.10030026813809413, -1.5506523411601862, 0.2116769999008549, 2.0500139514196785, -0.008428480099699964]"
narrow_gate,0.5,15,135,135,15,guarded,scripted_non_learned_reference,False,,False,False,0.0,0.0,0.0,0,0,5.835500000102911,"[0.8392168715860608, 0.1694300242220917, -0.10030026813809413, -1.5506523411601862, 0.2116769999008549, 2.0500139514196785, -0.008428480099699964]","[0.8392168715860608, 0.1694300242220917, -0.10030026813809413, -1.5506523411601862, 0.2116769999008549, 2.0500139514196785, -0.008428480099699964]","[0.9250556877003671, 0.2905647653249822, -0.26813503036151815, -1.456968138043347, 0.4175634620809469, 2.142586542136228, -0.26942878195805203]"
narrow_gate,0.5,15,150,150,15,guarded,scripted_non_learned_reference,False,,False,False,0.0,0.0,0.0,0,0,6.180100004712585,"[0.9250556877003671, 0.2905647653249822, -0.26813503036151815, -1.456968138043347, 0.4175634620809469, 2.142586542136228, -0.26942878195805203]","[0.9250556877003671, 0.2905647653249822, -0.26813503036151815, -1.456968138043347, 0.4175634620809469, 2.142586542136228, -0.26942878195805203]","[1.0108877760244859, 0.41170429520682034, -0.43598777442088527, -1.3632721510048524, 0.6234449908717067, 2.2351529642703634, -0.530429160892765]"
narrow_gate,0.5,15,165,165,15,guarded,scripted_non_learned_reference,False,,False,False,0.0,0.0,0.0,0,0,6.1520000017480925,"[1.0108877760244859, 0.41170429520682034, -0.43598777442088527, -1.3632721510048524, 0.6234449908717067, 2.2351529642703634, -0.530429160892765]","[1.0108877760244859, 0.41170429520682034, -0.43598777442088527, -1.3632721510048524, 0.6234449908717067, 2.2351529642703634, -0.530429160892765]","[1.1140437805026155, 0.4181220708704632, -0.6303430690683443, -1.3356684500626264, 0.707890474659021, 2.2645009607738453, -0.6493636556402984]"
narrow_gate,0.5,15,180,180,15,guarded,scripted_non_learned_reference,False,,False,False,0.0,0.0,0.0,0,0,6.261899994569831,"[1.1140437805026155, 0.4181220708704632, -0.6303430690683443, -1.3356684500626264, 0.707890474659021, 2.2645009607738453, -0.6493636556402984]","[1.1140437805026155, 0.4181220708704632, -0.6303430690683443, -1.3356684500626264, 0.707890474659021, 2.2645009607738453, -0.6493636556402984]","[1.195945363945851, 0.34244971620861964, -0.8047941318549973, -1.3464092669874401, 0.7001860613054548, 2.2523384320402147, -0.649977881981214]"
